empty silica, 18.11.2024, 17:10
Diameter[mm] 1.900e+01  Thickness[mm] 2.000e-01  Spacer Capacity[pF] 0.000e+00  Spacer Area[mm^2] 0.000e+00
Fixed value(s) : 
 Freq. [Hz]	 Time  [s]	 Eps'   	 Eps''  	 Sig' [S/cm]	 Sig'' [S/cm]	  Cp' [F]	 Zp' [Ohms]	M Temp [K]	M Time M[s]
 1.0000e+06	 0.0000e+00	 1.0444e+00	 3.2246e-03	 1.7931e-09	-2.4679e-08	 1.3103e-11	 3.9340e+06	 2.8936e+02	 1.0220e+01
 3.1646e+05	 0.0000e+00	 1.0454e+00	 7.9979e-03	 1.4074e-09	-7.9816e-09	 1.3115e-11	 5.0121e+06	 2.8935e+02	 1.2660e+01
 1.0014e+05	 0.0000e+00	 1.0500e+00	 1.7515e-02	 9.7534e-10	-2.7848e-09	 1.3174e-11	 7.2323e+06	 2.8934e+02	 1.5300e+01
 3.1691e+04	 0.0000e+00	 1.0551e+00	 4.1606e-02	 7.3319e-10	-9.7152e-10	 1.3238e-11	 9.6210e+06	 2.8933e+02	 1.7940e+01
 1.0029e+04	 0.0000e+00	 1.0620e+00	 1.1761e-01	 6.5590e-10	-3.4580e-10	 1.3324e-11	 1.0755e+07	 2.8930e+02	 2.0720e+01
 3.1737e+03	 0.0000e+00	 1.0834e+00	 3.5655e-01	 6.2923e-10	-1.4720e-10	 1.3593e-11	 1.1210e+07	 2.8930e+02	 2.3350e+01
 1.0043e+03	 0.0000e+00	 1.1824e+00	 1.0807e+00	 6.0357e-10	-1.0185e-10	 1.4834e-11	 1.1687e+07	 2.8929e+02	 2.6100e+01
 3.1783e+02	 0.0000e+00	 1.5601e+00	 3.2475e+00	 5.7394e-10	-9.8984e-11	 1.9573e-11	 1.2290e+07	 2.8925e+02	 3.1240e+01
 1.0058e+02	 0.0000e+00	 2.8370e+00	 9.5168e+00	 5.3225e-10	-1.0274e-10	 3.5594e-11	 1.3253e+07	 2.8925e+02	 3.3800e+01
 3.1829e+01	 0.0000e+00	 6.6537e+00	 2.6751e+01	 4.7345e-10	-1.0006e-10	 8.3478e-11	 1.4899e+07	 2.8924e+02	 3.6610e+01
 1.0072e+01	 0.0000e+00	 1.7119e+01	 7.1986e+01	 4.0318e-10	-9.0277e-11	 2.1477e-10	 1.7496e+07	 2.8923e+02	 3.9720e+01
 3.1874e+00	 0.0000e+00	 4.5743e+01	 1.8780e+02	 3.3286e-10	-7.9304e-11	 5.7390e-10	 2.1192e+07	 2.8922e+02	 4.3100e+01
 1.0087e+00	 0.0000e+00	 1.1700e+02	 4.7533e+02	 2.6661e-10	-6.5065e-11	 1.4679e-09	 2.6458e+07	 2.8921e+02	 4.6450e+01
 1.0000e+06	 4.4000e+01	 1.0447e+00	 3.2885e-03	 1.8286e-09	-2.4851e-08	 1.3107e-11	 3.8575e+06	 2.8918e+02	 5.3500e+01
 3.1646e+05	 4.4000e+01	 1.0459e+00	 8.0952e-03	 1.4245e-09	-8.0791e-09	 1.3122e-11	 4.9519e+06	 2.8918e+02	 5.5970e+01
 1.0014e+05	 4.4000e+01	 1.0506e+00	 1.7639e-02	 9.8225e-10	-2.8197e-09	 1.3181e-11	 7.1814e+06	 2.8916e+02	 5.8800e+01
 3.1691e+04	 4.4000e+01	 1.0561e+00	 4.1766e-02	 7.3601e-10	-9.8833e-10	 1.3250e-11	 9.5841e+06	 2.8916e+02	 6.1410e+01
 1.0029e+04	 4.4000e+01	 1.0634e+00	 1.1768e-01	 6.5625e-10	-3.5329e-10	 1.3341e-11	 1.0749e+07	 2.8915e+02	 6.4220e+01
 3.1737e+03	 4.4000e+01	 1.0828e+00	 3.5484e-01	 6.2622e-10	-1.4613e-10	 1.3585e-11	 1.1264e+07	 2.8914e+02	 6.6850e+01
 1.0043e+03	 4.4000e+01	 1.1626e+00	 1.0765e+00	 6.0122e-10	-9.0835e-11	 1.4587e-11	 1.1733e+07	 2.8914e+02	 6.9600e+01
 3.1783e+02	 4.4000e+01	 1.4915e+00	 3.2545e+00	 5.7517e-10	-8.6856e-11	 1.8712e-11	 1.2264e+07	 2.8913e+02	 7.4910e+01
 1.0058e+02	 4.4000e+01	 2.6629e+00	 9.3995e+00	 5.2569e-10	-9.3000e-11	 3.3409e-11	 1.3418e+07	 2.8912e+02	 7.7470e+01
 3.1829e+01	 4.4000e+01	 6.4652e+00	 2.5733e+01	 4.5544e-10	-9.6727e-11	 8.1114e-11	 1.5488e+07	 2.8911e+02	 8.0360e+01
 1.0072e+01	 4.4000e+01	 1.6972e+01	 6.7601e+01	 3.7862e-10	-8.9459e-11	 2.1294e-10	 1.8631e+07	 2.8910e+02	 8.3410e+01
 3.1874e+00	 4.4000e+01	 4.4990e+01	 1.7265e+02	 3.0601e-10	-7.7969e-11	 5.6445e-10	 2.3052e+07	 2.8909e+02	 8.6850e+01
 1.0087e+00	 4.4000e+01	 1.1311e+02	 4.2187e+02	 2.3662e-10	-6.2880e-11	 1.4191e-09	 2.9811e+07	 2.8908e+02	 9.0200e+01
 1.0000e+06	 8.7700e+01	 1.0450e+00	 3.4584e-03	 1.9231e-09	-2.5011e-08	 1.3110e-11	 3.6681e+06	 2.8906e+02	 9.7030e+01
 3.1646e+05	 8.7700e+01	 1.0463e+00	 8.2250e-03	 1.4473e-09	-8.1539e-09	 1.3127e-11	 4.8737e+06	 2.8905e+02	 9.9470e+01
 1.0014e+05	 8.7700e+01	 1.0514e+00	 1.7816e-02	 9.9213e-10	-2.8617e-09	 1.3191e-11	 7.1099e+06	 2.8905e+02	 1.0191e+02
 3.1691e+04	 8.7700e+01	 1.0573e+00	 4.1525e-02	 7.3176e-10	-1.0094e-09	 1.3265e-11	 9.6397e+06	 2.8903e+02	 1.0485e+02
 1.0029e+04	 8.7700e+01	 1.0655e+00	 1.1597e-01	 6.4673e-10	-3.6523e-10	 1.3368e-11	 1.0907e+07	 2.8903e+02	 1.0728e+02
 3.1737e+03	 8.7700e+01	 1.0865e+00	 3.4721e-01	 6.1275e-10	-1.5268e-10	 1.3632e-11	 1.1512e+07	 2.8902e+02	 1.0995e+02
 1.0043e+03	 8.7700e+01	 1.1671e+00	 1.0467e+00	 5.8453e-10	-9.3311e-11	 1.4642e-11	 1.2068e+07	 2.8901e+02	 1.1241e+02
 3.1783e+02	 8.7700e+01	 1.4895e+00	 3.1520e+00	 5.5706e-10	-8.6501e-11	 1.8687e-11	 1.2663e+07	 2.8899e+02	 1.1778e+02
 1.0058e+02	 8.7700e+01	 2.6330e+00	 9.1179e+00	 5.0994e-10	-9.1331e-11	 3.3034e-11	 1.3833e+07	 2.8897e+02	 1.2024e+02
 3.1829e+01	 8.7700e+01	 6.3531e+00	 2.4943e+01	 4.4145e-10	-9.4743e-11	 7.9707e-11	 1.5979e+07	 2.8897e+02	 1.2313e+02
 1.0072e+01	 8.7700e+01	 1.6392e+01	 6.5133e+01	 3.6480e-10	-8.6208e-11	 2.0566e-10	 1.9337e+07	 2.8894e+02	 1.2611e+02
 3.1874e+00	 8.7700e+01	 4.2347e+01	 1.6267e+02	 2.8832e-10	-7.3284e-11	 5.3129e-10	 2.4465e+07	 2.8894e+02	 1.2941e+02
 1.0087e+00	 8.7700e+01	 1.2027e+02	 4.3256e+02	 2.4262e-10	-6.6896e-11	 1.5089e-09	 2.9075e+07	 2.8892e+02	 1.3277e+02
 1.0000e+06	 1.3030e+02	 1.0453e+00	 3.5650e-03	 1.9823e-09	-2.5186e-08	 1.3114e-11	 3.5584e+06	 2.8889e+02	 1.3972e+02
 3.1646e+05	 1.3030e+02	 1.0468e+00	 8.5243e-03	 1.5000e-09	-8.2360e-09	 1.3133e-11	 4.7026e+06	 2.8888e+02	 1.4216e+02
 1.0014e+05	 1.3030e+02	 1.0519e+00	 1.8274e-02	 1.0176e-09	-2.8903e-09	 1.3197e-11	 6.9318e+06	 2.8887e+02	 1.4499e+02
 3.1691e+04	 1.3030e+02	 1.0580e+00	 4.2689e-02	 7.5228e-10	-1.0219e-09	 1.3274e-11	 9.3767e+06	 2.8885e+02	 1.4756e+02
 1.0029e+04	 1.3030e+02	 1.0668e+00	 1.1889e-01	 6.6301e-10	-3.7279e-10	 1.3385e-11	 1.0639e+07	 2.8884e+02	 1.5031e+02
 3.1737e+03	 1.3030e+02	 1.0900e+00	 3.5429e-01	 6.2524e-10	-1.5883e-10	 1.3675e-11	 1.1282e+07	 2.8883e+02	 1.5291e+02
 1.0043e+03	 1.3030e+02	 1.1736e+00	 1.0616e+00	 5.9285e-10	-9.6923e-11	 1.4724e-11	 1.1898e+07	 2.8881e+02	 1.5574e+02
 3.1783e+02	 1.3030e+02	 1.5054e+00	 3.1726e+00	 5.6070e-10	-8.9312e-11	 1.8886e-11	 1.2581e+07	 2.8878e+02	 1.6100e+02
 1.0058e+02	 1.3030e+02	 2.6714e+00	 9.1732e+00	 5.1304e-10	-9.3477e-11	 3.3516e-11	 1.3749e+07	 2.8877e+02	 1.6349e+02
 3.1829e+01	 1.3030e+02	 6.5174e+00	 2.5317e+01	 4.4807e-10	-9.7651e-11	 8.1769e-11	 1.5743e+07	 2.8876e+02	 1.6636e+02
 1.0072e+01	 1.3030e+02	 1.7102e+01	 6.5893e+01	 3.6906e-10	-9.0183e-11	 2.1456e-10	 1.9114e+07	 2.8875e+02	 1.6928e+02
 3.1874e+00	 1.3030e+02	 4.5469e+01	 1.7148e+02	 3.0394e-10	-7.8818e-11	 5.7047e-10	 2.3209e+07	 2.8873e+02	 1.7278e+02
 1.0087e+00	 1.3030e+02	 1.1518e+02	 4.1258e+02	 2.3141e-10	-6.4045e-11	 1.4451e-09	 3.0482e+07	 2.8871e+02	 1.7614e+02
 1.0000e+06	 1.7360e+02	 1.0456e+00	 3.8104e-03	 2.1188e-09	-2.5341e-08	 1.3118e-11	 3.3292e+06	 2.8868e+02	 1.8274e+02
 3.1646e+05	 1.7360e+02	 1.0471e+00	 8.7276e-03	 1.5358e-09	-8.2945e-09	 1.3138e-11	 4.5931e+06	 2.8867e+02	 1.8524e+02
 1.0014e+05	 1.7360e+02	 1.0526e+00	 1.8523e-02	 1.0315e-09	-2.9267e-09	 1.3206e-11	 6.8385e+06	 2.8865e+02	 1.8785e+02
 3.1691e+04	 1.7360e+02	 1.0590e+00	 4.2535e-02	 7.4956e-10	-1.0405e-09	 1.3287e-11	 9.4109e+06	 2.8863e+02	 1.9041e+02
 1.0029e+04	 1.7360e+02	 1.0685e+00	 1.1753e-01	 6.5542e-10	-3.8191e-10	 1.3405e-11	 1.0762e+07	 2.8862e+02	 1.9297e+02
 3.1737e+03	 1.7360e+02	 1.0934e+00	 3.4806e-01	 6.1424e-10	-1.6475e-10	 1.3717e-11	 1.1484e+07	 2.8861e+02	 1.9550e+02
 1.0043e+03	 1.7360e+02	 1.1826e+00	 1.0330e+00	 5.7691e-10	-1.0199e-10	 1.4837e-11	 1.2227e+07	 2.8859e+02	 1.9800e+02
 3.1783e+02	 1.7360e+02	 1.5181e+00	 3.0638e+00	 5.4147e-10	-9.1573e-11	 1.9047e-11	 1.3027e+07	 2.8856e+02	 2.0372e+02
 1.0058e+02	 1.7360e+02	 2.6628e+00	 8.8841e+00	 4.9687e-10	-9.2994e-11	 3.3407e-11	 1.4197e+07	 2.8854e+02	 2.0624e+02
 3.1829e+01	 1.7360e+02	 6.3763e+00	 2.4363e+01	 4.3120e-10	-9.5153e-11	 7.9998e-11	 1.6359e+07	 2.8854e+02	 2.0930e+02
 1.0072e+01	 1.7360e+02	 1.6556e+01	 6.2877e+01	 3.5216e-10	-8.7125e-11	 2.0771e-10	 2.0030e+07	 2.8851e+02	 2.1247e+02
 3.1874e+00	 1.7360e+02	 4.3399e+01	 1.6232e+02	 2.8769e-10	-7.5149e-11	 5.4449e-10	 2.4519e+07	 2.8849e+02	 2.1585e+02
 1.0087e+00	 1.7360e+02	 1.1741e+02	 4.1800e+02	 2.3445e-10	-6.5294e-11	 1.4730e-09	 3.0087e+07	 2.8848e+02	 2.1920e+02
 1.0000e+06	 2.1670e+02	 1.0458e+00	 3.8420e-03	 2.1364e-09	-2.5458e-08	 1.3121e-11	 3.3018e+06	 2.8844e+02	 2.2619e+02
 3.1646e+05	 2.1670e+02	 1.0475e+00	 8.9062e-03	 1.5672e-09	-8.3650e-09	 1.3143e-11	 4.5010e+06	 2.8843e+02	 2.2866e+02
 1.0014e+05	 2.1670e+02	 1.0530e+00	 1.8876e-02	 1.0511e-09	-2.9502e-09	 1.3211e-11	 6.7108e+06	 2.8842e+02	 2.3122e+02
 3.1691e+04	 2.1670e+02	 1.0596e+00	 4.3615e-02	 7.6859e-10	-1.0502e-09	 1.3294e-11	 9.1778e+06	 2.8840e+02	 2.3378e+02
 1.0029e+04	 2.1670e+02	 1.0697e+00	 1.2043e-01	 6.7158e-10	-3.8869e-10	 1.3421e-11	 1.0504e+07	 2.8839e+02	 2.3650e+02
 3.1737e+03	 2.1670e+02	 1.0969e+00	 3.5528e-01	 6.2699e-10	-1.7098e-10	 1.3762e-11	 1.1250e+07	 2.8838e+02	 2.3906e+02
 1.0043e+03	 2.1670e+02	 1.1911e+00	 1.0488e+00	 5.8572e-10	-1.0674e-10	 1.4944e-11	 1.2043e+07	 2.8837e+02	 2.4180e+02
 3.1783e+02	 2.1670e+02	 1.5388e+00	 3.0890e+00	 5.4592e-10	-9.5217e-11	 1.9306e-11	 1.2921e+07	 2.8834e+02	 2.4728e+02
 1.0058e+02	 2.1670e+02	 2.7087e+00	 8.9651e+00	 5.0140e-10	-9.5565e-11	 3.3984e-11	 1.4069e+07	 2.8833e+02	 2.4980e+02
 3.1829e+01	 2.1670e+02	 6.5353e+00	 2.4695e+01	 4.3707e-10	-9.7967e-11	 8.1993e-11	 1.6139e+07	 2.8832e+02	 2.5274e+02
 1.0072e+01	 2.1670e+02	 1.7226e+01	 6.3676e+01	 3.5664e-10	-9.0877e-11	 2.1611e-10	 1.9779e+07	 2.8831e+02	 2.5572e+02
 3.1874e+00	 2.1670e+02	 4.5504e+01	 1.6469e+02	 2.9190e-10	-7.8880e-11	 5.7090e-10	 2.4166e+07	 2.8829e+02	 2.5922e+02
 1.0087e+00	 2.1670e+02	 1.2470e+02	 4.3087e+02	 2.4167e-10	-6.9381e-11	 1.5645e-09	 2.9188e+07	 2.8829e+02	 2.6258e+02
 1.0000e+06	 2.6010e+02	 1.0461e+00	 4.0393e-03	 2.2461e-09	-2.5622e-08	 1.3124e-11	 3.1406e+06	 2.8827e+02	 2.6967e+02
 3.1646e+05	 2.6010e+02	 1.0478e+00	 9.1337e-03	 1.6073e-09	-8.4158e-09	 1.3146e-11	 4.3888e+06	 2.8825e+02	 2.7216e+02
 1.0014e+05	 2.6010e+02	 1.0533e+00	 1.9443e-02	 1.0827e-09	-2.9709e-09	 1.3215e-11	 6.5151e+06	 2.8824e+02	 2.7491e+02
 3.1691e+04	 2.6010e+02	 1.0599e+00	 4.5386e-02	 7.9980e-10	-1.0555e-09	 1.3298e-11	 8.8196e+06	 2.8824e+02	 2.7747e+02
 1.0029e+04	 2.6010e+02	 1.0705e+00	 1.2619e-01	 7.0370e-10	-3.9291e-10	 1.3430e-11	 1.0024e+07	 2.8822e+02	 2.8016e+02
 3.1737e+03	 2.6010e+02	 1.1011e+00	 3.7173e-01	 6.5602e-10	-1.7843e-10	 1.3815e-11	 1.0753e+07	 2.8823e+02	 2.8328e+02
 1.0043e+03	 2.6010e+02	 1.2031e+00	 1.0916e+00	 6.0963e-10	-1.1341e-10	 1.5094e-11	 1.1571e+07	 2.8822e+02	 2.8578e+02
 3.1783e+02	 2.6010e+02	 1.5677e+00	 3.2170e+00	 5.6855e-10	-1.0033e-10	 1.9668e-11	 1.2407e+07	 2.8821e+02	 2.9091e+02
 1.0058e+02	 2.6010e+02	 2.8107e+00	 9.2766e+00	 5.1882e-10	-1.0127e-10	 3.5264e-11	 1.3596e+07	 2.8820e+02	 2.9349e+02
 3.1829e+01	 2.6010e+02	 6.9311e+00	 2.5731e+01	 4.5540e-10	-1.0497e-10	 8.6959e-11	 1.5490e+07	 2.8820e+02	 2.9625e+02
 1.0072e+01	 2.6010e+02	 1.7873e+01	 6.5183e+01	 3.6508e-10	-9.4505e-11	 2.2424e-10	 1.9322e+07	 2.8819e+02	 2.9928e+02
 3.1874e+00	 2.6010e+02	 4.7046e+01	 1.6645e+02	 2.9502e-10	-8.1612e-11	 5.9024e-10	 2.3910e+07	 2.8818e+02	 3.0260e+02
 1.0087e+00	 2.6010e+02	 1.1711e+02	 3.9320e+02	 2.2054e-10	-6.5128e-11	 1.4693e-09	 3.1984e+07	 2.8818e+02	 3.0595e+02
 1.0000e+06	 3.0350e+02	 1.0463e+00	 4.0973e-03	 2.2784e-09	-2.5767e-08	 1.3128e-11	 3.0961e+06	 2.8816e+02	 3.1267e+02
 3.1646e+05	 3.0350e+02	 1.0482e+00	 9.3198e-03	 1.6400e-09	-8.4793e-09	 1.3151e-11	 4.3012e+06	 2.8816e+02	 3.1522e+02
 1.0014e+05	 3.0350e+02	 1.0539e+00	 1.9748e-02	 1.0997e-09	-3.0029e-09	 1.3223e-11	 6.4146e+06	 2.8815e+02	 3.1766e+02
 3.1691e+04	 3.0350e+02	 1.0609e+00	 4.5743e-02	 8.0609e-10	-1.0725e-09	 1.3310e-11	 8.7508e+06	 2.8815e+02	 3.2063e+02
 1.0029e+04	 3.0350e+02	 1.0719e+00	 1.2652e-01	 7.0558e-10	-4.0110e-10	 1.3449e-11	 9.9973e+06	 2.8814e+02	 3.2310e+02
 3.1737e+03	 3.0350e+02	 1.1036e+00	 3.7129e-01	 6.5524e-10	-1.8285e-10	 1.3846e-11	 1.0765e+07	 2.8813e+02	 3.2578e+02
 1.0043e+03	 3.0350e+02	 1.2109e+00	 1.0841e+00	 6.0542e-10	-1.1779e-10	 1.5192e-11	 1.1651e+07	 2.8813e+02	 3.2822e+02
 3.1783e+02	 3.0350e+02	 1.5884e+00	 3.1665e+00	 5.5961e-10	-1.0399e-10	 1.9929e-11	 1.2605e+07	 2.8812e+02	 3.3341e+02
 1.0058e+02	 3.0350e+02	 2.8281e+00	 9.1298e+00	 5.1061e-10	-1.0224e-10	 3.5482e-11	 1.3815e+07	 2.8811e+02	 3.3586e+02
 3.1829e+01	 3.0350e+02	 6.9108e+00	 2.5262e+01	 4.4710e-10	-1.0461e-10	 8.6704e-11	 1.5777e+07	 2.8811e+02	 3.3874e+02
 1.0072e+01	 3.0350e+02	 1.8532e+01	 6.5715e+01	 3.6806e-10	-9.8195e-11	 2.3251e-10	 1.9165e+07	 2.8811e+02	 3.4172e+02
 3.1874e+00	 3.0350e+02	 4.7547e+01	 1.6539e+02	 2.9313e-10	-8.2500e-11	 5.9653e-10	 2.4064e+07	 2.8810e+02	 3.4505e+02
 1.0087e+00	 3.0350e+02	 1.1909e+02	 4.0238e+02	 2.2569e-10	-6.6235e-11	 1.4941e-09	 3.1255e+07	 2.8810e+02	 3.4839e+02
 1.0000e+06	 3.4590e+02	 1.0465e+00	 4.1521e-03	 2.3088e-09	-2.5835e-08	 1.3129e-11	 3.0552e+06	 2.8809e+02	 3.5519e+02
 3.1646e+05	 3.4590e+02	 1.0485e+00	 9.6286e-03	 1.6943e-09	-8.5351e-09	 1.3155e-11	 4.1633e+06	 2.8808e+02	 3.5772e+02
 1.0014e+05	 3.4590e+02	 1.0543e+00	 2.0382e-02	 1.1350e-09	-3.0220e-09	 1.3227e-11	 6.2149e+06	 2.8808e+02	 3.6016e+02
 3.1691e+04	 3.4590e+02	 1.0613e+00	 4.7609e-02	 8.3899e-10	-1.0809e-09	 1.3316e-11	 8.4077e+06	 2.8808e+02	 3.6267e+02
 1.0029e+04	 3.4590e+02	 1.0736e+00	 1.3201e-01	 7.3617e-10	-4.1041e-10	 1.3469e-11	 9.5820e+06	 2.8807e+02	 3.6522e+02
 3.1737e+03	 3.4590e+02	 1.1114e+00	 3.8414e-01	 6.7793e-10	-1.9662e-10	 1.3944e-11	 1.0405e+07	 2.8808e+02	 3.6785e+02
 1.0043e+03	 3.4590e+02	 1.2314e+00	 1.1083e+00	 6.1898e-10	-1.2925e-10	 1.5450e-11	 1.1396e+07	 2.8807e+02	 3.7053e+02
 3.1783e+02	 3.4590e+02	 1.6294e+00	 3.2390e+00	 5.7243e-10	-1.1123e-10	 2.0442e-11	 1.2323e+07	 2.8806e+02	 3.7585e+02
 1.0058e+02	 3.4590e+02	 2.9400e+00	 9.3180e+00	 5.2113e-10	-1.0850e-10	 3.6885e-11	 1.3536e+07	 2.8806e+02	 3.7830e+02
 3.1829e+01	 3.4590e+02	 7.2686e+00	 2.5816e+01	 4.5691e-10	-1.1095e-10	 9.1193e-11	 1.5438e+07	 2.8805e+02	 3.8110e+02
 1.0072e+01	 3.4590e+02	 1.9208e+01	 6.6425e+01	 3.7203e-10	-1.0198e-10	 2.4098e-10	 1.8960e+07	 2.8805e+02	 3.8424e+02
 3.1874e+00	 3.4590e+02	 4.8457e+01	 1.6808e+02	 2.9790e-10	-8.4113e-11	 6.0795e-10	 2.3679e+07	 2.8805e+02	 3.8760e+02
 1.0087e+00	 3.4590e+02	 1.2629e+02	 4.3273e+02	 2.4271e-10	-7.0277e-11	 1.5845e-09	 2.9063e+07	 2.8805e+02	 3.9102e+02
 1.0000e+06	 3.8850e+02	 1.0467e+00	 4.3338e-03	 2.4099e-09	-2.5970e-08	 1.3132e-11	 2.9271e+06	 2.8804e+02	 3.9803e+02
 3.1646e+05	 3.8850e+02	 1.0488e+00	 9.9575e-03	 1.7522e-09	-8.5909e-09	 1.3159e-11	 4.0257e+06	 2.8804e+02	 4.0047e+02
 1.0014e+05	 3.8850e+02	 1.0547e+00	 2.1042e-02	 1.1718e-09	-3.0468e-09	 1.3233e-11	 6.0199e+06	 2.8804e+02	 4.0291e+02
 3.1691e+04	 3.8850e+02	 1.0618e+00	 4.9445e-02	 8.7134e-10	-1.0897e-09	 1.3322e-11	 8.0955e+06	 2.8803e+02	 4.0578e+02
 1.0029e+04	 3.8850e+02	 1.0743e+00	 1.3768e-01	 7.6779e-10	-4.1439e-10	 1.3478e-11	 9.1873e+06	 2.8803e+02	 4.0822e+02
 3.1737e+03	 3.8850e+02	 1.1113e+00	 4.0186e-01	 7.0919e-10	-1.9635e-10	 1.3942e-11	 9.9465e+06	 2.8803e+02	 4.1097e+02
 1.0043e+03	 3.8850e+02	 1.2314e+00	 1.1662e+00	 6.5129e-10	-1.2924e-10	 1.5450e-11	 1.0831e+07	 2.8803e+02	 4.1347e+02
 3.1783e+02	 3.8850e+02	 1.6386e+00	 3.3610e+00	 5.9400e-10	-1.1287e-10	 2.0558e-11	 1.1875e+07	 2.8803e+02	 4.1653e+02
 1.0058e+02	 3.8850e+02	 2.9953e+00	 9.6082e+00	 5.3736e-10	-1.1159e-10	 3.7580e-11	 1.3127e+07	 2.8803e+02	 4.1899e+02
 3.1829e+01	 3.8850e+02	 7.5029e+00	 2.6191e+01	 4.6354e-10	-1.1509e-10	 9.4133e-11	 1.5218e+07	 2.8802e+02	 4.2210e+02
 1.0072e+01	 3.8850e+02	 1.9791e+01	 6.7152e+01	 3.7611e-10	-1.0525e-10	 2.4830e-10	 1.8755e+07	 2.8803e+02	 4.2516e+02
 3.1874e+00	 3.8850e+02	 4.9433e+01	 1.6840e+02	 2.9847e-10	-8.5843e-11	 6.2019e-10	 2.3634e+07	 2.8802e+02	 4.2860e+02
 1.0087e+00	 3.8850e+02	 1.2099e+02	 4.0804e+02	 2.2887e-10	-6.7304e-11	 1.5180e-09	 3.0821e+07	 2.8802e+02	 4.3199e+02
 1.0000e+06	 4.2950e+02	 1.0470e+00	 4.4126e-03	 2.4537e-09	-2.6111e-08	 1.3135e-11	 2.8748e+06	 2.8802e+02	 4.3874e+02
 3.1646e+05	 4.2950e+02	 1.0491e+00	 1.0113e-02	 1.7796e-09	-8.6469e-09	 1.3163e-11	 3.9637e+06	 2.8801e+02	 4.4122e+02
 1.0014e+05	 4.2950e+02	 1.0552e+00	 2.1390e-02	 1.1911e-09	-3.0746e-09	 1.3239e-11	 5.9221e+06	 2.8801e+02	 4.4391e+02
 3.1691e+04	 4.2950e+02	 1.0627e+00	 5.0051e-02	 8.8202e-10	-1.1054e-09	 1.3333e-11	 7.9975e+06	 2.8801e+02	 4.4647e+02
 1.0029e+04	 4.2950e+02	 1.0757e+00	 1.3875e-01	 7.7375e-10	-4.2219e-10	 1.3496e-11	 9.1165e+06	 2.8801e+02	 4.4922e+02
 3.1737e+03	 4.2950e+02	 1.1143e+00	 4.0394e-01	 7.1287e-10	-2.0168e-10	 1.3980e-11	 9.8952e+06	 2.8801e+02	 4.5178e+02
 1.0043e+03	 4.2950e+02	 1.2408e+00	 1.1662e+00	 6.5129e-10	-1.3447e-10	 1.5567e-11	 1.0831e+07	 2.8801e+02	 4.5449e+02
 3.1783e+02	 4.2950e+02	 1.6592e+00	 3.3438e+00	 5.9095e-10	-1.1650e-10	 2.0816e-11	 1.1937e+07	 2.8801e+02	 4.5722e+02
 1.0058e+02	 4.2950e+02	 3.0401e+00	 9.5290e+00	 5.3293e-10	-1.1410e-10	 3.8141e-11	 1.3236e+07	 2.8801e+02	 4.5999e+02
 3.1829e+01	 4.2950e+02	 7.6261e+00	 2.6134e+01	 4.6253e-10	-1.1727e-10	 9.5678e-11	 1.5251e+07	 2.8801e+02	 4.6319e+02
 1.0072e+01	 4.2950e+02	 2.0337e+01	 6.8051e+01	 3.8114e-10	-1.0831e-10	 2.5516e-10	 1.8507e+07	 2.8800e+02	 4.6622e+02
 3.1874e+00	 4.2950e+02	 5.0013e+01	 1.6871e+02	 2.9902e-10	-8.6871e-11	 6.2747e-10	 2.3590e+07	 2.8800e+02	 4.6960e+02
 1.0087e+00	 4.2950e+02	 1.3232e+02	 4.3925e+02	 2.4637e-10	-7.3655e-11	 1.6601e-09	 2.8632e+07	 2.8800e+02	 4.7302e+02
 1.0000e+06	 4.7050e+02	 1.0471e+00	 4.6610e-03	 2.5918e-09	-2.6199e-08	 1.3137e-11	 2.7216e+06	 2.8800e+02	 4.8011e+02
 3.1646e+05	 4.7050e+02	 1.0494e+00	 1.0409e-02	 1.8317e-09	-8.6909e-09	 1.3166e-11	 3.8511e+06	 2.8800e+02	 4.8260e+02
 1.0014e+05	 4.7050e+02	 1.0554e+00	 2.2277e-02	 1.2405e-09	-3.0867e-09	 1.3242e-11	 5.6863e+06	 2.8800e+02	 4.8533e+02
 3.1691e+04	 4.7050e+02	 1.0628e+00	 5.3185e-02	 9.3725e-10	-1.1068e-09	 1.3334e-11	 7.5263e+06	 2.8800e+02	 4.8797e+02
 1.0029e+04	 4.7050e+02	 1.0772e+00	 1.4869e-01	 8.2920e-10	-4.3062e-10	 1.3515e-11	 8.5069e+06	 2.8800e+02	 4.9078e+02
 3.1737e+03	 4.7050e+02	 1.1235e+00	 4.3035e-01	 7.5946e-10	-2.1795e-10	 1.4096e-11	 9.2881e+06	 2.8800e+02	 4.9335e+02
 1.0043e+03	 4.7050e+02	 1.2653e+00	 1.2318e+00	 6.8794e-10	-1.4816e-10	 1.5875e-11	 1.0254e+07	 2.8800e+02	 4.9606e+02
 3.1783e+02	 4.7050e+02	 1.7196e+00	 3.5394e+00	 6.2553e-10	-1.2717e-10	 2.1574e-11	 1.1277e+07	 2.8800e+02	 4.9885e+02
 1.0058e+02	 4.7050e+02	 3.2173e+00	 1.0039e+01	 5.6147e-10	-1.2401e-10	 4.0365e-11	 1.2563e+07	 2.8800e+02	 5.0149e+02
 3.1829e+01	 4.7050e+02	 8.1976e+00	 2.7234e+01	 4.8200e-10	-1.2739e-10	 1.0285e-10	 1.4635e+07	 2.8800e+02	 5.0461e+02
 1.0072e+01	 4.7050e+02	 2.1588e+01	 7.0229e+01	 3.9334e-10	-1.1531e-10	 2.7084e-10	 1.7933e+07	 2.8800e+02	 5.0753e+02
 3.1874e+00	 4.7050e+02	 5.3404e+01	 1.7640e+02	 3.1265e-10	-9.2882e-11	 6.7002e-10	 2.2562e+07	 2.8800e+02	 5.1099e+02
 1.0087e+00	 4.7050e+02	 1.2993e+02	 4.3094e+02	 2.4171e-10	-7.2317e-11	 1.6302e-09	 2.9183e+07	 2.8800e+02	 5.1433e+02
 1.0000e+06	 5.1180e+02	 1.0473e+00	 4.7181e-03	 2.6236e-09	-2.6292e-08	 1.3139e-11	 2.6887e+06	 2.8800e+02	 5.2097e+02
 3.1646e+05	 5.1180e+02	 1.0497e+00	 1.0715e-02	 1.8855e-09	-8.7482e-09	 1.3170e-11	 3.7411e+06	 2.8801e+02	 5.2349e+02
 1.0014e+05	 5.1180e+02	 1.0559e+00	 2.2771e-02	 1.2680e-09	-3.1109e-09	 1.3247e-11	 5.5630e+06	 2.8800e+02	 5.2624e+02
 3.1691e+04	 5.1180e+02	 1.0635e+00	 5.4225e-02	 9.5557e-10	-1.1188e-09	 1.3343e-11	 7.3819e+06	 2.8800e+02	 5.2878e+02
 1.0029e+04	 5.1180e+02	 1.0776e+00	 1.5141e-01	 8.4439e-10	-4.3258e-10	 1.3519e-11	 8.3539e+06	 2.8801e+02	 5.3147e+02
 3.1737e+03	 5.1180e+02	 1.1201e+00	 4.3966e-01	 7.7590e-10	-2.1199e-10	 1.4053e-11	 9.0913e+06	 2.8801e+02	 5.3430e+02
 1.0043e+03	 5.1180e+02	 1.2597e+00	 1.2689e+00	 7.0865e-10	-1.4502e-10	 1.5804e-11	 9.9540e+06	 2.8801e+02	 5.3678e+02
 3.1783e+02	 5.1180e+02	 1.7270e+00	 3.6205e+00	 6.3985e-10	-1.2848e-10	 2.1667e-11	 1.1024e+07	 2.8800e+02	 5.3978e+02
 1.0058e+02	 5.1180e+02	 3.2638e+00	 1.0247e+01	 5.7307e-10	-1.2661e-10	 4.0948e-11	 1.2309e+07	 2.8801e+02	 5.4222e+02
 3.1829e+01	 5.1180e+02	 8.3436e+00	 2.7614e+01	 4.8872e-10	-1.2997e-10	 1.0468e-10	 1.4433e+07	 2.8801e+02	 5.4530e+02
 1.0072e+01	 5.1180e+02	 2.1981e+01	 7.1058e+01	 3.9798e-10	-1.1751e-10	 2.7578e-10	 1.7724e+07	 2.8801e+02	 5.4847e+02
 3.1874e+00	 5.1180e+02	 5.3326e+01	 1.7641e+02	 3.1268e-10	-9.2743e-11	 6.6904e-10	 2.2560e+07	 2.8801e+02	 5.5191e+02
 1.0087e+00	 5.1180e+02	 1.3436e+02	 4.3507e+02	 2.4402e-10	-7.4798e-11	 1.6856e-09	 2.8907e+07	 2.8801e+02	 5.5527e+02
 1.0000e+06	 5.5280e+02	 1.0475e+00	 4.9765e-03	 2.7673e-09	-2.6399e-08	 1.3142e-11	 2.5491e+06	 2.8802e+02	 5.6197e+02
 3.1646e+05	 5.5280e+02	 1.0499e+00	 1.0993e-02	 1.9345e-09	-8.7875e-09	 1.3173e-11	 3.6464e+06	 2.8801e+02	 5.6453e+02
 1.0014e+05	 5.5280e+02	 1.0562e+00	 2.3497e-02	 1.3085e-09	-3.1277e-09	 1.3251e-11	 5.3911e+06	 2.8801e+02	 5.6735e+02
 3.1691e+04	 5.5280e+02	 1.0639e+00	 5.6507e-02	 9.9578e-10	-1.1257e-09	 1.3348e-11	 7.0839e+06	 2.8801e+02	 5.6991e+02
 1.0029e+04	 5.5280e+02	 1.0799e+00	 1.5824e-01	 8.8246e-10	-4.4557e-10	 1.3549e-11	 7.9935e+06	 2.8801e+02	 5.7272e+02
 3.1737e+03	 5.5280e+02	 1.1315e+00	 4.5504e-01	 8.0305e-10	-2.3199e-10	 1.4195e-11	 8.7840e+06	 2.8801e+02	 5.7528e+02
 1.0043e+03	 5.5280e+02	 1.2881e+00	 1.2944e+00	 7.2286e-10	-1.6087e-10	 1.6160e-11	 9.7584e+06	 2.8801e+02	 5.7800e+02
 3.1783e+02	 5.5280e+02	 1.7822e+00	 3.6979e+00	 6.5353e-10	-1.3825e-10	 2.2360e-11	 1.0794e+07	 2.8801e+02	 5.8074e+02
 1.0058e+02	 5.5280e+02	 3.3989e+00	 1.0429e+01	 5.8326e-10	-1.3416e-10	 4.2643e-11	 1.2094e+07	 2.8801e+02	 5.8353e+02
 3.1829e+01	 5.5280e+02	 8.7887e+00	 2.8209e+01	 4.9926e-10	-1.3785e-10	 1.1026e-10	 1.4129e+07	 2.8802e+02	 5.8678e+02
 1.0072e+01	 5.5280e+02	 2.2768e+01	 7.1907e+01	 4.0274e-10	-1.2192e-10	 2.8565e-10	 1.7515e+07	 2.8801e+02	 5.8975e+02
 3.1874e+00	 5.5280e+02	 5.4796e+01	 1.7929e+02	 3.1778e-10	-9.5348e-11	 6.8747e-10	 2.2198e+07	 2.8801e+02	 5.9341e+02
 1.0087e+00	 5.5280e+02	 1.4306e+02	 4.7019e+02	 2.6372e-10	-7.9678e-11	 1.7948e-09	 2.6748e+07	 2.8802e+02	 5.9677e+02
 1.0000e+06	 5.9430e+02	 1.0476e+00	 5.0145e-03	 2.7884e-09	-2.6489e-08	 1.3144e-11	 2.5298e+06	 2.8802e+02	 6.0386e+02
 3.1646e+05	 5.9430e+02	 1.0502e+00	 1.1208e-02	 1.9722e-09	-8.8278e-09	 1.3176e-11	 3.5767e+06	 2.8801e+02	 6.0635e+02
 1.0014e+05	 5.9430e+02	 1.0564e+00	 2.4199e-02	 1.3476e-09	-3.1406e-09	 1.3254e-11	 5.2346e+06	 2.8801e+02	 6.0897e+02
 3.1691e+04	 5.9430e+02	 1.0641e+00	 5.8822e-02	 1.0366e-09	-1.1300e-09	 1.3351e-11	 6.8050e+06	 2.8802e+02	 6.1153e+02
 1.0029e+04	 5.9430e+02	 1.0804e+00	 1.6515e-01	 9.2100e-10	-4.4827e-10	 1.3555e-11	 7.6590e+06	 2.8802e+02	 6.1428e+02
 3.1737e+03	 5.9430e+02	 1.1301e+00	 4.7653e-01	 8.4097e-10	-2.2963e-10	 1.4179e-11	 8.3879e+06	 2.8802e+02	 6.1691e+02
 1.0043e+03	 5.9430e+02	 1.2859e+00	 1.3672e+00	 7.6355e-10	-1.5969e-10	 1.6134e-11	 9.2384e+06	 2.8802e+02	 6.1955e+02
 3.1783e+02	 5.9430e+02	 1.8053e+00	 3.8954e+00	 6.8843e-10	-1.4233e-10	 2.2650e-11	 1.0246e+07	 2.8802e+02	 6.2228e+02
 1.0058e+02	 5.9430e+02	 3.5140e+00	 1.0909e+01	 6.1012e-10	-1.4060e-10	 4.4088e-11	 1.1562e+07	 2.8803e+02	 6.2505e+02
 3.1829e+01	 5.9430e+02	 9.1478e+00	 2.9205e+01	 5.1689e-10	-1.4421e-10	 1.1477e-10	 1.3647e+07	 2.8802e+02	 6.2811e+02
 1.0072e+01	 5.9430e+02	 2.4120e+01	 7.4916e+01	 4.1959e-10	-1.2949e-10	 3.0261e-10	 1.6812e+07	 2.8803e+02	 6.3122e+02
 3.1874e+00	 5.9430e+02	 5.9044e+01	 1.8729e+02	 3.3196e-10	-1.0288e-10	 7.4078e-10	 2.1249e+07	 2.8802e+02	 6.3491e+02
 1.0087e+00	 5.9430e+02	 1.4834e+02	 4.8628e+02	 2.7275e-10	-8.2644e-11	 1.8612e-09	 2.5862e+07	 2.8803e+02	 6.3833e+02
 1.0000e+06	 6.3580e+02	 1.0479e+00	 5.0968e-03	 2.8342e-09	-2.6612e-08	 1.3147e-11	 2.4889e+06	 2.8802e+02	 6.4535e+02
 3.1646e+05	 6.3580e+02	 1.0504e+00	 1.1501e-02	 2.0238e-09	-8.8710e-09	 1.3179e-11	 3.4856e+06	 2.8803e+02	 6.4811e+02
 1.0014e+05	 6.3580e+02	 1.0566e+00	 2.4897e-02	 1.3864e-09	-3.1536e-09	 1.3257e-11	 5.0880e+06	 2.8803e+02	 6.5055e+02
 3.1691e+04	 6.3580e+02	 1.0644e+00	 6.1097e-02	 1.0767e-09	-1.1343e-09	 1.3354e-11	 6.5516e+06	 2.8804e+02	 6.5310e+02
 1.0029e+04	 6.3580e+02	 1.0813e+00	 1.7217e-01	 9.6015e-10	-4.5353e-10	 1.3566e-11	 7.3467e+06	 2.8803e+02	 6.5572e+02
 3.1737e+03	 6.3580e+02	 1.1335e+00	 4.9575e-01	 8.7488e-10	-2.3564e-10	 1.4221e-11	 8.0628e+06	 2.8803e+02	 6.5828e+02
 1.0043e+03	 6.3580e+02	 1.2972e+00	 1.4181e+00	 7.9196e-10	-1.6598e-10	 1.6275e-11	 8.9069e+06	 2.8803e+02	 6.6097e+02
 3.1783e+02	 6.3580e+02	 1.8370e+00	 4.0312e+00	 7.1244e-10	-1.4793e-10	 2.3047e-11	 9.9011e+06	 2.8804e+02	 6.6367e+02
 1.0058e+02	 6.3580e+02	 3.6229e+00	 1.1291e+01	 6.3149e-10	-1.4669e-10	 4.5454e-11	 1.1170e+07	 2.8804e+02	 6.6628e+02
 3.1829e+01	 6.3580e+02	 9.5242e+00	 3.0062e+01	 5.3205e-10	-1.5087e-10	 1.1949e-10	 1.3258e+07	 2.8804e+02	 6.6941e+02
 1.0072e+01	 6.3580e+02	 2.4920e+01	 7.6412e+01	 4.2797e-10	-1.3397e-10	 3.1265e-10	 1.6482e+07	 2.8804e+02	 6.7235e+02
 3.1874e+00	 6.3580e+02	 6.0142e+01	 1.9156e+02	 3.3953e-10	-1.0482e-10	 7.5455e-10	 2.0776e+07	 2.8804e+02	 6.7622e+02
 1.0087e+00	 6.3580e+02	 1.5577e+02	 5.0098e+02	 2.8100e-10	-8.6811e-11	 1.9544e-09	 2.5103e+07	 2.8805e+02	 6.7958e+02
 1.0000e+06	 6.7710e+02	 1.0480e+00	 5.2925e-03	 2.9429e-09	-2.6678e-08	 1.3148e-11	 2.3969e+06	 2.8805e+02	 6.8672e+02
 3.1646e+05	 6.7710e+02	 1.0506e+00	 1.1875e-02	 2.0896e-09	-8.8982e-09	 1.3181e-11	 3.3757e+06	 2.8805e+02	 6.8916e+02
 1.0014e+05	 6.7710e+02	 1.0568e+00	 2.5742e-02	 1.4335e-09	-3.1612e-09	 1.3258e-11	 4.9208e+06	 2.8805e+02	 6.9178e+02
 3.1691e+04	 6.7710e+02	 1.0645e+00	 6.3868e-02	 1.1255e-09	-1.1370e-09	 1.3356e-11	 6.2675e+06	 2.8804e+02	 6.9431e+02
 1.0029e+04	 6.7710e+02	 1.0833e+00	 1.8089e-01	 1.0088e-09	-4.6454e-10	 1.3591e-11	 6.9926e+06	 2.8805e+02	 6.9702e+02
 3.1737e+03	 6.7710e+02	 1.1473e+00	 5.1574e-01	 9.1016e-10	-2.5991e-10	 1.4394e-11	 7.7502e+06	 2.8805e+02	 6.9960e+02
 1.0043e+03	 6.7710e+02	 1.3333e+00	 1.4518e+00	 8.1078e-10	-1.8613e-10	 1.6728e-11	 8.7002e+06	 2.8805e+02	 7.0231e+02
 3.1783e+02	 6.7710e+02	 1.9088e+00	 4.1083e+00	 7.2606e-10	-1.6061e-10	 2.3948e-11	 9.7154e+06	 2.8805e+02	 7.0510e+02
 1.0058e+02	 6.7710e+02	 3.7964e+00	 1.1524e+01	 6.4452e-10	-1.5639e-10	 4.7630e-11	 1.0945e+07	 2.8805e+02	 7.0785e+02
 3.1829e+01	 6.7710e+02	 1.0104e+01	 3.0834e+01	 5.4573e-10	-1.6113e-10	 1.2676e-10	 1.2926e+07	 2.8805e+02	 7.1117e+02
 1.0072e+01	 6.7710e+02	 2.6320e+01	 7.8565e+01	 4.4003e-10	-1.4181e-10	 3.3021e-10	 1.6031e+07	 2.8805e+02	 7.1416e+02
 3.1874e+00	 6.7710e+02	 6.4015e+01	 1.9933e+02	 3.5329e-10	-1.1169e-10	 8.0314e-10	 1.9966e+07	 2.8805e+02	 7.1785e+02
 1.0087e+00	 6.7710e+02	 1.6358e+02	 5.2373e+02	 2.9376e-10	-9.1189e-11	 2.0523e-09	 2.4013e+07	 2.8805e+02	 7.2133e+02
 1.0000e+06	 7.1880e+02	 1.0481e+00	 5.4527e-03	 3.0320e-09	-2.6766e-08	 1.3150e-11	 2.3265e+06	 2.8806e+02	 7.2816e+02
 3.1646e+05	 7.1880e+02	 1.0507e+00	 1.2038e-02	 2.1184e-09	-8.9290e-09	 1.3183e-11	 3.3299e+06	 2.8806e+02	 7.3095e+02
 1.0014e+05	 7.1880e+02	 1.0569e+00	 2.6549e-02	 1.4784e-09	-3.1674e-09	 1.3260e-11	 4.7713e+06	 2.8806e+02	 7.3341e+02
 3.1691e+04	 7.1880e+02	 1.0647e+00	 6.6674e-02	 1.1749e-09	-1.1401e-09	 1.3358e-11	 6.0036e+06	 2.8806e+02	 7.3597e+02
 1.0029e+04	 7.1880e+02	 1.0847e+00	 1.8952e-01	 1.0569e-09	-4.7218e-10	 1.3608e-11	 6.6743e+06	 2.8806e+02	 7.3860e+02
 3.1737e+03	 7.1880e+02	 1.1536e+00	 5.3863e-01	 9.5057e-10	-2.7098e-10	 1.4473e-11	 7.4208e+06	 2.8806e+02	 7.4122e+02
 1.0043e+03	 7.1880e+02	 1.3538e+00	 1.5105e+00	 8.4357e-10	-1.9761e-10	 1.6985e-11	 8.3621e+06	 2.8806e+02	 7.4397e+02
 3.1783e+02	 7.1880e+02	 1.9719e+00	 4.2589e+00	 7.5267e-10	-1.7176e-10	 2.4739e-11	 9.3719e+06	 2.8807e+02	 7.4675e+02
 1.0058e+02	 7.1880e+02	 4.0092e+00	 1.1896e+01	 6.6532e-10	-1.6830e-10	 5.0300e-11	 1.0602e+07	 2.8806e+02	 7.4942e+02
 3.1829e+01	 7.1880e+02	 1.0675e+01	 3.1739e+01	 5.6173e-10	-1.7124e-10	 1.3393e-10	 1.2557e+07	 2.8806e+02	 7.5261e+02
 1.0072e+01	 7.1880e+02	 2.7683e+01	 8.1119e+01	 4.5434e-10	-1.4945e-10	 3.4732e-10	 1.5526e+07	 2.8807e+02	 7.5566e+02
 3.1874e+00	 7.1880e+02	 6.7794e+01	 2.0668e+02	 3.6633e-10	-1.1839e-10	 8.5056e-10	 1.9256e+07	 2.8807e+02	 7.5941e+02
 1.0087e+00	 7.1880e+02	 1.6930e+02	 5.3752e+02	 3.0149e-10	-9.4400e-11	 2.1241e-09	 2.3397e+07	 2.8807e+02	 7.6303e+02
 1.0000e+06	 7.6050e+02	 1.0482e+00	 5.5027e-03	 3.0598e-09	-2.6829e-08	 1.3151e-11	 2.3053e+06	 2.8807e+02	 7.6988e+02
 3.1646e+05	 7.6050e+02	 1.0509e+00	 1.2241e-02	 2.1541e-09	-8.9559e-09	 1.3185e-11	 3.2746e+06	 2.8807e+02	 7.7272e+02
 1.0014e+05	 7.6050e+02	 1.0571e+00	 2.7182e-02	 1.5137e-09	-3.1781e-09	 1.3262e-11	 4.6601e+06	 2.8807e+02	 7.7522e+02
 3.1691e+04	 7.6050e+02	 1.0648e+00	 6.8820e-02	 1.2128e-09	-1.1425e-09	 1.3360e-11	 5.8164e+06	 2.8807e+02	 7.7794e+02
 1.0029e+04	 7.6050e+02	 1.0850e+00	 1.9633e-01	 1.0949e-09	-4.7396e-10	 1.3612e-11	 6.4428e+06	 2.8807e+02	 7.8041e+02
 3.1737e+03	 7.6050e+02	 1.1546e+00	 5.5862e-01	 9.8584e-10	-2.7291e-10	 1.4486e-11	 7.1553e+06	 2.8808e+02	 7.8328e+02
 1.0043e+03	 7.6050e+02	 1.3611e+00	 1.5709e+00	 8.7732e-10	-2.0169e-10	 1.7077e-11	 8.0403e+06	 2.8807e+02	 7.8572e+02
 3.1783e+02	 7.6050e+02	 2.0089e+00	 4.4227e+00	 7.8163e-10	-1.7831e-10	 2.5204e-11	 9.0247e+06	 2.8808e+02	 7.8853e+02
 1.0058e+02	 7.6050e+02	 4.1662e+00	 1.2352e+01	 6.9083e-10	-1.7708e-10	 5.2270e-11	 1.0211e+07	 2.8808e+02	 7.9105e+02
 3.1829e+01	 7.6050e+02	 1.1193e+01	 3.2751e+01	 5.7964e-10	-1.8041e-10	 1.4043e-10	 1.2170e+07	 2.8808e+02	 7.9417e+02
 1.0072e+01	 7.6050e+02	 2.9083e+01	 8.3914e+01	 4.6999e-10	-1.5729e-10	 3.6488e-10	 1.5009e+07	 2.8808e+02	 7.9722e+02
 3.1874e+00	 7.6050e+02	 7.0112e+01	 2.1113e+02	 3.7420e-10	-1.2249e-10	 8.7963e-10	 1.8851e+07	 2.8808e+02	 8.0086e+02
 1.0087e+00	 7.6050e+02	 1.7121e+02	 5.4342e+02	 3.0480e-10	-9.5470e-11	 2.1480e-09	 2.3143e+07	 2.8808e+02	 8.0420e+02
 1.0000e+06	 8.0170e+02	 1.0484e+00	 5.6606e-03	 3.1476e-09	-2.6938e-08	 1.3154e-11	 2.2410e+06	 2.8808e+02	 8.1099e+02
 3.1646e+05	 8.0170e+02	 1.0511e+00	 1.2436e-02	 2.1883e-09	-8.9917e-09	 1.3187e-11	 3.2235e+06	 2.8808e+02	 8.1347e+02
 1.0014e+05	 8.0170e+02	 1.0573e+00	 2.7628e-02	 1.5385e-09	-3.1905e-09	 1.3265e-11	 4.5850e+06	 2.8808e+02	 8.1627e+02
 3.1691e+04	 8.0170e+02	 1.0652e+00	 7.0226e-02	 1.2375e-09	-1.1491e-09	 1.3364e-11	 5.7000e+06	 2.8808e+02	 8.1888e+02
 1.0029e+04	 8.0170e+02	 1.0848e+00	 1.9982e-01	 1.1143e-09	-4.7299e-10	 1.3610e-11	 6.3301e+06	 2.8809e+02	 8.2166e+02
 3.1737e+03	 8.0170e+02	 1.1478e+00	 5.7268e-01	 1.0106e-09	-2.6089e-10	 1.4401e-11	 6.9797e+06	 2.8808e+02	 8.2422e+02
 1.0043e+03	 8.0170e+02	 1.3498e+00	 1.6221e+00	 9.0588e-10	-1.9533e-10	 1.6934e-11	 7.7869e+06	 2.8809e+02	 8.2697e+02
 3.1783e+02	 8.0170e+02	 2.0109e+00	 4.5616e+00	 8.0618e-10	-1.7866e-10	 2.5229e-11	 8.7498e+06	 2.8809e+02	 8.3003e+02
 1.0058e+02	 8.0170e+02	 4.2105e+00	 1.2719e+01	 7.1132e-10	-1.7956e-10	 5.2826e-11	 9.9168e+06	 2.8808e+02	 8.3255e+02
 3.1829e+01	 8.0170e+02	 1.1441e+01	 3.3599e+01	 5.9465e-10	-1.8479e-10	 1.4354e-10	 1.1862e+07	 2.8809e+02	 8.3567e+02
 1.0072e+01	 8.0170e+02	 2.9606e+01	 8.4927e+01	 4.7566e-10	-1.6022e-10	 3.7144e-10	 1.4830e+07	 2.8809e+02	 8.3872e+02
 3.1874e+00	 8.0170e+02	 7.2501e+01	 2.1550e+02	 3.8195e-10	-1.2673e-10	 9.0961e-10	 1.8468e+07	 2.8809e+02	 8.4241e+02
 1.0087e+00	 8.0170e+02	 1.7604e+02	 5.5574e+02	 3.1171e-10	-9.8179e-11	 2.2086e-09	 2.2630e+07	 2.8809e+02	 8.4577e+02
 1.0000e+06	 8.4330e+02	 1.0485e+00	 5.6585e-03	 3.1465e-09	-2.6959e-08	 1.3154e-11	 2.2419e+06	 2.8810e+02	 8.5278e+02
 3.1646e+05	 8.4330e+02	 1.0513e+00	 1.2647e-02	 2.2255e-09	-9.0186e-09	 1.3189e-11	 3.1695e+06	 2.8809e+02	 8.5556e+02
 1.0014e+05	 8.4330e+02	 1.0575e+00	 2.8204e-02	 1.5706e-09	-3.1998e-09	 1.3267e-11	 4.4912e+06	 2.8809e+02	 8.5803e+02
 3.1691e+04	 8.4330e+02	 1.0656e+00	 7.1875e-02	 1.2666e-09	-1.1553e-09	 1.3369e-11	 5.5692e+06	 2.8809e+02	 8.6060e+02
 1.0029e+04	 8.4330e+02	 1.0871e+00	 2.0437e-01	 1.1397e-09	-4.8577e-10	 1.3639e-11	 6.1894e+06	 2.8808e+02	 8.6322e+02
 3.1737e+03	 8.4330e+02	 1.1558e+00	 5.8084e-01	 1.0250e-09	-2.7494e-10	 1.4501e-11	 6.8816e+06	 2.8810e+02	 8.6578e+02
 1.0043e+03	 8.4330e+02	 1.3639e+00	 1.6388e+00	 9.1524e-10	-2.0324e-10	 1.7112e-11	 7.7072e+06	 2.8809e+02	 8.6853e+02
 3.1783e+02	 8.4330e+02	 2.0373e+00	 4.6163e+00	 8.1584e-10	-1.8333e-10	 2.5561e-11	 8.6463e+06	 2.8809e+02	 8.7122e+02
 1.0058e+02	 8.4330e+02	 4.2689e+00	 1.2828e+01	 7.1742e-10	-1.8282e-10	 5.3558e-11	 9.8323e+06	 2.8809e+02	 8.7394e+02
 3.1829e+01	 8.4330e+02	 1.1626e+01	 3.3941e+01	 6.0070e-10	-1.8807e-10	 1.4586e-10	 1.1743e+07	 2.8809e+02	 8.7694e+02
 1.0072e+01	 8.4330e+02	 3.0133e+01	 8.5983e+01	 4.8157e-10	-1.6317e-10	 3.7805e-10	 1.4648e+07	 2.8809e+02	 8.8003e+02
 3.1874e+00	 8.4330e+02	 7.3933e+01	 2.1693e+02	 3.8449e-10	-1.2927e-10	 9.2758e-10	 1.8346e+07	 2.8809e+02	 8.8385e+02
 1.0087e+00	 8.4330e+02	 1.7827e+02	 5.5283e+02	 3.1008e-10	-9.9428e-11	 2.2366e-09	 2.2749e+07	 2.8810e+02	 8.8720e+02
 1.0000e+06	 8.8470e+02	 1.0486e+00	 5.7403e-03	 3.1920e-09	-2.7044e-08	 1.3156e-11	 2.2099e+06	 2.8810e+02	 8.9399e+02
 3.1646e+05	 8.8470e+02	 1.0515e+00	 1.2847e-02	 2.2607e-09	-9.0537e-09	 1.3192e-11	 3.1202e+06	 2.8809e+02	 8.9641e+02
 1.0014e+05	 8.8470e+02	 1.0577e+00	 2.8504e-02	 1.5873e-09	-3.2128e-09	 1.3270e-11	 4.4440e+06	 2.8810e+02	 8.9891e+02
 3.1691e+04	 8.8470e+02	 1.0659e+00	 7.2709e-02	 1.2813e-09	-1.1612e-09	 1.3373e-11	 5.5053e+06	 2.8809e+02	 9.0166e+02
 1.0029e+04	 8.8470e+02	 1.0872e+00	 2.0683e-01	 1.1534e-09	-4.8628e-10	 1.3640e-11	 6.1158e+06	 2.8810e+02	 9.0453e+02
 3.1737e+03	 8.8470e+02	 1.1555e+00	 5.8990e-01	 1.0410e-09	-2.7448e-10	 1.4498e-11	 6.7759e+06	 2.8809e+02	 9.0710e+02
 1.0043e+03	 8.8470e+02	 1.3712e+00	 1.6616e+00	 9.2798e-10	-2.0732e-10	 1.7204e-11	 7.6014e+06	 2.8810e+02	 9.0986e+02
 3.1783e+02	 8.8470e+02	 2.0626e+00	 4.6562e+00	 8.2289e-10	-1.8779e-10	 2.5877e-11	 8.5722e+06	 2.8810e+02	 9.1260e+02
 1.0058e+02	 8.8470e+02	 4.3482e+00	 1.2897e+01	 7.2132e-10	-1.8726e-10	 5.4553e-11	 9.7793e+06	 2.8810e+02	 9.1524e+02
 3.1829e+01	 8.8470e+02	 1.1791e+01	 3.4240e+01	 6.0601e-10	-1.9099e-10	 1.4793e-10	 1.1640e+07	 2.8810e+02	 9.1847e+02
 1.0072e+01	 8.8470e+02	 3.1345e+01	 8.7795e+01	 4.9172e-10	-1.6996e-10	 3.9326e-10	 1.4345e+07	 2.8810e+02	 9.2152e+02
 3.1874e+00	 8.8470e+02	 7.6011e+01	 2.1950e+02	 3.8905e-10	-1.3295e-10	 9.5365e-10	 1.8131e+07	 2.8811e+02	 9.2535e+02
 1.0087e+00	 8.8470e+02	 1.7560e+02	 5.3539e+02	 3.0030e-10	-9.7930e-11	 2.2031e-09	 2.3490e+07	 2.8811e+02	 9.2899e+02
 1.0000e+06	 9.2650e+02	 1.0487e+00	 5.7900e-03	 3.2196e-09	-2.7097e-08	 1.3158e-11	 2.1910e+06	 2.8810e+02	 9.3578e+02
 3.1646e+05	 9.2650e+02	 1.0516e+00	 1.2972e-02	 2.2826e-09	-9.0839e-09	 1.3194e-11	 3.0903e+06	 2.8811e+02	 9.3856e+02
 1.0014e+05	 9.2650e+02	 1.0580e+00	 2.8794e-02	 1.6034e-09	-3.2277e-09	 1.3273e-11	 4.3993e+06	 2.8811e+02	 9.4103e+02
 3.1691e+04	 9.2650e+02	 1.0664e+00	 7.3320e-02	 1.2921e-09	-1.1704e-09	 1.3379e-11	 5.4595e+06	 2.8811e+02	 9.4360e+02
 1.0029e+04	 9.2650e+02	 1.0886e+00	 2.0768e-01	 1.1582e-09	-4.9392e-10	 1.3657e-11	 6.0906e+06	 2.8810e+02	 9.4603e+02
 3.1737e+03	 9.2650e+02	 1.1596e+00	 5.8855e-01	 1.0386e-09	-2.8173e-10	 1.4549e-11	 6.7915e+06	 2.8811e+02	 9.4860e+02
 1.0043e+03	 9.2650e+02	 1.3788e+00	 1.6497e+00	 9.2133e-10	-2.1153e-10	 1.7298e-11	 7.6563e+06	 2.8811e+02	 9.5130e+02
 3.1783e+02	 9.2650e+02	 2.0727e+00	 4.6084e+00	 8.1445e-10	-1.8958e-10	 2.6005e-11	 8.6610e+06	 2.8811e+02	 9.5397e+02
 1.0058e+02	 9.2650e+02	 4.3468e+00	 1.2756e+01	 7.1344e-10	-1.8718e-10	 5.4536e-11	 9.8873e+06	 2.8811e+02	 9.5674e+02
 3.1829e+01	 9.2650e+02	 1.1819e+01	 3.4172e+01	 6.0480e-10	-1.9149e-10	 1.4829e-10	 1.1663e+07	 2.8810e+02	 9.5985e+02
 1.0072e+01	 9.2650e+02	 3.1306e+01	 8.7315e+01	 4.8904e-10	-1.6974e-10	 3.9277e-10	 1.4424e+07	 2.8811e+02	 9.6278e+02
 3.1874e+00	 9.2650e+02	 7.6679e+01	 2.1978e+02	 3.8953e-10	-1.3413e-10	 9.6202e-10	 1.8109e+07	 2.8811e+02	 9.6666e+02
 1.0087e+00	 9.2650e+02	 1.9045e+02	 5.6770e+02	 3.1841e-10	-1.0626e-10	 2.3894e-09	 2.2153e+07	 2.8811e+02	 9.7002e+02
 1.0000e+06	 9.6750e+02	 1.0489e+00	 5.9091e-03	 3.2858e-09	-2.7167e-08	 1.3159e-11	 2.1468e+06	 2.8810e+02	 9.7722e+02
 3.1646e+05	 9.6750e+02	 1.0517e+00	 1.3234e-02	 2.3288e-09	-9.0970e-09	 1.3195e-11	 3.0290e+06	 2.8811e+02	 9.7966e+02
 1.0014e+05	 9.6750e+02	 1.0580e+00	 2.9446e-02	 1.6398e-09	-3.2309e-09	 1.3274e-11	 4.3018e+06	 2.8811e+02	 9.8228e+02
 3.1691e+04	 9.6750e+02	 1.0664e+00	 7.5672e-02	 1.3335e-09	-1.1702e-09	 1.3379e-11	 5.2898e+06	 2.8811e+02	 9.8485e+02
 1.0029e+04	 9.6750e+02	 1.0905e+00	 2.1548e-01	 1.2017e-09	-5.0491e-10	 1.3682e-11	 5.8701e+06	 2.8811e+02	 9.8756e+02
 3.1737e+03	 9.6750e+02	 1.1698e+00	 6.0822e-01	 1.0734e-09	-2.9959e-10	 1.4676e-11	 6.5718e+06	 2.8811e+02	 9.9016e+02
 1.0043e+03	 9.6750e+02	 1.4039e+00	 1.7012e+00	 9.5007e-10	-2.2558e-10	 1.7614e-11	 7.4246e+06	 2.8811e+02	 9.9281e+02
 3.1783e+02	 9.6750e+02	 2.1293e+00	 4.7785e+00	 8.4452e-10	-1.9958e-10	 2.6715e-11	 8.3526e+06	 2.8811e+02	 9.9560e+02
 1.0058e+02	 9.6750e+02	 4.5413e+00	 1.3299e+01	 7.4380e-10	-1.9806e-10	 5.6976e-11	 9.4837e+06	 2.8811e+02	 9.9830e+02
 3.1829e+01	 9.6750e+02	 1.2391e+01	 3.5437e+01	 6.2719e-10	-2.0161e-10	 1.5546e-10	 1.1247e+07	 2.8811e+02	 1.0010e+03
 1.0072e+01	 9.6750e+02	 3.3096e+01	 9.0389e+01	 5.0626e-10	-1.7976e-10	 4.1523e-10	 1.3934e+07	 2.8811e+02	 1.0042e+03
 3.1874e+00	 9.6750e+02	 8.0213e+01	 2.2473e+02	 3.9832e-10	-1.4040e-10	 1.0064e-09	 1.7709e+07	 2.8811e+02	 1.0078e+03
 1.0087e+00	 9.6750e+02	 1.8988e+02	 5.6835e+02	 3.1878e-10	-1.0594e-10	 2.3822e-09	 2.2128e+07	 2.8812e+02	 1.0116e+03
 1.0000e+06	 1.0091e+03	 1.0489e+00	 6.0425e-03	 3.3600e-09	-2.7188e-08	 1.3160e-11	 2.0994e+06	 2.8812e+02	 1.0184e+03
 3.1646e+05	 1.0091e+03	 1.0518e+00	 1.3396e-02	 2.3574e-09	-9.1215e-09	 1.3196e-11	 2.9923e+06	 2.8812e+02	 1.0208e+03
 1.0014e+05	 1.0091e+03	 1.0582e+00	 2.9815e-02	 1.6603e-09	-3.2418e-09	 1.3277e-11	 4.2487e+06	 2.8811e+02	 1.0233e+03
 3.1691e+04	 1.0091e+03	 1.0667e+00	 7.6586e-02	 1.3496e-09	-1.1761e-09	 1.3383e-11	 5.2266e+06	 2.8812e+02	 1.0261e+03
 1.0029e+04	 1.0091e+03	 1.0899e+00	 2.1743e-01	 1.2125e-09	-5.0156e-10	 1.3675e-11	 5.8177e+06	 2.8812e+02	 1.0285e+03
 3.1737e+03	 1.0091e+03	 1.1641e+00	 6.1550e-01	 1.0862e-09	-2.8957e-10	 1.4605e-11	 6.4941e+06	 2.8812e+02	 1.0313e+03
 1.0043e+03	 1.0091e+03	 1.3930e+00	 1.7249e+00	 9.6332e-10	-2.1948e-10	 1.7477e-11	 7.3225e+06	 2.8812e+02	 1.0337e+03
 3.1783e+02	 1.0091e+03	 2.1211e+00	 4.8259e+00	 8.5290e-10	-1.9814e-10	 2.6612e-11	 8.2706e+06	 2.8812e+02	 1.0365e+03
 1.0058e+02	 1.0091e+03	 4.5388e+00	 1.3402e+01	 7.4956e-10	-1.9792e-10	 5.6944e-11	 9.4108e+06	 2.8812e+02	 1.0391e+03
 3.1829e+01	 1.0091e+03	 1.2601e+01	 3.5766e+01	 6.3301e-10	-2.0532e-10	 1.5809e-10	 1.1144e+07	 2.8812e+02	 1.0419e+03
 1.0072e+01	 1.0091e+03	 3.3791e+01	 9.1154e+01	 5.1054e-10	-1.8366e-10	 4.2395e-10	 1.3817e+07	 2.8812e+02	 1.0448e+03
 3.1874e+00	 1.0091e+03	 8.4662e+01	 2.3269e+02	 4.1242e-10	-1.4828e-10	 1.0622e-09	 1.7104e+07	 2.8812e+02	 1.0482e+03
 1.0087e+00	 1.0091e+03	 1.9254e+02	 5.6168e+02	 3.1504e-10	-1.0744e-10	 2.4157e-09	 2.2391e+07	 2.8812e+02	 1.0523e+03
 1.0000e+06	 1.0498e+03	 1.0490e+00	 6.1800e-03	 3.4365e-09	-2.7270e-08	 1.3161e-11	 2.0527e+06	 2.8812e+02	 1.0592e+03
 3.1646e+05	 1.0498e+03	 1.0520e+00	 1.3428e-02	 2.3629e-09	-9.1501e-09	 1.3199e-11	 2.9853e+06	 2.8812e+02	 1.0620e+03
 1.0014e+05	 1.0498e+03	 1.0584e+00	 3.0178e-02	 1.6805e-09	-3.2504e-09	 1.3278e-11	 4.1975e+06	 2.8812e+02	 1.0645e+03
 3.1691e+04	 1.0498e+03	 1.0669e+00	 7.7693e-02	 1.3691e-09	-1.1796e-09	 1.3386e-11	 5.1521e+06	 2.8812e+02	 1.0673e+03
 1.0029e+04	 1.0498e+03	 1.0903e+00	 2.2055e-01	 1.2299e-09	-5.0335e-10	 1.3679e-11	 5.7353e+06	 2.8813e+02	 1.0699e+03
 3.1737e+03	 1.0498e+03	 1.1643e+00	 6.2499e-01	 1.1030e-09	-2.9000e-10	 1.4608e-11	 6.3955e+06	 2.8812e+02	 1.0725e+03
 1.0043e+03	 1.0498e+03	 1.3940e+00	 1.7545e+00	 9.7986e-10	-2.2005e-10	 1.7490e-11	 7.1990e+06	 2.8812e+02	 1.0750e+03
 3.1783e+02	 1.0498e+03	 2.1284e+00	 4.9266e+00	 8.7068e-10	-1.9942e-10	 2.6703e-11	 8.1017e+06	 2.8812e+02	 1.0778e+03
 1.0058e+02	 1.0498e+03	 4.5964e+00	 1.3766e+01	 7.6990e-10	-2.0114e-10	 5.7667e-11	 9.1621e+06	 2.8813e+02	 1.0802e+03
 3.1829e+01	 1.0498e+03	 1.2900e+01	 3.6593e+01	 6.4765e-10	-2.1062e-10	 1.6185e-10	 1.0892e+07	 2.8812e+02	 1.0831e+03
 1.0072e+01	 1.0498e+03	 3.4622e+01	 9.2812e+01	 5.1982e-10	-1.8831e-10	 4.3437e-10	 1.3570e+07	 2.8813e+02	 1.0860e+03
 3.1874e+00	 1.0498e+03	 8.7006e+01	 2.3593e+02	 4.1816e-10	-1.5244e-10	 1.0916e-09	 1.6869e+07	 2.8813e+02	 1.0896e+03
 1.0087e+00	 1.0498e+03	 1.9521e+02	 5.6794e+02	 3.1855e-10	-1.0893e-10	 2.4492e-09	 2.2144e+07	 2.8813e+02	 1.0933e+03
 1.0000e+06	 1.0908e+03	 1.0491e+00	 6.1503e-03	 3.4200e-09	-2.7310e-08	 1.3162e-11	 2.0626e+06	 2.8813e+02	 1.1002e+03
 3.1646e+05	 1.0908e+03	 1.0521e+00	 1.3718e-02	 2.4139e-09	-9.1695e-09	 1.3200e-11	 2.9222e+06	 2.8813e+02	 1.1027e+03
 1.0014e+05	 1.0908e+03	 1.0585e+00	 3.0644e-02	 1.7065e-09	-3.2590e-09	 1.3280e-11	 4.1337e+06	 2.8813e+02	 1.1056e+03
 3.1691e+04	 1.0908e+03	 1.0675e+00	 7.9051e-02	 1.3931e-09	-1.1897e-09	 1.3393e-11	 5.0636e+06	 2.8812e+02	 1.1082e+03
 1.0029e+04	 1.0908e+03	 1.0926e+00	 2.2326e-01	 1.2450e-09	-5.1648e-10	 1.3708e-11	 5.6657e+06	 2.8813e+02	 1.1107e+03
 3.1737e+03	 1.0908e+03	 1.1697e+00	 6.2865e-01	 1.1094e-09	-2.9948e-10	 1.4675e-11	 6.3583e+06	 2.8812e+02	 1.1133e+03
 1.0043e+03	 1.0908e+03	 1.4036e+00	 1.7599e+00	 9.8287e-10	-2.2542e-10	 1.7610e-11	 7.1769e+06	 2.8813e+02	 1.1161e+03
 3.1783e+02	 1.0908e+03	 2.1495e+00	 4.9291e+00	 8.7113e-10	-2.0316e-10	 2.6968e-11	 8.0975e+06	 2.8812e+02	 1.1188e+03
 1.0058e+02	 1.0908e+03	 4.6383e+00	 1.3681e+01	 7.6512e-10	-2.0348e-10	 5.8193e-11	 9.2194e+06	 2.8813e+02	 1.1215e+03
 3.1829e+01	 1.0908e+03	 1.3036e+01	 3.6602e+01	 6.4781e-10	-2.1302e-10	 1.6355e-10	 1.0889e+07	 2.8813e+02	 1.1242e+03
 1.0072e+01	 1.0908e+03	 3.5325e+01	 9.3567e+01	 5.2405e-10	-1.9225e-10	 4.4319e-10	 1.3460e+07	 2.8813e+02	 1.1272e+03
 3.1874e+00	 1.0908e+03	 8.6412e+01	 2.3389e+02	 4.1455e-10	-1.5138e-10	 1.0841e-09	 1.7016e+07	 2.8813e+02	 1.1305e+03
 1.0087e+00	 1.0908e+03	 2.0508e+02	 5.8820e+02	 3.2992e-10	-1.1447e-10	 2.5730e-09	 2.1381e+07	 2.8813e+02	 1.1344e+03
 1.0000e+06	 1.1320e+03	 1.0492e+00	 6.1944e-03	 3.4444e-09	-2.7375e-08	 1.3164e-11	 2.0479e+06	 2.8813e+02	 1.1413e+03
 3.1646e+05	 1.1320e+03	 1.0522e+00	 1.3753e-02	 2.4201e-09	-9.1811e-09	 1.3201e-11	 2.9147e+06	 2.8813e+02	 1.1438e+03
 1.0014e+05	 1.1320e+03	 1.0586e+00	 3.1101e-02	 1.7319e-09	-3.2647e-09	 1.3282e-11	 4.0730e+06	 2.8813e+02	 1.1463e+03
 3.1691e+04	 1.1320e+03	 1.0677e+00	 8.0427e-02	 1.4173e-09	-1.1922e-09	 1.3395e-11	 4.9770e+06	 2.8813e+02	 1.1492e+03
 1.0029e+04	 1.1320e+03	 1.0932e+00	 2.2747e-01	 1.2685e-09	-5.1953e-10	 1.3715e-11	 5.5608e+06	 2.8813e+02	 1.1516e+03
 3.1737e+03	 1.1320e+03	 1.1733e+00	 6.3881e-01	 1.1273e-09	-3.0580e-10	 1.4720e-11	 6.2571e+06	 2.8813e+02	 1.1543e+03
 1.0043e+03	 1.1320e+03	 1.4140e+00	 1.7831e+00	 9.9579e-10	-2.3122e-10	 1.7740e-11	 7.0838e+06	 2.8813e+02	 1.1568e+03
 3.1783e+02	 1.1320e+03	 2.1757e+00	 4.9893e+00	 8.8176e-10	-2.0779e-10	 2.7297e-11	 7.9999e+06	 2.8813e+02	 1.1597e+03
 1.0058e+02	 1.1320e+03	 4.7150e+00	 1.3860e+01	 7.7516e-10	-2.0777e-10	 5.9155e-11	 9.1000e+06	 2.8813e+02	 1.1622e+03
 3.1829e+01	 1.1320e+03	 1.3351e+01	 3.7135e+01	 6.5724e-10	-2.1860e-10	 1.6751e-10	 1.0733e+07	 2.8813e+02	 1.1652e+03
 1.0072e+01	 1.1320e+03	 3.5884e+01	 9.4210e+01	 5.2766e-10	-1.9538e-10	 4.5020e-10	 1.3368e+07	 2.8813e+02	 1.1682e+03
 3.1874e+00	 1.1320e+03	 8.8436e+01	 2.3606e+02	 4.1840e-10	-1.5497e-10	 1.1095e-09	 1.6859e+07	 2.8813e+02	 1.1718e+03
 1.0087e+00	 1.1320e+03	 2.1363e+02	 6.0040e+02	 3.3676e-10	-1.1926e-10	 2.6802e-09	 2.0947e+07	 2.8813e+02	 1.1757e+03
 1.0000e+06	 1.1732e+03	 1.0493e+00	 6.2993e-03	 3.5028e-09	-2.7402e-08	 1.3164e-11	 2.0138e+06	 2.8814e+02	 1.1825e+03
 3.1646e+05	 1.1732e+03	 1.0523e+00	 1.4020e-02	 2.4670e-09	-9.2043e-09	 1.3202e-11	 2.8593e+06	 2.8814e+02	 1.1850e+03
 1.0014e+05	 1.1732e+03	 1.0587e+00	 3.1535e-02	 1.7560e-09	-3.2696e-09	 1.3283e-11	 4.0170e+06	 2.8813e+02	 1.1874e+03
 3.1691e+04	 1.1732e+03	 1.0678e+00	 8.1703e-02	 1.4398e-09	-1.1946e-09	 1.3397e-11	 4.8993e+06	 2.8813e+02	 1.1900e+03
 1.0029e+04	 1.1732e+03	 1.0937e+00	 2.3113e-01	 1.2889e-09	-5.2268e-10	 1.3722e-11	 5.4728e+06	 2.8814e+02	 1.1925e+03
 3.1737e+03	 1.1732e+03	 1.1749e+00	 6.4940e-01	 1.1460e-09	-3.0869e-10	 1.4741e-11	 6.1550e+06	 2.8813e+02	 1.1951e+03
 1.0043e+03	 1.1732e+03	 1.4199e+00	 1.8105e+00	 1.0111e-09	-2.3450e-10	 1.7814e-11	 6.9763e+06	 2.8813e+02	 1.1978e+03
 3.1783e+02	 1.1732e+03	 2.1933e+00	 5.0795e+00	 8.9770e-10	-2.1090e-10	 2.7518e-11	 7.8578e+06	 2.8813e+02	 1.2005e+03
 1.0058e+02	 1.1732e+03	 4.7796e+00	 1.4133e+01	 7.9041e-10	-2.1139e-10	 5.9966e-11	 8.9244e+06	 2.8813e+02	 1.2030e+03
 3.1829e+01	 1.1732e+03	 1.3623e+01	 3.7833e+01	 6.6959e-10	-2.2340e-10	 1.7091e-10	 1.0535e+07	 2.8813e+02	 1.2057e+03
 1.0072e+01	 1.1732e+03	 3.7028e+01	 9.6219e+01	 5.3890e-10	-2.0179e-10	 4.6456e-10	 1.3089e+07	 2.8814e+02	 1.2088e+03
 3.1874e+00	 1.1732e+03	 9.1250e+01	 2.4010e+02	 4.2555e-10	-1.5996e-10	 1.1448e-09	 1.6576e+07	 2.8813e+02	 1.2122e+03
 1.0087e+00	 1.1732e+03	 2.1804e+02	 5.9802e+02	 3.3542e-10	-1.2173e-10	 2.7355e-09	 2.1030e+07	 2.8813e+02	 1.2161e+03
 1.0000e+06	 1.2136e+03	 1.0493e+00	 6.4273e-03	 3.5740e-09	-2.7420e-08	 1.3165e-11	 1.9737e+06	 2.8814e+02	 1.2229e+03
 3.1646e+05	 1.2136e+03	 1.0524e+00	 1.4116e-02	 2.4839e-09	-9.2192e-09	 1.3203e-11	 2.8399e+06	 2.8813e+02	 1.2256e+03
 1.0014e+05	 1.2136e+03	 1.0589e+00	 3.1884e-02	 1.7755e-09	-3.2779e-09	 1.3285e-11	 3.9729e+06	 2.8813e+02	 1.2281e+03
 3.1691e+04	 1.2136e+03	 1.0681e+00	 8.2593e-02	 1.4555e-09	-1.1992e-09	 1.3400e-11	 4.8465e+06	 2.8813e+02	 1.2308e+03
 1.0029e+04	 1.2136e+03	 1.0946e+00	 2.3368e-01	 1.3032e-09	-5.2751e-10	 1.3733e-11	 5.4130e+06	 2.8813e+02	 1.2333e+03
 3.1737e+03	 1.2136e+03	 1.1773e+00	 6.5535e-01	 1.1565e-09	-3.1287e-10	 1.4770e-11	 6.0992e+06	 2.8813e+02	 1.2361e+03
 1.0043e+03	 1.2136e+03	 1.4248e+00	 1.8292e+00	 1.0215e-09	-2.3724e-10	 1.7876e-11	 6.9053e+06	 2.8813e+02	 1.2385e+03
 3.1783e+02	 1.2136e+03	 2.2063e+00	 5.1198e+00	 9.0482e-10	-2.1320e-10	 2.7681e-11	 7.7959e+06	 2.8814e+02	 1.2413e+03
 1.0058e+02	 1.2136e+03	 4.8356e+00	 1.4266e+01	 7.9788e-10	-2.1452e-10	 6.0668e-11	 8.8409e+06	 2.8814e+02	 1.2438e+03
 3.1829e+01	 1.2136e+03	 1.3756e+01	 3.8206e+01	 6.7619e-10	-2.2577e-10	 1.7259e-10	 1.0432e+07	 2.8814e+02	 1.2467e+03
 1.0072e+01	 1.2136e+03	 3.7817e+01	 9.7467e+01	 5.4589e-10	-2.0621e-10	 4.7446e-10	 1.2922e+07	 2.8814e+02	 1.2497e+03
 3.1874e+00	 1.2136e+03	 9.5412e+01	 2.4651e+02	 4.3692e-10	-1.6734e-10	 1.1971e-09	 1.6145e+07	 2.8813e+02	 1.2532e+03
 1.0087e+00	 1.2136e+03	 2.1574e+02	 5.9021e+02	 3.3104e-10	-1.2045e-10	 2.7067e-09	 2.1308e+07	 2.8814e+02	 1.2573e+03
 1.0000e+06	 1.2548e+03	 1.0495e+00	 6.4405e-03	 3.5813e-09	-2.7503e-08	 1.3167e-11	 1.9696e+06	 2.8813e+02	 1.2640e+03
 3.1646e+05	 1.2548e+03	 1.0525e+00	 1.4164e-02	 2.4923e-09	-9.2348e-09	 1.3205e-11	 2.8303e+06	 2.8813e+02	 1.2665e+03
 1.0014e+05	 1.2548e+03	 1.0590e+00	 3.2152e-02	 1.7904e-09	-3.2848e-09	 1.3286e-11	 3.9399e+06	 2.8813e+02	 1.2692e+03
 3.1691e+04	 1.2548e+03	 1.0681e+00	 8.3628e-02	 1.4737e-09	-1.2007e-09	 1.3401e-11	 4.7865e+06	 2.8814e+02	 1.2718e+03
 1.0029e+04	 1.2548e+03	 1.0946e+00	 2.3688e-01	 1.3210e-09	-5.2762e-10	 1.3733e-11	 5.3399e+06	 2.8814e+02	 1.2745e+03
 3.1737e+03	 1.2548e+03	 1.1786e+00	 6.6712e-01	 1.1773e-09	-3.1515e-10	 1.4787e-11	 5.9916e+06	 2.8814e+02	 1.2772e+03
 1.0043e+03	 1.2548e+03	 1.4355e+00	 1.8625e+00	 1.0401e-09	-2.4322e-10	 1.8010e-11	 6.7817e+06	 2.8814e+02	 1.2798e+03
 3.1783e+02	 1.2548e+03	 2.2384e+00	 5.2224e+00	 9.2296e-10	-2.1887e-10	 2.8084e-11	 7.6428e+06	 2.8814e+02	 1.2825e+03
 1.0058e+02	 1.2548e+03	 4.9324e+00	 1.4580e+01	 8.1540e-10	-2.1993e-10	 6.1883e-11	 8.6509e+06	 2.8814e+02	 1.2850e+03
 3.1829e+01	 1.2548e+03	 1.4006e+01	 3.8834e+01	 6.8731e-10	-2.3020e-10	 1.7573e-10	 1.0263e+07	 2.8813e+02	 1.2878e+03
 1.0072e+01	 1.2548e+03	 3.8363e+01	 9.8367e+01	 5.5094e-10	-2.0926e-10	 4.8131e-10	 1.2804e+07	 2.8814e+02	 1.2908e+03
 3.1874e+00	 1.2548e+03	 9.4552e+01	 2.4429e+02	 4.3298e-10	-1.6581e-10	 1.1863e-09	 1.6292e+07	 2.8814e+02	 1.2942e+03
 1.0087e+00	 1.2548e+03	 2.2438e+02	 5.9983e+02	 3.3644e-10	-1.2529e-10	 2.8151e-09	 2.0966e+07	 2.8814e+02	 1.2982e+03
 1.0000e+06	 1.2957e+03	 1.0494e+00	 6.5492e-03	 3.6418e-09	-2.7491e-08	 1.3166e-11	 1.9370e+06	 2.8813e+02	 1.3050e+03
 3.1646e+05	 1.2957e+03	 1.0526e+00	 1.4407e-02	 2.5352e-09	-9.2500e-09	 1.3206e-11	 2.7824e+06	 2.8813e+02	 1.3074e+03
 1.0014e+05	 1.2957e+03	 1.0590e+00	 3.2606e-02	 1.8157e-09	-3.2868e-09	 1.3287e-11	 3.8849e+06	 2.8813e+02	 1.3098e+03
 3.1691e+04	 1.2957e+03	 1.0683e+00	 8.4973e-02	 1.4974e-09	-1.2039e-09	 1.3403e-11	 4.7108e+06	 2.8813e+02	 1.3126e+03
 1.0029e+04	 1.2957e+03	 1.0956e+00	 2.4067e-01	 1.3421e-09	-5.3298e-10	 1.3745e-11	 5.2558e+06	 2.8813e+02	 1.3151e+03
 3.1737e+03	 1.2957e+03	 1.1820e+00	 6.7707e-01	 1.1949e-09	-3.2125e-10	 1.4830e-11	 5.9035e+06	 2.8814e+02	 1.3178e+03
 1.0043e+03	 1.2957e+03	 1.4462e+00	 1.8877e+00	 1.0542e-09	-2.4919e-10	 1.8144e-11	 6.6911e+06	 2.8813e+02	 1.3203e+03
 3.1783e+02	 1.2957e+03	 2.2639e+00	 5.2970e+00	 9.3615e-10	-2.2337e-10	 2.8403e-11	 7.5351e+06	 2.8813e+02	 1.3233e+03
 1.0058e+02	 1.2957e+03	 5.0208e+00	 1.4743e+01	 8.2456e-10	-2.2488e-10	 6.2992e-11	 8.5548e+06	 2.8813e+02	 1.3257e+03
 3.1829e+01	 1.2957e+03	 1.4328e+01	 3.9210e+01	 6.9396e-10	-2.3590e-10	 1.7977e-10	 1.0165e+07	 2.8813e+02	 1.3285e+03
 1.0072e+01	 1.2957e+03	 3.9221e+01	 9.9714e+01	 5.5848e-10	-2.1407e-10	 4.9207e-10	 1.2631e+07	 2.8814e+02	 1.3317e+03
 3.1874e+00	 1.2957e+03	 9.7351e+01	 2.4830e+02	 4.4010e-10	-1.7077e-10	 1.2214e-09	 1.6028e+07	 2.8814e+02	 1.3350e+03
 1.0087e+00	 1.2957e+03	 2.3102e+02	 6.1441e+02	 3.4462e-10	-1.2902e-10	 2.8984e-09	 2.0469e+07	 2.8814e+02	 1.3389e+03
 1.0000e+06	 1.3364e+03	 1.0496e+00	 6.4602e-03	 3.5923e-09	-2.7556e-08	 1.3168e-11	 1.9636e+06	 2.8814e+02	 1.3456e+03
 3.1646e+05	 1.3364e+03	 1.0526e+00	 1.4485e-02	 2.5488e-09	-9.2598e-09	 1.3206e-11	 2.7675e+06	 2.8814e+02	 1.3481e+03
 1.0014e+05	 1.3364e+03	 1.0591e+00	 3.2973e-02	 1.8362e-09	-3.2926e-09	 1.3288e-11	 3.8417e+06	 2.8814e+02	 1.3507e+03
 3.1691e+04	 1.3364e+03	 1.0687e+00	 8.6136e-02	 1.5179e-09	-1.2103e-09	 1.3408e-11	 4.6472e+06	 2.8814e+02	 1.3533e+03
 1.0029e+04	 1.3364e+03	 1.0968e+00	 2.4323e-01	 1.3564e-09	-5.3973e-10	 1.3760e-11	 5.2004e+06	 2.8814e+02	 1.3560e+03
 3.1737e+03	 1.3364e+03	 1.1838e+00	 6.8048e-01	 1.2009e-09	-3.2441e-10	 1.4852e-11	 5.8739e+06	 2.8814e+02	 1.3585e+03
 1.0043e+03	 1.3364e+03	 1.4441e+00	 1.8938e+00	 1.0576e-09	-2.4804e-10	 1.8118e-11	 6.6695e+06	 2.8814e+02	 1.3612e+03
 3.1783e+02	 1.3364e+03	 2.2653e+00	 5.3044e+00	 9.3746e-10	-2.2362e-10	 2.8421e-11	 7.5245e+06	 2.8814e+02	 1.3640e+03
 1.0058e+02	 1.3364e+03	 5.0277e+00	 1.4750e+01	 8.2496e-10	-2.2526e-10	 6.3078e-11	 8.5507e+06	 2.8813e+02	 1.3667e+03
 3.1829e+01	 1.3364e+03	 1.4455e+01	 3.9420e+01	 6.9768e-10	-2.3814e-10	 1.8136e-10	 1.0111e+07	 2.8814e+02	 1.3694e+03
 1.0072e+01	 1.3364e+03	 3.9916e+01	 1.0051e+02	 5.6295e-10	-2.1796e-10	 5.0079e-10	 1.2530e+07	 2.8814e+02	 1.3725e+03
 3.1874e+00	 1.3364e+03	 1.0083e+02	 2.5330e+02	 4.4896e-10	-1.7694e-10	 1.2651e-09	 1.5712e+07	 2.8814e+02	 1.3759e+03
 1.0087e+00	 1.3364e+03	 2.4396e+02	 6.3405e+02	 3.5563e-10	-1.3627e-10	 3.0607e-09	 1.9835e+07	 2.8814e+02	 1.3799e+03
 1.0000e+06	 1.3774e+03	 1.0496e+00	 6.6224e-03	 3.6825e-09	-2.7607e-08	 1.3169e-11	 1.9155e+06	 2.8814e+02	 1.3868e+03
 3.1646e+05	 1.3774e+03	 1.0527e+00	 1.4685e-02	 2.5840e-09	-9.2745e-09	 1.3207e-11	 2.7298e+06	 2.8814e+02	 1.3893e+03
 1.0014e+05	 1.3774e+03	 1.0592e+00	 3.3555e-02	 1.8685e-09	-3.2949e-09	 1.3288e-11	 3.7751e+06	 2.8814e+02	 1.3921e+03
 3.1691e+04	 1.3774e+03	 1.0687e+00	 8.7847e-02	 1.5481e-09	-1.2110e-09	 1.3408e-11	 4.5567e+06	 2.8814e+02	 1.3947e+03
 1.0029e+04	 1.3774e+03	 1.0972e+00	 2.4822e-01	 1.3842e-09	-5.4193e-10	 1.3765e-11	 5.0959e+06	 2.8814e+02	 1.3973e+03
 3.1737e+03	 1.3774e+03	 1.1858e+00	 6.9479e-01	 1.2261e-09	-3.2784e-10	 1.4877e-11	 5.7530e+06	 2.8814e+02	 1.3999e+03
 1.0043e+03	 1.3774e+03	 1.4514e+00	 1.9333e+00	 1.0797e-09	-2.5208e-10	 1.8209e-11	 6.5333e+06	 2.8814e+02	 1.4023e+03
 3.1783e+02	 1.3774e+03	 2.2907e+00	 5.4112e+00	 9.5633e-10	-2.2811e-10	 2.8740e-11	 7.3760e+06	 2.8814e+02	 1.4053e+03
 1.0058e+02	 1.3774e+03	 5.1160e+00	 1.5070e+01	 8.4280e-10	-2.3020e-10	 6.4186e-11	 8.3696e+06	 2.8814e+02	 1.4081e+03
 3.1829e+01	 1.3774e+03	 1.4828e+01	 4.0227e+01	 7.1196e-10	-2.4474e-10	 1.8604e-10	 9.9079e+06	 2.8814e+02	 1.4108e+03
 1.0072e+01	 1.3774e+03	 4.0884e+01	 1.0231e+02	 5.7302e-10	-2.2339e-10	 5.1294e-10	 1.2310e+07	 2.8814e+02	 1.4140e+03
 3.1874e+00	 1.3774e+03	 1.0106e+02	 2.5407e+02	 4.5032e-10	-1.7735e-10	 1.2679e-09	 1.5664e+07	 2.8814e+02	 1.4173e+03
 1.0087e+00	 1.3774e+03	 2.4705e+02	 6.3289e+02	 3.5498e-10	-1.3801e-10	 3.0995e-09	 1.9871e+07	 2.8814e+02	 1.4213e+03
 1.0000e+06	 1.4188e+03	 1.0496e+00	 6.6820e-03	 3.7156e-09	-2.7592e-08	 1.3169e-11	 1.8985e+06	 2.8814e+02	 1.4282e+03
 3.1646e+05	 1.4188e+03	 1.0528e+00	 1.4798e-02	 2.6039e-09	-9.2894e-09	 1.3208e-11	 2.7090e+06	 2.8815e+02	 1.4307e+03
 1.0014e+05	 1.4188e+03	 1.0593e+00	 3.3847e-02	 1.8848e-09	-3.3010e-09	 1.3290e-11	 3.7425e+06	 2.8814e+02	 1.4331e+03
 3.1691e+04	 1.4188e+03	 1.0690e+00	 8.8818e-02	 1.5652e-09	-1.2155e-09	 1.3412e-11	 4.5068e+06	 2.8814e+02	 1.4358e+03
 1.0029e+04	 1.4188e+03	 1.0980e+00	 2.5079e-01	 1.3986e-09	-5.4633e-10	 1.3775e-11	 5.0438e+06	 2.8814e+02	 1.4383e+03
 3.1737e+03	 1.4188e+03	 1.1878e+00	 7.0097e-01	 1.2371e-09	-3.3151e-10	 1.4903e-11	 5.7022e+06	 2.8814e+02	 1.4410e+03
 1.0043e+03	 1.4188e+03	 1.4570e+00	 1.9495e+00	 1.0887e-09	-2.5520e-10	 1.8279e-11	 6.4791e+06	 2.8814e+02	 1.4435e+03
 3.1783e+02	 1.4188e+03	 2.3040e+00	 5.4589e+00	 9.6476e-10	-2.3045e-10	 2.8906e-11	 7.3116e+06	 2.8814e+02	 1.4463e+03
 1.0058e+02	 1.4188e+03	 5.1747e+00	 1.5146e+01	 8.4709e-10	-2.3348e-10	 6.4923e-11	 8.3273e+06	 2.8814e+02	 1.4488e+03
 3.1829e+01	 1.4188e+03	 1.4958e+01	 4.0504e+01	 7.1686e-10	-2.4704e-10	 1.8767e-10	 9.8401e+06	 2.8814e+02	 1.4516e+03
 1.0072e+01	 1.4188e+03	 4.1756e+01	 1.0321e+02	 5.7807e-10	-2.2827e-10	 5.2388e-10	 1.2203e+07	 2.8814e+02	 1.4546e+03
 3.1874e+00	 1.4188e+03	 1.0422e+02	 2.5773e+02	 4.5681e-10	-1.8295e-10	 1.3076e-09	 1.5442e+07	 2.8814e+02	 1.4568e+03
 1.0087e+00	 1.4188e+03	 2.3984e+02	 6.1639e+02	 3.4573e-10	-1.3396e-10	 3.0091e-09	 2.0403e+07	 2.8815e+02	 1.4610e+03
 1.0000e+06	 1.4585e+03	 1.0497e+00	 6.5942e-03	 3.6668e-09	-2.7659e-08	 1.3170e-11	 1.9237e+06	 2.8814e+02	 1.4680e+03
 3.1646e+05	 1.4585e+03	 1.0528e+00	 1.4780e-02	 2.6008e-09	-9.2977e-09	 1.3209e-11	 2.7122e+06	 2.8814e+02	 1.4705e+03
 1.0014e+05	 1.4585e+03	 1.0594e+00	 3.3995e-02	 1.8931e-09	-3.3063e-09	 1.3291e-11	 3.7262e+06	 2.8815e+02	 1.4730e+03
 3.1691e+04	 1.4585e+03	 1.0690e+00	 8.9151e-02	 1.5710e-09	-1.2164e-09	 1.3412e-11	 4.4900e+06	 2.8815e+02	 1.4756e+03
 1.0029e+04	 1.4585e+03	 1.0972e+00	 2.5227e-01	 1.4068e-09	-5.4192e-10	 1.3765e-11	 5.0142e+06	 2.8814e+02	 1.4781e+03
 3.1737e+03	 1.4585e+03	 1.1848e+00	 7.1010e-01	 1.2532e-09	-3.2605e-10	 1.4864e-11	 5.6289e+06	 2.8814e+02	 1.4807e+03
 1.0043e+03	 1.4585e+03	 1.4552e+00	 1.9808e+00	 1.1062e-09	-2.5423e-10	 1.8257e-11	 6.3766e+06	 2.8814e+02	 1.4835e+03
 3.1783e+02	 1.4585e+03	 2.3110e+00	 5.5687e+00	 9.8416e-10	-2.3169e-10	 2.8994e-11	 7.1675e+06	 2.8814e+02	 1.4859e+03
 1.0058e+02	 1.4585e+03	 5.2855e+00	 1.5338e+01	 8.5782e-10	-2.3968e-10	 6.6312e-11	 8.2231e+06	 2.8814e+02	 1.4912e+03
 3.1829e+01	 1.4585e+03	 1.5346e+01	 4.0950e+01	 7.2476e-10	-2.5391e-10	 1.9253e-10	 9.7328e+06	 2.8814e+02	 1.4942e+03
 1.0072e+01	 1.4585e+03	 4.2190e+01	 1.0385e+02	 5.8167e-10	-2.3070e-10	 5.2932e-10	 1.2127e+07	 2.8814e+02	 1.4972e+03
 3.1874e+00	 1.4585e+03	 1.0944e+02	 2.6581e+02	 4.7112e-10	-1.9220e-10	 1.3730e-09	 1.4973e+07	 2.8814e+02	 1.4993e+03
 1.0087e+00	 1.4585e+03	 2.4821e+02	 6.2733e+02	 3.5186e-10	-1.3866e-10	 3.1141e-09	 2.0048e+07	 2.8815e+02	 1.5035e+03
 1.0000e+06	 1.5010e+03	 1.0498e+00	 6.6324e-03	 3.6880e-09	-2.7693e-08	 1.3171e-11	 1.9127e+06	 2.8813e+02	 1.5103e+03
 3.1646e+05	 1.5010e+03	 1.0529e+00	 1.4890e-02	 2.6201e-09	-9.3055e-09	 1.3210e-11	 2.6922e+06	 2.8814e+02	 1.5128e+03
 1.0014e+05	 1.5010e+03	 1.0594e+00	 3.4414e-02	 1.9164e-09	-3.3084e-09	 1.3292e-11	 3.6808e+06	 2.8814e+02	 1.5154e+03
 3.1691e+04	 1.5010e+03	 1.0691e+00	 9.0579e-02	 1.5962e-09	-1.2181e-09	 1.3413e-11	 4.4192e+06	 2.8814e+02	 1.5180e+03
 1.0029e+04	 1.5010e+03	 1.0978e+00	 2.5625e-01	 1.4290e-09	-5.4553e-10	 1.3773e-11	 4.9361e+06	 2.8814e+02	 1.5206e+03
 3.1737e+03	 1.5010e+03	 1.1865e+00	 7.2106e-01	 1.2725e-09	-3.2904e-10	 1.4885e-11	 5.5434e+06	 2.8814e+02	 1.5231e+03
 1.0043e+03	 1.5010e+03	 1.4602e+00	 2.0105e+00	 1.1228e-09	-2.5703e-10	 1.8320e-11	 6.2825e+06	 2.8814e+02	 1.5260e+03
 3.1783e+02	 1.5010e+03	 2.3276e+00	 5.6623e+00	 1.0007e-09	-2.3462e-10	 2.9202e-11	 7.0490e+06	 2.8813e+02	 1.5284e+03
 1.0058e+02	 1.5010e+03	 5.3051e+00	 1.5699e+01	 8.7800e-10	-2.4077e-10	 6.6558e-11	 8.0341e+06	 2.8814e+02	 1.5313e+03
 3.1829e+01	 1.5010e+03	 1.5552e+01	 4.1593e+01	 7.3615e-10	-2.5754e-10	 1.9511e-10	 9.5823e+06	 2.8814e+02	 1.5344e+03
 1.0072e+01	 1.5010e+03	 4.3709e+01	 1.0659e+02	 5.9699e-10	-2.3921e-10	 5.4838e-10	 1.1816e+07	 2.8814e+02	 1.5375e+03
 3.1874e+00	 1.5010e+03	 1.1100e+02	 2.6772e+02	 4.7451e-10	-1.9497e-10	 1.3927e-09	 1.4866e+07	 2.8814e+02	 1.5396e+03
 1.0087e+00	 1.5010e+03	 2.5305e+02	 6.3205e+02	 3.5451e-10	-1.4137e-10	 3.1748e-09	 1.9898e+07	 2.8814e+02	 1.5436e+03
 1.0000e+06	 1.5413e+03	 1.0498e+00	 6.7412e-03	 3.7485e-09	-2.7710e-08	 1.3171e-11	 1.8818e+06	 2.8815e+02	 1.5507e+03
 3.1646e+05	 1.5413e+03	 1.0529e+00	 1.5120e-02	 2.6606e-09	-9.3173e-09	 1.3210e-11	 2.6513e+06	 2.8814e+02	 1.5533e+03
 1.0014e+05	 1.5413e+03	 1.0595e+00	 3.4728e-02	 1.9339e-09	-3.3126e-09	 1.3292e-11	 3.6476e+06	 2.8815e+02	 1.5558e+03
 3.1691e+04	 1.5413e+03	 1.0694e+00	 9.1449e-02	 1.6115e-09	-1.2227e-09	 1.3417e-11	 4.3771e+06	 2.8814e+02	 1.5584e+03
 1.0029e+04	 1.5413e+03	 1.0987e+00	 2.5852e-01	 1.4417e-09	-5.5018e-10	 1.3784e-11	 4.8929e+06	 2.8814e+02	 1.5610e+03
 3.1737e+03	 1.5413e+03	 1.1884e+00	 7.2589e-01	 1.2810e-09	-3.3245e-10	 1.4910e-11	 5.5065e+06	 2.8815e+02	 1.5635e+03
 1.0043e+03	 1.5413e+03	 1.4633e+00	 2.0250e+00	 1.1309e-09	-2.5875e-10	 1.8359e-11	 6.2375e+06	 2.8814e+02	 1.5660e+03
 3.1783e+02	 1.5413e+03	 2.3368e+00	 5.6909e+00	 1.0058e-09	-2.3626e-10	 2.9318e-11	 7.0135e+06	 2.8815e+02	 1.5685e+03
 1.0058e+02	 1.5413e+03	 5.3530e+00	 1.5826e+01	 8.8511e-10	-2.4345e-10	 6.7160e-11	 7.9696e+06	 2.8814e+02	 1.5710e+03
 3.1829e+01	 1.5413e+03	 1.5706e+01	 4.2151e+01	 7.4602e-10	-2.6028e-10	 1.9705e-10	 9.4555e+06	 2.8815e+02	 1.5738e+03
 1.0072e+01	 1.5413e+03	 4.4285e+01	 1.0785e+02	 6.0407e-10	-2.4243e-10	 5.5561e-10	 1.1677e+07	 2.8814e+02	 1.5767e+03
 3.1874e+00	 1.5413e+03	 1.1381e+02	 2.7206e+02	 4.8220e-10	-1.9995e-10	 1.4279e-09	 1.4629e+07	 2.8814e+02	 1.5789e+03
 1.0087e+00	 1.5413e+03	 2.6274e+02	 6.4712e+02	 3.6296e-10	-1.4681e-10	 3.2964e-09	 1.9434e+07	 2.8814e+02	 1.5829e+03
 1.0000e+06	 1.5804e+03	 1.0498e+00	 6.9197e-03	 3.8478e-09	-2.7710e-08	 1.3171e-11	 1.8332e+06	 2.8815e+02	 1.5897e+03
 3.1646e+05	 1.5804e+03	 1.0530e+00	 1.5181e-02	 2.6715e-09	-9.3290e-09	 1.3211e-11	 2.6405e+06	 2.8814e+02	 1.5922e+03
 1.0014e+05	 1.5804e+03	 1.0595e+00	 3.5157e-02	 1.9578e-09	-3.3150e-09	 1.3293e-11	 3.6030e+06	 2.8814e+02	 1.5947e+03
 3.1691e+04	 1.5804e+03	 1.0694e+00	 9.2900e-02	 1.6371e-09	-1.2222e-09	 1.3416e-11	 4.3088e+06	 2.8814e+02	 1.5972e+03
 1.0029e+04	 1.5804e+03	 1.0984e+00	 2.6297e-01	 1.4665e-09	-5.4858e-10	 1.3780e-11	 4.8100e+06	 2.8815e+02	 1.5998e+03
 3.1737e+03	 1.5804e+03	 1.1880e+00	 7.4160e-01	 1.3088e-09	-3.3181e-10	 1.4905e-11	 5.3898e+06	 2.8814e+02	 1.6025e+03
 1.0043e+03	 1.5804e+03	 1.4662e+00	 2.0766e+00	 1.1597e-09	-2.6037e-10	 1.8395e-11	 6.0824e+06	 2.8814e+02	 1.6049e+03
 3.1783e+02	 1.5804e+03	 2.3607e+00	 5.8404e+00	 1.0322e-09	-2.4048e-10	 2.9618e-11	 6.8340e+06	 2.8815e+02	 1.6075e+03
 1.0058e+02	 1.5804e+03	 5.4568e+00	 1.6269e+01	 9.0991e-10	-2.4926e-10	 6.8462e-11	 7.7524e+06	 2.8814e+02	 1.6100e+03
 3.1829e+01	 1.5804e+03	 1.6180e+01	 4.3123e+01	 7.6322e-10	-2.6866e-10	 2.0300e-10	 9.2424e+06	 2.8814e+02	 1.6129e+03
 1.0072e+01	 1.5804e+03	 4.5360e+01	 1.0999e+02	 6.1603e-10	-2.4845e-10	 5.6910e-10	 1.1451e+07	 2.8814e+02	 1.6160e+03
 3.1874e+00	 1.5804e+03	 1.1669e+02	 2.7711e+02	 4.9115e-10	-2.0506e-10	 1.4641e-09	 1.4362e+07	 2.8814e+02	 1.6181e+03
 1.0087e+00	 1.5804e+03	 2.6276e+02	 6.4683e+02	 3.6280e-10	-1.4682e-10	 3.2966e-09	 1.9443e+07	 2.8814e+02	 1.6218e+03
 1.0000e+06	 1.6193e+03	 1.0499e+00	 6.8717e-03	 3.8211e-09	-2.7745e-08	 1.3172e-11	 1.8461e+06	 2.8815e+02	 1.6287e+03
 3.1646e+05	 1.6193e+03	 1.0531e+00	 1.5354e-02	 2.7019e-09	-9.3407e-09	 1.3212e-11	 2.6108e+06	 2.8814e+02	 1.6312e+03
 1.0014e+05	 1.6193e+03	 1.0596e+00	 3.5469e-02	 1.9751e-09	-3.3185e-09	 1.3294e-11	 3.5714e+06	 2.8814e+02	 1.6340e+03
 3.1691e+04	 1.6193e+03	 1.0699e+00	 9.3788e-02	 1.6528e-09	-1.2312e-09	 1.3423e-11	 4.2680e+06	 2.8814e+02	 1.6367e+03
 1.0029e+04	 1.6193e+03	 1.1003e+00	 2.6433e-01	 1.4741e-09	-5.5929e-10	 1.3804e-11	 4.7854e+06	 2.8814e+02	 1.6392e+03
 3.1737e+03	 1.6193e+03	 1.1914e+00	 7.4141e-01	 1.3084e-09	-3.3773e-10	 1.4947e-11	 5.3912e+06	 2.8814e+02	 1.6418e+03
 1.0043e+03	 1.6193e+03	 1.4690e+00	 2.0738e+00	 1.1582e-09	-2.6190e-10	 1.8430e-11	 6.0906e+06	 2.8814e+02	 1.6443e+03
 3.1783e+02	 1.6193e+03	 2.3601e+00	 5.8312e+00	 1.0306e-09	-2.4038e-10	 2.9611e-11	 6.8448e+06	 2.8814e+02	 1.6469e+03
 1.0058e+02	 1.6193e+03	 5.4211e+00	 1.6173e+01	 9.0452e-10	-2.4726e-10	 6.8013e-11	 7.7986e+06	 2.8814e+02	 1.6494e+03
 3.1829e+01	 1.6193e+03	 1.6076e+01	 4.2889e+01	 7.5907e-10	-2.6683e-10	 2.0169e-10	 9.2929e+06	 2.8814e+02	 1.6522e+03
 1.0072e+01	 1.6193e+03	 4.5178e+01	 1.0939e+02	 6.1268e-10	-2.4743e-10	 5.6681e-10	 1.1513e+07	 2.8814e+02	 1.6552e+03
 3.1874e+00	 1.6193e+03	 1.1485e+02	 2.7355e+02	 4.8484e-10	-2.0179e-10	 1.4409e-09	 1.4549e+07	 2.8814e+02	 1.6574e+03
 1.0087e+00	 1.6193e+03	 2.6004e+02	 6.4520e+02	 3.6189e-10	-1.4529e-10	 3.2625e-09	 1.9492e+07	 2.8815e+02	 1.6611e+03
 1.0000e+06	 1.6586e+03	 1.0499e+00	 6.9086e-03	 3.8416e-09	-2.7768e-08	 1.3173e-11	 1.8362e+06	 2.8814e+02	 1.6680e+03
 3.1646e+05	 1.6586e+03	 1.0532e+00	 1.5402e-02	 2.7103e-09	-9.3532e-09	 1.3213e-11	 2.6026e+06	 2.8814e+02	 1.6705e+03
 1.0014e+05	 1.6586e+03	 1.0597e+00	 3.5649e-02	 1.9852e-09	-3.3273e-09	 1.3296e-11	 3.5533e+06	 2.8814e+02	 1.6730e+03
 3.1691e+04	 1.6586e+03	 1.0702e+00	 9.4140e-02	 1.6590e-09	-1.2376e-09	 1.3427e-11	 4.2520e+06	 2.8814e+02	 1.6756e+03
 1.0029e+04	 1.6586e+03	 1.1017e+00	 2.6462e-01	 1.4757e-09	-5.6697e-10	 1.3822e-11	 4.7801e+06	 2.8814e+02	 1.6783e+03
 3.1737e+03	 1.6586e+03	 1.1949e+00	 7.3977e-01	 1.3055e-09	-3.4393e-10	 1.4991e-11	 5.4031e+06	 2.8814e+02	 1.6809e+03
 1.0043e+03	 1.6586e+03	 1.4747e+00	 2.0624e+00	 1.1518e-09	-2.6511e-10	 1.8502e-11	 6.1242e+06	 2.8815e+02	 1.6835e+03
 3.1783e+02	 1.6586e+03	 2.3625e+00	 5.7938e+00	 1.0240e-09	-2.4079e-10	 2.9640e-11	 6.8889e+06	 2.8815e+02	 1.6862e+03
 1.0058e+02	 1.6586e+03	 5.4068e+00	 1.6006e+01	 8.9518e-10	-2.4646e-10	 6.7835e-11	 7.8799e+06	 2.8815e+02	 1.6890e+03
 3.1829e+01	 1.6586e+03	 1.6046e+01	 4.2856e+01	 7.5849e-10	-2.6630e-10	 2.0132e-10	 9.3000e+06	 2.8814e+02	 1.6917e+03
 1.0072e+01	 1.6586e+03	 4.5140e+01	 1.0923e+02	 6.1177e-10	-2.4722e-10	 5.6633e-10	 1.1530e+07	 2.8814e+02	 1.6949e+03
 3.1874e+00	 1.6586e+03	 1.1708e+02	 2.7627e+02	 4.8967e-10	-2.0574e-10	 1.4689e-09	 1.4405e+07	 2.8815e+02	 1.6969e+03
 1.0087e+00	 1.6586e+03	 2.6487e+02	 6.4967e+02	 3.6440e-10	-1.4800e-10	 3.3232e-09	 1.9358e+07	 2.8815e+02	 1.7009e+03
 1.0000e+06	 1.6985e+03	 1.0500e+00	 6.9569e-03	 3.8685e-09	-2.7828e-08	 1.3174e-11	 1.8235e+06	 2.8814e+02	 1.7077e+03
 3.1646e+05	 1.6985e+03	 1.0532e+00	 1.5385e-02	 2.7073e-09	-9.3618e-09	 1.3214e-11	 2.6055e+06	 2.8814e+02	 1.7104e+03
 1.0014e+05	 1.6985e+03	 1.0597e+00	 3.5942e-02	 2.0015e-09	-3.3252e-09	 1.3295e-11	 3.5244e+06	 2.8814e+02	 1.7128e+03
 3.1691e+04	 1.6985e+03	 1.0699e+00	 9.5264e-02	 1.6788e-09	-1.2324e-09	 1.3424e-11	 4.2019e+06	 2.8815e+02	 1.7153e+03
 1.0029e+04	 1.6985e+03	 1.1004e+00	 2.6927e-01	 1.5016e-09	-5.5988e-10	 1.3806e-11	 4.6975e+06	 2.8815e+02	 1.7180e+03
 3.1737e+03	 1.6985e+03	 1.1937e+00	 7.5985e-01	 1.3410e-09	-3.4186e-10	 1.4977e-11	 5.2604e+06	 2.8815e+02	 1.7206e+03
 1.0043e+03	 1.6985e+03	 1.4831e+00	 2.1250e+00	 1.1868e-09	-2.6977e-10	 1.8607e-11	 5.9438e+06	 2.8814e+02	 1.7232e+03
 3.1783e+02	 1.6985e+03	 2.4021e+00	 5.9852e+00	 1.0578e-09	-2.4780e-10	 3.0137e-11	 6.6687e+06	 2.8815e+02	 1.7257e+03
 1.0058e+02	 1.6985e+03	 5.5634e+00	 1.6601e+01	 9.2848e-10	-2.5522e-10	 6.9799e-11	 7.5974e+06	 2.8815e+02	 1.7281e+03
 3.1829e+01	 1.6985e+03	 1.6423e+01	 4.3899e+01	 7.7695e-10	-2.7296e-10	 2.0604e-10	 9.0791e+06	 2.8815e+02	 1.7309e+03
 1.0072e+01	 1.6985e+03	 4.6231e+01	 1.1134e+02	 6.2359e-10	-2.5333e-10	 5.8002e-10	 1.1312e+07	 2.8815e+02	 1.7340e+03
 3.1874e+00	 1.6985e+03	 1.1881e+02	 2.7917e+02	 4.9481e-10	-2.0881e-10	 1.4906e-09	 1.4256e+07	 2.8815e+02	 1.7362e+03
 1.0087e+00	 1.6985e+03	 2.6960e+02	 6.6206e+02	 3.7134e-10	-1.5066e-10	 3.3825e-09	 1.8996e+07	 2.8815e+02	 1.7396e+03
 1.0000e+06	 1.7371e+03	 1.0501e+00	 6.9347e-03	 3.8561e-09	-2.7858e-08	 1.3175e-11	 1.8293e+06	 2.8814e+02	 1.7465e+03
 3.1646e+05	 1.7371e+03	 1.0532e+00	 1.5474e-02	 2.7229e-09	-9.3644e-09	 1.3214e-11	 2.5906e+06	 2.8815e+02	 1.7490e+03
 1.0014e+05	 1.7371e+03	 1.0598e+00	 3.6231e-02	 2.0176e-09	-3.3313e-09	 1.3297e-11	 3.4962e+06	 2.8814e+02	 1.7514e+03
 3.1691e+04	 1.7371e+03	 1.0704e+00	 9.6068e-02	 1.6929e-09	-1.2409e-09	 1.3430e-11	 4.1667e+06	 2.8815e+02	 1.7542e+03
 1.0029e+04	 1.7371e+03	 1.1027e+00	 2.7008e-01	 1.5062e-09	-5.7298e-10	 1.3835e-11	 4.6834e+06	 2.8815e+02	 1.7567e+03
 3.1737e+03	 1.7371e+03	 1.1983e+00	 7.5480e-01	 1.3320e-09	-3.4996e-10	 1.5034e-11	 5.2956e+06	 2.8815e+02	 1.7593e+03
 1.0043e+03	 1.7371e+03	 1.4870e+00	 2.1018e+00	 1.1738e-09	-2.7196e-10	 1.8656e-11	 6.0096e+06	 2.8815e+02	 1.7618e+03
 3.1783e+02	 1.7371e+03	 2.3961e+00	 5.8915e+00	 1.0412e-09	-2.4674e-10	 3.0062e-11	 6.7747e+06	 2.8815e+02	 1.7643e+03
 1.0058e+02	 1.7371e+03	 5.5148e+00	 1.6314e+01	 9.1241e-10	-2.5250e-10	 6.9190e-11	 7.7312e+06	 2.8815e+02	 1.7669e+03
 3.1829e+01	 1.7371e+03	 1.6442e+01	 4.3773e+01	 7.7472e-10	-2.7330e-10	 2.0628e-10	 9.1052e+06	 2.8814e+02	 1.7699e+03
 1.0072e+01	 1.7371e+03	 4.7258e+01	 1.1262e+02	 6.3074e-10	-2.5909e-10	 5.9291e-10	 1.1184e+07	 2.8815e+02	 1.7730e+03
 3.1874e+00	 1.7371e+03	 1.2194e+02	 2.8409e+02	 5.0353e-10	-2.1436e-10	 1.5299e-09	 1.4009e+07	 2.8814e+02	 1.7751e+03
 1.0087e+00	 1.7371e+03	 2.7207e+02	 6.6177e+02	 3.7118e-10	-1.5204e-10	 3.4134e-09	 1.9004e+07	 2.8814e+02	 1.7784e+03
 1.0000e+06	 1.7760e+03	 1.0501e+00	 7.0313e-03	 3.9098e-09	-2.7868e-08	 1.3175e-11	 1.8042e+06	 2.8814e+02	 1.7852e+03
 3.1646e+05	 1.7760e+03	 1.0533e+00	 1.5712e-02	 2.7648e-09	-9.3769e-09	 1.3215e-11	 2.5514e+06	 2.8815e+02	 1.7878e+03
 1.0014e+05	 1.7760e+03	 1.0598e+00	 3.6645e-02	 2.0406e-09	-3.3312e-09	 1.3297e-11	 3.4567e+06	 2.8815e+02	 1.7903e+03
 3.1691e+04	 1.7760e+03	 1.0705e+00	 9.7253e-02	 1.7138e-09	-1.2418e-09	 1.3430e-11	 4.1159e+06	 2.8814e+02	 1.7928e+03
 1.0029e+04	 1.7760e+03	 1.1030e+00	 2.7355e-01	 1.5255e-09	-5.7413e-10	 1.3838e-11	 4.6240e+06	 2.8815e+02	 1.7955e+03
 3.1737e+03	 1.7760e+03	 1.2001e+00	 7.6392e-01	 1.3481e-09	-3.5304e-10	 1.5056e-11	 5.2324e+06	 2.8814e+02	 1.7981e+03
 1.0043e+03	 1.7760e+03	 1.4908e+00	 2.1290e+00	 1.1890e-09	-2.7411e-10	 1.8704e-11	 5.9328e+06	 2.8815e+02	 1.8007e+03
 3.1783e+02	 1.7760e+03	 2.4184e+00	 5.9780e+00	 1.0565e-09	-2.5068e-10	 3.0342e-11	 6.6768e+06	 2.8815e+02	 1.8032e+03
 1.0058e+02	 1.7760e+03	 5.6082e+00	 1.6644e+01	 9.3085e-10	-2.5772e-10	 7.0361e-11	 7.5780e+06	 2.8814e+02	 1.8056e+03
 3.1829e+01	 1.7760e+03	 1.6761e+01	 4.4300e+01	 7.8405e-10	-2.7894e-10	 2.1028e-10	 8.9968e+06	 2.8814e+02	 1.8084e+03
 1.0072e+01	 1.7760e+03	 4.8015e+01	 1.1337e+02	 6.3497e-10	-2.6332e-10	 6.0240e-10	 1.1109e+07	 2.8815e+02	 1.8115e+03
 3.1874e+00	 1.7760e+03	 1.2012e+02	 2.8104e+02	 4.9812e-10	-2.1113e-10	 1.5070e-09	 1.4161e+07	 2.8815e+02	 1.8136e+03
 1.0087e+00	 1.7760e+03	 2.8461e+02	 6.8142e+02	 3.8220e-10	-1.5907e-10	 3.5707e-09	 1.8456e+07	 2.8814e+02	 1.8169e+03
 1.0000e+06	 1.8145e+03	 1.0502e+00	 7.0219e-03	 3.9046e-09	-2.7916e-08	 1.3176e-11	 1.8066e+06	 2.8815e+02	 1.8237e+03
 3.1646e+05	 1.8145e+03	 1.0533e+00	 1.5719e-02	 2.7660e-09	-9.3777e-09	 1.3215e-11	 2.5502e+06	 2.8814e+02	 1.8262e+03
 1.0014e+05	 1.8145e+03	 1.0598e+00	 3.6979e-02	 2.0592e-09	-3.3296e-09	 1.3296e-11	 3.4255e+06	 2.8814e+02	 1.8287e+03
 3.1691e+04	 1.8145e+03	 1.0701e+00	 9.8681e-02	 1.7390e-09	-1.2361e-09	 1.3426e-11	 4.0564e+06	 2.8815e+02	 1.8317e+03
 1.0029e+04	 1.8145e+03	 1.1015e+00	 2.7936e-01	 1.5579e-09	-5.6598e-10	 1.3819e-11	 4.5279e+06	 2.8814e+02	 1.8342e+03
 3.1737e+03	 1.8145e+03	 1.1980e+00	 7.8688e-01	 1.3887e-09	-3.4948e-10	 1.5031e-11	 5.0797e+06	 2.8815e+02	 1.8368e+03
 1.0043e+03	 1.8145e+03	 1.4961e+00	 2.2075e+00	 1.2328e-09	-2.7705e-10	 1.8770e-11	 5.7217e+06	 2.8815e+02	 1.8392e+03
 3.1783e+02	 1.8145e+03	 2.4565e+00	 6.2243e+00	 1.1000e-09	-2.5740e-10	 3.0819e-11	 6.4126e+06	 2.8815e+02	 1.8417e+03
 1.0058e+02	 1.8145e+03	 5.7701e+00	 1.7259e+01	 9.6527e-10	-2.6678e-10	 7.2392e-11	 7.3078e+06	 2.8815e+02	 1.8443e+03
 3.1829e+01	 1.8145e+03	 1.7239e+01	 4.5445e+01	 8.0432e-10	-2.8741e-10	 2.1628e-10	 8.7701e+06	 2.8814e+02	 1.8470e+03
 1.0072e+01	 1.8145e+03	 4.9216e+01	 1.1615e+02	 6.5055e-10	-2.7005e-10	 6.1747e-10	 1.0843e+07	 2.8814e+02	 1.8500e+03
 3.1874e+00	 1.8145e+03	 1.2402e+02	 2.8817e+02	 5.1075e-10	-2.1804e-10	 1.5559e-09	 1.3811e+07	 2.8815e+02	 1.8522e+03
 1.0087e+00	 1.8145e+03	 2.7841e+02	 6.7191e+02	 3.7687e-10	-1.5560e-10	 3.4930e-09	 1.8717e+07	 2.8814e+02	 1.8556e+03
 1.0000e+06	 1.8531e+03	 1.0502e+00	 7.0502e-03	 3.9204e-09	-2.7933e-08	 1.3176e-11	 1.7993e+06	 2.8814e+02	 1.8624e+03
 3.1646e+05	 1.8531e+03	 1.0534e+00	 1.5739e-02	 2.7695e-09	-9.3938e-09	 1.3216e-11	 2.5470e+06	 2.8814e+02	 1.8650e+03
 1.0014e+05	 1.8531e+03	 1.0600e+00	 3.7062e-02	 2.0638e-09	-3.3390e-09	 1.3298e-11	 3.4179e+06	 2.8814e+02	 1.8677e+03
 3.1691e+04	 1.8531e+03	 1.0709e+00	 9.8669e-02	 1.7388e-09	-1.2488e-09	 1.3435e-11	 4.0569e+06	 2.8814e+02	 1.8703e+03
 1.0029e+04	 1.8531e+03	 1.1044e+00	 2.7723e-01	 1.5460e-09	-5.8237e-10	 1.3856e-11	 4.5626e+06	 2.8814e+02	 1.8731e+03
 3.1737e+03	 1.8531e+03	 1.2045e+00	 7.7195e-01	 1.3623e-09	-3.6090e-10	 1.5112e-11	 5.1779e+06	 2.8814e+02	 1.8757e+03
 1.0043e+03	 1.8531e+03	 1.5013e+00	 2.1433e+00	 1.1969e-09	-2.7994e-10	 1.8835e-11	 5.8933e+06	 2.8814e+02	 1.8783e+03
 3.1783e+02	 1.8531e+03	 2.4359e+00	 6.0136e+00	 1.0628e-09	-2.5377e-10	 3.0561e-11	 6.6372e+06	 2.8815e+02	 1.8807e+03
 1.0058e+02	 1.8531e+03	 5.5830e+00	 1.6641e+01	 9.3071e-10	-2.5632e-10	 7.0045e-11	 7.5791e+06	 2.8815e+02	 1.8835e+03
 3.1829e+01	 1.8531e+03	 1.6963e+01	 4.4580e+01	 7.8900e-10	-2.8252e-10	 2.1282e-10	 8.9404e+06	 2.8815e+02	 1.8862e+03
 1.0072e+01	 1.8531e+03	 4.8744e+01	 1.1479e+02	 6.4293e-10	-2.6741e-10	 6.1155e-10	 1.0972e+07	 2.8815e+02	 1.8894e+03
 3.1874e+00	 1.8531e+03	 1.2651e+02	 2.9121e+02	 5.1615e-10	-2.2245e-10	 1.5872e-09	 1.3666e+07	 2.8815e+02	 1.8915e+03
 1.0087e+00	 1.8531e+03	 2.8328e+02	 6.7842e+02	 3.8052e-10	-1.5833e-10	 3.5540e-09	 1.8538e+07	 2.8815e+02	 1.8949e+03
 1.0000e+06	 1.8926e+03	 1.0502e+00	 7.1791e-03	 3.9920e-09	-2.7934e-08	 1.3176e-11	 1.7670e+06	 2.8815e+02	 1.9018e+03
 3.1646e+05	 1.8926e+03	 1.0534e+00	 1.5902e-02	 2.7982e-09	-9.3991e-09	 1.3216e-11	 2.5209e+06	 2.8815e+02	 1.9043e+03
 1.0014e+05	 1.8926e+03	 1.0600e+00	 3.7286e-02	 2.0763e-09	-3.3438e-09	 1.3300e-11	 3.3973e+06	 2.8815e+02	 1.9070e+03
 3.1691e+04	 1.8926e+03	 1.0711e+00	 9.9305e-02	 1.7500e-09	-1.2531e-09	 1.3438e-11	 4.0309e+06	 2.8815e+02	 1.9097e+03
 1.0029e+04	 1.8926e+03	 1.1053e+00	 2.7846e-01	 1.5529e-09	-5.8712e-10	 1.3867e-11	 4.5425e+06	 2.8815e+02	 1.9123e+03
 3.1737e+03	 1.8926e+03	 1.2055e+00	 7.7409e-01	 1.3661e-09	-3.6262e-10	 1.5124e-11	 5.1636e+06	 2.8815e+02	 1.9149e+03
 1.0043e+03	 1.8926e+03	 1.5025e+00	 2.1525e+00	 1.2021e-09	-2.8062e-10	 1.8850e-11	 5.8680e+06	 2.8815e+02	 1.9175e+03
 3.1783e+02	 1.8926e+03	 2.4382e+00	 6.0229e+00	 1.0644e-09	-2.5418e-10	 3.0590e-11	 6.6270e+06	 2.8815e+02	 1.9199e+03
 1.0058e+02	 1.8926e+03	 5.6312e+00	 1.6624e+01	 9.2972e-10	-2.5901e-10	 7.0649e-11	 7.5872e+06	 2.8815e+02	 1.9227e+03
 3.1829e+01	 1.8926e+03	 1.6934e+01	 4.4749e+01	 7.9200e-10	-2.8202e-10	 2.1246e-10	 8.9065e+06	 2.8815e+02	 1.9254e+03
 1.0072e+01	 1.8926e+03	 4.8654e+01	 1.1483e+02	 6.4315e-10	-2.6690e-10	 6.1043e-10	 1.0968e+07	 2.8814e+02	 1.9285e+03
 3.1874e+00	 1.8926e+03	 1.2633e+02	 2.9115e+02	 5.1603e-10	-2.2214e-10	 1.5850e-09	 1.3670e+07	 2.8815e+02	 1.9306e+03
 1.0087e+00	 1.8926e+03	 2.8613e+02	 6.8280e+02	 3.8297e-10	-1.5993e-10	 3.5898e-09	 1.8419e+07	 2.8815e+02	 1.9340e+03
 1.0000e+06	 1.9315e+03	 1.0503e+00	 7.1187e-03	 3.9584e-09	-2.7996e-08	 1.3178e-11	 1.7820e+06	 2.8815e+02	 1.9410e+03
 3.1646e+05	 1.9315e+03	 1.0534e+00	 1.5875e-02	 2.7936e-09	-9.4044e-09	 1.3217e-11	 2.5251e+06	 2.8814e+02	 1.9435e+03
 1.0014e+05	 1.9315e+03	 1.0601e+00	 3.7485e-02	 2.0874e-09	-3.3466e-09	 1.3300e-11	 3.3793e+06	 2.8814e+02	 1.9460e+03
 3.1691e+04	 1.9315e+03	 1.0713e+00	 9.9823e-02	 1.7591e-09	-1.2572e-09	 1.3441e-11	 4.0100e+06	 2.8814e+02	 1.9486e+03
 1.0029e+04	 1.9315e+03	 1.1064e+00	 2.7944e-01	 1.5583e-09	-5.9344e-10	 1.3881e-11	 4.5266e+06	 2.8815e+02	 1.9513e+03
 3.1737e+03	 1.9315e+03	 1.2095e+00	 7.7359e-01	 1.3652e-09	-3.6973e-10	 1.5175e-11	 5.1670e+06	 2.8815e+02	 1.9538e+03
 1.0043e+03	 1.9315e+03	 1.5085e+00	 2.1431e+00	 1.1969e-09	-2.8398e-10	 1.8926e-11	 5.8938e+06	 2.8815e+02	 1.9566e+03
 3.1783e+02	 1.9315e+03	 2.4420e+00	 6.0042e+00	 1.0611e-09	-2.5485e-10	 3.0638e-11	 6.6476e+06	 2.8815e+02	 1.9590e+03
 1.0058e+02	 1.9315e+03	 5.6003e+00	 1.6561e+01	 9.2620e-10	-2.5728e-10	 7.0262e-11	 7.6160e+06	 2.8815e+02	 1.9615e+03
 3.1829e+01	 1.9315e+03	 1.6918e+01	 4.4693e+01	 7.9101e-10	-2.8174e-10	 2.1226e-10	 8.9177e+06	 2.8815e+02	 1.9643e+03
 1.0072e+01	 1.9315e+03	 4.8866e+01	 1.1524e+02	 6.4544e-10	-2.6809e-10	 6.1308e-10	 1.0929e+07	 2.8815e+02	 1.9673e+03
 3.1874e+00	 1.9315e+03	 1.2398e+02	 2.8810e+02	 5.1062e-10	-2.1797e-10	 1.5555e-09	 1.3814e+07	 2.8815e+02	 1.9693e+03
 1.0087e+00	 1.9315e+03	 2.9677e+02	 6.9993e+02	 3.9258e-10	-1.6589e-10	 3.7233e-09	 1.7968e+07	 2.8815e+02	 1.9727e+03
 1.0000e+06	 1.9702e+03	 1.0502e+00	 7.2152e-03	 4.0121e-09	-2.7921e-08	 1.3176e-11	 1.7582e+06	 2.8815e+02	 1.9794e+03
 3.1646e+05	 1.9702e+03	 1.0535e+00	 1.6129e-02	 2.8382e-09	-9.4113e-09	 1.3217e-11	 2.4854e+06	 2.8815e+02	 1.9822e+03
 1.0014e+05	 1.9702e+03	 1.0601e+00	 3.7957e-02	 2.1137e-09	-3.3440e-09	 1.3300e-11	 3.3373e+06	 2.8815e+02	 1.9847e+03
 3.1691e+04	 1.9702e+03	 1.0707e+00	 1.0143e-01	 1.7874e-09	-1.2459e-09	 1.3433e-11	 3.9465e+06	 2.8815e+02	 1.9874e+03
 1.0029e+04	 1.9702e+03	 1.1032e+00	 2.8673e-01	 1.5990e-09	-5.7523e-10	 1.3840e-11	 4.4115e+06	 2.8815e+02	 1.9898e+03
 3.1737e+03	 1.9702e+03	 1.2015e+00	 8.0723e-01	 1.4246e-09	-3.5554e-10	 1.5074e-11	 4.9516e+06	 2.8815e+02	 1.9926e+03
 1.0043e+03	 1.9702e+03	 1.5030e+00	 2.2633e+00	 1.2640e-09	-2.8093e-10	 1.8857e-11	 5.5806e+06	 2.8815e+02	 1.9951e+03
 3.1783e+02	 1.9702e+03	 2.4909e+00	 6.3755e+00	 1.1267e-09	-2.6348e-10	 3.1251e-11	 6.2604e+06	 2.8815e+02	 1.9976e+03
 1.0058e+02	 1.9702e+03	 5.9222e+00	 1.7646e+01	 9.8689e-10	-2.7529e-10	 7.4301e-11	 7.1477e+06	 2.8814e+02	 2.0002e+03
 3.1829e+01	 1.9702e+03	 1.7748e+01	 4.6571e+01	 8.2425e-10	-2.9642e-10	 2.2267e-10	 8.5580e+06	 2.8815e+02	 2.0029e+03
 1.0072e+01	 1.9702e+03	 5.0811e+01	 1.1953e+02	 6.6949e-10	-2.7898e-10	 6.3748e-10	 1.0536e+07	 2.8814e+02	 2.0060e+03
 3.1874e+00	 1.9702e+03	 1.3121e+02	 3.0027e+02	 5.3220e-10	-2.3079e-10	 1.6462e-09	 1.3254e+07	 2.8814e+02	 2.0081e+03
 1.0087e+00	 1.9702e+03	 3.0357e+02	 7.1488e+02	 4.0097e-10	-1.6971e-10	 3.8086e-09	 1.7592e+07	 2.8814e+02	 2.0115e+03
 1.0000e+06	 2.0090e+03	 1.0503e+00	 7.2611e-03	 4.0376e-09	-2.7969e-08	 1.3177e-11	 1.7471e+06	 2.8815e+02	 2.0185e+03
 3.1646e+05	 2.0090e+03	 1.0535e+00	 1.6170e-02	 2.8453e-09	-9.4133e-09	 1.3217e-11	 2.4791e+06	 2.8815e+02	 2.0210e+03
 1.0014e+05	 2.0090e+03	 1.0601e+00	 3.8250e-02	 2.1300e-09	-3.3440e-09	 1.3300e-11	 3.3117e+06	 2.8815e+02	 2.0235e+03
 3.1691e+04	 2.0090e+03	 1.0710e+00	 1.0232e-01	 1.8031e-09	-1.2507e-09	 1.3437e-11	 3.9121e+06	 2.8815e+02	 2.0262e+03
 1.0029e+04	 2.0090e+03	 1.1042e+00	 2.8849e-01	 1.6088e-09	-5.8087e-10	 1.3853e-11	 4.3845e+06	 2.8815e+02	 2.0290e+03
 3.1737e+03	 2.0090e+03	 1.2029e+00	 8.0901e-01	 1.4277e-09	-3.5812e-10	 1.5092e-11	 4.9408e+06	 2.8815e+02	 2.0316e+03
 1.0043e+03	 2.0090e+03	 1.5046e+00	 2.2649e+00	 1.2649e-09	-2.8181e-10	 1.8877e-11	 5.5767e+06	 2.8815e+02	 2.0342e+03
 3.1783e+02	 2.0090e+03	 2.4854e+00	 6.3850e+00	 1.1284e-09	-2.6252e-10	 3.1183e-11	 6.2511e+06	 2.8815e+02	 2.0367e+03
 1.0058e+02	 2.0090e+03	 5.9136e+00	 1.7683e+01	 9.8897e-10	-2.7481e-10	 7.4193e-11	 7.1327e+06	 2.8815e+02	 2.0391e+03
 3.1829e+01	 2.0090e+03	 1.7824e+01	 4.6878e+01	 8.2968e-10	-2.9777e-10	 2.2363e-10	 8.5021e+06	 2.8815e+02	 2.0420e+03
 1.0072e+01	 2.0090e+03	 5.1809e+01	 1.2112e+02	 6.7839e-10	-2.8457e-10	 6.5000e-10	 1.0398e+07	 2.8814e+02	 2.0450e+03
 3.1874e+00	 2.0090e+03	 1.3424e+02	 3.0571e+02	 5.4185e-10	-2.3616e-10	 1.6842e-09	 1.3018e+07	 2.8815e+02	 2.0471e+03
 1.0087e+00	 2.0090e+03	 3.0178e+02	 7.0784e+02	 3.9702e-10	-1.6871e-10	 3.7862e-09	 1.7767e+07	 2.8814e+02	 2.0504e+03
 1.0000e+06	 2.0480e+03	 1.0504e+00	 7.2223e-03	 4.0160e-09	-2.8023e-08	 1.3178e-11	 1.7565e+06	 2.8815e+02	 2.0577e+03
 3.1646e+05	 2.0480e+03	 1.0535e+00	 1.6150e-02	 2.8420e-09	-9.4201e-09	 1.3218e-11	 2.4821e+06	 2.8814e+02	 2.0602e+03
 1.0014e+05	 2.0480e+03	 1.0602e+00	 3.8362e-02	 2.1362e-09	-3.3505e-09	 1.3301e-11	 3.3020e+06	 2.8814e+02	 2.0629e+03
 3.1691e+04	 2.0480e+03	 1.0715e+00	 1.0263e-01	 1.8086e-09	-1.2603e-09	 1.3443e-11	 3.9003e+06	 2.8814e+02	 2.0654e+03
 1.0029e+04	 2.0480e+03	 1.1069e+00	 2.8774e-01	 1.6046e-09	-5.9618e-10	 1.3887e-11	 4.3961e+06	 2.8814e+02	 2.0681e+03
 3.1737e+03	 2.0480e+03	 1.2106e+00	 7.9901e-01	 1.4101e-09	-3.7164e-10	 1.5188e-11	 5.0026e+06	 2.8814e+02	 2.0707e+03
 1.0043e+03	 2.0480e+03	 1.5159e+00	 2.2180e+00	 1.2387e-09	-2.8810e-10	 1.9018e-11	 5.6948e+06	 2.8814e+02	 2.0732e+03
 3.1783e+02	 2.0480e+03	 2.4783e+00	 6.2347e+00	 1.1019e-09	-2.6125e-10	 3.1092e-11	 6.4018e+06	 2.8814e+02	 2.0758e+03
 1.0058e+02	 2.0480e+03	 5.8492e+00	 1.7292e+01	 9.6709e-10	-2.7120e-10	 7.3384e-11	 7.2940e+06	 2.8814e+02	 2.0783e+03
 3.1829e+01	 2.0480e+03	 1.7657e+01	 4.6205e+01	 8.1777e-10	-2.9480e-10	 2.2152e-10	 8.6259e+06	 2.8815e+02	 2.0811e+03
 1.0072e+01	 2.0480e+03	 5.1246e+01	 1.2026e+02	 6.7353e-10	-2.8142e-10	 6.4294e-10	 1.0473e+07	 2.8815e+02	 2.0840e+03
 3.1874e+00	 2.0480e+03	 1.3019e+02	 2.9912e+02	 5.3016e-10	-2.2898e-10	 1.6334e-09	 1.3305e+07	 2.8815e+02	 2.0863e+03
 1.0087e+00	 2.0480e+03	 3.0887e+02	 7.2222e+02	 4.0509e-10	-1.7268e-10	 3.8751e-09	 1.7414e+07	 2.8815e+02	 2.0896e+03
 1.0000e+06	 2.0871e+03	 1.0503e+00	 7.2432e-03	 4.0277e-09	-2.7978e-08	 1.3177e-11	 1.7514e+06	 2.8815e+02	 2.0964e+03
 3.1646e+05	 2.0871e+03	 1.0535e+00	 1.6317e-02	 2.8713e-09	-9.4197e-09	 1.3218e-11	 2.4567e+06	 2.8816e+02	 2.0992e+03
 1.0014e+05	 2.0871e+03	 1.0601e+00	 3.8681e-02	 2.1540e-09	-3.3447e-09	 1.3300e-11	 3.2748e+06	 2.8816e+02	 2.1018e+03
 3.1691e+04	 2.0871e+03	 1.0709e+00	 1.0392e-01	 1.8313e-09	-1.2494e-09	 1.3436e-11	 3.8518e+06	 2.8815e+02	 2.1047e+03
 1.0029e+04	 2.0871e+03	 1.1041e+00	 2.9394e-01	 1.6392e-09	-5.8077e-10	 1.3853e-11	 4.3033e+06	 2.8815e+02	 2.1071e+03
 3.1737e+03	 2.0871e+03	 1.2047e+00	 8.2630e-01	 1.4582e-09	-3.6125e-10	 1.5114e-11	 4.8373e+06	 2.8815e+02	 2.1098e+03
 1.0043e+03	 2.0871e+03	 1.5172e+00	 2.3368e+00	 1.3050e-09	-2.8883e-10	 1.9035e-11	 5.4052e+06	 2.8815e+02	 2.1147e+03
 3.1783e+02	 2.0871e+03	 2.5381e+00	 6.5711e+00	 1.1613e-09	-2.7184e-10	 3.1844e-11	 6.0741e+06	 2.8815e+02	 2.1172e+03
 1.0058e+02	 2.0871e+03	 6.1119e+00	 1.8245e+01	 1.0204e-09	-2.8590e-10	 7.6681e-11	 6.9129e+06	 2.8815e+02	 2.1197e+03
 3.1829e+01	 2.0871e+03	 1.8408e+01	 4.8416e+01	 8.5689e-10	-3.0810e-10	 2.3095e-10	 8.2320e+06	 2.8815e+02	 2.1225e+03
 1.0072e+01	 2.0871e+03	 5.3179e+01	 1.2336e+02	 6.9089e-10	-2.9225e-10	 6.6720e-10	 1.0210e+07	 2.8816e+02	 2.1256e+03
 3.1874e+00	 2.0871e+03	 1.3743e+02	 3.1061e+02	 5.5052e-10	-2.4181e-10	 1.7242e-09	 1.2813e+07	 2.8815e+02	 2.1276e+03
 1.0087e+00	 2.0871e+03	 3.0418e+02	 7.1681e+02	 4.0205e-10	-1.7005e-10	 3.8163e-09	 1.7545e+07	 2.8815e+02	 2.1310e+03
 1.0000e+06	 2.1285e+03	 1.0504e+00	 7.3203e-03	 4.0705e-09	-2.8034e-08	 1.3179e-11	 1.7329e+06	 2.8815e+02	 2.1376e+03
 3.1646e+05	 2.1285e+03	 1.0536e+00	 1.6318e-02	 2.8715e-09	-9.4298e-09	 1.3218e-11	 2.4565e+06	 2.8815e+02	 2.1404e+03
 1.0014e+05	 2.1285e+03	 1.0602e+00	 3.8946e-02	 2.1688e-09	-3.3501e-09	 1.3301e-11	 3.2525e+06	 2.8814e+02	 2.1429e+03
 3.1691e+04	 2.1285e+03	 1.0714e+00	 1.0445e-01	 1.8407e-09	-1.2580e-09	 1.3442e-11	 3.8322e+06	 2.8815e+02	 2.1454e+03
 1.0029e+04	 2.1285e+03	 1.1062e+00	 2.9382e-01	 1.6386e-09	-5.9208e-10	 1.3878e-11	 4.3050e+06	 2.8814e+02	 2.1480e+03
 3.1737e+03	 2.1285e+03	 1.2101e+00	 8.1846e-01	 1.4444e-09	-3.7080e-10	 1.5182e-11	 4.8837e+06	 2.8815e+02	 2.1506e+03
 1.0043e+03	 2.1285e+03	 1.5197e+00	 2.2773e+00	 1.2718e-09	-2.9025e-10	 1.9067e-11	 5.5464e+06	 2.8815e+02	 2.1533e+03
 3.1783e+02	 2.1285e+03	 2.5121e+00	 6.4069e+00	 1.1323e-09	-2.6724e-10	 3.1517e-11	 6.2298e+06	 2.8815e+02	 2.1557e+03
 1.0058e+02	 2.1285e+03	 5.9876e+00	 1.7800e+01	 9.9551e-10	-2.7894e-10	 7.5121e-11	 7.0858e+06	 2.8814e+02	 2.1585e+03
 3.1829e+01	 2.1285e+03	 1.8313e+01	 4.7822e+01	 8.4639e-10	-3.0641e-10	 2.2976e-10	 8.3342e+06	 2.8814e+02	 2.1614e+03
 1.0072e+01	 2.1285e+03	 5.2841e+01	 1.2242e+02	 6.8566e-10	-2.9035e-10	 6.6295e-10	 1.0288e+07	 2.8815e+02	 2.1643e+03
 3.1874e+00	 2.1285e+03	 1.3641e+02	 3.0857e+02	 5.4691e-10	-2.4001e-10	 1.7115e-09	 1.2898e+07	 2.8814e+02	 2.1664e+03
 1.0087e+00	 2.1285e+03	 3.1817e+02	 7.3254e+02	 4.1088e-10	-1.7790e-10	 3.9919e-09	 1.7168e+07	 2.8815e+02	 2.1698e+03
 1.0000e+06	 2.1673e+03	 1.0504e+00	 7.2134e-03	 4.0111e-09	-2.8018e-08	 1.3178e-11	 1.7586e+06	 2.8815e+02	 2.1767e+03
 3.1646e+05	 2.1673e+03	 1.0536e+00	 1.6438e-02	 2.8925e-09	-9.4285e-09	 1.3218e-11	 2.4387e+06	 2.8814e+02	 2.1792e+03
 1.0014e+05	 2.1673e+03	 1.0601e+00	 3.9135e-02	 2.1793e-09	-3.3492e-09	 1.3301e-11	 3.2368e+06	 2.8815e+02	 2.1820e+03
 3.1691e+04	 2.1673e+03	 1.0714e+00	 1.0523e-01	 1.8544e-09	-1.2584e-09	 1.3442e-11	 3.8040e+06	 2.8815e+02	 2.1845e+03
 1.0029e+04	 2.1673e+03	 1.1063e+00	 2.9616e-01	 1.6516e-09	-5.9260e-10	 1.3879e-11	 4.2711e+06	 2.8814e+02	 2.1870e+03
 3.1737e+03	 2.1673e+03	 1.2089e+00	 8.2750e-01	 1.4603e-09	-3.6864e-10	 1.5167e-11	 4.8303e+06	 2.8815e+02	 2.1896e+03
 1.0043e+03	 2.1673e+03	 1.5216e+00	 2.3287e+00	 1.3005e-09	-2.9131e-10	 1.9091e-11	 5.4239e+06	 2.8815e+02	 2.1947e+03
 3.1783e+02	 2.1673e+03	 2.5319e+00	 6.5544e+00	 1.1584e-09	-2.7074e-10	 3.1766e-11	 6.0896e+06	 2.8815e+02	 2.1972e+03
 1.0058e+02	 2.1673e+03	 6.1292e+00	 1.8177e+01	 1.0166e-09	-2.8687e-10	 7.6898e-11	 6.9389e+06	 2.8815e+02	 2.2000e+03
 3.1829e+01	 2.1673e+03	 1.8506e+01	 4.8586e+01	 8.5991e-10	-3.0983e-10	 2.3218e-10	 8.2031e+06	 2.8815e+02	 2.2029e+03
 1.0072e+01	 2.1673e+03	 5.3401e+01	 1.2393e+02	 6.9414e-10	-2.9349e-10	 6.6998e-10	 1.0162e+07	 2.8815e+02	 2.2058e+03
 3.1874e+00	 2.1673e+03	 1.3811e+02	 3.1246e+02	 5.5381e-10	-2.4302e-10	 1.7328e-09	 1.2737e+07	 2.8815e+02	 2.2079e+03
 1.0087e+00	 2.1673e+03	 3.0848e+02	 7.2927e+02	 4.0904e-10	-1.7246e-10	 3.8703e-09	 1.7245e+07	 2.8815e+02	 2.2113e+03
 1.0000e+06	 2.2088e+03	 1.0504e+00	 7.2841e-03	 4.0504e-09	-2.8048e-08	 1.3179e-11	 1.7415e+06	 2.8815e+02	 2.2182e+03
 3.1646e+05	 2.2088e+03	 1.0536e+00	 1.6428e-02	 2.8908e-09	-9.4330e-09	 1.3219e-11	 2.4402e+06	 2.8815e+02	 2.2207e+03
 1.0014e+05	 2.2088e+03	 1.0602e+00	 3.9283e-02	 2.1875e-09	-3.3524e-09	 1.3301e-11	 3.2246e+06	 2.8815e+02	 2.2235e+03
 3.1691e+04	 2.2088e+03	 1.0715e+00	 1.0562e-01	 1.8613e-09	-1.2602e-09	 1.3443e-11	 3.7897e+06	 2.8815e+02	 2.2261e+03
 1.0029e+04	 2.2088e+03	 1.1070e+00	 2.9666e-01	 1.6544e-09	-5.9654e-10	 1.3888e-11	 4.2638e+06	 2.8815e+02	 2.2288e+03
 3.1737e+03	 2.2088e+03	 1.2107e+00	 8.2756e-01	 1.4604e-09	-3.7187e-10	 1.5190e-11	 4.8300e+06	 2.8815e+02	 2.2314e+03
 1.0043e+03	 2.2088e+03	 1.5274e+00	 2.3090e+00	 1.2895e-09	-2.9454e-10	 1.9163e-11	 5.4703e+06	 2.8815e+02	 2.2365e+03
 3.1783e+02	 2.2088e+03	 2.5346e+00	 6.4843e+00	 1.1460e-09	-2.7121e-10	 3.1799e-11	 6.1554e+06	 2.8815e+02	 2.2389e+03
 1.0058e+02	 2.2088e+03	 6.1068e+00	 1.8015e+01	 1.0075e-09	-2.8561e-10	 7.6617e-11	 7.0013e+06	 2.8814e+02	 2.2416e+03
 3.1829e+01	 2.2088e+03	 1.8521e+01	 4.8047e+01	 8.5037e-10	-3.1009e-10	 2.3236e-10	 8.2951e+06	 2.8814e+02	 2.2444e+03
 1.0072e+01	 2.2088e+03	 5.3826e+01	 1.2414e+02	 6.9528e-10	-2.9587e-10	 6.7531e-10	 1.0145e+07	 2.8815e+02	 2.2475e+03
 3.1874e+00	 2.2088e+03	 1.3903e+02	 3.1348e+02	 5.5561e-10	-2.4465e-10	 1.7443e-09	 1.2696e+07	 2.8814e+02	 2.2496e+03
 1.0087e+00	 2.2088e+03	 3.1016e+02	 7.2768e+02	 4.0815e-10	-1.7341e-10	 3.8914e-09	 1.7283e+07	 2.8814e+02	 2.2530e+03
 1.0000e+06	 2.2505e+03	 1.0504e+00	 7.3122e-03	 4.0660e-09	-2.8013e-08	 1.3178e-11	 1.7348e+06	 2.8814e+02	 2.2599e+03
 3.1646e+05	 2.2505e+03	 1.0536e+00	 1.6549e-02	 2.9121e-09	-9.4364e-09	 1.3219e-11	 2.4223e+06	 2.8814e+02	 2.2624e+03
 1.0014e+05	 2.2505e+03	 1.0603e+00	 3.9204e-02	 2.1831e-09	-3.3553e-09	 1.3302e-11	 3.2311e+06	 2.8815e+02	 2.2651e+03
 3.1691e+04	 2.2505e+03	 1.0720e+00	 1.0523e-01	 1.8544e-09	-1.2690e-09	 1.3450e-11	 3.8039e+06	 2.8815e+02	 2.2676e+03
 1.0029e+04	 2.2505e+03	 1.1092e+00	 2.9405e-01	 1.6398e-09	-6.0913e-10	 1.3917e-11	 4.3016e+06	 2.8815e+02	 2.2703e+03
 3.1737e+03	 2.2505e+03	 1.2172e+00	 8.1216e-01	 1.4333e-09	-3.8335e-10	 1.5271e-11	 4.9216e+06	 2.8815e+02	 2.2729e+03
 1.0043e+03	 2.2505e+03	 1.5287e+00	 2.2420e+00	 1.2521e-09	-2.9529e-10	 1.9180e-11	 5.6337e+06	 2.8815e+02	 2.2754e+03
 3.1783e+02	 2.2505e+03	 2.5018e+00	 6.2791e+00	 1.1097e-09	-2.6541e-10	 3.1387e-11	 6.3566e+06	 2.8815e+02	 2.2780e+03
 1.0058e+02	 2.2505e+03	 5.8517e+00	 1.7565e+01	 9.8237e-10	-2.7134e-10	 7.3416e-11	 7.1805e+06	 2.8815e+02	 2.2805e+03
 3.1829e+01	 2.2505e+03	 1.7975e+01	 4.7006e+01	 8.3193e-10	-3.0043e-10	 2.2551e-10	 8.4790e+06	 2.8815e+02	 2.2834e+03
 1.0072e+01	 2.2505e+03	 5.2399e+01	 1.2168e+02	 6.8149e-10	-2.8788e-10	 6.5741e-10	 1.0351e+07	 2.8815e+02	 2.2866e+03
 3.1874e+00	 2.2505e+03	 1.3599e+02	 3.0972e+02	 5.4895e-10	-2.3925e-10	 1.7061e-09	 1.2850e+07	 2.8815e+02	 2.2886e+03
 1.0087e+00	 2.2505e+03	 3.1557e+02	 7.3067e+02	 4.0983e-10	-1.7644e-10	 3.9592e-09	 1.7212e+07	 2.8815e+02	 2.2920e+03
 1.0000e+06	 2.2895e+03	 1.0505e+00	 7.3414e-03	 4.0823e-09	-2.8059e-08	 1.3179e-11	 1.7280e+06	 2.8816e+02	 2.2986e+03
 3.1646e+05	 2.2895e+03	 1.0536e+00	 1.6427e-02	 2.8907e-09	-9.4320e-09	 1.3219e-11	 2.4402e+06	 2.8815e+02	 2.3013e+03
 1.0014e+05	 2.2895e+03	 1.0601e+00	 3.9239e-02	 2.1851e-09	-3.3487e-09	 1.3301e-11	 3.2283e+06	 2.8816e+02	 2.3038e+03
 3.1691e+04	 2.2895e+03	 1.0713e+00	 1.0538e-01	 1.8571e-09	-1.2567e-09	 1.3441e-11	 3.7985e+06	 2.8816e+02	 2.3064e+03
 1.0029e+04	 2.2895e+03	 1.1065e+00	 2.9623e-01	 1.6520e-09	-5.9377e-10	 1.3882e-11	 4.2700e+06	 2.8815e+02	 2.3090e+03
 3.1737e+03	 2.2895e+03	 1.2097e+00	 8.2775e-01	 1.4608e-09	-3.7009e-10	 1.5177e-11	 4.8289e+06	 2.8816e+02	 2.3115e+03
 1.0043e+03	 2.2895e+03	 1.5245e+00	 2.3134e+00	 1.2919e-09	-2.9294e-10	 1.9127e-11	 5.4599e+06	 2.8815e+02	 2.3167e+03
 3.1783e+02	 2.2895e+03	 2.5349e+00	 6.5018e+00	 1.1491e-09	-2.7126e-10	 3.1803e-11	 6.1389e+06	 2.8815e+02	 2.3194e+03
 1.0058e+02	 2.2895e+03	 6.0913e+00	 1.8084e+01	 1.0114e-09	-2.8474e-10	 7.6422e-11	 6.9745e+06	 2.8816e+02	 2.3219e+03
 3.1829e+01	 2.2895e+03	 1.8297e+01	 4.7954e+01	 8.4872e-10	-3.0614e-10	 2.2956e-10	 8.3113e+06	 2.8816e+02	 2.3248e+03
 1.0072e+01	 2.2895e+03	 5.3359e+01	 1.2373e+02	 6.9297e-10	-2.9326e-10	 6.6945e-10	 1.0179e+07	 2.8815e+02	 2.3278e+03
 3.1874e+00	 2.2895e+03	 1.3680e+02	 3.1000e+02	 5.4944e-10	-2.4069e-10	 1.7163e-09	 1.2838e+07	 2.8815e+02	 2.3301e+03
 1.0087e+00	 2.2895e+03	 3.2328e+02	 7.4096e+02	 4.1560e-10	-1.8076e-10	 4.0559e-09	 1.6973e+07	 2.8815e+02	 2.3334e+03
 1.0000e+06	 2.3309e+03	 1.0503e+00	 7.2913e-03	 4.0544e-09	-2.7971e-08	 1.3177e-11	 1.7398e+06	 2.8815e+02	 2.3401e+03
 3.1646e+05	 2.3309e+03	 1.0534e+00	 1.6260e-02	 2.8613e-09	-9.3988e-09	 1.3216e-11	 2.4653e+06	 2.8815e+02	 2.3428e+03
 1.0014e+05	 2.3309e+03	 1.0599e+00	 3.8828e-02	 2.1622e-09	-3.3357e-09	 1.3298e-11	 3.2624e+06	 2.8815e+02	 2.3453e+03
 3.1691e+04	 2.3309e+03	 1.0711e+00	 1.0406e-01	 1.8337e-09	-1.2536e-09	 1.3439e-11	 3.8468e+06	 2.8815e+02	 2.3479e+03
 1.0029e+04	 2.3309e+03	 1.1058e+00	 2.9192e-01	 1.6279e-09	-5.9000e-10	 1.3874e-11	 4.3331e+06	 2.8815e+02	 2.3503e+03
 3.1737e+03	 2.3309e+03	 1.2069e+00	 8.1350e-01	 1.4356e-09	-3.6515e-10	 1.5142e-11	 4.9135e+06	 2.8814e+02	 2.3529e+03
 1.0043e+03	 2.3309e+03	 1.5092e+00	 2.2649e+00	 1.2649e-09	-2.8435e-10	 1.8934e-11	 5.5767e+06	 2.8815e+02	 2.3555e+03
 3.1783e+02	 2.3309e+03	 2.4781e+00	 6.3816e+00	 1.1278e-09	-2.6123e-10	 3.1091e-11	 6.2544e+06	 2.8814e+02	 2.3580e+03
 1.0058e+02	 2.3309e+03	 5.8343e+00	 1.7802e+01	 9.9563e-10	-2.7037e-10	 7.3198e-11	 7.0849e+06	 2.8814e+02	 2.3605e+03
 3.1829e+01	 2.3309e+03	 1.7936e+01	 4.7663e+01	 8.4356e-10	-2.9975e-10	 2.2503e-10	 8.3621e+06	 2.8815e+02	 2.3632e+03
 1.0072e+01	 2.3309e+03	 5.2753e+01	 1.2316e+02	 6.8980e-10	-2.8986e-10	 6.6185e-10	 1.0226e+07	 2.8815e+02	 2.3662e+03
 3.1874e+00	 2.3309e+03	 1.3421e+02	 3.0585e+02	 5.4209e-10	-2.3610e-10	 1.6838e-09	 1.3013e+07	 2.8815e+02	 2.3683e+03
 1.0087e+00	 2.3309e+03	 3.1709e+02	 7.2583e+02	 4.0711e-10	-1.7729e-10	 3.9782e-09	 1.7327e+07	 2.8815e+02	 2.3716e+03
 1.0000e+06	 2.3691e+03	 1.0501e+00	 7.1284e-03	 3.9639e-09	-2.7861e-08	 1.3175e-11	 1.7796e+06	 2.8815e+02	 2.3782e+03
 3.1646e+05	 2.3691e+03	 1.0532e+00	 1.5926e-02	 2.8025e-09	-9.3589e-09	 1.3213e-11	 2.5170e+06	 2.8816e+02	 2.3808e+03
 1.0014e+05	 2.3691e+03	 1.0597e+00	 3.7861e-02	 2.1083e-09	-3.3232e-09	 1.3295e-11	 3.3457e+06	 2.8815e+02	 2.3833e+03
 3.1691e+04	 2.3691e+03	 1.0709e+00	 1.0089e-01	 1.7779e-09	-1.2497e-09	 1.3436e-11	 3.9676e+06	 2.8814e+02	 2.3861e+03
 1.0029e+04	 2.3691e+03	 1.1056e+00	 2.8156e-01	 1.5702e-09	-5.8903e-10	 1.3871e-11	 4.4925e+06	 2.8815e+02	 2.3886e+03
 3.1737e+03	 2.3691e+03	 1.2059e+00	 7.7804e-01	 1.3731e-09	-3.6344e-10	 1.5130e-11	 5.1374e+06	 2.8815e+02	 2.3914e+03
 1.0043e+03	 2.3691e+03	 1.4972e+00	 2.1610e+00	 1.2069e-09	-2.7769e-10	 1.8784e-11	 5.8448e+06	 2.8815e+02	 2.3938e+03
 3.1783e+02	 2.3691e+03	 2.4174e+00	 6.0470e+00	 1.0687e-09	-2.5051e-10	 3.0330e-11	 6.6006e+06	 2.8815e+02	 2.3962e+03
 1.0058e+02	 2.3691e+03	 5.6286e+00	 1.6773e+01	 9.3806e-10	-2.5887e-10	 7.0617e-11	 7.5198e+06	 2.8815e+02	 2.3990e+03
 3.1829e+01	 2.3691e+03	 1.7010e+01	 4.5366e+01	 8.0292e-10	-2.8335e-10	 2.1341e-10	 8.7854e+06	 2.8815e+02	 2.4017e+03
 1.0072e+01	 2.3691e+03	 5.0353e+01	 1.1812e+02	 6.6159e-10	-2.7642e-10	 6.3174e-10	 1.0662e+07	 2.8815e+02	 2.4047e+03
 3.1874e+00	 2.3691e+03	 1.3073e+02	 2.9825e+02	 5.2861e-10	-2.2993e-10	 1.6401e-09	 1.3344e+07	 2.8815e+02	 2.4067e+03
 1.0087e+00	 2.3691e+03	 3.1216e+02	 7.1798e+02	 4.0271e-10	-1.7453e-10	 3.9164e-09	 1.7516e+07	 2.8815e+02	 2.4101e+03
 1.0000e+06	 2.4076e+03	 1.0499e+00	 6.9514e-03	 3.8654e-09	-2.7767e-08	 1.3173e-11	 1.8249e+06	 2.8814e+02	 2.4170e+03
 3.1646e+05	 2.4076e+03	 1.0529e+00	 1.5523e-02	 2.7316e-09	-9.3051e-09	 1.3210e-11	 2.5824e+06	 2.8815e+02	 2.4195e+03
 1.0014e+05	 2.4076e+03	 1.0592e+00	 3.6709e-02	 2.0442e-09	-3.2984e-09	 1.3289e-11	 3.4508e+06	 2.8814e+02	 2.4219e+03
 3.1691e+04	 2.4076e+03	 1.0697e+00	 9.7610e-02	 1.7201e-09	-1.2277e-09	 1.3420e-11	 4.1009e+06	 2.8814e+02	 2.4247e+03
 1.0029e+04	 2.4076e+03	 1.1012e+00	 2.7431e-01	 1.5297e-09	-5.6415e-10	 1.3815e-11	 4.6113e+06	 2.8815e+02	 2.4272e+03
 3.1737e+03	 2.4076e+03	 1.1953e+00	 7.6616e-01	 1.3521e-09	-3.4464e-10	 1.4996e-11	 5.2170e+06	 2.8815e+02	 2.4300e+03
 1.0043e+03	 2.4076e+03	 1.4787e+00	 2.1370e+00	 1.1935e-09	-2.6736e-10	 1.8552e-11	 5.9104e+06	 2.8814e+02	 2.4324e+03
 3.1783e+02	 2.4076e+03	 2.3892e+00	 6.0199e+00	 1.0639e-09	-2.4552e-10	 2.9976e-11	 6.6302e+06	 2.8815e+02	 2.4351e+03
 1.0058e+02	 2.4076e+03	 5.4937e+00	 1.6798e+01	 9.3948e-10	-2.5132e-10	 6.8924e-11	 7.5083e+06	 2.8814e+02	 2.4377e+03
 3.1829e+01	 2.4076e+03	 1.6642e+01	 4.4969e+01	 7.9589e-10	-2.7684e-10	 2.0879e-10	 8.8629e+06	 2.8814e+02	 2.4405e+03
 1.0072e+01	 2.4076e+03	 4.9255e+01	 1.1683e+02	 6.5433e-10	-2.7027e-10	 6.1797e-10	 1.0780e+07	 2.8814e+02	 2.4435e+03
 3.1874e+00	 2.4076e+03	 1.2977e+02	 2.9603e+02	 5.2469e-10	-2.2824e-10	 1.6282e-09	 1.3444e+07	 2.8815e+02	 2.4458e+03
 1.0087e+00	 2.4076e+03	 3.0927e+02	 7.0528e+02	 3.9559e-10	-1.7291e-10	 3.8802e-09	 1.7832e+07	 2.8815e+02	 2.4491e+03
 1.0000e+06	 2.4466e+03	 1.0496e+00	 6.6132e-03	 3.6773e-09	-2.7585e-08	 1.3169e-11	 1.9182e+06	 2.8815e+02	 2.4558e+03
 3.1646e+05	 2.4466e+03	 1.0525e+00	 1.5132e-02	 2.6628e-09	-9.2378e-09	 1.3205e-11	 2.6491e+06	 2.8814e+02	 2.4583e+03
 1.0014e+05	 2.4466e+03	 1.0587e+00	 3.5467e-02	 1.9750e-09	-3.2715e-09	 1.3283e-11	 3.5716e+06	 2.8814e+02	 2.4610e+03
 3.1691e+04	 2.4466e+03	 1.0688e+00	 9.3763e-02	 1.6523e-09	-1.2133e-09	 1.3410e-11	 4.2691e+06	 2.8813e+02	 2.4635e+03
 1.0029e+04	 2.4466e+03	 1.0990e+00	 2.6320e-01	 1.4678e-09	-5.5218e-10	 1.3788e-11	 4.8059e+06	 2.8815e+02	 2.4660e+03
 3.1737e+03	 2.4466e+03	 1.1886e+00	 7.3662e-01	 1.3000e-09	-3.3289e-10	 1.4913e-11	 5.4263e+06	 2.8815e+02	 2.4686e+03
 1.0043e+03	 2.4466e+03	 1.4593e+00	 2.0501e+00	 1.1449e-09	-2.5651e-10	 1.8309e-11	 6.1610e+06	 2.8814e+02	 2.4714e+03
 3.1783e+02	 2.4466e+03	 2.3261e+00	 5.7798e+00	 1.0215e-09	-2.3436e-10	 2.9184e-11	 6.9057e+06	 2.8815e+02	 2.4738e+03
 1.0058e+02	 2.4466e+03	 5.2499e+00	 1.6187e+01	 9.0530e-10	-2.3769e-10	 6.5866e-11	 7.7919e+06	 2.8815e+02	 2.4762e+03
 3.1829e+01	 2.4466e+03	 1.5906e+01	 4.3767e+01	 7.7461e-10	-2.6381e-10	 1.9956e-10	 9.1064e+06	 2.8815e+02	 2.4791e+03
 1.0072e+01	 2.4466e+03	 4.7486e+01	 1.1339e+02	 6.3506e-10	-2.6036e-10	 5.9577e-10	 1.1108e+07	 2.8814e+02	 2.4820e+03
 3.1874e+00	 2.4466e+03	 1.2348e+02	 2.8413e+02	 5.0359e-10	-2.1708e-10	 1.5491e-09	 1.4007e+07	 2.8814e+02	 2.4841e+03
 1.0087e+00	 2.4466e+03	 2.9938e+02	 6.8459e+02	 3.8398e-10	-1.6736e-10	 3.7560e-09	 1.8371e+07	 2.8815e+02	 2.4874e+03
 1.0000e+06	 2.4850e+03	 1.0494e+00	 6.3351e-03	 3.5227e-09	-2.7459e-08	 1.3166e-11	 2.0024e+06	 2.8814e+02	 2.4942e+03
 3.1646e+05	 2.4850e+03	 1.0521e+00	 1.4575e-02	 2.5647e-09	-9.1700e-09	 1.3200e-11	 2.7504e+06	 2.8814e+02	 2.4968e+03
 1.0014e+05	 2.4850e+03	 1.0583e+00	 3.3959e-02	 1.8911e-09	-3.2443e-09	 1.3277e-11	 3.7302e+06	 2.8814e+02	 2.4992e+03
 3.1691e+04	 2.4850e+03	 1.0679e+00	 8.9431e-02	 1.5760e-09	-1.1959e-09	 1.3398e-11	 4.4759e+06	 2.8814e+02	 2.5019e+03
 1.0029e+04	 2.4850e+03	 1.0962e+00	 2.5123e-01	 1.4010e-09	-5.3649e-10	 1.3753e-11	 5.0349e+06	 2.8814e+02	 2.5044e+03
 3.1737e+03	 2.4850e+03	 1.1824e+00	 7.0193e-01	 1.2387e-09	-3.2191e-10	 1.4835e-11	 5.6944e+06	 2.8814e+02	 2.5069e+03
 1.0043e+03	 2.4850e+03	 1.4384e+00	 1.9625e+00	 1.0960e-09	-2.4484e-10	 1.8047e-11	 6.4361e+06	 2.8815e+02	 2.5095e+03
 3.1783e+02	 2.4850e+03	 2.2525e+00	 5.5441e+00	 9.7981e-10	-2.2136e-10	 2.8260e-11	 7.1993e+06	 2.8814e+02	 2.5122e+03
 1.0058e+02	 2.4850e+03	 5.0788e+00	 1.5357e+01	 8.5889e-10	-2.2812e-10	 6.3719e-11	 8.2129e+06	 2.8815e+02	 2.5148e+03
 3.1829e+01	 2.4850e+03	 1.5165e+01	 4.1927e+01	 7.4205e-10	-2.5070e-10	 1.9026e-10	 9.5060e+06	 2.8815e+02	 2.5176e+03
 1.0072e+01	 2.4850e+03	 4.5400e+01	 1.0891e+02	 6.1000e-10	-2.4868e-10	 5.6960e-10	 1.1564e+07	 2.8815e+02	 2.5205e+03
 3.1874e+00	 2.4850e+03	 1.2097e+02	 2.7844e+02	 4.9351e-10	-2.1263e-10	 1.5177e-09	 1.4293e+07	 2.8815e+02	 2.5227e+03
 1.0087e+00	 2.4850e+03	 2.9046e+02	 6.6633e+02	 3.7374e-10	-1.6236e-10	 3.6442e-09	 1.8874e+07	 2.8815e+02	 2.5265e+03
 1.0000e+06	 2.5240e+03	 1.0490e+00	 6.2252e-03	 3.4616e-09	-2.7275e-08	 1.3162e-11	 2.0378e+06	 2.8815e+02	 2.5332e+03
 3.1646e+05	 2.5240e+03	 1.0518e+00	 1.4041e-02	 2.4707e-09	-9.1078e-09	 1.3196e-11	 2.8551e+06	 2.8815e+02	 2.5360e+03
 1.0014e+05	 2.5240e+03	 1.0577e+00	 3.2536e-02	 1.8118e-09	-3.2140e-09	 1.3270e-11	 3.8933e+06	 2.8815e+02	 2.5386e+03
 3.1691e+04	 2.5240e+03	 1.0668e+00	 8.5123e-02	 1.5001e-09	-1.1778e-09	 1.3385e-11	 4.7024e+06	 2.8816e+02	 2.5413e+03
 1.0029e+04	 2.5240e+03	 1.0932e+00	 2.3901e-01	 1.3329e-09	-5.1959e-10	 1.3715e-11	 5.2922e+06	 2.8816e+02	 2.5438e+03
 3.1737e+03	 2.5240e+03	 1.1729e+00	 6.7135e-01	 1.1848e-09	-3.0521e-10	 1.4716e-11	 5.9538e+06	 2.8816e+02	 2.5465e+03
 1.0043e+03	 2.5240e+03	 1.4175e+00	 1.8686e+00	 1.0436e-09	-2.3315e-10	 1.7784e-11	 6.7594e+06	 2.8816e+02	 2.5492e+03
 3.1783e+02	 2.5240e+03	 2.1882e+00	 5.2831e+00	 9.3368e-10	-2.0999e-10	 2.7454e-11	 7.5550e+06	 2.8816e+02	 2.5518e+03
 1.0058e+02	 2.5240e+03	 4.8699e+00	 1.4823e+01	 8.2903e-10	-2.1644e-10	 6.1099e-11	 8.5087e+06	 2.8816e+02	 2.5545e+03
 3.1829e+01	 2.5240e+03	 1.4387e+01	 3.9932e+01	 7.0674e-10	-2.3693e-10	 1.8050e-10	 9.9809e+06	 2.8816e+02	 2.5574e+03
 1.0072e+01	 2.5240e+03	 4.3411e+01	 1.0577e+02	 5.9237e-10	-2.3753e-10	 5.4464e-10	 1.1908e+07	 2.8816e+02	 2.5605e+03
 3.1874e+00	 2.5240e+03	 1.1587e+02	 2.6889e+02	 4.7659e-10	-2.0359e-10	 1.4537e-09	 1.4801e+07	 2.8816e+02	 2.5626e+03
 1.0087e+00	 2.5240e+03	 2.8155e+02	 6.4301e+02	 3.6066e-10	-1.5736e-10	 3.5323e-09	 1.9559e+07	 2.8816e+02	 2.5663e+03
 1.0000e+06	 2.5638e+03	 1.0488e+00	 5.8258e-03	 3.2395e-09	-2.7119e-08	 1.3158e-11	 2.1775e+06	 2.8815e+02	 2.5737e+03
 3.1646e+05	 2.5638e+03	 1.0513e+00	 1.3298e-02	 2.3400e-09	-9.0272e-09	 1.3190e-11	 3.0144e+06	 2.8815e+02	 2.5765e+03
 1.0014e+05	 2.5638e+03	 1.0572e+00	 3.0855e-02	 1.7182e-09	-3.1847e-09	 1.3264e-11	 4.1055e+06	 2.8815e+02	 2.5790e+03
 3.1691e+04	 2.5638e+03	 1.0662e+00	 8.0178e-02	 1.4129e-09	-1.1669e-09	 1.3377e-11	 4.9925e+06	 2.8814e+02	 2.5818e+03
 1.0029e+04	 2.5638e+03	 1.0926e+00	 2.2380e-01	 1.2480e-09	-5.1637e-10	 1.3708e-11	 5.6520e+06	 2.8815e+02	 2.5842e+03
 3.1737e+03	 2.5638e+03	 1.1729e+00	 6.1925e-01	 1.0928e-09	-3.0521e-10	 1.4716e-11	 6.4548e+06	 2.8814e+02	 2.5871e+03
 1.0043e+03	 2.5638e+03	 1.4055e+00	 1.7065e+00	 9.5303e-10	-2.2647e-10	 1.7634e-11	 7.4016e+06	 2.8815e+02	 2.5895e+03
 3.1783e+02	 2.5638e+03	 2.1071e+00	 4.8130e+00	 8.5060e-10	-1.9565e-10	 2.6435e-11	 8.2929e+06	 2.8814e+02	 2.5924e+03
 1.0058e+02	 2.5638e+03	 4.5245e+00	 1.3483e+01	 7.5405e-10	-1.9712e-10	 5.6766e-11	 9.3548e+06	 2.8814e+02	 2.5949e+03
 3.1829e+01	 2.5638e+03	 1.3248e+01	 3.7164e+01	 6.5775e-10	-2.1677e-10	 1.6621e-10	 1.0724e+07	 2.8814e+02	 2.5978e+03
 1.0072e+01	 2.5638e+03	 3.9955e+01	 9.7985e+01	 5.4880e-10	-2.1818e-10	 5.0128e-10	 1.2853e+07	 2.8815e+02	 2.6007e+03
 3.1874e+00	 2.5638e+03	 1.0813e+02	 2.5250e+02	 4.4754e-10	-1.8988e-10	 1.3566e-09	 1.5762e+07	 2.8814e+02	 2.6030e+03
 1.0087e+00	 2.5638e+03	 2.6512e+02	 6.1054e+02	 3.4244e-10	-1.4814e-10	 3.3262e-09	 2.0599e+07	 2.8815e+02	 2.6067e+03
 1.0000e+06	 2.6042e+03	 1.0485e+00	 5.6326e-03	 3.1321e-09	-2.6948e-08	 1.3154e-11	 2.2522e+06	 2.8815e+02	 2.6137e+03
 3.1646e+05	 2.6042e+03	 1.0508e+00	 1.2703e-02	 2.2354e-09	-8.9461e-09	 1.3184e-11	 3.1556e+06	 2.8815e+02	 2.6162e+03
 1.0014e+05	 2.6042e+03	 1.0566e+00	 2.9316e-02	 1.6325e-09	-3.1512e-09	 1.3256e-11	 4.3210e+06	 2.8815e+02	 2.6187e+03
 3.1691e+04	 2.6042e+03	 1.0650e+00	 7.5575e-02	 1.3318e-09	-1.1452e-09	 1.3361e-11	 5.2966e+06	 2.8814e+02	 2.6212e+03
 1.0029e+04	 2.6042e+03	 1.0885e+00	 2.1134e-01	 1.1786e-09	-4.9347e-10	 1.3656e-11	 5.9853e+06	 2.8815e+02	 2.6238e+03
 3.1737e+03	 2.6042e+03	 1.1604e+00	 5.9018e-01	 1.0415e-09	-2.8299e-10	 1.4558e-11	 6.7727e+06	 2.8815e+02	 2.6265e+03
 1.0043e+03	 2.6042e+03	 1.3725e+00	 1.6462e+00	 9.1935e-10	-2.0802e-10	 1.7219e-11	 7.6728e+06	 2.8816e+02	 2.6290e+03
 3.1783e+02	 2.6042e+03	 2.0351e+00	 4.6188e+00	 8.1628e-10	-1.8293e-10	 2.5532e-11	 8.6416e+06	 2.8815e+02	 2.6317e+03
 1.0058e+02	 2.6042e+03	 4.2615e+00	 1.2996e+01	 7.2686e-10	-1.8241e-10	 5.3466e-11	 9.7047e+06	 2.8816e+02	 2.6342e+03
 3.1829e+01	 2.6042e+03	 1.2659e+01	 3.5842e+01	 6.3436e-10	-2.0634e-10	 1.5882e-10	 1.1120e+07	 2.8815e+02	 2.6372e+03
 1.0072e+01	 2.6042e+03	 3.8572e+01	 9.5193e+01	 5.3316e-10	-2.1043e-10	 4.8392e-10	 1.3230e+07	 2.8815e+02	 2.6403e+03
 3.1874e+00	 2.6042e+03	 1.0365e+02	 2.4234e+02	 4.2954e-10	-1.8195e-10	 1.3005e-09	 1.6422e+07	 2.8816e+02	 2.6437e+03
 1.0087e+00	 2.6042e+03	 2.5324e+02	 5.8785e+02	 3.2972e-10	-1.4148e-10	 3.1771e-09	 2.1394e+07	 2.8815e+02	 2.6476e+03
 1.0000e+06	 2.6451e+03	 1.0482e+00	 5.1945e-03	 2.8884e-09	-2.6779e-08	 1.3150e-11	 2.4421e+06	 2.8815e+02	 2.6545e+03
 3.1646e+05	 2.6451e+03	 1.0503e+00	 1.2066e-02	 2.1233e-09	-8.8557e-09	 1.3178e-11	 3.3221e+06	 2.8815e+02	 2.6571e+03
 1.0014e+05	 2.6451e+03	 1.0559e+00	 2.7589e-02	 1.5364e-09	-3.1132e-09	 1.3248e-11	 4.5914e+06	 2.8815e+02	 2.6595e+03
 3.1691e+04	 2.6451e+03	 1.0639e+00	 7.0629e-02	 1.2446e-09	-1.1268e-09	 1.3348e-11	 5.6675e+06	 2.8815e+02	 2.6622e+03
 1.0029e+04	 2.6451e+03	 1.0854e+00	 1.9746e-01	 1.1012e-09	-4.7649e-10	 1.3618e-11	 6.4058e+06	 2.8815e+02	 2.6647e+03
 3.1737e+03	 2.6451e+03	 1.1513e+00	 5.5149e-01	 9.7326e-10	-2.6699e-10	 1.4444e-11	 7.2478e+06	 2.8815e+02	 2.6674e+03
 1.0043e+03	 2.6451e+03	 1.3467e+00	 1.5407e+00	 8.6046e-10	-1.9361e-10	 1.6896e-11	 8.1979e+06	 2.8815e+02	 2.6698e+03
 3.1783e+02	 2.6451e+03	 1.9498e+00	 4.3699e+00	 7.7230e-10	-1.6786e-10	 2.4462e-11	 9.1337e+06	 2.8815e+02	 2.6725e+03
 1.0058e+02	 2.6451e+03	 4.0516e+00	 1.2324e+01	 6.8924e-10	-1.7067e-10	 5.0832e-11	 1.0234e+07	 2.8814e+02	 2.6751e+03
 3.1829e+01	 2.6451e+03	 1.1724e+01	 3.4029e+01	 6.0227e-10	-1.8979e-10	 1.4709e-10	 1.1712e+07	 2.8815e+02	 2.6783e+03
 1.0072e+01	 2.6451e+03	 3.5813e+01	 8.9834e+01	 5.0315e-10	-1.9498e-10	 4.4931e-10	 1.4020e+07	 2.8815e+02	 2.6813e+03
 3.1874e+00	 2.6451e+03	 9.7113e+01	 2.3027e+02	 4.0814e-10	-1.7035e-10	 1.2184e-09	 1.7283e+07	 2.8814e+02	 2.6848e+03
 1.0087e+00	 2.6451e+03	 2.4559e+02	 5.6371e+02	 3.1618e-10	-1.3719e-10	 3.0812e-09	 2.2310e+07	 2.8815e+02	 2.6884e+03
 1.0000e+06	 2.6860e+03	 1.0477e+00	 4.8950e-03	 2.7219e-09	-2.6537e-08	 1.3145e-11	 2.5915e+06	 2.8815e+02	 2.6952e+03
 3.1646e+05	 2.6860e+03	 1.0498e+00	 1.1444e-02	 2.0137e-09	-8.7545e-09	 1.3170e-11	 3.5029e+06	 2.8815e+02	 2.6977e+03
 1.0014e+05	 2.6860e+03	 1.0551e+00	 2.5958e-02	 1.4455e-09	-3.0709e-09	 1.3238e-11	 4.8800e+06	 2.8814e+02	 2.7002e+03
 3.1691e+04	 2.6860e+03	 1.0628e+00	 6.5891e-02	 1.1611e-09	-1.1059e-09	 1.3334e-11	 6.0750e+06	 2.8815e+02	 2.7029e+03
 1.0029e+04	 2.6860e+03	 1.0826e+00	 1.8372e-01	 1.0245e-09	-4.6068e-10	 1.3583e-11	 6.8851e+06	 2.8815e+02	 2.7054e+03
 3.1737e+03	 2.6860e+03	 1.1425e+00	 5.1531e-01	 9.0939e-10	-2.5145e-10	 1.4334e-11	 7.7568e+06	 2.8815e+02	 2.7080e+03
 1.0043e+03	 2.6860e+03	 1.3256e+00	 1.4355e+00	 8.0169e-10	-1.8184e-10	 1.6631e-11	 8.7989e+06	 2.8815e+02	 2.7105e+03
 3.1783e+02	 2.6860e+03	 1.8849e+00	 4.0629e+00	 7.1804e-10	-1.5638e-10	 2.3648e-11	 9.8240e+06	 2.8815e+02	 2.7135e+03
 1.0058e+02	 2.6860e+03	 3.7712e+00	 1.1532e+01	 6.4496e-10	-1.5499e-10	 4.7314e-11	 1.0937e+07	 2.8815e+02	 2.7160e+03
 3.1829e+01	 2.6860e+03	 1.0941e+01	 3.2135e+01	 5.6874e-10	-1.7594e-10	 1.3726e-10	 1.2403e+07	 2.8815e+02	 2.7192e+03
 1.0072e+01	 2.6860e+03	 3.3453e+01	 8.4725e+01	 4.7453e-10	-1.8176e-10	 4.1971e-10	 1.4865e+07	 2.8816e+02	 2.7222e+03
 3.1874e+00	 2.6860e+03	 9.2089e+01	 2.1920e+02	 3.8851e-10	-1.6145e-10	 1.1554e-09	 1.8156e+07	 2.8815e+02	 2.7261e+03
 1.0087e+00	 2.6860e+03	 2.2946e+02	 5.3644e+02	 3.0088e-10	-1.2814e-10	 2.8788e-09	 2.3444e+07	 2.8815e+02	 2.7294e+03
 1.0000e+06	 2.7270e+03	 1.0474e+00	 4.5464e-03	 2.5281e-09	-2.6348e-08	 1.3141e-11	 2.7903e+06	 2.8815e+02	 2.7362e+03
 3.1646e+05	 2.7270e+03	 1.0492e+00	 1.0674e-02	 1.8782e-09	-8.6564e-09	 1.3163e-11	 3.7556e+06	 2.8815e+02	 2.7389e+03
 1.0014e+05	 2.7270e+03	 1.0544e+00	 2.4260e-02	 1.3510e-09	-3.0314e-09	 1.3229e-11	 5.2214e+06	 2.8815e+02	 2.7414e+03
 3.1691e+04	 2.7270e+03	 1.0618e+00	 6.0974e-02	 1.0745e-09	-1.0889e-09	 1.3321e-11	 6.5649e+06	 2.8815e+02	 2.7439e+03
 1.0029e+04	 2.7270e+03	 1.0812e+00	 1.6923e-01	 9.4374e-10	-4.5290e-10	 1.3565e-11	 7.4745e+06	 2.8815e+02	 2.7465e+03
 3.1737e+03	 2.7270e+03	 1.1401e+00	 4.7142e-01	 8.3194e-10	-2.4722e-10	 1.4304e-11	 8.4789e+06	 2.8815e+02	 2.7491e+03
 1.0043e+03	 2.7270e+03	 1.3109e+00	 1.3072e+00	 7.3001e-10	-1.7366e-10	 1.6447e-11	 9.6628e+06	 2.8815e+02	 2.7517e+03
 3.1783e+02	 2.7270e+03	 1.8068e+00	 3.7122e+00	 6.5606e-10	-1.4258e-10	 2.2668e-11	 1.0752e+07	 2.8815e+02	 2.7544e+03
 1.0058e+02	 2.7270e+03	 3.4723e+00	 1.0573e+01	 5.9130e-10	-1.3827e-10	 4.3564e-11	 1.1929e+07	 2.8814e+02	 2.7572e+03
 3.1829e+01	 2.7270e+03	 9.9227e+00	 2.9612e+01	 5.2410e-10	-1.5792e-10	 1.2449e-10	 1.3459e+07	 2.8815e+02	 2.7604e+03
 1.0072e+01	 2.7270e+03	 3.0302e+01	 7.8422e+01	 4.3923e-10	-1.6411e-10	 3.8017e-10	 1.6060e+07	 2.8815e+02	 2.7635e+03
 3.1874e+00	 2.7270e+03	 8.4163e+01	 2.0333e+02	 3.6039e-10	-1.4740e-10	 1.0559e-09	 1.9573e+07	 2.8815e+02	 2.7672e+03
 1.0087e+00	 2.7270e+03	 2.1438e+02	 5.0083e+02	 2.8091e-10	-1.1969e-10	 2.6897e-09	 2.5111e+07	 2.8815e+02	 2.7708e+03
 1.0000e+06	 2.7684e+03	 1.0470e+00	 4.2390e-03	 2.3571e-09	-2.6122e-08	 1.3136e-11	 2.9926e+06	 2.8815e+02	 2.7777e+03
 3.1646e+05	 2.7684e+03	 1.0486e+00	 1.0056e-02	 1.7696e-09	-8.5536e-09	 1.3156e-11	 3.9862e+06	 2.8815e+02	 2.7803e+03
 1.0014e+05	 2.7684e+03	 1.0536e+00	 2.2651e-02	 1.2614e-09	-2.9868e-09	 1.3219e-11	 5.5924e+06	 2.8814e+02	 2.7828e+03
 3.1691e+04	 2.7684e+03	 1.0606e+00	 5.6151e-02	 9.8950e-10	-1.0687e-09	 1.3307e-11	 7.1288e+06	 2.8815e+02	 2.7854e+03
 1.0029e+04	 2.7684e+03	 1.0780e+00	 1.5557e-01	 8.6756e-10	-4.3522e-10	 1.3525e-11	 8.1308e+06	 2.8815e+02	 2.7879e+03
 3.1737e+03	 2.7684e+03	 1.1313e+00	 4.3404e-01	 7.6598e-10	-2.3180e-10	 1.4194e-11	 9.2091e+06	 2.8815e+02	 2.7905e+03
 1.0043e+03	 2.7684e+03	 1.2872e+00	 1.2032e+00	 6.7197e-10	-1.6039e-10	 1.6149e-11	 1.0497e+07	 2.8814e+02	 2.7931e+03
 3.1783e+02	 2.7684e+03	 1.7433e+00	 3.4307e+00	 6.0631e-10	-1.3136e-10	 2.1872e-11	 1.1634e+07	 2.8815e+02	 2.7958e+03
 1.0058e+02	 2.7684e+03	 3.2847e+00	 9.8075e+00	 5.4851e-10	-1.2778e-10	 4.1210e-11	 1.2860e+07	 2.8814e+02	 2.7986e+03
 3.1829e+01	 2.7684e+03	 9.0103e+00	 2.7721e+01	 4.9062e-10	-1.4177e-10	 1.1304e-10	 1.4378e+07	 2.8815e+02	 2.8017e+03
 1.0072e+01	 2.7684e+03	 2.7640e+01	 7.3033e+01	 4.0904e-10	-1.4921e-10	 3.4678e-10	 1.7245e+07	 2.8815e+02	 2.8048e+03
 3.1874e+00	 2.7684e+03	 7.8093e+01	 1.9010e+02	 3.3693e-10	-1.3664e-10	 9.7977e-10	 2.0936e+07	 2.8815e+02	 2.8081e+03
 1.0087e+00	 2.7684e+03	 1.9204e+02	 4.6851e+02	 2.6278e-10	-1.0715e-10	 2.4094e-09	 2.6843e+07	 2.8815e+02	 2.8114e+03
 1.0000e+06	 2.8090e+03	 1.0465e+00	 3.9323e-03	 2.1866e-09	-2.5857e-08	 1.3130e-11	 3.2260e+06	 2.8815e+02	 2.8182e+03
 3.1646e+05	 2.8090e+03	 1.0481e+00	 9.4146e-03	 1.6567e-09	-8.4563e-09	 1.3149e-11	 4.2579e+06	 2.8815e+02	 2.8208e+03
 1.0014e+05	 2.8090e+03	 1.0529e+00	 2.1019e-02	 1.1705e-09	-2.9447e-09	 1.3210e-11	 6.0266e+06	 2.8815e+02	 2.8232e+03
 3.1691e+04	 2.8090e+03	 1.0596e+00	 5.1528e-02	 9.0804e-10	-1.0506e-09	 1.3294e-11	 7.7684e+06	 2.8815e+02	 2.8258e+03
 1.0029e+04	 2.8090e+03	 1.0755e+00	 1.4182e-01	 7.9086e-10	-4.2089e-10	 1.3493e-11	 8.9193e+06	 2.8815e+02	 2.8284e+03
 3.1737e+03	 2.8090e+03	 1.1258e+00	 3.9395e-01	 6.9524e-10	-2.2195e-10	 1.4124e-11	 1.0146e+07	 2.8815e+02	 2.8313e+03
 1.0043e+03	 2.8090e+03	 1.2697e+00	 1.0893e+00	 6.0835e-10	-1.5060e-10	 1.5929e-11	 1.1595e+07	 2.8815e+02	 2.8339e+03
 3.1783e+02	 2.8090e+03	 1.6879e+00	 3.0187e+00	 5.3350e-10	-1.2157e-10	 2.1176e-11	 1.3222e+07	 2.8814e+02	 2.8390e+03
 1.0058e+02	 2.8090e+03	 2.9907e+00	 8.6055e+00	 4.8128e-10	-1.1134e-10	 3.7522e-11	 1.4657e+07	 2.8814e+02	 2.8415e+03
 3.1829e+01	 2.8090e+03	 7.8561e+00	 2.4600e+01	 4.3539e-10	-1.2134e-10	 9.8564e-11	 1.6201e+07	 2.8814e+02	 2.8442e+03
 1.0072e+01	 2.8090e+03	 2.4496e+01	 6.5736e+01	 3.6818e-10	-1.3160e-10	 3.0733e-10	 1.9159e+07	 2.8815e+02	 2.8474e+03
 3.1874e+00	 2.8090e+03	 7.0333e+01	 1.7227e+02	 3.0534e-10	-1.2289e-10	 8.8241e-10	 2.3102e+07	 2.8815e+02	 2.8507e+03
 1.0087e+00	 2.8090e+03	 1.7691e+02	 4.3508e+02	 2.4403e-10	-9.8669e-11	 2.2196e-09	 2.8906e+07	 2.8815e+02	 2.8540e+03
 1.0000e+06	 2.8515e+03	 1.0461e+00	 3.5848e-03	 1.9934e-09	-2.5650e-08	 1.3125e-11	 3.5387e+06	 2.8815e+02	 2.8610e+03
 3.1646e+05	 2.8515e+03	 1.0474e+00	 8.6350e-03	 1.5195e-09	-8.3458e-09	 1.3141e-11	 4.6423e+06	 2.8815e+02	 2.8634e+03
 1.0014e+05	 2.8515e+03	 1.0521e+00	 1.9484e-02	 1.0850e-09	-2.9005e-09	 1.3200e-11	 6.5013e+06	 2.8815e+02	 2.8659e+03
 3.1691e+04	 2.8515e+03	 1.0585e+00	 4.7164e-02	 8.3113e-10	-1.0311e-09	 1.3280e-11	 8.4872e+06	 2.8815e+02	 2.8687e+03
 1.0029e+04	 2.8515e+03	 1.0736e+00	 1.2936e-01	 7.2142e-10	-4.1021e-10	 1.3469e-11	 9.7778e+06	 2.8815e+02	 2.8712e+03
 3.1737e+03	 2.8515e+03	 1.1217e+00	 3.5870e-01	 6.3302e-10	-2.1479e-10	 1.4073e-11	 1.1143e+07	 2.8815e+02	 2.8739e+03
 1.0043e+03	 2.8515e+03	 1.2569e+00	 9.8489e-01	 5.5003e-10	-1.4346e-10	 1.5769e-11	 1.2825e+07	 2.8815e+02	 2.8764e+03
 3.1783e+02	 2.8515e+03	 1.6189e+00	 2.7732e+00	 4.9011e-10	-1.0937e-10	 2.0311e-11	 1.4393e+07	 2.8815e+02	 2.8816e+03
 1.0058e+02	 2.8515e+03	 2.7687e+00	 7.9179e+00	 4.4283e-10	-9.8921e-11	 3.4737e-11	 1.5929e+07	 2.8815e+02	 2.8841e+03
 3.1829e+01	 2.8515e+03	 7.0715e+00	 2.2638e+01	 4.0067e-10	-1.0746e-10	 8.8720e-11	 1.7606e+07	 2.8815e+02	 2.8869e+03
 1.0072e+01	 2.8515e+03	 2.1846e+01	 6.1369e+01	 3.4372e-10	-1.1676e-10	 2.7409e-10	 2.0523e+07	 2.8815e+02	 2.8899e+03
 3.1874e+00	 2.8515e+03	 6.4184e+01	 1.6137e+02	 2.8602e-10	-1.1199e-10	 8.0526e-10	 2.4663e+07	 2.8815e+02	 2.8932e+03
 1.0087e+00	 2.8515e+03	 1.6868e+02	 4.0819e+02	 2.2895e-10	-9.4051e-11	 2.1163e-09	 3.0810e+07	 2.8815e+02	 2.8966e+03
 1.0000e+06	 2.8941e+03	 1.0457e+00	 3.2658e-03	 1.8160e-09	-2.5385e-08	 1.3119e-11	 3.8844e+06	 2.8815e+02	 2.9035e+03
 3.1646e+05	 2.8941e+03	 1.0468e+00	 8.1708e-03	 1.4378e-09	-8.2410e-09	 1.3134e-11	 4.9061e+06	 2.8815e+02	 2.9060e+03
 1.0014e+05	 2.8941e+03	 1.0513e+00	 1.8067e-02	 1.0061e-09	-2.8540e-09	 1.3189e-11	 7.0113e+06	 2.8815e+02	 2.9088e+03
 3.1691e+04	 2.8941e+03	 1.0574e+00	 4.3176e-02	 7.6085e-10	-1.0111e-09	 1.3266e-11	 9.2711e+06	 2.8814e+02	 2.9115e+03
 1.0029e+04	 2.8941e+03	 1.0704e+00	 1.1792e-01	 6.5761e-10	-3.9278e-10	 1.3430e-11	 1.0727e+07	 2.8815e+02	 2.9142e+03
 3.1737e+03	 2.8941e+03	 1.1130e+00	 3.2853e-01	 5.7978e-10	-1.9940e-10	 1.3964e-11	 1.2167e+07	 2.8815e+02	 2.9168e+03
 1.0043e+03	 2.8941e+03	 1.2335e+00	 9.0599e-01	 5.0597e-10	-1.3042e-10	 1.5476e-11	 1.3942e+07	 2.8815e+02	 2.9194e+03
 3.1783e+02	 2.8941e+03	 1.5619e+00	 2.5541e+00	 4.5140e-10	-9.9306e-11	 1.9596e-11	 1.5627e+07	 2.8815e+02	 2.9245e+03
 1.0058e+02	 2.8941e+03	 2.5888e+00	 7.3251e+00	 4.0968e-10	-8.8857e-11	 3.2479e-11	 1.7218e+07	 2.8815e+02	 2.9270e+03
 3.1829e+01	 2.8941e+03	 6.4645e+00	 2.1174e+01	 3.7474e-10	-9.6714e-11	 8.1104e-11	 1.8823e+07	 2.8816e+02	 2.9298e+03
 1.0072e+01	 2.8941e+03	 2.0091e+01	 5.7120e+01	 3.1992e-10	-1.0693e-10	 2.5207e-10	 2.2049e+07	 2.8814e+02	 2.9329e+03
 3.1874e+00	 2.8941e+03	 5.9740e+01	 1.5037e+02	 2.6653e-10	-1.0411e-10	 7.4951e-10	 2.6466e+07	 2.8814e+02	 2.9364e+03
 1.0087e+00	 2.8941e+03	 1.5072e+02	 3.7928e+02	 2.1274e-10	-8.3979e-11	 1.8910e-09	 3.3158e+07	 2.8815e+02	 2.9398e+03
 1.0000e+06	 2.9373e+03	 1.0452e+00	 3.0588e-03	 1.7009e-09	-2.5159e-08	 1.3114e-11	 4.1473e+06	 2.8815e+02	 2.9465e+03
 3.1646e+05	 2.9373e+03	 1.0463e+00	 7.5595e-03	 1.3302e-09	-8.1403e-09	 1.3127e-11	 5.3028e+06	 2.8815e+02	 2.9492e+03
 1.0014e+05	 2.9373e+03	 1.0505e+00	 1.6770e-02	 9.3386e-10	-2.8145e-09	 1.3180e-11	 7.5536e+06	 2.8814e+02	 2.9517e+03
 3.1691e+04	 2.9373e+03	 1.0563e+00	 3.9415e-02	 6.9457e-10	-9.9260e-10	 1.3253e-11	 1.0156e+07	 2.8815e+02	 2.9544e+03
 1.0029e+04	 2.9373e+03	 1.0679e+00	 1.0675e-01	 5.9529e-10	-3.7854e-10	 1.3398e-11	 1.1850e+07	 2.8815e+02	 2.9569e+03
 3.1737e+03	 2.9373e+03	 1.1039e+00	 2.9913e-01	 5.2789e-10	-1.8339e-10	 1.3850e-11	 1.3362e+07	 2.8815e+02	 2.9594e+03
 1.0043e+03	 2.9373e+03	 1.2109e+00	 8.3273e-01	 4.6505e-10	-1.1779e-10	 1.5192e-11	 1.5168e+07	 2.8815e+02	 2.9620e+03
 3.1783e+02	 2.9373e+03	 1.5125e+00	 2.3152e+00	 4.0918e-10	-9.0566e-11	 1.8975e-11	 1.7239e+07	 2.8815e+02	 2.9672e+03
 1.0058e+02	 2.9373e+03	 2.4336e+00	 6.6450e+00	 3.7164e-10	-8.0175e-11	 3.0532e-11	 1.8981e+07	 2.8815e+02	 2.9698e+03
 3.1829e+01	 2.9373e+03	 5.8221e+00	 1.9028e+01	 3.3677e-10	-8.5344e-11	 7.3045e-11	 2.0946e+07	 2.8815e+02	 2.9728e+03
 1.0072e+01	 2.9373e+03	 1.8149e+01	 5.2432e+01	 2.9366e-10	-9.6050e-11	 2.2770e-10	 2.4021e+07	 2.8815e+02	 2.9757e+03
 3.1874e+00	 2.9373e+03	 5.3965e+01	 1.3838e+02	 2.4526e-10	-9.3876e-11	 6.7705e-10	 2.8761e+07	 2.8815e+02	 2.9790e+03
 1.0087e+00	 2.9373e+03	 1.4254e+02	 3.5437e+02	 1.9876e-10	-7.9387e-11	 1.7883e-09	 3.5489e+07	 2.8815e+02	 2.9824e+03
 1.0000e+06	 2.9799e+03	 1.0448e+00	 2.6892e-03	 1.4953e-09	-2.4935e-08	 1.3109e-11	 4.7173e+06	 2.8816e+02	 2.9893e+03
 3.1646e+05	 2.9799e+03	 1.0457e+00	 6.9178e-03	 1.2173e-09	-8.0376e-09	 1.3119e-11	 5.7947e+06	 2.8815e+02	 2.9917e+03
 1.0014e+05	 2.9799e+03	 1.0497e+00	 1.5540e-02	 8.6534e-10	-2.7682e-09	 1.3170e-11	 8.1517e+06	 2.8815e+02	 2.9942e+03
 3.1691e+04	 2.9799e+03	 1.0553e+00	 3.6112e-02	 6.3637e-10	-9.7528e-10	 1.3240e-11	 1.1085e+07	 2.8815e+02	 2.9969e+03
 1.0029e+04	 2.9799e+03	 1.0659e+00	 9.7157e-02	 5.4181e-10	-3.6749e-10	 1.3373e-11	 1.3019e+07	 2.8815e+02	 2.9995e+03
 3.1737e+03	 2.9799e+03	 1.0993e+00	 2.7294e-01	 4.8167e-10	-1.7520e-10	 1.3792e-11	 1.4645e+07	 2.8815e+02	 3.0022e+03
 1.0043e+03	 2.9799e+03	 1.2000e+00	 7.5456e-01	 4.2140e-10	-1.1170e-10	 1.5055e-11	 1.6739e+07	 2.8815e+02	 3.0048e+03
 3.1783e+02	 2.9799e+03	 1.4643e+00	 2.1190e+00	 3.7449e-10	-8.2060e-11	 1.8372e-11	 1.8836e+07	 2.8815e+02	 3.0075e+03
 1.0058e+02	 2.9799e+03	 2.2961e+00	 6.1254e+00	 3.4258e-10	-7.2488e-11	 2.8807e-11	 2.0591e+07	 2.8815e+02	 3.0101e+03
 3.1829e+01	 2.9799e+03	 5.3176e+00	 1.7666e+01	 3.1266e-10	-7.6415e-11	 6.6715e-11	 2.2561e+07	 2.8815e+02	 3.0130e+03
 1.0072e+01	 2.9799e+03	 1.6206e+01	 4.8916e+01	 2.7397e-10	-8.5165e-11	 2.0332e-10	 2.5747e+07	 2.8815e+02	 3.0160e+03
 3.1874e+00	 2.9799e+03	 4.9124e+01	 1.2899e+02	 2.2863e-10	-8.5296e-11	 6.1632e-10	 3.0853e+07	 2.8814e+02	 3.0194e+03
 1.0087e+00	 2.9799e+03	 1.3324e+02	 3.3293e+02	 1.8674e-10	-7.4172e-11	 1.6716e-09	 3.7775e+07	 2.8815e+02	 3.0238e+03
 1.0000e+06	 3.0213e+03	 1.0444e+00	 2.5127e-03	 1.3972e-09	-2.4711e-08	 1.3104e-11	 5.0485e+06	 2.8815e+02	 3.0309e+03
 3.1646e+05	 3.0213e+03	 1.0452e+00	 6.5507e-03	 1.1527e-09	-7.9455e-09	 1.3113e-11	 6.1194e+06	 2.8814e+02	 3.0333e+03
 1.0014e+05	 3.0213e+03	 1.0490e+00	 1.4424e-02	 8.0323e-10	-2.7283e-09	 1.3161e-11	 8.7820e+06	 2.8814e+02	 3.0357e+03
 3.1691e+04	 3.0213e+03	 1.0544e+00	 3.3135e-02	 5.8392e-10	-9.5911e-10	 1.3229e-11	 1.2080e+07	 2.8815e+02	 3.0384e+03
 1.0029e+04	 3.0213e+03	 1.0637e+00	 8.8272e-02	 4.9226e-10	-3.5512e-10	 1.3345e-11	 1.4330e+07	 2.8814e+02	 3.0409e+03
 3.1737e+03	 3.0213e+03	 1.0909e+00	 2.4960e-01	 4.4049e-10	-1.6040e-10	 1.3686e-11	 1.6014e+07	 2.8815e+02	 3.0436e+03
 1.0043e+03	 3.0213e+03	 1.1771e+00	 6.9706e-01	 3.8929e-10	-9.8894e-11	 1.4768e-11	 1.8120e+07	 2.8815e+02	 3.0462e+03
 3.1783e+02	 3.0213e+03	 1.4159e+00	 1.9630e+00	 3.4693e-10	-7.3508e-11	 1.7764e-11	 2.0333e+07	 2.8815e+02	 3.0489e+03
 1.0058e+02	 3.0213e+03	 2.1412e+00	 5.6383e+00	 3.1534e-10	-6.3825e-11	 2.6864e-11	 2.2369e+07	 2.8814e+02	 3.0514e+03
 3.1829e+01	 3.0213e+03	 4.8513e+00	 1.6313e+01	 2.8871e-10	-6.8163e-11	 6.0866e-11	 2.4433e+07	 2.8815e+02	 3.0544e+03
 1.0072e+01	 3.0213e+03	 1.4778e+01	 4.5373e+01	 2.5413e-10	-7.7170e-11	 1.8541e-10	 2.7758e+07	 2.8815e+02	 3.0575e+03
 3.1874e+00	 3.0213e+03	 4.5073e+01	 1.2024e+02	 2.1312e-10	-7.8115e-11	 5.6549e-10	 3.3099e+07	 2.8815e+02	 3.0609e+03
 1.0087e+00	 3.0213e+03	 1.2362e+02	 3.0663e+02	 1.7198e-10	-6.8777e-11	 1.5510e-09	 4.1015e+07	 2.8814e+02	 3.0642e+03
 1.0000e+06	 3.0617e+03	 1.0441e+00	 2.3183e-03	 1.2891e-09	-2.4524e-08	 1.3099e-11	 5.4719e+06	 2.8815e+02	 3.0709e+03
 3.1646e+05	 3.0617e+03	 1.0446e+00	 6.0729e-03	 1.0686e-09	-7.8561e-09	 1.3106e-11	 6.6009e+06	 2.8815e+02	 3.0736e+03
 1.0014e+05	 3.0617e+03	 1.0483e+00	 1.3513e-02	 7.5249e-10	-2.6898e-09	 1.3152e-11	 9.3741e+06	 2.8815e+02	 3.0760e+03
 3.1691e+04	 3.0617e+03	 1.0536e+00	 3.0550e-02	 5.3835e-10	-9.4415e-10	 1.3218e-11	 1.3103e+07	 2.8815e+02	 3.0785e+03
 1.0029e+04	 3.0617e+03	 1.0622e+00	 8.0664e-02	 4.4984e-10	-3.4695e-10	 1.3327e-11	 1.5681e+07	 2.8815e+02	 3.0812e+03
 3.1737e+03	 3.0617e+03	 1.0879e+00	 2.2835e-01	 4.0298e-10	-1.5505e-10	 1.3648e-11	 1.7505e+07	 2.8815e+02	 3.0838e+03
 1.0043e+03	 3.0617e+03	 1.1704e+00	 6.3596e-01	 3.5517e-10	-9.5179e-11	 1.4684e-11	 1.9861e+07	 2.8814e+02	 3.0865e+03
 3.1783e+02	 3.0617e+03	 1.3854e+00	 1.7905e+00	 3.1644e-10	-6.8117e-11	 1.7382e-11	 2.2291e+07	 2.8815e+02	 3.0892e+03
 1.0058e+02	 3.0617e+03	 2.0437e+00	 5.2073e+00	 2.9123e-10	-5.8373e-11	 2.5641e-11	 2.4221e+07	 2.8815e+02	 3.0916e+03
 3.1829e+01	 3.0617e+03	 4.4416e+00	 1.4952e+01	 2.6463e-10	-6.0911e-11	 5.5725e-11	 2.6656e+07	 2.8814e+02	 3.0945e+03
 1.0072e+01	 3.0617e+03	 1.3346e+01	 4.1816e+01	 2.3420e-10	-6.9150e-11	 1.6745e-10	 3.0119e+07	 2.8815e+02	 3.0975e+03
 3.1874e+00	 3.0617e+03	 4.1472e+01	 1.1226e+02	 1.9897e-10	-7.1734e-11	 5.2032e-10	 3.5452e+07	 2.8815e+02	 3.1011e+03
 1.0087e+00	 3.0617e+03	 1.1291e+02	 2.8718e+02	 1.6107e-10	-6.2771e-11	 1.4166e-09	 4.3793e+07	 2.8815e+02	 3.1044e+03
 1.0000e+06	 3.1019e+03	 1.0438e+00	 2.1004e-03	 1.1679e-09	-2.4329e-08	 1.3095e-11	 6.0397e+06	 2.8815e+02	 3.1112e+03
 3.1646e+05	 3.1019e+03	 1.0442e+00	 5.5711e-03	 9.8034e-10	-7.7719e-09	 1.3100e-11	 7.1955e+06	 2.8815e+02	 3.1137e+03
 1.0014e+05	 3.1019e+03	 1.0477e+00	 1.2604e-02	 7.0185e-10	-2.6542e-09	 1.3144e-11	 1.0050e+07	 2.8815e+02	 3.1162e+03
 3.1691e+04	 3.1019e+03	 1.0528e+00	 2.8242e-02	 4.9769e-10	-9.2985e-10	 1.3208e-11	 1.4173e+07	 2.8815e+02	 3.1189e+03
 1.0029e+04	 3.1019e+03	 1.0606e+00	 7.3594e-02	 4.1041e-10	-3.3769e-10	 1.3306e-11	 1.7188e+07	 2.8815e+02	 3.1214e+03
 3.1737e+03	 3.1019e+03	 1.0811e+00	 2.0881e-01	 3.6849e-10	-1.4312e-10	 1.3564e-11	 1.9143e+07	 2.8815e+02	 3.1241e+03
 1.0043e+03	 3.1019e+03	 1.1515e+00	 5.8798e-01	 3.2837e-10	-8.4632e-11	 1.4447e-11	 2.1482e+07	 2.8815e+02	 3.1267e+03
 3.1783e+02	 3.1019e+03	 1.3493e+00	 1.6529e+00	 2.9212e-10	-6.1739e-11	 1.6929e-11	 2.4147e+07	 2.8816e+02	 3.1295e+03
 1.0058e+02	 3.1019e+03	 1.9541e+00	 4.7562e+00	 2.6600e-10	-5.3362e-11	 2.4517e-11	 2.6518e+07	 2.8815e+02	 3.1320e+03
 3.1829e+01	 3.1019e+03	 4.0763e+00	 1.3788e+01	 2.4404e-10	-5.4446e-11	 5.1141e-11	 2.8905e+07	 2.8815e+02	 3.1349e+03
 1.0072e+01	 3.1019e+03	 1.2091e+01	 3.8371e+01	 2.1491e-10	-6.2117e-11	 1.5169e-10	 3.2823e+07	 2.8815e+02	 3.1380e+03
 3.1874e+00	 3.1019e+03	 3.7266e+01	 1.0256e+02	 1.8178e-10	-6.4278e-11	 4.6754e-10	 3.8804e+07	 2.8816e+02	 3.1414e+03
 1.0087e+00	 3.1019e+03	 1.0412e+02	 2.6605e+02	 1.4923e-10	-5.7837e-11	 1.3062e-09	 4.7271e+07	 2.8815e+02	 3.1447e+03
 1.0000e+06	 3.1422e+03	 1.0434e+00	 1.7942e-03	 9.9769e-10	-2.4121e-08	 1.3090e-11	 7.0703e+06	 2.8815e+02	 3.1515e+03
 3.1646e+05	 3.1422e+03	 1.0437e+00	 5.3135e-03	 9.3501e-10	-7.6855e-09	 1.3094e-11	 7.5443e+06	 2.8815e+02	 3.1542e+03
 1.0014e+05	 3.1422e+03	 1.0470e+00	 1.1781e-02	 6.5603e-10	-2.6182e-09	 1.3136e-11	 1.0752e+07	 2.8815e+02	 3.1567e+03
 3.1691e+04	 3.1422e+03	 1.0520e+00	 2.6130e-02	 4.6046e-10	-9.1643e-10	 1.3199e-11	 1.5319e+07	 2.8815e+02	 3.1594e+03
 1.0029e+04	 3.1422e+03	 1.0594e+00	 6.7389e-02	 3.7580e-10	-3.3144e-10	 1.3292e-11	 1.8770e+07	 2.8815e+02	 3.1619e+03
 3.1737e+03	 3.1422e+03	 1.0792e+00	 1.9132e-01	 3.3764e-10	-1.3977e-10	 1.3540e-11	 2.0892e+07	 2.8815e+02	 3.1647e+03
 1.0043e+03	 3.1422e+03	 1.1467e+00	 5.3696e-01	 2.9988e-10	-8.1933e-11	 1.4387e-11	 2.3523e+07	 2.8816e+02	 3.1673e+03
 3.1783e+02	 3.1422e+03	 1.3253e+00	 1.5094e+00	 2.6675e-10	-5.7483e-11	 1.6627e-11	 2.6444e+07	 2.8815e+02	 3.1700e+03
 1.0058e+02	 3.1422e+03	 1.8589e+00	 4.3715e+00	 2.4449e-10	-4.8036e-11	 2.3322e-11	 2.8852e+07	 2.8815e+02	 3.1726e+03
 3.1829e+01	 3.1422e+03	 3.7423e+00	 1.2703e+01	 2.2483e-10	-4.8534e-11	 4.6951e-11	 3.1375e+07	 2.8815e+02	 3.1754e+03
 1.0072e+01	 3.1422e+03	 1.0804e+01	 3.6010e+01	 2.0168e-10	-5.4913e-11	 1.3555e-10	 3.4975e+07	 2.8814e+02	 3.1786e+03
 3.1874e+00	 3.1422e+03	 3.3894e+01	 9.6556e+01	 1.7114e-10	-5.8301e-11	 4.2523e-10	 4.1218e+07	 2.8815e+02	 3.1819e+03
 1.0087e+00	 3.1422e+03	 9.5206e+01	 2.4884e+02	 1.3957e-10	-5.2839e-11	 1.1945e-09	 5.0540e+07	 2.8815e+02	 3.1865e+03
 1.0000e+06	 3.1840e+03	 1.0431e+00	 1.6874e-03	 9.3831e-10	-2.3957e-08	 1.3087e-11	 7.5177e+06	 2.8814e+02	 3.1932e+03
 3.1646e+05	 3.1840e+03	 1.0432e+00	 4.8074e-03	 8.4596e-10	-7.6053e-09	 1.3088e-11	 8.3384e+06	 2.8814e+02	 3.1957e+03
 1.0014e+05	 3.1840e+03	 1.0464e+00	 1.1028e-02	 6.1411e-10	-2.5842e-09	 1.3128e-11	 1.1487e+07	 2.8814e+02	 3.1982e+03
 3.1691e+04	 3.1840e+03	 1.0512e+00	 2.4214e-02	 4.2671e-10	-9.0281e-10	 1.3189e-11	 1.6531e+07	 2.8814e+02	 3.2009e+03
 1.0029e+04	 3.1840e+03	 1.0582e+00	 6.1568e-02	 3.4334e-10	-3.2449e-10	 1.3276e-11	 2.0545e+07	 2.8814e+02	 3.2033e+03
 3.1737e+03	 3.1840e+03	 1.0747e+00	 1.7469e-01	 3.0828e-10	-1.3176e-10	 1.3483e-11	 2.2881e+07	 2.8815e+02	 3.2059e+03
 1.0043e+03	 3.1840e+03	 1.1348e+00	 4.9304e-01	 2.7535e-10	-7.5287e-11	 1.4237e-11	 2.5618e+07	 2.8814e+02	 3.2085e+03
 3.1783e+02	 3.1840e+03	 1.3005e+00	 1.3830e+00	 2.4442e-10	-5.3109e-11	 1.6316e-11	 2.8860e+07	 2.8814e+02	 3.2109e+03
 1.0058e+02	 3.1840e+03	 1.7913e+00	 3.9854e+00	 2.2290e-10	-4.4257e-11	 2.2474e-11	 3.1647e+07	 2.8814e+02	 3.2136e+03
 3.1829e+01	 3.1840e+03	 3.4511e+00	 1.1586e+01	 2.0506e-10	-4.3381e-11	 4.3298e-11	 3.4399e+07	 2.8814e+02	 3.2164e+03
 1.0072e+01	 3.1840e+03	 9.9017e+00	 3.3004e+01	 1.8485e-10	-4.9857e-11	 1.2423e-10	 3.8161e+07	 2.8815e+02	 3.2195e+03
 3.1874e+00	 3.1840e+03	 3.1069e+01	 8.8792e+01	 1.5738e-10	-5.3295e-11	 3.8980e-10	 4.4822e+07	 2.8814e+02	 3.2228e+03
 1.0087e+00	 3.1840e+03	 8.6065e+01	 2.2964e+02	 1.2880e-10	-4.7712e-11	 1.0798e-09	 5.4766e+07	 2.8814e+02	 3.2275e+03
 1.0000e+06	 3.2250e+03	 1.0427e+00	 1.4652e-03	 8.1475e-10	-2.3729e-08	 1.3082e-11	 8.6578e+06	 2.8814e+02	 3.2342e+03
 3.1646e+05	 3.2250e+03	 1.0428e+00	 4.6110e-03	 8.1139e-10	-7.5268e-09	 1.3083e-11	 8.6937e+06	 2.8815e+02	 3.2368e+03
 1.0014e+05	 3.2250e+03	 1.0458e+00	 1.0408e-02	 5.7958e-10	-2.5490e-09	 1.3120e-11	 1.2171e+07	 2.8815e+02	 3.2392e+03
 3.1691e+04	 3.2250e+03	 1.0505e+00	 2.2555e-02	 3.9747e-10	-8.8989e-10	 1.3180e-11	 1.7747e+07	 2.8815e+02	 3.2420e+03
 1.0029e+04	 3.2250e+03	 1.0572e+00	 5.6443e-02	 3.1476e-10	-3.1875e-10	 1.3263e-11	 2.2410e+07	 2.8815e+02	 3.2446e+03
 3.1737e+03	 3.2250e+03	 1.0716e+00	 1.5990e-01	 2.8219e-10	-1.2631e-10	 1.3444e-11	 2.4997e+07	 2.8816e+02	 3.2474e+03
 1.0043e+03	 3.2250e+03	 1.1253e+00	 4.5314e-01	 2.5307e-10	-6.9970e-11	 1.4118e-11	 2.7874e+07	 2.8816e+02	 3.2499e+03
 3.1783e+02	 3.2250e+03	 1.2796e+00	 1.2673e+00	 2.2396e-10	-4.9419e-11	 1.6054e-11	 3.1496e+07	 2.8815e+02	 3.2526e+03
 1.0058e+02	 3.2250e+03	 1.7316e+00	 3.6416e+00	 2.0367e-10	-4.0914e-11	 2.1724e-11	 3.4635e+07	 2.8816e+02	 3.2553e+03
 3.1829e+01	 3.2250e+03	 3.2150e+00	 1.0573e+01	 1.8713e-10	-3.9203e-11	 4.0336e-11	 3.7696e+07	 2.8816e+02	 3.2580e+03
 1.0072e+01	 3.2250e+03	 8.8378e+00	 3.0273e+01	 1.6955e-10	-4.3898e-11	 1.1088e-10	 4.1604e+07	 2.8816e+02	 3.2610e+03
 3.1874e+00	 3.2250e+03	 2.7890e+01	 8.2192e+01	 1.4568e-10	-4.7660e-11	 3.4991e-10	 4.8421e+07	 2.8815e+02	 3.2645e+03
 1.0087e+00	 3.2250e+03	 8.0967e+01	 2.1577e+02	 1.2102e-10	-4.4853e-11	 1.0158e-09	 5.8286e+07	 2.8816e+02	 3.2691e+03
 1.0000e+06	 3.2666e+03	 1.0424e+00	 1.2094e-03	 6.7251e-10	-2.3584e-08	 1.3078e-11	 1.0489e+07	 2.8815e+02	 3.2764e+03
 3.1646e+05	 3.2666e+03	 1.0423e+00	 4.2323e-03	 7.4475e-10	-7.4510e-09	 1.3077e-11	 9.4716e+06	 2.8816e+02	 3.2788e+03
 1.0014e+05	 3.2666e+03	 1.0452e+00	 9.7139e-03	 5.4093e-10	-2.5168e-09	 1.3113e-11	 1.3040e+07	 2.8815e+02	 3.2813e+03
 3.1691e+04	 3.2666e+03	 1.0498e+00	 2.0981e-02	 3.6973e-10	-8.7714e-10	 1.3171e-11	 1.9079e+07	 2.8815e+02	 3.2839e+03
 1.0029e+04	 3.2666e+03	 1.0563e+00	 5.1865e-02	 2.8924e-10	-3.1378e-10	 1.3252e-11	 2.4388e+07	 2.8815e+02	 3.2866e+03
 3.1737e+03	 3.2666e+03	 1.0698e+00	 1.4675e-01	 2.5898e-10	-1.2322e-10	 1.3422e-11	 2.7237e+07	 2.8815e+02	 3.2892e+03
 1.0043e+03	 3.2666e+03	 1.1209e+00	 4.1559e-01	 2.3210e-10	-6.7491e-11	 1.4062e-11	 3.0392e+07	 2.8815e+02	 3.2919e+03
 3.1783e+02	 3.2666e+03	 1.2534e+00	 1.1688e+00	 2.0656e-10	-4.4777e-11	 1.5725e-11	 3.4150e+07	 2.8815e+02	 3.2944e+03
 1.0058e+02	 3.2666e+03	 1.6342e+00	 3.4004e+00	 1.9018e-10	-3.5467e-11	 2.0502e-11	 3.7091e+07	 2.8815e+02	 3.2971e+03
 3.1829e+01	 3.2666e+03	 2.9330e+00	 9.9447e+00	 1.7601e-10	-3.4211e-11	 3.6797e-11	 4.0078e+07	 2.8815e+02	 3.2999e+03
 1.0072e+01	 3.2666e+03	 7.9090e+00	 2.8481e+01	 1.5952e-10	-3.8696e-11	 9.9228e-11	 4.4221e+07	 2.8815e+02	 3.3030e+03
 3.1874e+00	 3.2666e+03	 2.5420e+01	 7.7342e+01	 1.3708e-10	-4.3282e-11	 3.1892e-10	 5.1458e+07	 2.8814e+02	 3.3065e+03
 1.0087e+00	 3.2666e+03	 7.3980e+01	 2.0216e+02	 1.1339e-10	-4.0934e-11	 9.2816e-10	 6.2210e+07	 2.8815e+02	 3.3113e+03
 1.0000e+06	 3.3088e+03	 1.0421e+00	 1.1285e-03	 6.2751e-10	-2.3429e-08	 1.3075e-11	 1.1241e+07	 2.8814e+02	 3.3179e+03
 3.1646e+05	 3.3088e+03	 1.0419e+00	 3.9103e-03	 6.8809e-10	-7.3813e-09	 1.3072e-11	 1.0252e+07	 2.8814e+02	 3.3207e+03
 1.0014e+05	 3.3088e+03	 1.0447e+00	 9.1518e-03	 5.0963e-10	-2.4878e-09	 1.3107e-11	 1.3841e+07	 2.8814e+02	 3.3232e+03
 3.1691e+04	 3.3088e+03	 1.0491e+00	 1.9614e-02	 3.4564e-10	-8.6530e-10	 1.3162e-11	 2.0408e+07	 2.8815e+02	 3.3259e+03
 1.0029e+04	 3.3088e+03	 1.0553e+00	 4.7731e-02	 2.6618e-10	-3.0848e-10	 1.3240e-11	 2.6501e+07	 2.8814e+02	 3.3284e+03
 3.1737e+03	 3.3088e+03	 1.0659e+00	 1.3438e-01	 2.3716e-10	-1.1635e-10	 1.3373e-11	 2.9744e+07	 2.8815e+02	 3.3309e+03
 1.0043e+03	 3.3088e+03	 1.1065e+00	 3.8531e-01	 2.1519e-10	-5.9494e-11	 1.3883e-11	 3.2781e+07	 2.8814e+02	 3.3337e+03
 3.1783e+02	 3.3088e+03	 1.2253e+00	 1.0928e+00	 1.9314e-10	-3.9814e-11	 1.5373e-11	 3.6523e+07	 2.8815e+02	 3.3361e+03
 1.0058e+02	 3.3088e+03	 1.5792e+00	 3.1632e+00	 1.7691e-10	-3.2394e-11	 1.9813e-11	 3.9873e+07	 2.8815e+02	 3.3389e+03
 3.1829e+01	 3.3088e+03	 2.7592e+00	 9.2274e+00	 1.6331e-10	-3.1135e-11	 3.4617e-11	 4.3193e+07	 2.8814e+02	 3.3416e+03
 1.0072e+01	 3.3088e+03	 7.3429e+00	 2.6583e+01	 1.4888e-10	-3.5525e-11	 9.2125e-11	 4.7379e+07	 2.8815e+02	 3.3447e+03
 3.1874e+00	 3.3088e+03	 2.3833e+01	 7.2236e+01	 1.2803e-10	-4.0469e-11	 2.9901e-10	 5.5095e+07	 2.8814e+02	 3.3481e+03
 1.0087e+00	 3.3088e+03	 6.9218e+01	 1.8920e+02	 1.0612e-10	-3.8263e-11	 8.6842e-10	 6.6469e+07	 2.8815e+02	 3.3527e+03
 1.0000e+06	 3.3502e+03	 1.0417e+00	 9.7522e-04	 5.4228e-10	-2.3207e-08	 1.3070e-11	 1.3008e+07	 2.8815e+02	 3.3594e+03
 3.1646e+05	 3.3502e+03	 1.0416e+00	 3.7937e-03	 6.6758e-10	-7.3145e-09	 1.3068e-11	 1.0566e+07	 2.8815e+02	 3.3620e+03
 1.0014e+05	 3.3502e+03	 1.0441e+00	 8.6806e-03	 4.8339e-10	-2.4569e-09	 1.3100e-11	 1.4593e+07	 2.8815e+02	 3.3645e+03
 3.1691e+04	 3.3502e+03	 1.0485e+00	 1.8455e-02	 3.2522e-10	-8.5409e-10	 1.3154e-11	 2.1690e+07	 2.8815e+02	 3.3670e+03
 1.0029e+04	 3.3502e+03	 1.0546e+00	 4.4190e-02	 2.4643e-10	-3.0459e-10	 1.3231e-11	 2.8624e+07	 2.8815e+02	 3.3695e+03
 3.1737e+03	 3.3502e+03	 1.0649e+00	 1.2399e-01	 2.1881e-10	-1.1445e-10	 1.3360e-11	 3.2237e+07	 2.8816e+02	 3.3721e+03
 1.0043e+03	 3.3502e+03	 1.1057e+00	 3.5468e-01	 1.9808e-10	-5.9023e-11	 1.3872e-11	 3.5612e+07	 2.8816e+02	 3.3749e+03
 3.1783e+02	 3.3502e+03	 1.2190e+00	 9.9960e-01	 1.7666e-10	-3.8713e-11	 1.5294e-11	 3.9929e+07	 2.8815e+02	 3.3774e+03
 1.0058e+02	 3.3502e+03	 1.5430e+00	 2.8852e+00	 1.6136e-10	-3.0368e-11	 1.9359e-11	 4.3715e+07	 2.8815e+02	 3.3824e+03
 3.1829e+01	 3.3502e+03	 2.5839e+00	 8.4190e+00	 1.4901e-10	-2.8033e-11	 3.2418e-11	 4.7340e+07	 2.8816e+02	 3.3855e+03
 1.0072e+01	 3.3502e+03	 6.5484e+00	 2.4380e+01	 1.3655e-10	-3.1076e-11	 8.2157e-11	 5.1659e+07	 2.8815e+02	 3.3886e+03
 3.1874e+00	 3.3502e+03	 2.1442e+01	 6.7363e+01	 1.1940e-10	-3.6232e-11	 2.6902e-10	 5.9081e+07	 2.8815e+02	 3.3919e+03
 1.0087e+00	 3.3502e+03	 6.3011e+01	 1.7620e+02	 9.8828e-11	-3.4782e-11	 7.9055e-10	 7.1376e+07	 2.8815e+02	 3.3965e+03
 1.0000e+06	 3.3940e+03	 1.0415e+00	 8.6450e-04	 4.8072e-10	-2.3057e-08	 1.3066e-11	 1.4674e+07	 2.8814e+02	 3.4032e+03
 3.1646e+05	 3.3940e+03	 1.0412e+00	 3.5341e-03	 6.2188e-10	-7.2447e-09	 1.3063e-11	 1.1343e+07	 2.8814e+02	 3.4057e+03
 1.0014e+05	 3.3940e+03	 1.0436e+00	 8.1486e-03	 4.5376e-10	-2.4277e-09	 1.3093e-11	 1.5545e+07	 2.8815e+02	 3.4082e+03
 3.1691e+04	 3.3940e+03	 1.0478e+00	 1.7297e-02	 3.0481e-10	-8.4275e-10	 1.3146e-11	 2.3142e+07	 2.8814e+02	 3.4109e+03
 1.0029e+04	 3.3940e+03	 1.0538e+00	 4.0794e-02	 2.2750e-10	-3.0020e-10	 1.3222e-11	 3.1007e+07	 2.8815e+02	 3.4135e+03
 3.1737e+03	 3.3940e+03	 1.0624e+00	 1.1363e-01	 2.0053e-10	-1.1006e-10	 1.3329e-11	 3.5177e+07	 2.8815e+02	 3.4161e+03
 1.0043e+03	 3.3940e+03	 1.0955e+00	 3.2811e-01	 1.8324e-10	-5.3343e-11	 1.3745e-11	 3.8495e+07	 2.8815e+02	 3.4187e+03
 3.1783e+02	 3.3940e+03	 1.1975e+00	 9.3009e-01	 1.6438e-10	-3.4909e-11	 1.5024e-11	 4.2913e+07	 2.8814e+02	 3.4212e+03
 1.0058e+02	 3.3940e+03	 1.4933e+00	 2.6757e+00	 1.4965e-10	-2.7586e-11	 1.8735e-11	 4.7137e+07	 2.8814e+02	 3.4263e+03
 3.1829e+01	 3.3940e+03	 2.4527e+00	 7.8307e+00	 1.3859e-10	-2.5711e-11	 3.0772e-11	 5.0897e+07	 2.8815e+02	 3.4291e+03
 1.0072e+01	 3.3940e+03	 5.9998e+00	 2.2651e+01	 1.2686e-10	-2.8003e-11	 7.5274e-11	 5.5603e+07	 2.8815e+02	 3.4323e+03
 3.1874e+00	 3.3940e+03	 1.9405e+01	 6.2902e+01	 1.1149e-10	-3.2621e-11	 2.4346e-10	 6.3271e+07	 2.8815e+02	 3.4356e+03
 1.0087e+00	 3.3940e+03	 5.7334e+01	 1.6553e+02	 9.2844e-11	-3.1597e-11	 7.1932e-10	 7.5976e+07	 2.8815e+02	 3.4402e+03
 1.0000e+06	 3.4377e+03	 1.0413e+00	 7.3789e-04	 4.1031e-10	-2.2951e-08	 1.3064e-11	 1.7192e+07	 2.8815e+02	 3.4472e+03
 3.1646e+05	 3.4377e+03	 1.0408e+00	 3.2222e-03	 5.6700e-10	-7.1830e-09	 1.3058e-11	 1.2441e+07	 2.8815e+02	 3.4497e+03
 1.0014e+05	 3.4377e+03	 1.0432e+00	 7.7392e-03	 4.3097e-10	-2.4030e-09	 1.3088e-11	 1.6368e+07	 2.8815e+02	 3.4524e+03
 3.1691e+04	 3.4377e+03	 1.0472e+00	 1.6284e-02	 2.8696e-10	-8.3156e-10	 1.3138e-11	 2.4581e+07	 2.8815e+02	 3.4549e+03
 1.0029e+04	 3.4377e+03	 1.0532e+00	 3.7850e-02	 2.1108e-10	-2.9655e-10	 1.3213e-11	 3.3419e+07	 2.8815e+02	 3.4576e+03
 3.1737e+03	 3.4377e+03	 1.0613e+00	 1.0459e-01	 1.8458e-10	-1.0810e-10	 1.3315e-11	 3.8216e+07	 2.8815e+02	 3.4602e+03
 1.0043e+03	 3.4377e+03	 1.0933e+00	 3.0190e-01	 1.6860e-10	-5.2126e-11	 1.3717e-11	 4.1838e+07	 2.8815e+02	 3.4628e+03
 3.1783e+02	 3.4377e+03	 1.1875e+00	 8.5398e-01	 1.5093e-10	-3.3129e-11	 1.4898e-11	 4.6738e+07	 2.8815e+02	 3.4655e+03
 1.0058e+02	 3.4377e+03	 1.4508e+00	 2.4684e+00	 1.3805e-10	-2.5212e-11	 1.8202e-11	 5.1095e+07	 2.8815e+02	 3.4707e+03
 3.1829e+01	 3.4377e+03	 2.3026e+00	 7.2128e+00	 1.2766e-10	-2.3055e-11	 2.8889e-11	 5.5257e+07	 2.8815e+02	 3.4736e+03
 1.0072e+01	 3.4377e+03	 5.4786e+00	 2.1037e+01	 1.1782e-10	-2.5084e-11	 6.8735e-11	 5.9869e+07	 2.8816e+02	 3.4769e+03
 3.1874e+00	 3.4377e+03	 1.7426e+01	 5.8704e+01	 1.0405e-10	-2.9114e-11	 2.1863e-10	 6.7795e+07	 2.8816e+02	 3.4802e+03
 1.0087e+00	 3.4377e+03	 5.2172e+01	 1.5503e+02	 8.6953e-11	-2.8702e-11	 6.5456e-10	 8.1124e+07	 2.8815e+02	 3.4847e+03
 1.0000e+06	 3.4822e+03	 1.0409e+00	 6.7579e-04	 3.7578e-10	-2.2763e-08	 1.3060e-11	 1.8772e+07	 2.8815e+02	 3.4916e+03
 3.1646e+05	 3.4822e+03	 1.0405e+00	 3.0126e-03	 5.3013e-10	-7.1249e-09	 1.3054e-11	 1.3306e+07	 2.8816e+02	 3.4942e+03
 1.0014e+05	 3.4822e+03	 1.0427e+00	 7.2766e-03	 4.0521e-10	-2.3759e-09	 1.3081e-11	 1.7408e+07	 2.8815e+02	 3.4967e+03
 3.1691e+04	 3.4822e+03	 1.0466e+00	 1.5369e-02	 2.7084e-10	-8.2114e-10	 1.3131e-11	 2.6045e+07	 2.8815e+02	 3.4994e+03
 1.0029e+04	 3.4822e+03	 1.0525e+00	 3.5213e-02	 1.9637e-10	-2.9293e-10	 1.3205e-11	 3.5922e+07	 2.8815e+02	 3.5019e+03
 3.1737e+03	 3.4822e+03	 1.0598e+00	 9.6449e-02	 1.7021e-10	-1.0560e-10	 1.3297e-11	 4.1443e+07	 2.8815e+02	 3.5046e+03
 1.0043e+03	 3.4822e+03	 1.0881e+00	 2.7936e-01	 1.5602e-10	-4.9214e-11	 1.3652e-11	 4.5213e+07	 2.8815e+02	 3.5072e+03
 3.1783e+02	 3.4822e+03	 1.1747e+00	 7.9237e-01	 1.4004e-10	-3.0868e-11	 1.4737e-11	 5.0372e+07	 2.8814e+02	 3.5099e+03
 1.0058e+02	 3.4822e+03	 1.4118e+00	 2.2726e+00	 1.2710e-10	-2.3030e-11	 1.7712e-11	 5.5498e+07	 2.8814e+02	 3.5124e+03
 3.1829e+01	 3.4822e+03	 2.1821e+00	 6.7058e+00	 1.1868e-10	-2.0922e-11	 2.7377e-11	 5.9435e+07	 2.8815e+02	 3.5152e+03
 1.0072e+01	 3.4822e+03	 5.0779e+00	 1.9594e+01	 1.0974e-10	-2.2840e-11	 6.3709e-11	 6.4277e+07	 2.8815e+02	 3.5182e+03
 3.1874e+00	 3.4822e+03	 1.5772e+01	 5.4910e+01	 9.7323e-11	-2.6182e-11	 1.9787e-10	 7.2480e+07	 2.8815e+02	 3.5218e+03
 1.0087e+00	 3.4822e+03	 4.9552e+01	 1.4649e+02	 8.2165e-11	-2.7232e-11	 6.2169e-10	 8.5852e+07	 2.8815e+02	 3.5264e+03
 1.0000e+06	 3.5239e+03	 1.0407e+00	 4.2285e-04	 2.3513e-10	-2.2628e-08	 1.3057e-11	 3.0000e+07	 2.8815e+02	 3.5332e+03
 3.1646e+05	 3.5239e+03	 1.0402e+00	 2.8481e-03	 5.0118e-10	-7.0717e-09	 1.3050e-11	 1.4075e+07	 2.8815e+02	 3.5357e+03
 1.0014e+05	 3.5239e+03	 1.0423e+00	 6.9237e-03	 3.8556e-10	-2.3538e-09	 1.3076e-11	 1.8295e+07	 2.8815e+02	 3.5382e+03
 3.1691e+04	 3.5239e+03	 1.0460e+00	 1.4578e-02	 2.5691e-10	-8.1135e-10	 1.3124e-11	 2.7457e+07	 2.8815e+02	 3.5409e+03
 1.0029e+04	 3.5239e+03	 1.0520e+00	 3.3020e-02	 1.8414e-10	-2.8974e-10	 1.3198e-11	 3.8308e+07	 2.8815e+02	 3.5434e+03
 3.1737e+03	 3.5239e+03	 1.0584e+00	 8.9469e-02	 1.5789e-10	-1.0306e-10	 1.3279e-11	 4.4676e+07	 2.8815e+02	 3.5461e+03
 1.0043e+03	 3.5239e+03	 1.0818e+00	 2.6049e-01	 1.4548e-10	-4.5675e-11	 1.3572e-11	 4.8489e+07	 2.8815e+02	 3.5487e+03
 3.1783e+02	 3.5239e+03	 1.1563e+00	 7.4728e-01	 1.3207e-10	-2.7624e-11	 1.4507e-11	 5.3411e+07	 2.8815e+02	 3.5515e+03
 1.0058e+02	 3.5239e+03	 1.3710e+00	 2.1600e+00	 1.2080e-10	-2.0750e-11	 1.7201e-11	 5.8392e+07	 2.8816e+02	 3.5540e+03
 3.1829e+01	 3.5239e+03	 2.0929e+00	 6.3213e+00	 1.1188e-10	-1.9343e-11	 2.6258e-11	 6.3051e+07	 2.8815e+02	 3.5569e+03
 1.0072e+01	 3.5239e+03	 4.7221e+00	 1.8416e+01	 1.0315e-10	-2.0847e-11	 5.9245e-11	 6.8387e+07	 2.8815e+02	 3.5598e+03
 3.1874e+00	 3.5239e+03	 1.5096e+01	 5.2046e+01	 9.2246e-11	-2.4984e-11	 1.8940e-10	 7.6469e+07	 2.8815e+02	 3.5632e+03
 1.0087e+00	 3.5239e+03	 4.5324e+01	 1.3824e+02	 7.7536e-11	-2.4861e-11	 5.6864e-10	 9.0976e+07	 2.8815e+02	 3.5677e+03
 1.0000e+06	 3.5652e+03	 1.0405e+00	 4.0940e-04	 2.2765e-10	-2.2527e-08	 1.3054e-11	 3.0986e+07	 2.8815e+02	 3.5746e+03
 3.1646e+05	 3.5652e+03	 1.0399e+00	 2.6407e-03	 4.6468e-10	-7.0168e-09	 1.3046e-11	 1.5180e+07	 2.8815e+02	 3.5771e+03
 1.0014e+05	 3.5652e+03	 1.0419e+00	 6.5944e-03	 3.6722e-10	-2.3314e-09	 1.3071e-11	 1.9209e+07	 2.8815e+02	 3.5795e+03
 3.1691e+04	 3.5652e+03	 1.0455e+00	 1.3906e-02	 2.4506e-10	-8.0261e-10	 1.3118e-11	 2.8784e+07	 2.8815e+02	 3.5824e+03
 1.0029e+04	 3.5652e+03	 1.0514e+00	 3.1064e-02	 1.7323e-10	-2.8690e-10	 1.3192e-11	 4.0720e+07	 2.8815e+02	 3.5849e+03
 3.1737e+03	 3.5652e+03	 1.0575e+00	 8.3376e-02	 1.4714e-10	-1.0150e-10	 1.3268e-11	 4.7941e+07	 2.8814e+02	 3.5876e+03
 1.0043e+03	 3.5652e+03	 1.0788e+00	 2.4261e-01	 1.3549e-10	-4.3985e-11	 1.3534e-11	 5.2062e+07	 2.8815e+02	 3.5902e+03
 3.1783e+02	 3.5652e+03	 1.1489e+00	 6.9594e-01	 1.2299e-10	-2.6307e-11	 1.4414e-11	 5.7352e+07	 2.8815e+02	 3.5929e+03
 1.0058e+02	 3.5652e+03	 1.3500e+00	 2.0056e+00	 1.1217e-10	-1.9575e-11	 1.6937e-11	 6.2887e+07	 2.8815e+02	 3.5954e+03
 3.1829e+01	 3.5652e+03	 2.0101e+00	 5.8874e+00	 1.0420e-10	-1.7877e-11	 2.5219e-11	 6.7698e+07	 2.8815e+02	 3.5984e+03
 1.0072e+01	 3.5652e+03	 4.3816e+00	 1.7217e+01	 9.6427e-11	-1.8940e-11	 5.4973e-11	 7.3153e+07	 2.8814e+02	 3.6015e+03
 3.1874e+00	 3.5652e+03	 1.3709e+01	 4.8764e+01	 8.6431e-11	-2.2526e-11	 1.7200e-10	 8.1614e+07	 2.8814e+02	 3.6048e+03
 1.0087e+00	 3.5652e+03	 4.2470e+01	 1.3086e+02	 7.3396e-11	-2.3260e-11	 5.3283e-10	 9.6109e+07	 2.8815e+02	 3.6094e+03
 1.0000e+06	 3.6069e+03	 1.0403e+00	 4.2707e-04	 2.3748e-10	-2.2391e-08	 1.3051e-11	 2.9703e+07	 2.8815e+02	 3.6162e+03
 3.1646e+05	 3.6069e+03	 1.0396e+00	 2.5386e-03	 4.4672e-10	-6.9703e-09	 1.3043e-11	 1.5791e+07	 2.8815e+02	 3.6187e+03
 1.0014e+05	 3.6069e+03	 1.0415e+00	 6.3466e-03	 3.5342e-10	-2.3131e-09	 1.3067e-11	 1.9959e+07	 2.8815e+02	 3.6214e+03
 3.1691e+04	 3.6069e+03	 1.0451e+00	 1.3230e-02	 2.3315e-10	-7.9401e-10	 1.3111e-11	 3.0255e+07	 2.8815e+02	 3.6239e+03
 1.0029e+04	 3.6069e+03	 1.0509e+00	 2.9307e-02	 1.6344e-10	-2.8405e-10	 1.3185e-11	 4.3160e+07	 2.8815e+02	 3.6266e+03
 3.1737e+03	 3.6069e+03	 1.0567e+00	 7.7791e-02	 1.3728e-10	-1.0009e-10	 1.3258e-11	 5.1382e+07	 2.8815e+02	 3.6292e+03
 1.0043e+03	 3.6069e+03	 1.0754e+00	 2.2681e-01	 1.2667e-10	-4.2106e-11	 1.3492e-11	 5.5689e+07	 2.8815e+02	 3.6320e+03
 3.1783e+02	 3.6069e+03	 1.1360e+00	 6.5486e-01	 1.1573e-10	-2.4033e-11	 1.4252e-11	 6.0950e+07	 2.8815e+02	 3.6345e+03
 1.0058e+02	 3.6069e+03	 1.3214e+00	 1.8870e+00	 1.0554e-10	-1.7974e-11	 1.6578e-11	 6.6840e+07	 2.8815e+02	 3.6370e+03
 3.1829e+01	 3.6069e+03	 1.9274e+00	 5.5625e+00	 9.8449e-11	-1.6413e-11	 2.4181e-11	 7.1651e+07	 2.8815e+02	 3.6401e+03
 1.0072e+01	 3.6069e+03	 4.1586e+00	 1.6158e+01	 9.0499e-11	-1.7691e-11	 5.2175e-11	 7.7946e+07	 2.8815e+02	 3.6432e+03
 3.1874e+00	 3.6069e+03	 1.2586e+01	 4.5998e+01	 8.1527e-11	-2.0535e-11	 1.5791e-10	 8.6523e+07	 2.8815e+02	 3.6465e+03
 1.0087e+00	 3.6069e+03	 4.0896e+01	 1.2446e+02	 6.9810e-11	-2.2377e-11	 5.1308e-10	 1.0105e+08	 2.8815e+02	 3.6513e+03
 1.0000e+06	 3.6488e+03	 1.0401e+00	 3.2412e-04	 1.8023e-10	-2.2303e-08	 1.3049e-11	 3.9139e+07	 2.8816e+02	 3.6580e+03
 3.1646e+05	 3.6488e+03	 1.0394e+00	 2.4243e-03	 4.2660e-10	-6.9271e-09	 1.3040e-11	 1.6535e+07	 2.8815e+02	 3.6608e+03
 1.0014e+05	 3.6488e+03	 1.0412e+00	 6.0363e-03	 3.3614e-10	-2.2927e-09	 1.3063e-11	 2.0985e+07	 2.8815e+02	 3.6634e+03
 3.1691e+04	 3.6488e+03	 1.0446e+00	 1.2673e-02	 2.2333e-10	-7.8623e-10	 1.3106e-11	 3.1585e+07	 2.8815e+02	 3.6662e+03
 1.0029e+04	 3.6488e+03	 1.0505e+00	 2.7715e-02	 1.5456e-10	-2.8140e-10	 1.3179e-11	 4.5640e+07	 2.8815e+02	 3.6687e+03
 3.1737e+03	 3.6488e+03	 1.0560e+00	 7.2792e-02	 1.2846e-10	-9.8786e-11	 1.3248e-11	 5.4911e+07	 2.8815e+02	 3.6714e+03
 1.0043e+03	 3.6488e+03	 1.0734e+00	 2.1221e-01	 1.1851e-10	-4.0990e-11	 1.3467e-11	 5.9521e+07	 2.8815e+02	 3.6741e+03
 3.1783e+02	 3.6488e+03	 1.1309e+00	 6.1275e-01	 1.0829e-10	-2.3128e-11	 1.4188e-11	 6.5138e+07	 2.8815e+02	 3.6768e+03
 1.0058e+02	 3.6488e+03	 1.2927e+00	 1.7797e+00	 9.9534e-11	-1.6369e-11	 1.6218e-11	 7.0870e+07	 2.8815e+02	 3.6793e+03
 3.1829e+01	 3.6488e+03	 1.8429e+00	 5.2352e+00	 9.2656e-11	-1.4918e-11	 2.3121e-11	 7.6131e+07	 2.8815e+02	 3.6824e+03
 1.0072e+01	 3.6488e+03	 3.8525e+00	 1.5365e+01	 8.6056e-11	-1.5976e-11	 4.8334e-11	 8.1969e+07	 2.8815e+02	 3.6855e+03
 3.1874e+00	 3.6488e+03	 1.1678e+01	 4.3659e+01	 7.7382e-11	-1.8926e-11	 1.4652e-10	 9.1157e+07	 2.8815e+02	 3.6890e+03
 1.0087e+00	 3.6488e+03	 3.7604e+01	 1.1790e+02	 6.6129e-11	-2.0531e-11	 4.7178e-10	 1.0667e+08	 2.8814e+02	 3.6948e+03
 1.0000e+06	 3.6923e+03	 1.0399e+00	 2.5124e-04	 1.3971e-10	-2.2201e-08	 1.3047e-11	 5.0491e+07	 2.8815e+02	 3.7015e+03
 3.1646e+05	 3.6923e+03	 1.0391e+00	 2.2336e-03	 3.9304e-10	-6.8882e-09	 1.3037e-11	 1.7947e+07	 2.8815e+02	 3.7044e+03
 1.0014e+05	 3.6923e+03	 1.0408e+00	 5.7508e-03	 3.2024e-10	-2.2746e-09	 1.3059e-11	 2.2027e+07	 2.8815e+02	 3.7068e+03
 3.1691e+04	 3.6923e+03	 1.0441e+00	 1.2117e-02	 2.1354e-10	-7.7759e-10	 1.3100e-11	 3.3034e+07	 2.8815e+02	 3.7094e+03
 1.0029e+04	 3.6923e+03	 1.0500e+00	 2.6281e-02	 1.4656e-10	-2.7886e-10	 1.3174e-11	 4.8130e+07	 2.8815e+02	 3.7118e+03
 3.1737e+03	 3.6923e+03	 1.0553e+00	 6.8158e-02	 1.2028e-10	-9.7631e-11	 1.3240e-11	 5.8644e+07	 2.8815e+02	 3.7144e+03
 1.0043e+03	 3.6923e+03	 1.0715e+00	 1.9877e-01	 1.1101e-10	-3.9921e-11	 1.3443e-11	 6.3546e+07	 2.8815e+02	 3.7171e+03
 3.1783e+02	 3.6923e+03	 1.1247e+00	 5.7435e-01	 1.0151e-10	-2.2046e-11	 1.4111e-11	 6.9493e+07	 2.8815e+02	 3.7197e+03
 1.0058e+02	 3.6923e+03	 1.2763e+00	 1.6642e+00	 9.3075e-11	-1.5451e-11	 1.6012e-11	 7.5788e+07	 2.8815e+02	 3.7224e+03
 3.1829e+01	 3.6923e+03	 1.7738e+00	 4.9053e+00	 8.6817e-11	-1.3694e-11	 2.2254e-11	 8.1251e+07	 2.8815e+02	 3.7253e+03
 1.0072e+01	 3.6923e+03	 3.5850e+00	 1.4457e+01	 8.0972e-11	-1.4478e-11	 4.4978e-11	 8.7116e+07	 2.8815e+02	 3.7284e+03
 3.1874e+00	 3.6923e+03	 1.1169e+01	 4.1828e+01	 7.4136e-11	-1.8024e-11	 1.4013e-10	 9.5148e+07	 2.8815e+02	 3.7319e+03
 1.0087e+00	 3.6923e+03	 3.4954e+01	 1.1236e+02	 6.3022e-11	-1.9045e-11	 4.3854e-10	 1.1193e+08	 2.8815e+02	 3.7375e+03
 1.0000e+06	 3.7351e+03	 1.0397e+00	 1.7316e-04	 9.6285e-11	-2.2099e-08	 1.3045e-11	 7.3261e+07	 2.8815e+02	 3.7442e+03
 3.1646e+05	 3.7351e+03	 1.0389e+00	 2.0840e-03	 3.6671e-10	-6.8460e-09	 1.3034e-11	 1.9236e+07	 2.8815e+02	 3.7470e+03
 1.0014e+05	 3.7351e+03	 1.0405e+00	 5.4859e-03	 3.0549e-10	-2.2572e-09	 1.3055e-11	 2.3091e+07	 2.8815e+02	 3.7495e+03
 3.1691e+04	 3.7351e+03	 1.0437e+00	 1.1634e-02	 2.0502e-10	-7.7047e-10	 1.3095e-11	 3.4405e+07	 2.8815e+02	 3.7524e+03
 1.0029e+04	 3.7351e+03	 1.0495e+00	 2.4986e-02	 1.3934e-10	-2.7623e-10	 1.3168e-11	 5.0625e+07	 2.8814e+02	 3.7549e+03
 3.1737e+03	 3.7351e+03	 1.0547e+00	 6.3933e-02	 1.1283e-10	-9.6472e-11	 1.3232e-11	 6.2520e+07	 2.8815e+02	 3.7577e+03
 1.0043e+03	 3.7351e+03	 1.0683e+00	 1.8639e-01	 1.0409e-10	-3.8143e-11	 1.3403e-11	 6.7765e+07	 2.8814e+02	 3.7602e+03
 3.1783e+02	 3.7351e+03	 1.1133e+00	 5.4339e-01	 9.6034e-11	-2.0027e-11	 1.3968e-11	 7.3453e+07	 2.8815e+02	 3.7630e+03
 1.0058e+02	 3.7351e+03	 1.2528e+00	 1.5766e+00	 8.8178e-11	-1.4137e-11	 1.5717e-11	 7.9997e+07	 2.8814e+02	 3.7655e+03
 3.1829e+01	 3.7351e+03	 1.7099e+00	 4.6529e+00	 8.2350e-11	-1.2564e-11	 2.1453e-11	 8.5659e+07	 2.8815e+02	 3.7688e+03
 1.0072e+01	 3.7351e+03	 3.4363e+00	 1.3671e+01	 7.6570e-11	-1.3645e-11	 4.3112e-11	 9.2124e+07	 2.8814e+02	 3.7718e+03
 3.1874e+00	 3.7351e+03	 1.0045e+01	 3.9416e+01	 6.9862e-11	-1.6031e-11	 1.2603e-10	 1.0097e+08	 2.8814e+02	 3.7754e+03
 1.0087e+00	 3.7351e+03	 3.3668e+01	 1.0730e+02	 6.0182e-11	-1.8323e-11	 4.2240e-10	 1.1721e+08	 2.8815e+02	 3.7812e+03
 1.0000e+06	 3.7787e+03	 1.0395e+00	 8.3817e-05	 4.6608e-11	-2.1987e-08	 1.3042e-11	 1.5135e+08	 2.8815e+02	 3.7878e+03
 3.1646e+05	 3.7787e+03	 1.0387e+00	 1.9820e-03	 3.4877e-10	-6.8118e-09	 1.3032e-11	 2.0225e+07	 2.8815e+02	 3.7903e+03
 1.0014e+05	 3.7787e+03	 1.0402e+00	 5.2593e-03	 2.9287e-10	-2.2408e-09	 1.3051e-11	 2.4086e+07	 2.8815e+02	 3.7929e+03
 3.1691e+04	 3.7787e+03	 1.0433e+00	 1.1157e-02	 1.9660e-10	-7.6307e-10	 1.3089e-11	 3.5879e+07	 2.8816e+02	 3.7955e+03
 1.0029e+04	 3.7787e+03	 1.0491e+00	 2.3820e-02	 1.3283e-10	-2.7382e-10	 1.3162e-11	 5.3103e+07	 2.8815e+02	 3.7980e+03
 3.1737e+03	 3.7787e+03	 1.0540e+00	 6.0248e-02	 1.0632e-10	-9.5320e-11	 1.3224e-11	 6.6344e+07	 2.8815e+02	 3.8007e+03
 1.0043e+03	 3.7787e+03	 1.0656e+00	 1.7529e-01	 9.7895e-11	-3.6635e-11	 1.3369e-11	 7.2056e+07	 2.8815e+02	 3.8034e+03
 3.1783e+02	 3.7787e+03	 1.1065e+00	 5.1394e-01	 9.0829e-11	-1.8822e-11	 1.3882e-11	 7.7662e+07	 2.8815e+02	 3.8059e+03
 1.0058e+02	 3.7787e+03	 1.2308e+00	 1.5054e+00	 8.4191e-11	-1.2906e-11	 1.5441e-11	 8.3785e+07	 2.8815e+02	 3.8087e+03
 3.1829e+01	 3.7787e+03	 1.6621e+00	 4.4380e+00	 7.8547e-11	-1.1718e-11	 2.0853e-11	 8.9806e+07	 2.8815e+02	 3.8119e+03
 1.0072e+01	 3.7787e+03	 3.2989e+00	 1.3046e+01	 7.3066e-11	-1.2876e-11	 4.1388e-11	 9.6542e+07	 2.8815e+02	 3.8151e+03
 3.1874e+00	 3.7787e+03	 9.5811e+00	 3.7343e+01	 6.6187e-11	-1.5209e-11	 1.2021e-10	 1.0658e+08	 2.8815e+02	 3.8194e+03
 1.0087e+00	 3.7787e+03	 3.0874e+01	 1.0129e+02	 5.6811e-11	-1.6756e-11	 3.8735e-10	 1.2416e+08	 2.8815e+02	 3.8251e+03
 1.0000e+06	 3.8226e+03	 1.0393e+00	 5.9877e-05	 3.3295e-11	-2.1874e-08	 1.3040e-11	 2.1186e+08	 2.8815e+02	 3.8322e+03
 3.1646e+05	 3.8226e+03	 1.0385e+00	 1.9877e-03	 3.4976e-10	-6.7722e-09	 1.3029e-11	 2.0168e+07	 2.8815e+02	 3.8347e+03
 1.0014e+05	 3.8226e+03	 1.0400e+00	 5.0313e-03	 2.8018e-10	-2.2255e-09	 1.3048e-11	 2.5177e+07	 2.8815e+02	 3.8374e+03
 3.1691e+04	 3.8226e+03	 1.0429e+00	 1.0673e-02	 1.8807e-10	-7.5567e-10	 1.3084e-11	 3.7506e+07	 2.8815e+02	 3.8400e+03
 1.0029e+04	 3.8226e+03	 1.0487e+00	 2.2715e-02	 1.2667e-10	-2.7145e-10	 1.3157e-11	 5.5686e+07	 2.8815e+02	 3.8428e+03
 3.1737e+03	 3.8226e+03	 1.0536e+00	 5.6686e-02	 1.0004e-10	-9.4550e-11	 1.3218e-11	 7.0512e+07	 2.8815e+02	 3.8454e+03
 1.0043e+03	 3.8226e+03	 1.0647e+00	 1.6448e-01	 9.1860e-11	-3.6142e-11	 1.3358e-11	 7.6790e+07	 2.8815e+02	 3.8481e+03
 3.1783e+02	 3.8226e+03	 1.1018e+00	 4.8207e-01	 8.5197e-11	-1.7991e-11	 1.3823e-11	 8.2796e+07	 2.8815e+02	 3.8506e+03
 1.0058e+02	 3.8226e+03	 1.2141e+00	 1.4136e+00	 7.9061e-11	-1.1976e-11	 1.5233e-11	 8.9221e+07	 2.8814e+02	 3.8531e+03
 3.1829e+01	 3.8226e+03	 1.6146e+00	 4.1529e+00	 7.3501e-11	-1.0877e-11	 2.0257e-11	 9.5971e+07	 2.8814e+02	 3.8562e+03
 1.0072e+01	 3.8226e+03	 3.0757e+00	 1.2222e+01	 6.8455e-11	-1.1626e-11	 3.8588e-11	 1.0304e+08	 2.8815e+02	 3.8592e+03
 3.1874e+00	 3.8226e+03	 8.8778e+00	 3.5171e+01	 6.2337e-11	-1.3963e-11	 1.1138e-10	 1.1316e+08	 2.8814e+02	 3.8637e+03
 1.0087e+00	 3.8226e+03	 2.8756e+01	 9.5424e+01	 5.3522e-11	-1.5568e-11	 3.6078e-10	 1.3180e+08	 2.8815e+02	 3.8696e+03
 1.0000e+06	 3.8671e+03	 1.0392e+00	 2.5267e-05	 1.4050e-11	-2.1811e-08	 1.3038e-11	 5.0206e+08	 2.8815e+02	 3.8763e+03
 3.1646e+05	 3.8671e+03	 1.0383e+00	 1.7869e-03	 3.1445e-10	-6.7413e-09	 1.3027e-11	 2.2433e+07	 2.8815e+02	 3.8790e+03
 1.0014e+05	 3.8671e+03	 1.0397e+00	 4.8691e-03	 2.7114e-10	-2.2129e-09	 1.3045e-11	 2.6016e+07	 2.8815e+02	 3.8815e+03
 3.1691e+04	 3.8671e+03	 1.0425e+00	 1.0272e-02	 1.8101e-10	-7.4928e-10	 1.3080e-11	 3.8969e+07	 2.8814e+02	 3.8843e+03
 1.0029e+04	 3.8671e+03	 1.0483e+00	 2.1743e-02	 1.2126e-10	-2.6909e-10	 1.3152e-11	 5.8174e+07	 2.8815e+02	 3.8868e+03
 3.1737e+03	 3.8671e+03	 1.0532e+00	 5.3506e-02	 9.4425e-11	-9.3872e-11	 1.3214e-11	 7.4704e+07	 2.8814e+02	 3.8893e+03
 1.0043e+03	 3.8671e+03	 1.0640e+00	 1.5486e-01	 8.6486e-11	-3.5765e-11	 1.3350e-11	 8.1562e+07	 2.8815e+02	 3.8919e+03
 3.1783e+02	 3.8671e+03	 1.1007e+00	 4.5270e-01	 8.0007e-11	-1.7792e-11	 1.3809e-11	 8.8167e+07	 2.8815e+02	 3.8944e+03
 1.0058e+02	 3.8671e+03	 1.2110e+00	 1.3205e+00	 7.3854e-11	-1.1798e-11	 1.5193e-11	 9.5513e+07	 2.8814e+02	 3.8971e+03
 3.1829e+01	 3.8671e+03	 1.5796e+00	 3.9050e+00	 6.9113e-11	-1.0257e-11	 1.9817e-11	 1.0206e+08	 2.8815e+02	 3.9001e+03
 1.0072e+01	 3.8671e+03	 2.8951e+00	 1.1565e+01	 6.4775e-11	-1.0614e-11	 3.6322e-11	 1.0890e+08	 2.8814e+02	 3.9032e+03
 3.1874e+00	 3.8671e+03	 8.2333e+00	 3.3859e+01	 6.0011e-11	-1.2820e-11	 1.0330e-10	 1.1754e+08	 2.8814e+02	 3.9079e+03
 1.0087e+00	 3.8671e+03	 2.7359e+01	 9.2064e+01	 5.1638e-11	-1.4785e-11	 3.4325e-10	 1.3660e+08	 2.8814e+02	 3.9135e+03
 1.0000e+06	 3.9110e+03	 1.0391e+00	-1.1028e-04	-6.1320e-11	-2.1743e-08	 1.3037e-11	-1.1503e+08	 2.8815e+02	 3.9205e+03
 3.1646e+05	 3.9110e+03	 1.0381e+00	 1.6605e-03	 2.9220e-10	-6.7083e-09	 1.3024e-11	 2.4141e+07	 2.8815e+02	 3.9230e+03
 1.0014e+05	 3.9110e+03	 1.0395e+00	 4.6218e-03	 2.5737e-10	-2.1976e-09	 1.3041e-11	 2.7408e+07	 2.8815e+02	 3.9254e+03
 3.1691e+04	 3.9110e+03	 1.0422e+00	 9.8992e-03	 1.7445e-10	-7.4280e-10	 1.3075e-11	 4.0436e+07	 2.8815e+02	 3.9282e+03
 1.0029e+04	 3.9110e+03	 1.0478e+00	 2.0840e-02	 1.1622e-10	-2.6676e-10	 1.3146e-11	 6.0695e+07	 2.8815e+02	 3.9307e+03
 3.1737e+03	 3.9110e+03	 1.0527e+00	 5.0652e-02	 8.9388e-11	-9.3065e-11	 1.3208e-11	 7.8914e+07	 2.8815e+02	 3.9336e+03
 1.0043e+03	 3.9110e+03	 1.0620e+00	 1.4618e-01	 8.1639e-11	-3.4646e-11	 1.3324e-11	 8.6404e+07	 2.8815e+02	 3.9362e+03
 3.1783e+02	 3.9110e+03	 1.0936e+00	 4.3014e-01	 7.6019e-11	-1.6551e-11	 1.3721e-11	 9.2792e+07	 2.8815e+02	 3.9387e+03
 1.0058e+02	 3.9110e+03	 1.1940e+00	 1.2596e+00	 7.0446e-11	-1.0851e-11	 1.4980e-11	 1.0013e+08	 2.8815e+02	 3.9412e+03
 3.1829e+01	 3.9110e+03	 1.5338e+00	 3.7203e+00	 6.5844e-11	-9.4482e-12	 1.9244e-11	 1.0713e+08	 2.8815e+02	 3.9442e+03
 1.0072e+01	 3.9110e+03	 2.7685e+00	 1.1025e+01	 6.1751e-11	-9.9049e-12	 3.4734e-11	 1.1423e+08	 2.8815e+02	 3.9473e+03
 3.1874e+00	 3.9110e+03	 7.6567e+00	 3.1777e+01	 5.6322e-11	-1.1798e-11	 9.6062e-11	 1.2524e+08	 2.8815e+02	 3.9519e+03
 1.0087e+00	 3.9110e+03	 2.5966e+01	 8.7477e+01	 4.9065e-11	-1.4003e-11	 3.2578e-10	 1.4377e+08	 2.8815e+02	 3.9575e+03
 1.0000e+06	 3.9550e+03	 1.0389e+00	-1.7931e-04	-9.9705e-11	-2.1659e-08	 1.3035e-11	-7.0748e+07	 2.8815e+02	 3.9645e+03
 3.1646e+05	 3.9550e+03	 1.0380e+00	 1.5878e-03	 2.7941e-10	-6.6810e-09	 1.3022e-11	 2.5246e+07	 2.8815e+02	 3.9669e+03
 1.0014e+05	 3.9550e+03	 1.0392e+00	 4.4309e-03	 2.4674e-10	-2.1847e-09	 1.3038e-11	 2.8589e+07	 2.8814e+02	 3.9698e+03
 3.1691e+04	 3.9550e+03	 1.0418e+00	 9.5283e-03	 1.6791e-10	-7.3644e-10	 1.3070e-11	 4.2010e+07	 2.8814e+02	 3.9724e+03
 1.0029e+04	 3.9550e+03	 1.0475e+00	 2.0004e-02	 1.1156e-10	-2.6465e-10	 1.3142e-11	 6.3232e+07	 2.8815e+02	 3.9750e+03
 3.1737e+03	 3.9550e+03	 1.0524e+00	 4.8071e-02	 8.4834e-11	-9.2492e-11	 1.3204e-11	 8.3151e+07	 2.8814e+02	 3.9776e+03
 1.0043e+03	 3.9550e+03	 1.0615e+00	 1.3792e-01	 7.7026e-11	-3.4370e-11	 1.3318e-11	 9.1579e+07	 2.8814e+02	 3.9804e+03
 3.1783e+02	 3.9550e+03	 1.0923e+00	 4.0533e-01	 7.1635e-11	-1.6311e-11	 1.3704e-11	 9.8471e+07	 2.8814e+02	 3.9829e+03
 1.0058e+02	 3.9550e+03	 1.1899e+00	 1.1836e+00	 6.6198e-11	-1.0622e-11	 1.4929e-11	 1.0656e+08	 2.8814e+02	 3.9853e+03
 3.1829e+01	 3.9550e+03	 1.4956e+00	 3.5146e+00	 6.2204e-11	-8.7707e-12	 1.8764e-11	 1.1340e+08	 2.8814e+02	 3.9883e+03
 1.0072e+01	 3.9550e+03	 2.6404e+00	 1.0412e+01	 5.8314e-11	-9.1873e-12	 3.3126e-11	 1.2097e+08	 2.8814e+02	 3.9914e+03
 3.1874e+00	 3.9550e+03	 7.1801e+00	 3.0387e+01	 5.3857e-11	-1.0954e-11	 9.0082e-11	 1.3097e+08	 2.8814e+02	 3.9959e+03
 1.0087e+00	 3.9550e+03	 2.3973e+01	 8.3562e+01	 4.6869e-11	-1.2886e-11	 3.0077e-10	 1.5050e+08	 2.8815e+02	 4.0016e+03
 1.0000e+06	 3.9991e+03	 1.0388e+00	-1.7752e-04	-9.8712e-11	-2.1558e-08	 1.3033e-11	-7.1460e+07	 2.8815e+02	 4.0084e+03
 3.1646e+05	 3.9991e+03	 1.0378e+00	 1.6001e-03	 2.8157e-10	-6.6529e-09	 1.3020e-11	 2.5053e+07	 2.8815e+02	 4.0109e+03
 1.0014e+05	 3.9991e+03	 1.0390e+00	 4.2647e-03	 2.3749e-10	-2.1722e-09	 1.3036e-11	 2.9702e+07	 2.8816e+02	 4.0136e+03
 3.1691e+04	 3.9991e+03	 1.0415e+00	 9.1600e-03	 1.6142e-10	-7.3095e-10	 1.3067e-11	 4.3700e+07	 2.8816e+02	 4.0162e+03
 1.0029e+04	 3.9991e+03	 1.0471e+00	 1.9254e-02	 1.0737e-10	-2.6251e-10	 1.3137e-11	 6.5695e+07	 2.8816e+02	 4.0188e+03
 3.1737e+03	 3.9991e+03	 1.0520e+00	 4.5709e-02	 8.0665e-11	-9.1743e-11	 1.3198e-11	 8.7447e+07	 2.8816e+02	 4.0213e+03
 1.0043e+03	 3.9991e+03	 1.0607e+00	 1.3063e-01	 7.2952e-11	-3.3872e-11	 1.3307e-11	 9.6693e+07	 2.8816e+02	 4.0240e+03
 3.1783e+02	 3.9991e+03	 1.0900e+00	 3.8404e-01	 6.7872e-11	-1.5903e-11	 1.3675e-11	 1.0393e+08	 2.8816e+02	 4.0265e+03
 1.0058e+02	 3.9991e+03	 1.1799e+00	 1.1241e+00	 6.2867e-11	-1.0064e-11	 1.4804e-11	 1.1221e+08	 2.8816e+02	 4.0289e+03
 3.1829e+01	 3.9991e+03	 1.4750e+00	 3.3194e+00	 5.8748e-11	-8.4064e-12	 1.8505e-11	 1.2007e+08	 2.8816e+02	 4.0347e+03
 1.0072e+01	 3.9991e+03	 2.5325e+00	 9.8401e+00	 5.5113e-11	-8.5831e-12	 3.1773e-11	 1.2799e+08	 2.8816e+02	 4.0377e+03
 3.1874e+00	 3.9991e+03	 6.7026e+00	 2.8880e+01	 5.1187e-11	-1.0107e-11	 8.4092e-11	 1.3781e+08	 2.8816e+02	 4.0419e+03
 1.0087e+00	 3.9991e+03	 2.2819e+01	 7.9383e+01	 4.4525e-11	-1.2238e-11	 2.8630e-10	 1.5843e+08	 2.8816e+02	 4.0476e+03
 1.0000e+06	 4.0451e+03	 1.0387e+00	-2.7459e-04	-1.5269e-10	-2.1524e-08	 1.3032e-11	-4.6198e+07	 2.8815e+02	 4.0543e+03
 3.1646e+05	 4.0451e+03	 1.0376e+00	 1.3767e-03	 2.4226e-10	-6.6248e-09	 1.3018e-11	 2.9117e+07	 2.8815e+02	 4.0570e+03
 1.0014e+05	 4.0451e+03	 1.0388e+00	 4.0977e-03	 2.2819e-10	-2.1612e-09	 1.3033e-11	 3.0913e+07	 2.8815e+02	 4.0594e+03
 3.1691e+04	 4.0451e+03	 1.0412e+00	 8.8352e-03	 1.5570e-10	-7.2520e-10	 1.3062e-11	 4.5306e+07	 2.8815e+02	 4.0624e+03
 1.0029e+04	 4.0451e+03	 1.0467e+00	 1.8540e-02	 1.0339e-10	-2.6021e-10	 1.3132e-11	 6.8226e+07	 2.8815e+02	 4.0648e+03
 3.1737e+03	 4.0451e+03	 1.0517e+00	 4.3404e-02	 7.6598e-11	-9.1195e-11	 1.3194e-11	 9.2091e+07	 2.8815e+02	 4.0677e+03
 1.0043e+03	 4.0451e+03	 1.0596e+00	 1.2336e-01	 6.8893e-11	-3.3273e-11	 1.3294e-11	 1.0239e+08	 2.8815e+02	 4.0704e+03
 3.1783e+02	 4.0451e+03	 1.0855e+00	 3.6375e-01	 6.4287e-11	-1.5103e-11	 1.3618e-11	 1.0973e+08	 2.8814e+02	 4.0728e+03
 1.0058e+02	 4.0451e+03	 1.1678e+00	 1.0675e+00	 5.9702e-11	-9.3843e-12	 1.4651e-11	 1.1815e+08	 2.8814e+02	 4.0752e+03
 3.1829e+01	 4.0451e+03	 1.4358e+00	 3.1578e+00	 5.5888e-11	-7.7129e-12	 1.8014e-11	 1.2622e+08	 2.8814e+02	 4.0809e+03
 1.0072e+01	 4.0451e+03	 2.4415e+00	 9.3697e+00	 5.2478e-11	-8.0737e-12	 3.0632e-11	 1.3442e+08	 2.8814e+02	 4.0839e+03
 3.1874e+00	 4.0451e+03	 6.4028e+00	 2.7470e+01	 4.8689e-11	-9.5760e-12	 8.0330e-11	 1.4488e+08	 2.8814e+02	 4.0880e+03
 1.0087e+00	 4.0451e+03	 2.1863e+01	 7.5946e+01	 4.2597e-11	-1.1702e-11	 2.7429e-10	 1.6560e+08	 2.8814e+02	 4.0926e+03
 1.0000e+06	 4.0901e+03	 1.0385e+00	-2.4017e-04	-1.3355e-10	-2.1415e-08	 1.3029e-11	-5.2819e+07	 2.8815e+02	 4.0998e+03
 3.1646e+05	 4.0901e+03	 1.0375e+00	 1.4442e-03	 2.5413e-10	-6.6025e-09	 1.3017e-11	 2.7757e+07	 2.8814e+02	 4.1025e+03
 1.0014e+05	 4.0901e+03	 1.0386e+00	 3.9787e-03	 2.2156e-10	-2.1522e-09	 1.3031e-11	 3.1838e+07	 2.8815e+02	 4.1050e+03
 3.1691e+04	 4.0901e+03	 1.0409e+00	 8.5488e-03	 1.5065e-10	-7.2027e-10	 1.3059e-11	 4.6824e+07	 2.8815e+02	 4.1076e+03
 1.0029e+04	 4.0901e+03	 1.0463e+00	 1.7865e-02	 9.9625e-11	-2.5818e-10	 1.3127e-11	 7.0805e+07	 2.8815e+02	 4.1102e+03
 3.1737e+03	 4.0901e+03	 1.0513e+00	 4.1285e-02	 7.2858e-11	-9.0523e-11	 1.3190e-11	 9.6818e+07	 2.8815e+02	 4.1128e+03
 1.0043e+03	 4.0901e+03	 1.0587e+00	 1.1697e-01	 6.5325e-11	-3.2774e-11	 1.3282e-11	 1.0798e+08	 2.8815e+02	 4.1154e+03
 3.1783e+02	 4.0901e+03	 1.0824e+00	 3.4549e-01	 6.1058e-11	-1.4556e-11	 1.3579e-11	 1.1553e+08	 2.8815e+02	 4.1179e+03
 1.0058e+02	 4.0901e+03	 1.1588e+00	 1.0154e+00	 5.6786e-11	-8.8798e-12	 1.4538e-11	 1.2422e+08	 2.8816e+02	 4.1205e+03
 3.1829e+01	 4.0901e+03	 1.4095e+00	 2.9943e+00	 5.2995e-11	-7.2474e-12	 1.7684e-11	 1.3310e+08	 2.8816e+02	 4.1263e+03
 1.0072e+01	 4.0901e+03	 2.3110e+00	 8.9303e+00	 5.0017e-11	-7.3427e-12	 2.8994e-11	 1.4103e+08	 2.8816e+02	 4.1294e+03
 3.1874e+00	 4.0901e+03	 5.9949e+00	 2.6441e+01	 4.6865e-11	-8.8530e-12	 7.5212e-11	 1.5052e+08	 2.8816e+02	 4.1335e+03
 1.0087e+00	 4.0901e+03	 1.9146e+01	 7.2634e+01	 4.0740e-11	-1.0178e-11	 2.4021e-10	 1.7315e+08	 2.8815e+02	 4.1381e+03
 1.0000e+06	 4.1356e+03	 1.0385e+00	-2.1552e-04	-1.1984e-10	-2.1387e-08	 1.3029e-11	-5.8859e+07	 2.8815e+02	 4.1439e+03
 3.1646e+05	 4.1356e+03	 1.0374e+00	 1.2688e-03	 2.2327e-10	-6.5775e-09	 1.3015e-11	 3.1594e+07	 2.8815e+02	 4.1463e+03
 1.0014e+05	 4.1356e+03	 1.0384e+00	 3.7941e-03	 2.1128e-10	-2.1405e-09	 1.3028e-11	 3.3387e+07	 2.8815e+02	 4.1488e+03
 3.1691e+04	 4.1356e+03	 1.0406e+00	 8.2408e-03	 1.4522e-10	-7.1511e-10	 1.3055e-11	 4.8574e+07	 2.8814e+02	 4.1514e+03
 1.0029e+04	 4.1356e+03	 1.0459e+00	 1.7271e-02	 9.6313e-11	-2.5617e-10	 1.3122e-11	 7.3240e+07	 2.8815e+02	 4.1539e+03
 3.1737e+03	 4.1356e+03	 1.0510e+00	 3.9466e-02	 6.9648e-11	-9.0018e-11	 1.3186e-11	 1.0128e+08	 2.8815e+02	 4.1566e+03
 1.0043e+03	 4.1356e+03	 1.0580e+00	 1.1111e-01	 6.2053e-11	-3.2389e-11	 1.3274e-11	 1.1368e+08	 2.8814e+02	 4.1592e+03
 3.1783e+02	 4.1356e+03	 1.0799e+00	 3.2847e-01	 5.8052e-11	-1.4129e-11	 1.3549e-11	 1.2151e+08	 2.8814e+02	 4.1619e+03
 1.0058e+02	 4.1356e+03	 1.1502e+00	 9.6762e-01	 5.4117e-11	-8.3988e-12	 1.4430e-11	 1.3035e+08	 2.8815e+02	 4.1644e+03
 3.1829e+01	 4.1356e+03	 1.3747e+00	 2.8718e+00	 5.0827e-11	-6.6319e-12	 1.7247e-11	 1.3878e+08	 2.8814e+02	 4.1700e+03
 1.0072e+01	 4.1356e+03	 2.2264e+00	 8.5546e+00	 4.7913e-11	-6.8688e-12	 2.7933e-11	 1.4722e+08	 2.8814e+02	 4.1731e+03
 3.1874e+00	 4.1356e+03	 5.7126e+00	 2.5084e+01	 4.4460e-11	-8.3527e-12	 7.1671e-11	 1.5866e+08	 2.8815e+02	 4.1772e+03
 1.0087e+00	 4.1356e+03	 1.9191e+01	 6.9131e+01	 3.8775e-11	-1.0203e-11	 2.4077e-10	 1.8192e+08	 2.8814e+02	 4.1818e+03
 1.0000e+06	 4.1793e+03	 1.0383e+00	-2.5491e-04	-1.4174e-10	-2.1307e-08	 1.3027e-11	-4.9766e+07	 2.8814e+02	 4.1872e+03
 3.1646e+05	 4.1793e+03	 1.0373e+00	 1.2258e-03	 2.1571e-10	-6.5559e-09	 1.3014e-11	 3.2701e+07	 2.8814e+02	 4.1897e+03
 1.0014e+05	 4.1793e+03	 1.0383e+00	 3.6600e-03	 2.0381e-10	-2.1317e-09	 1.3026e-11	 3.4610e+07	 2.8815e+02	 4.1922e+03
 3.1691e+04	 4.1793e+03	 1.0403e+00	 7.9630e-03	 1.4033e-10	-7.1092e-10	 1.3052e-11	 5.0268e+07	 2.8814e+02	 4.1949e+03
 1.0029e+04	 4.1793e+03	 1.0456e+00	 1.6724e-02	 9.3263e-11	-2.5434e-10	 1.3118e-11	 7.5635e+07	 2.8815e+02	 4.1974e+03
 3.1737e+03	 4.1793e+03	 1.0507e+00	 3.7732e-02	 6.6589e-11	-8.9531e-11	 1.3183e-11	 1.0593e+08	 2.8815e+02	 4.2001e+03
 1.0043e+03	 4.1793e+03	 1.0574e+00	 1.0569e-01	 5.9023e-11	-3.2057e-11	 1.3266e-11	 1.1951e+08	 2.8815e+02	 4.2027e+03
 3.1783e+02	 4.1793e+03	 1.0780e+00	 3.1246e-01	 5.5221e-11	-1.3783e-11	 1.3525e-11	 1.2774e+08	 2.8815e+02	 4.2055e+03
 1.0058e+02	 4.1793e+03	 1.1434e+00	 9.2259e-01	 5.1598e-11	-8.0175e-12	 1.4345e-11	 1.3671e+08	 2.8815e+02	 4.2082e+03
 3.1829e+01	 4.1793e+03	 1.3509e+00	 2.7414e+00	 4.8519e-11	-6.2108e-12	 1.6949e-11	 1.4539e+08	 2.8815e+02	 4.2140e+03
 1.0072e+01	 4.1793e+03	 2.1473e+00	 8.1700e+00	 4.5759e-11	-6.4259e-12	 2.6940e-11	 1.5416e+08	 2.8815e+02	 4.2170e+03
 3.1874e+00	 4.1793e+03	 5.4360e+00	 2.3911e+01	 4.2380e-11	-7.8625e-12	 6.8201e-11	 1.6645e+08	 2.8815e+02	 4.2214e+03
 1.0087e+00	 4.1793e+03	 1.7869e+01	 6.6560e+01	 3.7333e-11	-9.4618e-12	 2.2419e-10	 1.8895e+08	 2.8815e+02	 4.2259e+03
 1.0000e+06	 4.2234e+03	 1.0382e+00	-3.6089e-04	-2.0067e-10	-2.1253e-08	 1.3026e-11	-3.5151e+07	 2.8815e+02	 4.2314e+03
 3.1646e+05	 4.2234e+03	 1.0371e+00	 1.1290e-03	 1.9866e-10	-6.5354e-09	 1.3012e-11	 3.5507e+07	 2.8815e+02	 4.2338e+03
 1.0014e+05	 4.2234e+03	 1.0381e+00	 3.5168e-03	 1.9584e-10	-2.1229e-09	 1.3024e-11	 3.6019e+07	 2.8814e+02	 4.2363e+03
 3.1691e+04	 4.2234e+03	 1.0401e+00	 7.7021e-03	 1.3573e-10	-7.0588e-10	 1.3049e-11	 5.1971e+07	 2.8815e+02	 4.2389e+03
 1.0029e+04	 4.2234e+03	 1.0453e+00	 1.6186e-02	 9.0265e-11	-2.5237e-10	 1.3114e-11	 7.8147e+07	 2.8814e+02	 4.2416e+03
 3.1737e+03	 4.2234e+03	 1.0504e+00	 3.6153e-02	 6.3802e-11	-8.9032e-11	 1.3179e-11	 1.1056e+08	 2.8815e+02	 4.2442e+03
 1.0043e+03	 4.2234e+03	 1.0569e+00	 1.0055e-01	 5.6157e-11	-3.1786e-11	 1.3260e-11	 1.2561e+08	 2.8815e+02	 4.2469e+03
 3.1783e+02	 4.2234e+03	 1.0763e+00	 2.9729e-01	 5.2540e-11	-1.3490e-11	 1.3504e-11	 1.3426e+08	 2.8815e+02	 4.2494e+03
 1.0058e+02	 4.2234e+03	 1.1400e+00	 8.7624e-01	 4.9006e-11	-7.8303e-12	 1.4303e-11	 1.4394e+08	 2.8815e+02	 4.2519e+03
 3.1829e+01	 4.2234e+03	 1.3288e+00	 2.6193e+00	 4.6358e-11	-5.8190e-12	 1.6671e-11	 1.5216e+08	 2.8815e+02	 4.2578e+03
 1.0072e+01	 4.2234e+03	 2.0524e+00	 7.8092e+00	 4.3738e-11	-5.8944e-12	 2.5750e-11	 1.6128e+08	 2.8814e+02	 4.2608e+03
 3.1874e+00	 4.2234e+03	 5.0663e+00	 2.2788e+01	 4.0390e-11	-7.2072e-12	 6.3563e-11	 1.7465e+08	 2.8815e+02	 4.2651e+03
 1.0087e+00	 4.2234e+03	 1.7219e+01	 6.3260e+01	 3.5482e-11	-9.0972e-12	 2.1603e-10	 1.9881e+08	 2.8815e+02	 4.2697e+03
 1.0000e+06	 4.2672e+03	 1.0381e+00	-4.1086e-04	-2.2847e-10	-2.1205e-08	 1.3025e-11	-3.0875e+07	 2.8815e+02	 4.2756e+03
 3.1646e+05	 4.2672e+03	 1.0371e+00	 1.1307e-03	 1.9897e-10	-6.5204e-09	 1.3011e-11	 3.5452e+07	 2.8815e+02	 4.2780e+03
 1.0014e+05	 4.2672e+03	 1.0380e+00	 3.3888e-03	 1.8871e-10	-2.1146e-09	 1.3023e-11	 3.7379e+07	 2.8815e+02	 4.2805e+03
 3.1691e+04	 4.2672e+03	 1.0398e+00	 7.4348e-03	 1.3102e-10	-7.0200e-10	 1.3046e-11	 5.3840e+07	 2.8815e+02	 4.2834e+03
 1.0029e+04	 4.2672e+03	 1.0449e+00	 1.5682e-02	 8.7455e-11	-2.5058e-10	 1.3110e-11	 8.0658e+07	 2.8815e+02	 4.2859e+03
 3.1737e+03	 4.2672e+03	 1.0502e+00	 3.4662e-02	 6.1170e-11	-8.8541e-11	 1.3176e-11	 1.1532e+08	 2.8815e+02	 4.2887e+03
 1.0043e+03	 4.2672e+03	 1.0563e+00	 9.5708e-02	 5.3450e-11	-3.1454e-11	 1.3253e-11	 1.3197e+08	 2.8815e+02	 4.2913e+03
 3.1783e+02	 4.2672e+03	 1.0744e+00	 2.8309e-01	 5.0030e-11	-1.3143e-11	 1.3479e-11	 1.4099e+08	 2.8815e+02	 4.2938e+03
 1.0058e+02	 4.2672e+03	 1.1337e+00	 8.3530e-01	 4.6717e-11	-7.4799e-12	 1.4224e-11	 1.5099e+08	 2.8815e+02	 4.2964e+03
 3.1829e+01	 4.2672e+03	 1.3217e+00	 2.4777e+00	 4.3852e-11	-5.6938e-12	 1.6582e-11	 1.6086e+08	 2.8815e+02	 4.3025e+03
 1.0072e+01	 4.2672e+03	 2.0350e+00	 7.3651e+00	 4.1251e-11	-5.7969e-12	 2.5532e-11	 1.7100e+08	 2.8815e+02	 4.3055e+03
 3.1874e+00	 4.2672e+03	 4.9225e+00	 2.1549e+01	 3.8194e-11	-6.9523e-12	 6.1758e-11	 1.8469e+08	 2.8814e+02	 4.3098e+03
 1.0087e+00	 4.2672e+03	 1.6088e+01	 6.0346e+01	 3.3847e-11	-8.4625e-12	 2.0184e-10	 2.0841e+08	 2.8815e+02	 4.3144e+03
 1.0000e+06	 4.3119e+03	 1.0381e+00	-4.0108e-04	-2.2303e-10	-2.1214e-08	 1.3025e-11	-3.1628e+07	 2.8814e+02	 4.3200e+03
 3.1646e+05	 4.3119e+03	 1.0369e+00	 9.8331e-04	 1.7303e-10	-6.4968e-09	 1.3009e-11	 4.0767e+07	 2.8815e+02	 4.3225e+03
 1.0014e+05	 4.3119e+03	 1.0379e+00	 3.2698e-03	 1.8209e-10	-2.1077e-09	 1.3021e-11	 3.8740e+07	 2.8815e+02	 4.3250e+03
 3.1691e+04	 4.3119e+03	 1.0396e+00	 7.1753e-03	 1.2645e-10	-6.9773e-10	 1.3043e-11	 5.5786e+07	 2.8815e+02	 4.3279e+03
 1.0029e+04	 4.3119e+03	 1.0446e+00	 1.5173e-02	 8.4617e-11	-2.4862e-10	 1.3105e-11	 8.3363e+07	 2.8815e+02	 4.3304e+03
 3.1737e+03	 4.3119e+03	 1.0499e+00	 3.3248e-02	 5.8674e-11	-8.8089e-11	 1.3172e-11	 1.2022e+08	 2.8815e+02	 4.3332e+03
 1.0043e+03	 4.3119e+03	 1.0559e+00	 9.1122e-02	 5.0889e-11	-3.1246e-11	 1.3248e-11	 1.3861e+08	 2.8816e+02	 4.3358e+03
 3.1783e+02	 4.3119e+03	 1.0734e+00	 2.6924e-01	 4.7584e-11	-1.2972e-11	 1.3467e-11	 1.4824e+08	 2.8815e+02	 4.3383e+03
 1.0058e+02	 4.3119e+03	 1.1294e+00	 7.9510e-01	 4.4468e-11	-7.2387e-12	 1.4170e-11	 1.5863e+08	 2.8815e+02	 4.3409e+03
 3.1829e+01	 4.3119e+03	 1.3000e+00	 2.3607e+00	 4.1781e-11	-5.3093e-12	 1.6310e-11	 1.6883e+08	 2.8815e+02	 4.3439e+03
 1.0072e+01	 4.3119e+03	 1.9472e+00	 7.0620e+00	 3.9553e-11	-5.3049e-12	 2.4429e-11	 1.7834e+08	 2.8815e+02	 4.3470e+03
 3.1874e+00	 4.3119e+03	 4.5977e+00	 2.0714e+01	 3.6715e-11	-6.3767e-12	 5.7684e-11	 1.9213e+08	 2.8815e+02	 4.3511e+03
 1.0087e+00	 4.3119e+03	 1.5721e+01	 5.8347e+01	 3.2726e-11	-8.2571e-12	 1.9724e-10	 2.1554e+08	 2.8815e+02	 4.3557e+03
 1.0000e+06	 4.3532e+03	 1.0380e+00	-4.8164e-04	-2.6782e-10	-2.1157e-08	 1.3024e-11	-2.6338e+07	 2.8815e+02	 4.3611e+03
 3.1646e+05	 4.3532e+03	 1.0368e+00	 9.6049e-04	 1.6902e-10	-6.4799e-09	 1.3008e-11	 4.1736e+07	 2.8815e+02	 4.3638e+03
 1.0014e+05	 4.3532e+03	 1.0377e+00	 3.1739e-03	 1.7674e-10	-2.0988e-09	 1.3019e-11	 3.9911e+07	 2.8815e+02	 4.3663e+03
 3.1691e+04	 4.3532e+03	 1.0394e+00	 6.9626e-03	 1.2270e-10	-6.9407e-10	 1.3040e-11	 5.7491e+07	 2.8815e+02	 4.3689e+03
 1.0029e+04	 4.3532e+03	 1.0443e+00	 1.4766e-02	 8.2345e-11	-2.4711e-10	 1.3102e-11	 8.5664e+07	 2.8815e+02	 4.3713e+03
 3.1737e+03	 4.3532e+03	 1.0496e+00	 3.2065e-02	 5.6587e-11	-8.7616e-11	 1.3169e-11	 1.2466e+08	 2.8815e+02	 4.3739e+03
 1.0043e+03	 4.3532e+03	 1.0555e+00	 8.7143e-02	 4.8667e-11	-3.0978e-11	 1.3242e-11	 1.4494e+08	 2.8815e+02	 4.3766e+03
 3.1783e+02	 4.3532e+03	 1.0712e+00	 2.5745e-01	 4.5500e-11	-1.2581e-11	 1.3439e-11	 1.5503e+08	 2.8816e+02	 4.3790e+03
 1.0058e+02	 4.3532e+03	 1.1243e+00	 7.6151e-01	 4.2589e-11	-6.9521e-12	 1.4106e-11	 1.6563e+08	 2.8815e+02	 4.3819e+03
 3.1829e+01	 4.3532e+03	 1.2854e+00	 2.2624e+00	 4.0042e-11	-5.0517e-12	 1.6127e-11	 1.7616e+08	 2.8815e+02	 4.3847e+03
 1.0072e+01	 4.3532e+03	 1.9182e+00	 6.7564e+00	 3.7842e-11	-5.1428e-12	 2.4066e-11	 1.8641e+08	 2.8815e+02	 4.3879e+03
 3.1874e+00	 4.3532e+03	 4.4754e+00	 1.9858e+01	 3.5197e-11	-6.1599e-12	 5.6149e-11	 2.0041e+08	 2.8815e+02	 4.3920e+03
 1.0087e+00	 4.3532e+03	 1.3857e+01	 5.6079e+01	 3.1454e-11	-7.2115e-12	 1.7385e-10	 2.2426e+08	 2.8815e+02	 4.3969e+03
 1.0000e+06	 4.3944e+03	 1.0379e+00	-4.2975e-04	-2.3897e-10	-2.1074e-08	 1.3022e-11	-2.9519e+07	 2.8814e+02	 4.4025e+03
 3.1646e+05	 4.3944e+03	 1.0367e+00	 1.0473e-03	 1.8430e-10	-6.4667e-09	 1.3007e-11	 3.8275e+07	 2.8815e+02	 4.4050e+03
 1.0014e+05	 4.3944e+03	 1.0376e+00	 3.0480e-03	 1.6973e-10	-2.0935e-09	 1.3018e-11	 4.1559e+07	 2.8815e+02	 4.4075e+03
 3.1691e+04	 4.3944e+03	 1.0392e+00	 6.7379e-03	 1.1874e-10	-6.9022e-10	 1.3038e-11	 5.9408e+07	 2.8815e+02	 4.4101e+03
 1.0029e+04	 4.3944e+03	 1.0440e+00	 1.4353e-02	 8.0039e-11	-2.4537e-10	 1.3098e-11	 8.8131e+07	 2.8815e+02	 4.4129e+03
 3.1737e+03	 4.3944e+03	 1.0494e+00	 3.0847e-02	 5.4439e-11	-8.7252e-11	 1.3166e-11	 1.2958e+08	 2.8815e+02	 4.4154e+03
 1.0043e+03	 4.3944e+03	 1.0551e+00	 8.3232e-02	 4.6483e-11	-3.0758e-11	 1.3237e-11	 1.5175e+08	 2.8815e+02	 4.4184e+03
 3.1783e+02	 4.3944e+03	 1.0701e+00	 2.4575e-01	 4.3432e-11	-1.2383e-11	 1.3425e-11	 1.6241e+08	 2.8815e+02	 4.4210e+03
 1.0058e+02	 4.3944e+03	 1.1199e+00	 7.2704e-01	 4.0661e-11	-6.7080e-12	 1.4051e-11	 1.7348e+08	 2.8815e+02	 4.4237e+03
 3.1829e+01	 4.3944e+03	 1.2702e+00	 2.1611e+00	 3.8248e-11	-4.7829e-12	 1.5937e-11	 1.8442e+08	 2.8815e+02	 4.4267e+03
 1.0072e+01	 4.3944e+03	 1.8511e+00	 6.4758e+00	 3.6270e-11	-4.7666e-12	 2.3224e-11	 1.9448e+08	 2.8815e+02	 4.4299e+03
 3.1874e+00	 4.3944e+03	 4.2646e+00	 1.9054e+01	 3.3772e-11	-5.7863e-12	 5.3505e-11	 2.0887e+08	 2.8815e+02	 4.4341e+03
 1.0087e+00	 4.3944e+03	 1.3928e+01	 5.4074e+01	 3.0330e-11	-7.2513e-12	 1.7475e-10	 2.3257e+08	 2.8815e+02	 4.4387e+03
 1.0000e+06	 4.4362e+03	 1.0378e+00	-5.6099e-04	-3.1194e-10	-2.1042e-08	 1.3021e-11	-2.2613e+07	 2.8815e+02	 4.4442e+03
 3.1646e+05	 4.4362e+03	 1.0367e+00	 9.4252e-04	 1.6585e-10	-6.4552e-09	 1.3006e-11	 4.2531e+07	 2.8815e+02	 4.4469e+03
 1.0014e+05	 4.4362e+03	 1.0375e+00	 2.9391e-03	 1.6367e-10	-2.0857e-09	 1.3016e-11	 4.3099e+07	 2.8815e+02	 4.4494e+03
 3.1691e+04	 4.4362e+03	 1.0390e+00	 6.5391e-03	 1.1523e-10	-6.8714e-10	 1.3035e-11	 6.1215e+07	 2.8815e+02	 4.4521e+03
 1.0029e+04	 4.4362e+03	 1.0437e+00	 1.3929e-02	 7.7679e-11	-2.4369e-10	 1.3094e-11	 9.0809e+07	 2.8814e+02	 4.4547e+03
 3.1737e+03	 4.4362e+03	 1.0491e+00	 2.9692e-02	 5.2399e-11	-8.6718e-11	 1.3163e-11	 1.3462e+08	 2.8815e+02	 4.4574e+03
 1.0043e+03	 4.4362e+03	 1.0547e+00	 7.9544e-02	 4.4423e-11	-3.0524e-11	 1.3232e-11	 1.5879e+08	 2.8814e+02	 4.4600e+03
 3.1783e+02	 4.4362e+03	 1.0687e+00	 2.3497e-01	 4.1527e-11	-1.2147e-11	 1.3408e-11	 1.6986e+08	 2.8815e+02	 4.4624e+03
 1.0058e+02	 4.4362e+03	 1.1181e+00	 6.9484e-01	 3.8861e-11	-6.6037e-12	 1.4028e-11	 1.8152e+08	 2.8815e+02	 4.4652e+03
 3.1829e+01	 4.4362e+03	 1.2635e+00	 2.0632e+00	 3.6516e-11	-4.6643e-12	 1.5853e-11	 1.9318e+08	 2.8815e+02	 4.4682e+03
 1.0072e+01	 4.4362e+03	 1.8046e+00	 6.2090e+00	 3.4776e-11	-4.5063e-12	 2.2641e-11	 2.0284e+08	 2.8815e+02	 4.4715e+03
 3.1874e+00	 4.4362e+03	 4.0960e+00	 1.8230e+01	 3.2311e-11	-5.4875e-12	 5.1390e-11	 2.1831e+08	 2.8815e+02	 4.4758e+03
 1.0087e+00	 4.4362e+03	 1.3151e+01	 5.1529e+01	 2.8902e-11	-6.8155e-12	 1.6500e-10	 2.4406e+08	 2.8814e+02	 4.4804e+03
 1.0000e+06	 4.4779e+03	 1.0378e+00	-5.1916e-04	-2.8869e-10	-2.1043e-08	 1.3021e-11	-2.4435e+07	 2.8815e+02	 4.4862e+03
 3.1646e+05	 4.4779e+03	 1.0366e+00	 8.2175e-04	 1.4460e-10	-6.4369e-09	 1.3005e-11	 4.8782e+07	 2.8815e+02	 4.4887e+03
 1.0014e+05	 4.4779e+03	 1.0374e+00	 2.8570e-03	 1.5910e-10	-2.0800e-09	 1.3015e-11	 4.4338e+07	 2.8814e+02	 4.4915e+03
 3.1691e+04	 4.4779e+03	 1.0388e+00	 6.3049e-03	 1.1111e-10	-6.8342e-10	 1.3033e-11	 6.3489e+07	 2.8814e+02	 4.4941e+03
 1.0029e+04	 4.4779e+03	 1.0434e+00	 1.3519e-02	 7.5392e-11	-2.4212e-10	 1.3091e-11	 9.3564e+07	 2.8815e+02	 4.4969e+03
 3.1737e+03	 4.4779e+03	 1.0489e+00	 2.8645e-02	 5.0552e-11	-8.6228e-11	 1.3159e-11	 1.3954e+08	 2.8814e+02	 4.4995e+03
 1.0043e+03	 4.4779e+03	 1.0542e+00	 7.5927e-02	 4.2403e-11	-3.0290e-11	 1.3227e-11	 1.6636e+08	 2.8814e+02	 4.5023e+03
 3.1783e+02	 4.4779e+03	 1.0668e+00	 2.2433e-01	 3.9646e-11	-1.1802e-11	 1.3384e-11	 1.7792e+08	 2.8814e+02	 4.5048e+03
 1.0058e+02	 4.4779e+03	 1.1109e+00	 6.6615e-01	 3.7256e-11	-6.2047e-12	 1.3938e-11	 1.8934e+08	 2.8814e+02	 4.5077e+03
 3.1829e+01	 4.4779e+03	 1.2470e+00	 1.9774e+00	 3.4997e-11	-4.3716e-12	 1.5645e-11	 2.0156e+08	 2.8814e+02	 4.5108e+03
 1.0072e+01	 4.4779e+03	 1.7560e+00	 5.9281e+00	 3.3202e-11	-4.2341e-12	 2.2031e-11	 2.1245e+08	 2.8814e+02	 4.5140e+03
 3.1874e+00	 4.4779e+03	 3.9050e+00	 1.7489e+01	 3.0998e-11	-5.1489e-12	 4.8993e-11	 2.2756e+08	 2.8815e+02	 4.5181e+03
 1.0087e+00	 4.4779e+03	 1.2558e+01	 4.9154e+01	 2.7570e-11	-6.4826e-12	 1.5755e-10	 2.5586e+08	 2.8815e+02	 4.5229e+03
 1.0000e+06	 4.5204e+03	 1.0377e+00	-5.2149e-04	-2.8998e-10	-2.0975e-08	 1.3019e-11	-2.4325e+07	 2.8814e+02	 4.5282e+03
 3.1646e+05	 4.5204e+03	 1.0365e+00	 8.8767e-04	 1.5620e-10	-6.4252e-09	 1.3004e-11	 4.5159e+07	 2.8815e+02	 4.5310e+03
 1.0014e+05	 4.5204e+03	 1.0372e+00	 2.7730e-03	 1.5442e-10	-2.0742e-09	 1.3013e-11	 4.5680e+07	 2.8815e+02	 4.5335e+03
 3.1691e+04	 4.5204e+03	 1.0386e+00	 6.1087e-03	 1.0765e-10	-6.8045e-10	 1.3031e-11	 6.5527e+07	 2.8815e+02	 4.5361e+03
 1.0029e+04	 4.5204e+03	 1.0431e+00	 1.3145e-02	 7.3303e-11	-2.4047e-10	 1.3087e-11	 9.6230e+07	 2.8815e+02	 4.5385e+03
 3.1737e+03	 4.5204e+03	 1.0486e+00	 2.7566e-02	 4.8647e-11	-8.5773e-11	 1.3156e-11	 1.4500e+08	 2.8815e+02	 4.5411e+03
 1.0043e+03	 4.5204e+03	 1.0540e+00	 7.2682e-02	 4.0591e-11	-3.0155e-11	 1.3224e-11	 1.7378e+08	 2.8815e+02	 4.5438e+03
 3.1783e+02	 4.5204e+03	 1.0665e+00	 2.1437e-01	 3.7886e-11	-1.1760e-11	 1.3381e-11	 1.8619e+08	 2.8815e+02	 4.5462e+03
 1.0058e+02	 4.5204e+03	 1.1104e+00	 6.3484e-01	 3.5505e-11	-6.1766e-12	 1.3932e-11	 1.9867e+08	 2.8815e+02	 4.5488e+03
 3.1829e+01	 4.5204e+03	 1.2337e+00	 1.8971e+00	 3.3575e-11	-4.1361e-12	 1.5478e-11	 2.1009e+08	 2.8815e+02	 4.5516e+03
 1.0072e+01	 4.5204e+03	 1.7148e+00	 5.6991e+00	 3.1920e-11	-4.0032e-12	 2.1514e-11	 2.2099e+08	 2.8816e+02	 4.5547e+03
 3.1874e+00	 4.5204e+03	 3.7599e+00	 1.6829e+01	 2.9828e-11	-4.8917e-12	 4.7173e-11	 2.3649e+08	 2.8815e+02	 4.5587e+03
 1.0087e+00	 4.5204e+03	 1.1850e+01	 4.7578e+01	 2.6686e-11	-6.0857e-12	 1.4867e-10	 2.6433e+08	 2.8815e+02	 4.5633e+03
 1.0000e+06	 4.5608e+03	 1.0376e+00	-5.0944e-04	-2.8328e-10	-2.0931e-08	 1.3018e-11	-2.4901e+07	 2.8815e+02	 4.5686e+03
 3.1646e+05	 4.5608e+03	 1.0365e+00	 8.5675e-04	 1.5076e-10	-6.4151e-09	 1.3004e-11	 4.6789e+07	 2.8815e+02	 4.5714e+03
 1.0014e+05	 4.5608e+03	 1.0372e+00	 2.6547e-03	 1.4783e-10	-2.0689e-09	 1.3012e-11	 4.7716e+07	 2.8815e+02	 4.5739e+03
 3.1691e+04	 4.5608e+03	 1.0385e+00	 5.8970e-03	 1.0392e-10	-6.7764e-10	 1.3029e-11	 6.7879e+07	 2.8815e+02	 4.5767e+03
 1.0029e+04	 4.5608e+03	 1.0429e+00	 1.2780e-02	 7.1271e-11	-2.3899e-10	 1.3084e-11	 9.8973e+07	 2.8815e+02	 4.5792e+03
 3.1737e+03	 4.5608e+03	 1.0484e+00	 2.6686e-02	 4.7095e-11	-8.5458e-11	 1.3154e-11	 1.4978e+08	 2.8815e+02	 4.5817e+03
 1.0043e+03	 4.5608e+03	 1.0537e+00	 6.9656e-02	 3.8901e-11	-2.9968e-11	 1.3219e-11	 1.8133e+08	 2.8815e+02	 4.5844e+03
 3.1783e+02	 4.5608e+03	 1.0649e+00	 2.0531e-01	 3.6285e-11	-1.1462e-11	 1.3360e-11	 1.9440e+08	 2.8815e+02	 4.5868e+03
 1.0058e+02	 4.5608e+03	 1.1030e+00	 6.1070e-01	 3.4155e-11	-5.7626e-12	 1.3839e-11	 2.0653e+08	 2.8815e+02	 4.5895e+03
 3.1829e+01	 4.5608e+03	 1.2193e+00	 1.8241e+00	 3.2283e-11	-3.8820e-12	 1.5298e-11	 2.1850e+08	 2.8814e+02	 4.5924e+03
 1.0072e+01	 4.5608e+03	 1.6768e+00	 5.4612e+00	 3.0587e-11	-3.7904e-12	 2.1037e-11	 2.3062e+08	 2.8814e+02	 4.5958e+03
 3.1874e+00	 4.5608e+03	 3.5720e+00	 1.6125e+01	 2.8580e-11	-4.5586e-12	 4.4814e-11	 2.4682e+08	 2.8814e+02	 4.6000e+03
 1.0087e+00	 4.5608e+03	 1.1317e+01	 4.5505e+01	 2.5523e-11	-5.7870e-12	 1.4199e-10	 2.7637e+08	 2.8814e+02	 4.6047e+03
 1.0000e+06	 4.6022e+03	 1.0376e+00	-4.8863e-04	-2.7171e-10	-2.0933e-08	 1.3018e-11	-2.5962e+07	 2.8814e+02	 4.6102e+03
 3.1646e+05	 4.6022e+03	 1.0364e+00	 7.4600e-04	 1.3127e-10	-6.4010e-09	 1.3003e-11	 5.3735e+07	 2.8814e+02	 4.6129e+03
 1.0014e+05	 4.6022e+03	 1.0371e+00	 2.5454e-03	 1.4174e-10	-2.0635e-09	 1.3011e-11	 4.9766e+07	 2.8814e+02	 4.6153e+03
 3.1691e+04	 4.6022e+03	 1.0383e+00	 5.7191e-03	 1.0078e-10	-6.7476e-10	 1.3027e-11	 6.9991e+07	 2.8814e+02	 4.6180e+03
 1.0029e+04	 4.6022e+03	 1.0426e+00	 1.2453e-02	 6.9449e-11	-2.3747e-10	 1.3080e-11	 1.0157e+08	 2.8815e+02	 4.6205e+03
 3.1737e+03	 4.6022e+03	 1.0481e+00	 2.5781e-02	 4.5498e-11	-8.4920e-11	 1.3150e-11	 1.5504e+08	 2.8815e+02	 4.6230e+03
 1.0043e+03	 4.6022e+03	 1.0534e+00	 6.6782e-02	 3.7296e-11	-2.9823e-11	 1.3216e-11	 1.8914e+08	 2.8815e+02	 4.6257e+03
 3.1783e+02	 4.6022e+03	 1.0645e+00	 1.9659e-01	 3.4743e-11	-1.1397e-11	 1.3355e-11	 2.0303e+08	 2.8815e+02	 4.6281e+03
 1.0058e+02	 4.6022e+03	 1.1045e+00	 5.8291e-01	 3.2601e-11	-5.8455e-12	 1.3857e-11	 2.1637e+08	 2.8814e+02	 4.6309e+03
 3.1829e+01	 4.6022e+03	 1.2232e+00	 1.7302e+00	 3.0622e-11	-3.9500e-12	 1.5346e-11	 2.3035e+08	 2.8815e+02	 4.6340e+03
 1.0072e+01	 4.6022e+03	 1.6504e+00	 5.1994e+00	 2.9121e-11	-3.6425e-12	 2.0706e-11	 2.4223e+08	 2.8814e+02	 4.6369e+03
 3.1874e+00	 4.6022e+03	 3.4614e+00	 1.5393e+01	 2.7283e-11	-4.3626e-12	 4.3427e-11	 2.5854e+08	 2.8815e+02	 4.6411e+03
 1.0087e+00	 4.6022e+03	 1.0836e+01	 4.4258e+01	 2.4824e-11	-5.5167e-12	 1.3595e-10	 2.8416e+08	 2.8815e+02	 4.6459e+03
 1.0000e+06	 4.6434e+03	 1.0376e+00	-5.5106e-04	-3.0642e-10	-2.0907e-08	 1.3018e-11	-2.3020e+07	 2.8815e+02	 4.6514e+03
 3.1646e+05	 4.6434e+03	 1.0363e+00	 6.1578e-04	 1.0836e-10	-6.3913e-09	 1.3002e-11	 6.5099e+07	 2.8815e+02	 4.6541e+03
 1.0014e+05	 4.6434e+03	 1.0370e+00	 2.4694e-03	 1.3751e-10	-2.0599e-09	 1.3010e-11	 5.1297e+07	 2.8815e+02	 4.6565e+03
 3.1691e+04	 4.6434e+03	 1.0381e+00	 5.5519e-03	 9.7837e-11	-6.7210e-10	 1.3025e-11	 7.2099e+07	 2.8815e+02	 4.6591e+03
 1.0029e+04	 4.6434e+03	 1.0423e+00	 1.2113e-02	 6.7552e-11	-2.3598e-10	 1.3077e-11	 1.0442e+08	 2.8815e+02	 4.6618e+03
 3.1737e+03	 4.6434e+03	 1.0479e+00	 2.5039e-02	 4.4189e-11	-8.4464e-11	 1.3147e-11	 1.5963e+08	 2.8815e+02	 4.6644e+03
 1.0043e+03	 4.6434e+03	 1.0531e+00	 6.4120e-02	 3.5809e-11	-2.9673e-11	 1.3213e-11	 1.9699e+08	 2.8816e+02	 4.6669e+03
 3.1783e+02	 4.6434e+03	 1.0636e+00	 1.8846e-01	 3.3308e-11	-1.1239e-11	 1.3344e-11	 2.1178e+08	 2.8815e+02	 4.6694e+03
 1.0058e+02	 4.6434e+03	 1.1019e+00	 5.5907e-01	 3.1267e-11	-5.6988e-12	 1.3825e-11	 2.2560e+08	 2.8815e+02	 4.6722e+03
 3.1829e+01	 4.6434e+03	 1.2144e+00	 1.6601e+00	 2.9382e-11	-3.7941e-12	 1.5236e-11	 2.4008e+08	 2.8815e+02	 4.6753e+03
 1.0072e+01	 4.6434e+03	 1.6161e+00	 4.9943e+00	 2.7972e-11	-3.4507e-12	 2.0276e-11	 2.5218e+08	 2.8815e+02	 4.6782e+03
 3.1874e+00	 4.6434e+03	 3.3215e+00	 1.4820e+01	 2.6268e-11	-4.1147e-12	 4.1672e-11	 2.6854e+08	 2.8815e+02	 4.6826e+03
 1.0087e+00	 4.6434e+03	 1.0392e+01	 4.2225e+01	 2.3684e-11	-5.2679e-12	 1.3038e-10	 2.9784e+08	 2.8815e+02	 4.6872e+03
 1.0000e+06	 4.6847e+03	 1.0375e+00	-6.3636e-04	-3.5385e-10	-2.0861e-08	 1.3017e-11	-1.9935e+07	 2.8815e+02	 4.6927e+03
 3.1646e+05	 4.6847e+03	 1.0363e+00	 6.6959e-04	 1.1783e-10	-6.3826e-09	 1.3001e-11	 5.9867e+07	 2.8815e+02	 4.6954e+03
 1.0014e+05	 4.6847e+03	 1.0369e+00	 2.3964e-03	 1.3344e-10	-2.0541e-09	 1.3009e-11	 5.2861e+07	 2.8814e+02	 4.6979e+03
 3.1691e+04	 4.6847e+03	 1.0380e+00	 5.3656e-03	 9.4553e-11	-6.6954e-10	 1.3023e-11	 7.4603e+07	 2.8815e+02	 4.7004e+03
 1.0029e+04	 4.6847e+03	 1.0421e+00	 1.1793e-02	 6.5768e-11	-2.3465e-10	 1.3074e-11	 1.0726e+08	 2.8814e+02	 4.7030e+03
 3.1737e+03	 4.6847e+03	 1.0477e+00	 2.4203e-02	 4.2712e-11	-8.4172e-11	 1.3145e-11	 1.6515e+08	 2.8815e+02	 4.7056e+03
 1.0043e+03	 4.6847e+03	 1.0529e+00	 6.1559e-02	 3.4379e-11	-2.9524e-11	 1.3209e-11	 2.0518e+08	 2.8815e+02	 4.7083e+03
 3.1783e+02	 4.6847e+03	 1.0628e+00	 1.8069e-01	 3.1933e-11	-1.1094e-11	 1.3334e-11	 2.2090e+08	 2.8815e+02	 4.7107e+03
 1.0058e+02	 4.6847e+03	 1.0994e+00	 5.3620e-01	 2.9989e-11	-5.5571e-12	 1.3793e-11	 2.3522e+08	 2.8815e+02	 4.7133e+03
 3.1829e+01	 4.6847e+03	 1.2052e+00	 1.5933e+00	 2.8199e-11	-3.6321e-12	 1.5121e-11	 2.5015e+08	 2.8815e+02	 4.7161e+03
 1.0072e+01	 4.6847e+03	 1.5823e+00	 4.7980e+00	 2.6873e-11	-3.2613e-12	 1.9852e-11	 2.6250e+08	 2.8815e+02	 4.7193e+03
 3.1874e+00	 4.6847e+03	 3.1504e+00	 1.4307e+01	 2.5358e-11	-3.8115e-12	 3.9526e-11	 2.7818e+08	 2.8815e+02	 4.7234e+03
 1.0087e+00	 4.6847e+03	 9.2639e+00	 4.0715e+01	 2.2837e-11	-4.6351e-12	 1.1623e-10	 3.0888e+08	 2.8814e+02	 4.7279e+03
 1.0000e+06	 4.7254e+03	 1.0375e+00	-6.2776e-04	-3.4907e-10	-2.0831e-08	 1.3016e-11	-2.0208e+07	 2.8814e+02	 4.7334e+03
 3.1646e+05	 4.7254e+03	 1.0362e+00	 7.0133e-04	 1.2341e-10	-6.3708e-09	 1.3000e-11	 5.7158e+07	 2.8815e+02	 4.7361e+03
 1.0014e+05	 4.7254e+03	 1.0368e+00	 2.3800e-03	 1.3254e-10	-2.0497e-09	 1.3008e-11	 5.3223e+07	 2.8815e+02	 4.7385e+03
 3.1691e+04	 4.7254e+03	 1.0379e+00	 5.1976e-03	 9.1593e-11	-6.6718e-10	 1.3021e-11	 7.7014e+07	 2.8815e+02	 4.7414e+03
 1.0029e+04	 4.7254e+03	 1.0418e+00	 1.1510e-02	 6.4189e-11	-2.3331e-10	 1.3071e-11	 1.0989e+08	 2.8815e+02	 4.7439e+03
 3.1737e+03	 4.7254e+03	 1.0474e+00	 2.3541e-02	 4.1545e-11	-8.3732e-11	 1.3141e-11	 1.6979e+08	 2.8815e+02	 4.7466e+03
 1.0043e+03	 4.7254e+03	 1.0526e+00	 5.9217e-02	 3.3071e-11	-2.9400e-11	 1.3207e-11	 2.1330e+08	 2.8815e+02	 4.7493e+03
 3.1783e+02	 4.7254e+03	 1.0619e+00	 1.7347e-01	 3.0658e-11	-1.0948e-11	 1.3323e-11	 2.3008e+08	 2.8815e+02	 4.7519e+03
 1.0058e+02	 4.7254e+03	 1.0963e+00	 5.1556e-01	 2.8834e-11	-5.3870e-12	 1.3755e-11	 2.4464e+08	 2.8815e+02	 4.7545e+03
 3.1829e+01	 4.7254e+03	 1.1975e+00	 1.5331e+00	 2.7133e-11	-3.4949e-12	 1.5024e-11	 2.5998e+08	 2.8815e+02	 4.7574e+03
 1.0072e+01	 4.7254e+03	 1.5565e+00	 4.6144e+00	 2.5844e-11	-3.1166e-12	 1.9527e-11	 2.7294e+08	 2.8815e+02	 4.7606e+03
 3.1874e+00	 4.7254e+03	 3.0871e+00	 1.3738e+01	 2.4350e-11	-3.6992e-12	 3.8731e-11	 2.8970e+08	 2.8815e+02	 4.7649e+03
 1.0087e+00	 4.7254e+03	 9.1252e+00	 3.9317e+01	 2.2053e-11	-4.5573e-12	 1.1449e-10	 3.1987e+08	 2.8815e+02	 4.7694e+03
 1.0000e+06	 4.7669e+03	 1.0374e+00	-7.0275e-04	-3.9077e-10	-2.0813e-08	 1.3016e-11	-1.8051e+07	 2.8815e+02	 4.7749e+03
 3.1646e+05	 4.7669e+03	 1.0362e+00	 6.1971e-04	 1.0905e-10	-6.3636e-09	 1.3000e-11	 6.4685e+07	 2.8815e+02	 4.7778e+03
 1.0014e+05	 4.7669e+03	 1.0367e+00	 2.2589e-03	 1.2579e-10	-2.0463e-09	 1.3007e-11	 5.6078e+07	 2.8815e+02	 4.7803e+03
 3.1691e+04	 4.7669e+03	 1.0378e+00	 5.0394e-03	 8.8806e-11	-6.6524e-10	 1.3020e-11	 7.9431e+07	 2.8815e+02	 4.7832e+03
 1.0029e+04	 4.7669e+03	 1.0416e+00	 1.1206e-02	 6.2495e-11	-2.3199e-10	 1.3068e-11	 1.1287e+08	 2.8815e+02	 4.7857e+03
 3.1737e+03	 4.7669e+03	 1.0472e+00	 2.2880e-02	 4.0378e-11	-8.3324e-11	 1.3139e-11	 1.7470e+08	 2.8815e+02	 4.7884e+03
 1.0043e+03	 4.7669e+03	 1.0524e+00	 5.6926e-02	 3.1792e-11	-2.9265e-11	 1.3204e-11	 2.2188e+08	 2.8815e+02	 4.7910e+03
 3.1783e+02	 4.7669e+03	 1.0612e+00	 1.6653e-01	 2.9431e-11	-1.0812e-11	 1.3314e-11	 2.3968e+08	 2.8815e+02	 4.7938e+03
 1.0058e+02	 4.7669e+03	 1.0942e+00	 4.9494e-01	 2.7681e-11	-5.2706e-12	 1.3728e-11	 2.5483e+08	 2.8815e+02	 4.7964e+03
 3.1829e+01	 4.7669e+03	 1.1907e+00	 1.4716e+00	 2.6045e-11	-3.3755e-12	 1.4939e-11	 2.7084e+08	 2.8814e+02	 4.7992e+03
 1.0072e+01	 4.7669e+03	 1.5313e+00	 4.4354e+00	 2.4842e-11	-2.9756e-12	 1.9212e-11	 2.8395e+08	 2.8814e+02	 4.8025e+03
 3.1874e+00	 4.7669e+03	 2.9754e+00	 1.3239e+01	 2.3465e-11	-3.5013e-12	 3.7330e-11	 3.0062e+08	 2.8815e+02	 4.8065e+03
 1.0087e+00	 4.7669e+03	 8.8541e+00	 3.8143e+01	 2.1394e-11	-4.4053e-12	 1.1109e-10	 3.2972e+08	 2.8815e+02	 4.8111e+03
 1.0000e+06	 4.8086e+03	 1.0374e+00	-6.1814e-04	-3.4372e-10	-2.0808e-08	 1.3016e-11	-2.0522e+07	 2.8815e+02	 4.8169e+03
 3.1646e+05	 4.8086e+03	 1.0361e+00	 5.0560e-04	 8.8971e-11	-6.3553e-09	 1.2999e-11	 7.9284e+07	 2.8814e+02	 4.8194e+03
 1.0014e+05	 4.8086e+03	 1.0367e+00	 2.1762e-03	 1.2118e-10	-2.0421e-09	 1.3006e-11	 5.8209e+07	 2.8815e+02	 4.8218e+03
 3.1691e+04	 4.8086e+03	 1.0376e+00	 4.9001e-03	 8.6351e-11	-6.6259e-10	 1.3018e-11	 8.1689e+07	 2.8815e+02	 4.8246e+03
 1.0029e+04	 4.8086e+03	 1.0414e+00	 1.0928e-02	 6.0944e-11	-2.3072e-10	 1.3065e-11	 1.1574e+08	 2.8815e+02	 4.8270e+03
 3.1737e+03	 4.8086e+03	 1.0469e+00	 2.2186e-02	 3.9153e-11	-8.2842e-11	 1.3135e-11	 1.8016e+08	 2.8815e+02	 4.8296e+03
 1.0043e+03	 4.8086e+03	 1.0522e+00	 5.4801e-02	 3.0604e-11	-2.9142e-11	 1.3201e-11	 2.3049e+08	 2.8815e+02	 4.8322e+03
 3.1783e+02	 4.8086e+03	 1.0603e+00	 1.5996e-01	 2.8271e-11	-1.0664e-11	 1.3303e-11	 2.4952e+08	 2.8815e+02	 4.8347e+03
 1.0058e+02	 4.8086e+03	 1.0911e+00	 4.7632e-01	 2.6640e-11	-5.0941e-12	 1.3689e-11	 2.6479e+08	 2.8815e+02	 4.8374e+03
 3.1829e+01	 4.8086e+03	 1.1832e+00	 1.4151e+00	 2.5044e-11	-3.2426e-12	 1.4845e-11	 2.8166e+08	 2.8815e+02	 4.8403e+03
 1.0072e+01	 4.8086e+03	 1.5049e+00	 4.2617e+00	 2.3869e-11	-2.8278e-12	 1.8880e-11	 2.9553e+08	 2.8815e+02	 4.8435e+03
 3.1874e+00	 4.8086e+03	 2.8399e+00	 1.2746e+01	 2.2592e-11	-3.2611e-12	 3.5630e-11	 3.1224e+08	 2.8815e+02	 4.8478e+03
 1.0087e+00	 4.8086e+03	 8.4358e+00	 3.6653e+01	 2.0558e-11	-4.1707e-12	 1.0584e-10	 3.4312e+08	 2.8815e+02	 4.8524e+03
 1.0000e+06	 4.8499e+03	 1.0373e+00	-7.1199e-04	-3.9591e-10	-2.0754e-08	 1.3014e-11	-1.7817e+07	 2.8815e+02	 4.8578e+03
 3.1646e+05	 4.8499e+03	 1.0361e+00	 5.2244e-04	 9.1933e-11	-6.3454e-09	 1.2999e-11	 7.6729e+07	 2.8815e+02	 4.8604e+03
 1.0014e+05	 4.8499e+03	 1.0366e+00	 2.1133e-03	 1.1768e-10	-2.0382e-09	 1.3005e-11	 5.9941e+07	 2.8815e+02	 4.8629e+03
 3.1691e+04	 4.8499e+03	 1.0375e+00	 4.7516e-03	 8.3734e-11	-6.6058e-10	 1.3016e-11	 8.4242e+07	 2.8815e+02	 4.8659e+03
 1.0029e+04	 4.8499e+03	 1.0411e+00	 1.0643e-02	 5.9350e-11	-2.2943e-10	 1.3062e-11	 1.1885e+08	 2.8815e+02	 4.8684e+03
 3.1737e+03	 4.8499e+03	 1.0467e+00	 2.1650e-02	 3.8208e-11	-8.2482e-11	 1.3133e-11	 1.8462e+08	 2.8815e+02	 4.8711e+03
 1.0043e+03	 4.8499e+03	 1.0520e+00	 5.2800e-02	 2.9487e-11	-2.9022e-11	 1.3198e-11	 2.3922e+08	 2.8816e+02	 4.8737e+03
 3.1783e+02	 4.8499e+03	 1.0597e+00	 1.5374e-01	 2.7171e-11	-1.0554e-11	 1.3295e-11	 2.5961e+08	 2.8815e+02	 4.8764e+03
 1.0058e+02	 4.8499e+03	 1.0897e+00	 4.5755e-01	 2.5589e-11	-5.0148e-12	 1.3671e-11	 2.7566e+08	 2.8815e+02	 4.8790e+03
 3.1829e+01	 4.8499e+03	 1.1797e+00	 1.3594e+00	 2.4059e-11	-3.1810e-12	 1.4801e-11	 2.9320e+08	 2.8815e+02	 4.8817e+03
 1.0072e+01	 4.8499e+03	 1.4891e+00	 4.0926e+00	 2.2922e-11	-2.7392e-12	 1.8682e-11	 3.0774e+08	 2.8815e+02	 4.8850e+03
 3.1874e+00	 4.8499e+03	 2.7712e+00	 1.2216e+01	 2.1652e-11	-3.1393e-12	 3.4768e-11	 3.2579e+08	 2.8815e+02	 4.8894e+03
 1.0087e+00	 4.8499e+03	 8.2704e+00	 3.5108e+01	 1.9692e-11	-4.0779e-12	 1.0376e-10	 3.5822e+08	 2.8815e+02	 4.8940e+03
 1.0000e+06	 4.8915e+03	 1.0373e+00	-6.6439e-04	-3.6944e-10	-2.0758e-08	 1.3014e-11	-1.9094e+07	 2.8815e+02	 4.8998e+03
 3.1646e+05	 4.8915e+03	 1.0360e+00	 5.8058e-04	 1.0216e-10	-6.3347e-09	 1.2998e-11	 6.9045e+07	 2.8815e+02	 4.9022e+03
 1.0014e+05	 4.8915e+03	 1.0365e+00	 2.0975e-03	 1.1680e-10	-2.0342e-09	 1.3004e-11	 6.0392e+07	 2.8815e+02	 4.9047e+03
 3.1691e+04	 4.8915e+03	 1.0374e+00	 4.5875e-03	 8.0842e-11	-6.5871e-10	 1.3015e-11	 8.7257e+07	 2.8814e+02	 4.9075e+03
 1.0029e+04	 4.8915e+03	 1.0409e+00	 1.0382e-02	 5.7895e-11	-2.2822e-10	 1.3060e-11	 1.2184e+08	 2.8815e+02	 4.9100e+03
 3.1737e+03	 4.8915e+03	 1.0465e+00	 2.1025e-02	 3.7104e-11	-8.2003e-11	 1.3129e-11	 1.9011e+08	 2.8814e+02	 4.9127e+03
 1.0043e+03	 4.8915e+03	 1.0518e+00	 5.0853e-02	 2.8400e-11	-2.8923e-11	 1.3196e-11	 2.4838e+08	 2.8814e+02	 4.9154e+03
 3.1783e+02	 4.8915e+03	 1.0593e+00	 1.4765e-01	 2.6094e-11	-1.0478e-11	 1.3290e-11	 2.7033e+08	 2.8814e+02	 4.9180e+03
 1.0058e+02	 4.8915e+03	 1.0878e+00	 4.3934e-01	 2.4571e-11	-4.9111e-12	 1.3648e-11	 2.8708e+08	 2.8814e+02	 4.9206e+03
 3.1829e+01	 4.8915e+03	 1.1714e+00	 1.3062e+00	 2.3118e-11	-3.0329e-12	 1.4696e-11	 3.0513e+08	 2.8815e+02	 4.9234e+03
 1.0072e+01	 4.8915e+03	 1.4588e+00	 3.9430e+00	 2.2084e-11	-2.5695e-12	 1.8302e-11	 3.1941e+08	 2.8815e+02	 4.9267e+03
 3.1874e+00	 4.8915e+03	 2.6743e+00	 1.1812e+01	 2.0936e-11	-2.9676e-12	 3.3553e-11	 3.3693e+08	 2.8815e+02	 4.9308e+03
 1.0087e+00	 4.8915e+03	 8.0478e+00	 3.3861e+01	 1.8993e-11	-3.9531e-12	 1.0097e-10	 3.7141e+08	 2.8815e+02	 4.9354e+03
 1.0000e+06	 4.9329e+03	 1.0373e+00	-7.4122e-04	-4.1216e-10	-2.0731e-08	 1.3014e-11	-1.7115e+07	 2.8815e+02	 4.9409e+03
 3.1646e+05	 4.9329e+03	 1.0360e+00	 5.4227e-04	 9.5423e-11	-6.3261e-09	 1.2997e-11	 7.3923e+07	 2.8815e+02	 4.9435e+03
 1.0014e+05	 4.9329e+03	 1.0365e+00	 1.9880e-03	 1.1071e-10	-2.0299e-09	 1.3003e-11	 6.3718e+07	 2.8815e+02	 4.9460e+03
 3.1691e+04	 4.9329e+03	 1.0372e+00	 4.4923e-03	 7.9164e-11	-6.5624e-10	 1.3013e-11	 8.9105e+07	 2.8815e+02	 4.9485e+03
 1.0029e+04	 4.9329e+03	 1.0407e+00	 1.0142e-02	 5.6557e-11	-2.2698e-10	 1.3057e-11	 1.2472e+08	 2.8815e+02	 4.9512e+03
 3.1737e+03	 4.9329e+03	 1.0462e+00	 2.0518e-02	 3.6210e-11	-8.1612e-11	 1.3126e-11	 1.9481e+08	 2.8815e+02	 4.9538e+03
 1.0043e+03	 4.9329e+03	 1.0516e+00	 4.9058e-02	 2.7397e-11	-2.8799e-11	 1.3193e-11	 2.5747e+08	 2.8815e+02	 4.9564e+03
 3.1783e+02	 4.9329e+03	 1.0586e+00	 1.4198e-01	 2.5092e-11	-1.0361e-11	 1.3282e-11	 2.8112e+08	 2.8815e+02	 4.9589e+03
 1.0058e+02	 4.9329e+03	 1.0847e+00	 4.2328e-01	 2.3673e-11	-4.7351e-12	 1.3608e-11	 2.9798e+08	 2.8815e+02	 4.9616e+03
 3.1829e+01	 4.9329e+03	 1.1630e+00	 1.2617e+00	 2.2330e-11	-2.8846e-12	 1.4591e-11	 3.1589e+08	 2.8815e+02	 4.9645e+03
 1.0072e+01	 4.9329e+03	 1.4369e+00	 3.8079e+00	 2.1328e-11	-2.4473e-12	 1.8028e-11	 3.3074e+08	 2.8815e+02	 4.9676e+03
 3.1874e+00	 4.9329e+03	 2.5915e+00	 1.1391e+01	 2.0189e-11	-2.8207e-12	 3.2513e-11	 3.4939e+08	 2.8815e+02	 4.9719e+03
 1.0087e+00	 4.9329e+03	 7.6655e+00	 3.2964e+01	 1.8489e-11	-3.7386e-12	 9.6173e-11	 3.8151e+08	 2.8815e+02	 4.9764e+03
 1.0000e+06	 4.9739e+03	 1.0373e+00	-6.7401e-04	-3.7479e-10	-2.0738e-08	 1.3014e-11	-1.8821e+07	 2.8815e+02	 4.9819e+03
 3.1646e+05	 4.9739e+03	 1.0359e+00	 4.3993e-04	 7.7414e-11	-6.3162e-09	 1.2996e-11	 9.1120e+07	 2.8815e+02	 4.9846e+03
 1.0014e+05	 4.9739e+03	 1.0364e+00	 1.9218e-03	 1.0702e-10	-2.0278e-09	 1.3003e-11	 6.5912e+07	 2.8816e+02	 4.9871e+03
 3.1691e+04	 4.9739e+03	 1.0371e+00	 4.3219e-03	 7.6162e-11	-6.5462e-10	 1.3012e-11	 9.2617e+07	 2.8815e+02	 4.9897e+03
 1.0029e+04	 4.9739e+03	 1.0405e+00	 9.8796e-03	 5.5095e-11	-2.2574e-10	 1.3054e-11	 1.2803e+08	 2.8815e+02	 4.9922e+03
 3.1737e+03	 4.9739e+03	 1.0460e+00	 1.9997e-02	 3.5291e-11	-8.1207e-11	 1.3123e-11	 1.9988e+08	 2.8814e+02	 4.9948e+03
 1.0043e+03	 4.9739e+03	 1.0514e+00	 4.7368e-02	 2.6453e-11	-2.8705e-11	 1.3191e-11	 2.6666e+08	 2.8815e+02	 4.9974e+03
 3.1783e+02	 4.9739e+03	 1.0581e+00	 1.3663e-01	 2.4147e-11	-1.0271e-11	 1.3275e-11	 2.9213e+08	 2.8815e+02	 4.9999e+03
 1.0058e+02	 4.9739e+03	 1.0831e+00	 4.0707e-01	 2.2766e-11	-4.6461e-12	 1.3588e-11	 3.0984e+08	 2.8815e+02	 5.0024e+03
 3.1829e+01	 4.9739e+03	 1.1581e+00	 1.2141e+00	 2.1489e-11	-2.7974e-12	 1.4529e-11	 3.2827e+08	 2.8815e+02	 5.0052e+03
 1.0072e+01	 4.9739e+03	 1.4201e+00	 3.6642e+00	 2.0523e-11	-2.3527e-12	 1.7816e-11	 3.4371e+08	 2.8815e+02	 5.0083e+03
 3.1874e+00	 4.9739e+03	 2.4874e+00	 1.1003e+01	 1.9502e-11	-2.6363e-12	 3.1207e-11	 3.6171e+08	 2.8815e+02	 5.0124e+03
 1.0087e+00	 4.9739e+03	 7.2645e+00	 3.1629e+01	 1.7740e-11	-3.5137e-12	 9.1142e-11	 3.9762e+08	 2.8814e+02	 5.0169e+03
 1.0000e+06	 5.0144e+03	 1.0372e+00	-6.4868e-04	-3.6071e-10	-2.0696e-08	 1.3013e-11	-1.9556e+07	 2.8814e+02	 5.0223e+03
 3.1646e+05	 5.0144e+03	 1.0359e+00	 3.9477e-04	 6.9468e-11	-6.3101e-09	 1.2996e-11	 1.0154e+08	 2.8815e+02	 5.0251e+03
 1.0014e+05	 5.0144e+03	 1.0364e+00	 1.9194e-03	 1.0688e-10	-2.0247e-09	 1.3002e-11	 6.5997e+07	 2.8814e+02	 5.0275e+03
 3.1691e+04	 5.0144e+03	 1.0370e+00	 4.2148e-03	 7.4274e-11	-6.5255e-10	 1.3011e-11	 9.4972e+07	 2.8814e+02	 5.0303e+03
 1.0029e+04	 5.0144e+03	 1.0403e+00	 9.6483e-03	 5.3805e-11	-2.2463e-10	 1.3052e-11	 1.3110e+08	 2.8815e+02	 5.0328e+03
 3.1737e+03	 5.0144e+03	 1.0458e+00	 1.9486e-02	 3.4389e-11	-8.0814e-11	 1.3121e-11	 2.0512e+08	 2.8815e+02	 5.0357e+03
 1.0043e+03	 5.0144e+03	 1.0512e+00	 4.5742e-02	 2.5546e-11	-2.8607e-11	 1.3189e-11	 2.7613e+08	 2.8814e+02	 5.0383e+03
 3.1783e+02	 5.0144e+03	 1.0577e+00	 1.3150e-01	 2.3239e-11	-1.0192e-11	 1.3270e-11	 3.0353e+08	 2.8814e+02	 5.0409e+03
 1.0058e+02	 5.0144e+03	 1.0814e+00	 3.9173e-01	 2.1909e-11	-4.5534e-12	 1.3568e-11	 3.2197e+08	 2.8815e+02	 5.0435e+03
 3.1829e+01	 5.0144e+03	 1.1541e+00	 1.1670e+00	 2.0654e-11	-2.7276e-12	 1.4480e-11	 3.4152e+08	 2.8814e+02	 5.0463e+03
 1.0072e+01	 5.0144e+03	 1.4000e+00	 3.5191e+00	 1.9710e-11	-2.2406e-12	 1.7565e-11	 3.5789e+08	 2.8815e+02	 5.0496e+03
 3.1874e+00	 5.0144e+03	 2.3969e+00	 1.0554e+01	 1.8706e-11	-2.4759e-12	 3.0072e-11	 3.7710e+08	 2.8815e+02	 5.0539e+03
 1.0087e+00	 5.0144e+03	 6.5620e+00	 3.0686e+01	 1.7212e-11	-3.1197e-12	 8.2327e-11	 4.0983e+08	 2.8815e+02	 5.0584e+03
 1.0000e+06	 5.0559e+03	 1.0371e+00	-7.7139e-04	-4.2894e-10	-2.0645e-08	 1.3012e-11	-1.6445e+07	 2.8815e+02	 5.0639e+03
 3.1646e+05	 5.0559e+03	 1.0358e+00	 4.0568e-04	 7.1387e-11	-6.2963e-09	 1.2995e-11	 9.8813e+07	 2.8815e+02	 5.0667e+03
 1.0014e+05	 5.0559e+03	 1.0362e+00	 1.7532e-03	 9.7631e-11	-2.0166e-09	 1.3000e-11	 7.2251e+07	 2.8815e+02	 5.0692e+03
 3.1691e+04	 5.0559e+03	 1.0368e+00	 3.9762e-03	 7.0069e-11	-6.4850e-10	 1.3008e-11	 1.0067e+08	 2.8815e+02	 5.0719e+03
 1.0029e+04	 5.0559e+03	 1.0398e+00	 9.2062e-03	 5.1340e-11	-2.2199e-10	 1.3046e-11	 1.3740e+08	 2.8815e+02	 5.0744e+03
 3.1737e+03	 5.0559e+03	 1.0452e+00	 1.8712e-02	 3.3023e-11	-7.9767e-11	 1.3113e-11	 2.1361e+08	 2.8815e+02	 5.0769e+03
 1.0043e+03	 5.0559e+03	 1.0507e+00	 4.3035e-02	 2.4034e-11	-2.8318e-11	 1.3182e-11	 2.9350e+08	 2.8815e+02	 5.0796e+03
 3.1783e+02	 5.0559e+03	 1.0567e+00	 1.2200e-01	 2.1560e-11	-1.0017e-11	 1.3257e-11	 3.2717e+08	 2.8815e+02	 5.0820e+03
 1.0058e+02	 5.0559e+03	 1.0782e+00	 3.6035e-01	 2.0154e-11	-4.3719e-12	 1.3527e-11	 3.5001e+08	 2.8815e+02	 5.0849e+03
 3.1829e+01	 5.0559e+03	 1.1430e+00	 1.0588e+00	 1.8740e-11	-2.5302e-12	 1.4340e-11	 3.7641e+08	 2.8815e+02	 5.0879e+03
 1.0072e+01	 5.0559e+03	 1.3504e+00	 3.0153e+00	 1.6888e-11	-1.9624e-12	 1.6942e-11	 4.1769e+08	 2.8815e+02	 5.0941e+03
 3.1874e+00	 5.0559e+03	 2.0570e+00	 8.7503e+00	 1.5509e-11	-1.8735e-12	 2.5808e-11	 4.5482e+08	 2.8815e+02	 5.0984e+03
 1.0087e+00	 5.0559e+03	 4.5377e+00	 2.5067e+01	 1.4060e-11	-1.9843e-12	 5.6931e-11	 5.0170e+08	 2.8815e+02	 5.1030e+03
 1.0000e+06	 5.1005e+03	 1.0369e+00	-7.3998e-04	-4.1147e-10	-2.0526e-08	 1.3009e-11	-1.7143e+07	 2.8815e+02	 5.1084e+03
 3.1646e+05	 5.1005e+03	 1.0357e+00	 2.5919e-04	 4.5609e-11	-6.2772e-09	 1.2994e-11	 1.5466e+08	 2.8815e+02	 5.1111e+03
 1.0014e+05	 5.1005e+03	 1.0362e+00	 1.7304e-03	 9.6358e-11	-2.0185e-09	 1.3001e-11	 7.3205e+07	 2.8815e+02	 5.1136e+03
 3.1691e+04	 5.1005e+03	 1.0371e+00	 4.1124e-03	 7.2470e-11	-6.5404e-10	 1.3012e-11	 9.7336e+07	 2.8815e+02	 5.1162e+03
 1.0029e+04	 5.1005e+03	 1.0409e+00	 9.4260e-03	 5.2565e-11	-2.2793e-10	 1.3059e-11	 1.3419e+08	 2.8815e+02	 5.1187e+03
 3.1737e+03	 5.1005e+03	 1.0466e+00	 1.8605e-02	 3.2834e-11	-8.2316e-11	 1.3131e-11	 2.1484e+08	 2.8815e+02	 5.1212e+03
 1.0043e+03	 5.1005e+03	 1.0519e+00	 4.5349e-02	 2.5326e-11	-2.8991e-11	 1.3197e-11	 2.7852e+08	 2.8815e+02	 5.1242e+03
 3.1783e+02	 5.1005e+03	 1.0598e+00	 1.3694e-01	 2.4202e-11	-1.0565e-11	 1.3296e-11	 2.9146e+08	 2.8816e+02	 5.1267e+03
 1.0058e+02	 5.1005e+03	 1.0933e+00	 4.2083e-01	 2.3536e-11	-5.2187e-12	 1.3717e-11	 2.9971e+08	 2.8815e+02	 5.1294e+03
 3.1829e+01	 5.1005e+03	 1.1978e+00	 1.2833e+00	 2.2712e-11	-3.5013e-12	 1.5028e-11	 3.1058e+08	 2.8816e+02	 5.1324e+03
 1.0072e+01	 5.1005e+03	 1.5307e+00	 3.9963e+00	 2.2383e-11	-2.9725e-12	 1.9205e-11	 3.1515e+08	 2.8816e+02	 5.1356e+03
 3.1874e+00	 5.1005e+03	 2.8315e+00	 1.2512e+01	 2.2177e-11	-3.2463e-12	 3.5525e-11	 3.1808e+08	 2.8815e+02	 5.1399e+03
 1.0087e+00	 5.1005e+03	 7.6453e+00	 3.8424e+01	 2.1552e-11	-3.7273e-12	 9.5919e-11	 3.2731e+08	 2.8815e+02	 5.1445e+03
 1.0000e+06	 5.1420e+03	 1.0380e+00	-4.1126e-04	-2.2869e-10	-2.1157e-08	 1.3024e-11	-3.0845e+07	 2.8815e+02	 5.1499e+03
 3.1646e+05	 5.1420e+03	 1.0370e+00	 9.9068e-04	 1.7433e-10	-6.5082e-09	 1.3010e-11	 4.0464e+07	 2.8815e+02	 5.1527e+03
 1.0014e+05	 5.1420e+03	 1.0381e+00	 3.1539e-03	 1.7563e-10	-2.1189e-09	 1.3024e-11	 4.0164e+07	 2.8815e+02	 5.1552e+03
 3.1691e+04	 5.1420e+03	 1.0401e+00	 6.6102e-03	 1.1649e-10	-7.0726e-10	 1.3050e-11	 6.0556e+07	 2.8815e+02	 5.1579e+03
 1.0029e+04	 5.1420e+03	 1.0455e+00	 1.2971e-02	 7.2336e-11	-2.5358e-10	 1.3117e-11	 9.7516e+07	 2.8815e+02	 5.1604e+03
 3.1737e+03	 5.1420e+03	 1.0506e+00	 2.6744e-02	 4.7197e-11	-8.9345e-11	 1.3181e-11	 1.4946e+08	 2.8815e+02	 5.1629e+03
 1.0043e+03	 5.1420e+03	 1.0559e+00	 7.3244e-02	 4.0905e-11	-3.1223e-11	 1.3248e-11	 1.7245e+08	 2.8815e+02	 5.1657e+03
 3.1783e+02	 5.1420e+03	 1.0703e+00	 2.2294e-01	 3.9401e-11	-1.2425e-11	 1.3428e-11	 1.7903e+08	 2.8816e+02	 5.1681e+03
 1.0058e+02	 5.1420e+03	 1.1246e+00	 6.7480e-01	 3.7740e-11	-6.9669e-12	 1.4109e-11	 1.8691e+08	 2.8815e+02	 5.1709e+03
 3.1829e+01	 5.1420e+03	 1.2906e+00	 2.0393e+00	 3.6093e-11	-5.1433e-12	 1.6192e-11	 1.9544e+08	 2.8815e+02	 5.1740e+03
 1.0072e+01	 5.1420e+03	 1.8888e+00	 6.2302e+00	 3.4894e-11	-4.9779e-12	 2.3697e-11	 2.0215e+08	 2.8815e+02	 5.1773e+03
 3.1874e+00	 5.1420e+03	 4.1558e+00	 1.8969e+01	 3.3622e-11	-5.5933e-12	 5.2139e-11	 2.0980e+08	 2.8814e+02	 5.1816e+03
 1.0087e+00	 5.1420e+03	 1.2143e+01	 5.5927e+01	 3.1369e-11	-6.2501e-12	 1.5235e-10	 2.2487e+08	 2.8815e+02	 5.1862e+03
 1.0000e+06	 5.1837e+03	 1.0386e+00	-1.3605e-04	-7.5651e-11	-2.1491e-08	 1.3031e-11	-9.3243e+07	 2.8815e+02	 5.1917e+03
 3.1646e+05	 5.1837e+03	 1.0377e+00	 1.4736e-03	 2.5931e-10	-6.6394e-09	 1.3020e-11	 2.7203e+07	 2.8814e+02	 5.1943e+03
 1.0014e+05	 5.1837e+03	 1.0391e+00	 4.0636e-03	 2.2629e-10	-2.1778e-09	 1.3037e-11	 3.1173e+07	 2.8815e+02	 5.1967e+03
 3.1691e+04	 5.1837e+03	 1.0418e+00	 8.2906e-03	 1.4610e-10	-7.3668e-10	 1.3071e-11	 4.8282e+07	 2.8815e+02	 5.1993e+03
 1.0029e+04	 5.1837e+03	 1.0477e+00	 1.6072e-02	 8.9628e-11	-2.6611e-10	 1.3145e-11	 7.8702e+07	 2.8815e+02	 5.2019e+03
 3.1737e+03	 5.1837e+03	 1.0528e+00	 3.5328e-02	 6.2347e-11	-9.3145e-11	 1.3208e-11	 1.1314e+08	 2.8815e+02	 5.2045e+03
 1.0043e+03	 5.1837e+03	 1.0592e+00	 1.0016e-01	 5.5934e-11	-3.3078e-11	 1.3289e-11	 1.2611e+08	 2.8815e+02	 5.2074e+03
 3.1783e+02	 5.1837e+03	 1.0804e+00	 3.0152e-01	 5.3287e-11	-1.4218e-11	 1.3555e-11	 1.3238e+08	 2.8815e+02	 5.2101e+03
 1.0058e+02	 5.1837e+03	 1.1525e+00	 8.9935e-01	 5.0299e-11	-8.5270e-12	 1.4459e-11	 1.4024e+08	 2.8815e+02	 5.2127e+03
 3.1829e+01	 5.1837e+03	 1.4091e+00	 2.6975e+00	 4.7743e-11	-7.2405e-12	 1.7679e-11	 1.4775e+08	 2.8815e+02	 5.2185e+03
 1.0072e+01	 5.1837e+03	 2.2562e+00	 8.0274e+00	 4.4960e-11	-7.0360e-12	 2.8307e-11	 1.5689e+08	 2.8815e+02	 5.2216e+03
 3.1874e+00	 5.1837e+03	 5.3944e+00	 2.3814e+01	 4.2208e-11	-7.7887e-12	 6.7679e-11	 1.6713e+08	 2.8814e+02	 5.2260e+03
 1.0087e+00	 5.1837e+03	 1.5926e+01	 6.7767e+01	 3.8010e-11	-8.3716e-12	 1.9980e-10	 1.8558e+08	 2.8814e+02	 5.2306e+03
 1.0000e+06	 5.2281e+03	 1.0385e+00	 1.5530e-04	 8.6354e-11	-2.1421e-08	 1.3029e-11	 8.1687e+07	 2.8815e+02	 5.2360e+03
 3.1646e+05	 5.2281e+03	 1.0381e+00	 1.8980e-03	 3.3399e-10	-6.6986e-09	 1.3024e-11	 2.1120e+07	 2.8815e+02	 5.2385e+03
 1.0014e+05	 5.2281e+03	 1.0396e+00	 4.5909e-03	 2.5565e-10	-2.2037e-09	 1.3043e-11	 2.7592e+07	 2.8815e+02	 5.2413e+03
 3.1691e+04	 5.2281e+03	 1.0425e+00	 9.2580e-03	 1.6315e-10	-7.4908e-10	 1.3079e-11	 4.3237e+07	 2.8814e+02	 5.2441e+03
 1.0029e+04	 5.2281e+03	 1.0487e+00	 1.8181e-02	 1.0139e-10	-2.7137e-10	 1.3157e-11	 6.9572e+07	 2.8814e+02	 5.2466e+03
 3.1737e+03	 5.2281e+03	 1.0539e+00	 4.1219e-02	 7.2742e-11	-9.5120e-11	 1.3222e-11	 9.6973e+07	 2.8815e+02	 5.2492e+03
 1.0043e+03	 5.2281e+03	 1.0619e+00	 1.1725e-01	 6.5482e-11	-3.4590e-11	 1.3323e-11	 1.0772e+08	 2.8815e+02	 5.2519e+03
 3.1783e+02	 5.2281e+03	 1.0920e+00	 3.4761e-01	 6.1434e-11	-1.6257e-11	 1.3700e-11	 1.1482e+08	 2.8815e+02	 5.2546e+03
 1.0058e+02	 5.2281e+03	 1.1896e+00	 1.0122e+00	 5.6609e-11	-1.0601e-11	 1.4924e-11	 1.2461e+08	 2.8815e+02	 5.2570e+03
 3.1829e+01	 5.2281e+03	 1.4739e+00	 2.9921e+00	 5.2957e-11	-8.3872e-12	 1.8492e-11	 1.3320e+08	 2.8815e+02	 5.2627e+03
 1.0072e+01	 5.2281e+03	 2.4330e+00	 8.8528e+00	 4.9583e-11	-8.0259e-12	 3.0524e-11	 1.4227e+08	 2.8815e+02	 5.2658e+03
 3.1874e+00	 5.2281e+03	 5.9444e+00	 2.6013e+01	 4.6105e-11	-8.7636e-12	 7.4580e-11	 1.5300e+08	 2.8815e+02	 5.2699e+03
 1.0087e+00	 5.2281e+03	 1.7493e+01	 7.2560e+01	 4.0698e-11	-9.2507e-12	 2.1947e-10	 1.7332e+08	 2.8815e+02	 5.2744e+03
 1.0000e+06	 5.2719e+03	 1.0385e+00	 1.2801e-04	 7.1182e-11	-2.1412e-08	 1.3029e-11	 9.9097e+07	 2.8815e+02	 5.2804e+03
 3.1646e+05	 5.2719e+03	 1.0381e+00	 1.8993e-03	 3.3422e-10	-6.7055e-09	 1.3024e-11	 2.1106e+07	 2.8815e+02	 5.2829e+03
 1.0014e+05	 5.2719e+03	 1.0396e+00	 4.6769e-03	 2.6044e-10	-2.2049e-09	 1.3043e-11	 2.7085e+07	 2.8815e+02	 5.2856e+03
 3.1691e+04	 5.2719e+03	 1.0425e+00	 9.5341e-03	 1.6801e-10	-7.4889e-10	 1.3079e-11	 4.1985e+07	 2.8815e+02	 5.2884e+03
 1.0029e+04	 5.2719e+03	 1.0488e+00	 1.9049e-02	 1.0623e-10	-2.7201e-10	 1.3158e-11	 6.6402e+07	 2.8815e+02	 5.2911e+03
 3.1737e+03	 5.2719e+03	 1.0543e+00	 4.3177e-02	 7.6197e-11	-9.5778e-11	 1.3227e-11	 9.2575e+07	 2.8815e+02	 5.2937e+03
 1.0043e+03	 5.2719e+03	 1.0627e+00	 1.2209e-01	 6.8182e-11	-3.5034e-11	 1.3333e-11	 1.0346e+08	 2.8815e+02	 5.2965e+03
 3.1783e+02	 5.2719e+03	 1.0938e+00	 3.5951e-01	 6.3536e-11	-1.6578e-11	 1.3723e-11	 1.1102e+08	 2.8815e+02	 5.2990e+03
 1.0058e+02	 5.2719e+03	 1.1958e+00	 1.0384e+00	 5.8073e-11	-1.0953e-11	 1.5003e-11	 1.2147e+08	 2.8816e+02	 5.3017e+03
 3.1829e+01	 5.2719e+03	 1.5070e+00	 3.0012e+00	 5.3117e-11	-8.9727e-12	 1.8907e-11	 1.3280e+08	 2.8815e+02	 5.3075e+03
 1.0072e+01	 5.2719e+03	 2.4975e+00	 8.7972e+00	 4.9272e-11	-8.3872e-12	 3.1334e-11	 1.4316e+08	 2.8816e+02	 5.3107e+03
 3.1874e+00	 5.2719e+03	 5.8642e+00	 2.5444e+01	 4.5097e-11	-8.6213e-12	 7.3573e-11	 1.5642e+08	 2.8815e+02	 5.3147e+03
 1.0087e+00	 5.2719e+03	 1.7133e+01	 7.0896e+01	 3.9765e-11	-9.0488e-12	 2.1495e-10	 1.7739e+08	 2.8816e+02	 5.3193e+03
 1.0000e+06	 5.3168e+03	 1.0385e+00	 1.1794e-04	 6.5582e-11	-2.1398e-08	 1.3029e-11	 1.0756e+08	 2.8815e+02	 5.3251e+03
 3.1646e+05	 5.3168e+03	 1.0379e+00	 1.8342e-03	 3.2276e-10	-6.6760e-09	 1.3022e-11	 2.1855e+07	 2.8815e+02	 5.3275e+03
 1.0014e+05	 5.3168e+03	 1.0394e+00	 4.5455e-03	 2.5312e-10	-2.1926e-09	 1.3040e-11	 2.7868e+07	 2.8815e+02	 5.3300e+03
 3.1691e+04	 5.3168e+03	 1.0421e+00	 9.3371e-03	 1.6454e-10	-7.4233e-10	 1.3075e-11	 4.2871e+07	 2.8815e+02	 5.3329e+03
 1.0029e+04	 5.3168e+03	 1.0483e+00	 1.8842e-02	 1.0508e-10	-2.6942e-10	 1.3152e-11	 6.7132e+07	 2.8815e+02	 5.3353e+03
 3.1737e+03	 5.3168e+03	 1.0542e+00	 4.2103e-02	 7.4301e-11	-9.5633e-11	 1.3226e-11	 9.4937e+07	 2.8815e+02	 5.3382e+03
 1.0043e+03	 5.3168e+03	 1.0627e+00	 1.1723e-01	 6.5469e-11	-3.5009e-11	 1.3333e-11	 1.0775e+08	 2.8814e+02	 5.3408e+03
 3.1783e+02	 5.3168e+03	 1.0940e+00	 3.4290e-01	 6.0602e-11	-1.6611e-11	 1.3725e-11	 1.1640e+08	 2.8815e+02	 5.3433e+03
 1.0058e+02	 5.3168e+03	 1.1981e+00	 9.8054e-01	 5.4839e-11	-1.1080e-11	 1.5032e-11	 1.2863e+08	 2.8815e+02	 5.3457e+03
 3.1829e+01	 5.3168e+03	 1.5024e+00	 2.8000e+00	 4.9557e-11	-8.8910e-12	 1.8849e-11	 1.4234e+08	 2.8814e+02	 5.3517e+03
 1.0072e+01	 5.3168e+03	 2.4136e+00	 8.1700e+00	 4.5759e-11	-7.9175e-12	 3.0282e-11	 1.5416e+08	 2.8814e+02	 5.3548e+03
 3.1874e+00	 5.3168e+03	 5.5621e+00	 2.3636e+01	 4.1892e-11	-8.0859e-12	 6.9783e-11	 1.6838e+08	 2.8814e+02	 5.3590e+03
 1.0087e+00	 5.3168e+03	 1.5810e+01	 6.6154e+01	 3.7105e-11	-8.3068e-12	 1.9836e-10	 1.9011e+08	 2.8815e+02	 5.3636e+03
 1.0000e+06	 5.3611e+03	 1.0383e+00	 1.4945e-05	 8.3101e-12	-2.1282e-08	 1.3026e-11	 8.4884e+08	 2.8815e+02	 5.3691e+03
 3.1646e+05	 5.3611e+03	 1.0377e+00	 1.6363e-03	 2.8794e-10	-6.6341e-09	 1.3019e-11	 2.4498e+07	 2.8815e+02	 5.3719e+03
 1.0014e+05	 5.3611e+03	 1.0391e+00	 4.2767e-03	 2.3816e-10	-2.1759e-09	 1.3036e-11	 2.9619e+07	 2.8815e+02	 5.3743e+03
 3.1691e+04	 5.3611e+03	 1.0416e+00	 8.8294e-03	 1.5559e-10	-7.3283e-10	 1.3068e-11	 4.5336e+07	 2.8814e+02	 5.3769e+03
 1.0029e+04	 5.3611e+03	 1.0476e+00	 1.7926e-02	 9.9970e-11	-2.6545e-10	 1.3143e-11	 7.0561e+07	 2.8815e+02	 5.3793e+03
 3.1737e+03	 5.3611e+03	 1.0537e+00	 3.9065e-02	 6.8940e-11	-9.4853e-11	 1.3220e-11	 1.0232e+08	 2.8815e+02	 5.3819e+03
 1.0043e+03	 5.3611e+03	 1.0618e+00	 1.0713e-01	 5.9826e-11	-3.4488e-11	 1.3321e-11	 1.1791e+08	 2.8815e+02	 5.3845e+03
 3.1783e+02	 5.3611e+03	 1.0901e+00	 3.1255e-01	 5.5237e-11	-1.5915e-11	 1.3676e-11	 1.2770e+08	 2.8815e+02	 5.3870e+03
 1.0058e+02	 5.3611e+03	 1.1854e+00	 8.9179e-01	 4.9876e-11	-1.0369e-11	 1.4872e-11	 1.4143e+08	 2.8815e+02	 5.3899e+03
 3.1829e+01	 5.3611e+03	 1.4526e+00	 2.5321e+00	 4.4815e-11	-8.0098e-12	 1.8224e-11	 1.5740e+08	 2.8815e+02	 5.3957e+03
 1.0072e+01	 5.3611e+03	 2.2700e+00	 7.3473e+00	 4.1151e-11	-7.1130e-12	 2.8480e-11	 1.7142e+08	 2.8815e+02	 5.3988e+03
 3.1874e+00	 5.3611e+03	 5.0955e+00	 2.1247e+01	 3.7659e-11	-7.2589e-12	 6.3929e-11	 1.8731e+08	 2.8815e+02	 5.4029e+03
 1.0087e+00	 5.3611e+03	 1.4099e+01	 5.9154e+01	 3.3179e-11	-7.3469e-12	 1.7688e-10	 2.1260e+08	 2.8815e+02	 5.4074e+03
 1.0000e+06	 5.4049e+03	 1.0381e+00	-5.5037e-05	-3.0604e-11	-2.1172e-08	 1.3024e-11	-2.3049e+08	 2.8815e+02	 5.4130e+03
 3.1646e+05	 5.4049e+03	 1.0375e+00	 1.5252e-03	 2.6839e-10	-6.5936e-09	 1.3016e-11	 2.6283e+07	 2.8815e+02	 5.4155e+03
 1.0014e+05	 5.4049e+03	 1.0387e+00	 3.9834e-03	 2.2182e-10	-2.1567e-09	 1.3032e-11	 3.1800e+07	 2.8815e+02	 5.4180e+03
 3.1691e+04	 5.4049e+03	 1.0410e+00	 8.2419e-03	 1.4524e-10	-7.2317e-10	 1.3061e-11	 4.8567e+07	 2.8815e+02	 5.4209e+03
 1.0029e+04	 5.4049e+03	 1.0469e+00	 1.6783e-02	 9.3596e-11	-2.6137e-10	 1.3134e-11	 7.5366e+07	 2.8815e+02	 5.4234e+03
 3.1737e+03	 5.4049e+03	 1.0532e+00	 3.5608e-02	 6.2839e-11	-9.3875e-11	 1.3214e-11	 1.1225e+08	 2.8815e+02	 5.4262e+03
 1.0043e+03	 5.4049e+03	 1.0607e+00	 9.5493e-02	 5.3330e-11	-3.3882e-11	 1.3307e-11	 1.3227e+08	 2.8815e+02	 5.4288e+03
 3.1783e+02	 5.4049e+03	 1.0857e+00	 2.7844e-01	 4.9209e-11	-1.5139e-11	 1.3621e-11	 1.4335e+08	 2.8815e+02	 5.4312e+03
 1.0058e+02	 5.4049e+03	 1.1764e+00	 7.9201e-01	 4.4295e-11	-9.8636e-12	 1.4759e-11	 1.5925e+08	 2.8815e+02	 5.4339e+03
 3.1829e+01	 5.4049e+03	 1.4124e+00	 2.2484e+00	 3.9793e-11	-7.2984e-12	 1.7720e-11	 1.7727e+08	 2.8815e+02	 5.4369e+03
 1.0072e+01	 5.4049e+03	 2.1355e+00	 6.5115e+00	 3.6470e-11	-6.3598e-12	 2.6792e-11	 1.9342e+08	 2.8815e+02	 5.4400e+03
 3.1874e+00	 5.4049e+03	 4.5525e+00	 1.8875e+01	 3.3455e-11	-6.2966e-12	 5.7117e-11	 2.1085e+08	 2.8815e+02	 5.4441e+03
 1.0087e+00	 5.4049e+03	 1.2375e+01	 5.3480e+01	 2.9996e-11	-6.3799e-12	 1.5525e-10	 2.3516e+08	 2.8815e+02	 5.4487e+03
 1.0000e+06	 5.4462e+03	 1.0379e+00	-8.2169e-05	-4.5691e-11	-2.1059e-08	 1.3021e-11	-1.5438e+08	 2.8816e+02	 5.4546e+03
 3.1646e+05	 5.4462e+03	 1.0373e+00	 1.4778e-03	 2.6005e-10	-6.5587e-09	 1.3014e-11	 2.7126e+07	 2.8816e+02	 5.4570e+03
 1.0014e+05	 5.4462e+03	 1.0384e+00	 3.7377e-03	 2.0814e-10	-2.1410e-09	 1.3029e-11	 3.3890e+07	 2.8816e+02	 5.4595e+03
 3.1691e+04	 5.4462e+03	 1.0406e+00	 7.7255e-03	 1.3614e-10	-7.1499e-10	 1.3055e-11	 5.1814e+07	 2.8816e+02	 5.4621e+03
 1.0029e+04	 5.4462e+03	 1.0462e+00	 1.5734e-02	 8.7746e-11	-2.5760e-10	 1.3126e-11	 8.0391e+07	 2.8816e+02	 5.4646e+03
 3.1737e+03	 5.4462e+03	 1.0527e+00	 3.2568e-02	 5.7475e-11	-9.2960e-11	 1.3207e-11	 1.2273e+08	 2.8815e+02	 5.4674e+03
 1.0043e+03	 5.4462e+03	 1.0596e+00	 8.5512e-02	 4.7756e-11	-3.3299e-11	 1.3294e-11	 1.4771e+08	 2.8815e+02	 5.4699e+03
 3.1783e+02	 5.4462e+03	 1.0807e+00	 2.4905e-01	 4.4015e-11	-1.4266e-11	 1.3559e-11	 1.6026e+08	 2.8816e+02	 5.4726e+03
 1.0058e+02	 5.4462e+03	 1.1608e+00	 7.1109e-01	 3.9770e-11	-8.9954e-12	 1.4564e-11	 1.7737e+08	 2.8815e+02	 5.4752e+03
 3.1829e+01	 5.4462e+03	 1.3739e+00	 2.0166e+00	 3.5690e-11	-6.6173e-12	 1.7237e-11	 1.9764e+08	 2.8815e+02	 5.4781e+03
 1.0072e+01	 5.4462e+03	 2.0105e+00	 5.8468e+00	 3.2747e-11	-5.6597e-12	 2.5224e-11	 2.1541e+08	 2.8815e+02	 5.4811e+03
 3.1874e+00	 5.4462e+03	 4.1289e+00	 1.7000e+01	 3.0131e-11	-5.5456e-12	 5.1801e-11	 2.3411e+08	 2.8815e+02	 5.4851e+03
 1.0087e+00	 5.4462e+03	 1.1293e+01	 4.7760e+01	 2.6788e-11	-5.7731e-12	 1.4168e-10	 2.6333e+08	 2.8815e+02	 5.4899e+03
 1.0000e+06	 5.4874e+03	 1.0377e+00	-1.4066e-04	-7.8217e-11	-2.0989e-08	 1.3020e-11	-9.0184e+07	 2.8815e+02	 5.4952e+03
 3.1646e+05	 5.4874e+03	 1.0371e+00	 1.3614e-03	 2.3956e-10	-6.5315e-09	 1.3012e-11	 2.9446e+07	 2.8815e+02	 5.4977e+03
 1.0014e+05	 5.4874e+03	 1.0382e+00	 3.5075e-03	 1.9532e-10	-2.1266e-09	 1.3025e-11	 3.6115e+07	 2.8816e+02	 5.5002e+03
 3.1691e+04	 5.4874e+03	 1.0402e+00	 7.2331e-03	 1.2746e-10	-7.0822e-10	 1.3050e-11	 5.5341e+07	 2.8815e+02	 5.5028e+03
 1.0029e+04	 5.4874e+03	 1.0456e+00	 1.4794e-02	 8.2499e-11	-2.5439e-10	 1.3118e-11	 8.5504e+07	 2.8815e+02	 5.5053e+03
 3.1737e+03	 5.4874e+03	 1.0521e+00	 2.9979e-02	 5.2906e-11	-9.2032e-11	 1.3200e-11	 1.3333e+08	 2.8815e+02	 5.5079e+03
 1.0043e+03	 5.4874e+03	 1.0589e+00	 7.7228e-02	 4.3129e-11	-3.2874e-11	 1.3285e-11	 1.6355e+08	 2.8815e+02	 5.5109e+03
 3.1783e+02	 5.4874e+03	 1.0774e+00	 2.2452e-01	 3.9680e-11	-1.3674e-11	 1.3517e-11	 1.7777e+08	 2.8815e+02	 5.5134e+03
 1.0058e+02	 5.4874e+03	 1.1504e+00	 6.4264e-01	 3.5942e-11	-8.4106e-12	 1.4433e-11	 1.9626e+08	 2.8816e+02	 5.5162e+03
 3.1829e+01	 5.4874e+03	 1.3482e+00	 1.8180e+00	 3.2176e-11	-6.1627e-12	 1.6915e-11	 2.1923e+08	 2.8815e+02	 5.5192e+03
 1.0072e+01	 5.4874e+03	 1.9085e+00	 5.2774e+00	 2.9558e-11	-5.0882e-12	 2.3944e-11	 2.3865e+08	 2.8815e+02	 5.5221e+03
 3.1874e+00	 5.4874e+03	 3.7871e+00	 1.5312e+01	 2.7139e-11	-4.9399e-12	 4.7513e-11	 2.5992e+08	 2.8814e+02	 5.5266e+03
 1.0087e+00	 5.4874e+03	 1.0026e+01	 4.3090e+01	 2.4169e-11	-5.0626e-12	 1.2579e-10	 2.9186e+08	 2.8815e+02	 5.5312e+03
 1.0000e+06	 5.5287e+03	 1.0376e+00	-1.8817e-04	-1.0464e-10	-2.0919e-08	 1.3018e-11	-6.7414e+07	 2.8815e+02	 5.5367e+03
 3.1646e+05	 5.5287e+03	 1.0370e+00	 1.3271e-03	 2.3354e-10	-6.5064e-09	 1.3010e-11	 3.0205e+07	 2.8815e+02	 5.5393e+03
 1.0014e+05	 5.5287e+03	 1.0381e+00	 3.3481e-03	 1.8644e-10	-2.1190e-09	 1.3024e-11	 3.7834e+07	 2.8814e+02	 5.5417e+03
 3.1691e+04	 5.5287e+03	 1.0399e+00	 6.8589e-03	 1.2087e-10	-7.0331e-10	 1.3047e-11	 5.8360e+07	 2.8815e+02	 5.5443e+03
 1.0029e+04	 5.5287e+03	 1.0451e+00	 1.4037e-02	 7.8281e-11	-2.5167e-10	 1.3112e-11	 9.0111e+07	 2.8815e+02	 5.5468e+03
 3.1737e+03	 5.5287e+03	 1.0518e+00	 2.8031e-02	 4.9468e-11	-9.1328e-11	 1.3195e-11	 1.4260e+08	 2.8815e+02	 5.5494e+03
 1.0043e+03	 5.5287e+03	 1.0583e+00	 7.0772e-02	 3.9524e-11	-3.2550e-11	 1.3277e-11	 1.7847e+08	 2.8814e+02	 5.5520e+03
 3.1783e+02	 5.5287e+03	 1.0745e+00	 2.0550e-01	 3.6318e-11	-1.3163e-11	 1.3481e-11	 1.9423e+08	 2.8814e+02	 5.5545e+03
 1.0058e+02	 5.5287e+03	 1.1404e+00	 5.9051e-01	 3.3026e-11	-7.8523e-12	 1.4308e-11	 2.1359e+08	 2.8814e+02	 5.5571e+03
 3.1829e+01	 5.5287e+03	 1.3223e+00	 1.6712e+00	 2.9578e-11	-5.7051e-12	 1.6590e-11	 2.3848e+08	 2.8814e+02	 5.5601e+03
 1.0072e+01	 5.5287e+03	 1.8428e+00	 4.8423e+00	 2.7121e-11	-4.7204e-12	 2.3120e-11	 2.6009e+08	 2.8814e+02	 5.5631e+03
 3.1874e+00	 5.5287e+03	 3.5836e+00	 1.4070e+01	 2.4938e-11	-4.5792e-12	 4.4960e-11	 2.8286e+08	 2.8815e+02	 5.5672e+03
 1.0087e+00	 5.5287e+03	 9.0768e+00	 3.9979e+01	 2.2424e-11	-4.5302e-12	 1.1388e-10	 3.1458e+08	 2.8815e+02	 5.5718e+03
 1.0000e+06	 5.5693e+03	 1.0376e+00	-2.0403e-04	-1.1345e-10	-2.0897e-08	 1.3018e-11	-6.2175e+07	 2.8815e+02	 5.5775e+03
 3.1646e+05	 5.5693e+03	 1.0369e+00	 1.1382e-03	 2.0028e-10	-6.4889e-09	 1.3009e-11	 3.5220e+07	 2.8815e+02	 5.5800e+03
 1.0014e+05	 5.5693e+03	 1.0379e+00	 3.2032e-03	 1.7837e-10	-2.1128e-09	 1.3022e-11	 3.9546e+07	 2.8815e+02	 5.5824e+03
 3.1691e+04	 5.5693e+03	 1.0397e+00	 6.5466e-03	 1.1537e-10	-6.9989e-10	 1.3044e-11	 6.1145e+07	 2.8814e+02	 5.5852e+03
 1.0029e+04	 5.5693e+03	 1.0448e+00	 1.3457e-02	 7.5046e-11	-2.4974e-10	 1.3108e-11	 9.3995e+07	 2.8815e+02	 5.5876e+03
 3.1737e+03	 5.5693e+03	 1.0514e+00	 2.6549e-02	 4.6853e-11	-9.0795e-11	 1.3192e-11	 1.5056e+08	 2.8815e+02	 5.5903e+03
 1.0043e+03	 5.5693e+03	 1.0579e+00	 6.6074e-02	 3.6901e-11	-3.2328e-11	 1.3272e-11	 1.9116e+08	 2.8815e+02	 5.5929e+03
 3.1783e+02	 5.5693e+03	 1.0728e+00	 1.9163e-01	 3.3867e-11	-1.2870e-11	 1.3460e-11	 2.0829e+08	 2.8814e+02	 5.5956e+03
 1.0058e+02	 5.5693e+03	 1.1364e+00	 5.5162e-01	 3.0851e-11	-7.6285e-12	 1.4257e-11	 2.2865e+08	 2.8815e+02	 5.5982e+03
 3.1829e+01	 5.5693e+03	 1.3091e+00	 1.5597e+00	 2.7605e-11	-5.4705e-12	 1.6424e-11	 2.5553e+08	 2.8815e+02	 5.6012e+03
 1.0072e+01	 5.5693e+03	 1.7898e+00	 4.5225e+00	 2.5330e-11	-4.4238e-12	 2.2456e-11	 2.7848e+08	 2.8815e+02	 5.6045e+03
 3.1874e+00	 5.5693e+03	 3.3783e+00	 1.3128e+01	 2.3269e-11	-4.2154e-12	 4.2385e-11	 3.0315e+08	 2.8816e+02	 5.6085e+03
 1.0087e+00	 5.5693e+03	 8.4736e+00	 3.7398e+01	 2.0976e-11	-4.1919e-12	 1.0631e-10	 3.3628e+08	 2.8816e+02	 5.6131e+03
 1.0000e+06	 5.6106e+03	 1.0375e+00	-1.8708e-04	-1.0403e-10	-2.0834e-08	 1.3016e-11	-6.7806e+07	 2.8815e+02	 5.6185e+03
 3.1646e+05	 5.6106e+03	 1.0368e+00	 1.2597e-03	 2.2167e-10	-6.4772e-09	 1.3008e-11	 3.1822e+07	 2.8816e+02	 5.6212e+03
 1.0014e+05	 5.6106e+03	 1.0378e+00	 3.1423e-03	 1.7499e-10	-2.1059e-09	 1.3021e-11	 4.0312e+07	 2.8816e+02	 5.6237e+03
 3.1691e+04	 5.6106e+03	 1.0395e+00	 6.3525e-03	 1.1194e-10	-6.9673e-10	 1.3042e-11	 6.3013e+07	 2.8815e+02	 5.6264e+03
 1.0029e+04	 5.6106e+03	 1.0445e+00	 1.3067e-02	 7.2872e-11	-2.4819e-10	 1.3105e-11	 9.6799e+07	 2.8816e+02	 5.6289e+03
 3.1737e+03	 5.6106e+03	 1.0512e+00	 2.5537e-02	 4.5067e-11	-9.0305e-11	 1.3188e-11	 1.5652e+08	 2.8815e+02	 5.6314e+03
 1.0043e+03	 5.6106e+03	 1.0576e+00	 6.2716e-02	 3.5025e-11	-3.2190e-11	 1.3269e-11	 2.0140e+08	 2.8815e+02	 5.6342e+03
 3.1783e+02	 5.6106e+03	 1.0715e+00	 1.8150e-01	 3.2076e-11	-1.2644e-11	 1.3444e-11	 2.1991e+08	 2.8816e+02	 5.6366e+03
 1.0058e+02	 5.6106e+03	 1.1322e+00	 5.2383e-01	 2.9296e-11	-7.3929e-12	 1.4205e-11	 2.4078e+08	 2.8815e+02	 5.6393e+03
 3.1829e+01	 5.6106e+03	 1.3005e+00	 1.4794e+00	 2.6184e-11	-5.3193e-12	 1.6317e-11	 2.6940e+08	 2.8815e+02	 5.6420e+03
 1.0072e+01	 5.6106e+03	 1.7659e+00	 4.2848e+00	 2.3998e-11	-4.2898e-12	 2.2156e-11	 2.9394e+08	 2.8815e+02	 5.6450e+03
 3.1874e+00	 5.6106e+03	 3.2430e+00	 1.2511e+01	 2.2175e-11	-3.9755e-12	 4.0687e-11	 3.1811e+08	 2.8815e+02	 5.6491e+03
 1.0087e+00	 5.6106e+03	 8.1542e+00	 3.5518e+01	 1.9921e-11	-4.0127e-12	 1.0230e-10	 3.5409e+08	 2.8816e+02	 5.6537e+03
 1.0000e+06	 5.6512e+03	 1.0375e+00	-1.1471e-04	-6.3788e-11	-2.0835e-08	 1.3016e-11	-1.1058e+08	 2.8815e+02	 5.6594e+03
 3.1646e+05	 5.6512e+03	 1.0368e+00	 1.1706e-03	 2.0599e-10	-6.4684e-09	 1.3007e-11	 3.4244e+07	 2.8814e+02	 5.6619e+03
 1.0014e+05	 5.6512e+03	 1.0377e+00	 3.0788e-03	 1.7145e-10	-2.1021e-09	 1.3020e-11	 4.1144e+07	 2.8815e+02	 5.6644e+03
 3.1691e+04	 5.6512e+03	 1.0394e+00	 6.2161e-03	 1.0954e-10	-6.9440e-10	 1.3041e-11	 6.4395e+07	 2.8815e+02	 5.6672e+03
 1.0029e+04	 5.6512e+03	 1.0443e+00	 1.2769e-02	 7.1209e-11	-2.4691e-10	 1.3102e-11	 9.9059e+07	 2.8814e+02	 5.6697e+03
 3.1737e+03	 5.6512e+03	 1.0510e+00	 2.4779e-02	 4.3729e-11	-8.9939e-11	 1.3186e-11	 1.6131e+08	 2.8815e+02	 5.6726e+03
 1.0043e+03	 5.6512e+03	 1.0574e+00	 6.0206e-02	 3.3623e-11	-3.2060e-11	 1.3266e-11	 2.0980e+08	 2.8814e+02	 5.6752e+03
 3.1783e+02	 5.6512e+03	 1.0706e+00	 1.7393e-01	 3.0739e-11	-1.2479e-11	 1.3432e-11	 2.2948e+08	 2.8814e+02	 5.6777e+03
 1.0058e+02	 5.6512e+03	 1.1287e+00	 5.0275e-01	 2.8118e-11	-7.1995e-12	 1.4161e-11	 2.5087e+08	 2.8815e+02	 5.6803e+03
 3.1829e+01	 5.6512e+03	 1.2970e+00	 1.4174e+00	 2.5087e-11	-5.2571e-12	 1.6273e-11	 2.8118e+08	 2.8814e+02	 5.6832e+03
 1.0072e+01	 5.6512e+03	 1.7557e+00	 4.0725e+00	 2.2810e-11	-4.2323e-12	 2.2027e-11	 3.0925e+08	 2.8814e+02	 5.6865e+03
 3.1874e+00	 5.6512e+03	 3.1597e+00	 1.1906e+01	 2.1103e-11	-3.8278e-12	 3.9642e-11	 3.3427e+08	 2.8815e+02	 5.6906e+03
 1.0087e+00	 5.6512e+03	 7.8877e+00	 3.4108e+01	 1.9131e-11	-3.8633e-12	 9.8961e-11	 3.6872e+08	 2.8815e+02	 5.6952e+03
 1.0000e+06	 5.6927e+03	 1.0375e+00	-2.3092e-04	-1.2841e-10	-2.0825e-08	 1.3016e-11	-5.4935e+07	 2.8815e+02	 5.7007e+03
 3.1646e+05	 5.6927e+03	 1.0367e+00	 1.0616e-03	 1.8680e-10	-6.4600e-09	 1.3007e-11	 3.7762e+07	 2.8815e+02	 5.7034e+03
 1.0014e+05	 5.6927e+03	 1.0377e+00	 2.9493e-03	 1.6424e-10	-2.0997e-09	 1.3019e-11	 4.2950e+07	 2.8815e+02	 5.7059e+03
 3.1691e+04	 5.6927e+03	 1.0393e+00	 6.0520e-03	 1.0665e-10	-6.9250e-10	 1.3039e-11	 6.6141e+07	 2.8815e+02	 5.7086e+03
 1.0029e+04	 5.6927e+03	 1.0441e+00	 1.2516e-02	 6.9800e-11	-2.4591e-10	 1.3099e-11	 1.0106e+08	 2.8815e+02	 5.7111e+03
 3.1737e+03	 5.6927e+03	 1.0508e+00	 2.4209e-02	 4.2723e-11	-8.9732e-11	 1.3184e-11	 1.6511e+08	 2.8815e+02	 5.7136e+03
 1.0043e+03	 5.6927e+03	 1.0573e+00	 5.8311e-02	 3.2565e-11	-3.1976e-11	 1.3264e-11	 2.1661e+08	 2.8815e+02	 5.7164e+03
 3.1783e+02	 5.6927e+03	 1.0699e+00	 1.6811e-01	 2.9711e-11	-1.2355e-11	 1.3423e-11	 2.3742e+08	 2.8816e+02	 5.7189e+03
 1.0058e+02	 5.6927e+03	 1.1256e+00	 4.8650e-01	 2.7209e-11	-7.0252e-12	 1.4122e-11	 2.5925e+08	 2.8815e+02	 5.7216e+03
 3.1829e+01	 5.6927e+03	 1.2812e+00	 1.3813e+00	 2.4446e-11	-4.9770e-12	 1.6074e-11	 2.8855e+08	 2.8815e+02	 5.7243e+03
 1.0072e+01	 5.6927e+03	 1.7284e+00	 3.9762e+00	 2.2270e-11	-4.0795e-12	 2.1684e-11	 3.1674e+08	 2.8816e+02	 5.7276e+03
 3.1874e+00	 5.6927e+03	 3.1113e+00	 1.1551e+01	 2.0474e-11	-3.7422e-12	 3.9035e-11	 3.4454e+08	 2.8816e+02	 5.7319e+03
 1.0087e+00	 5.6927e+03	 7.5804e+00	 3.3125e+01	 1.8579e-11	-3.6909e-12	 9.5104e-11	 3.7966e+08	 2.8816e+02	 5.7365e+03
 1.0000e+06	 5.7340e+03	 1.0374e+00	-2.4887e-04	-1.3839e-10	-2.0792e-08	 1.3015e-11	-5.0972e+07	 2.8815e+02	 5.7420e+03
 3.1646e+05	 5.7340e+03	 1.0367e+00	 1.0419e-03	 1.8335e-10	-6.4532e-09	 1.3006e-11	 3.8472e+07	 2.8815e+02	 5.7446e+03
 1.0014e+05	 5.7340e+03	 1.0377e+00	 2.9465e-03	 1.6408e-10	-2.0967e-09	 1.3019e-11	 4.2992e+07	 2.8815e+02	 5.7472e+03
 3.1691e+04	 5.7340e+03	 1.0392e+00	 5.9751e-03	 1.0529e-10	-6.9120e-10	 1.3038e-11	 6.6992e+07	 2.8815e+02	 5.7500e+03
 1.0029e+04	 5.7340e+03	 1.0440e+00	 1.2342e-02	 6.8828e-11	-2.4511e-10	 1.3098e-11	 1.0249e+08	 2.8815e+02	 5.7524e+03
 3.1737e+03	 5.7340e+03	 1.0507e+00	 2.3787e-02	 4.1979e-11	-8.9516e-11	 1.3183e-11	 1.6804e+08	 2.8815e+02	 5.7550e+03
 1.0043e+03	 5.7340e+03	 1.0572e+00	 5.6759e-02	 3.1698e-11	-3.1918e-11	 1.3263e-11	 2.2253e+08	 2.8815e+02	 5.7578e+03
 3.1783e+02	 5.7340e+03	 1.0693e+00	 1.6327e-01	 2.8855e-11	-1.2246e-11	 1.3415e-11	 2.4446e+08	 2.8815e+02	 5.7604e+03
 1.0058e+02	 5.7340e+03	 1.1232e+00	 4.7304e-01	 2.6456e-11	-6.8893e-12	 1.4092e-11	 2.6663e+08	 2.8815e+02	 5.7632e+03
 3.1829e+01	 5.7340e+03	 1.2832e+00	 1.3360e+00	 2.3646e-11	-5.0131e-12	 1.6100e-11	 2.9832e+08	 2.8815e+02	 5.7659e+03
 1.0072e+01	 5.7340e+03	 1.7130e+00	 3.8257e+00	 2.1427e-11	-3.9934e-12	 2.1491e-11	 3.2921e+08	 2.8814e+02	 5.7691e+03
 3.1874e+00	 5.7340e+03	 3.0146e+00	 1.1091e+01	 1.9658e-11	-3.5708e-12	 3.7822e-11	 3.5883e+08	 2.8815e+02	 5.7734e+03
 1.0087e+00	 5.7340e+03	 7.3243e+00	 3.1735e+01	 1.7800e-11	-3.5472e-12	 9.1892e-11	 3.9629e+08	 2.8814e+02	 5.7780e+03
 1.0000e+06	 5.7755e+03	 1.0374e+00	-2.6743e-04	-1.4871e-10	-2.0776e-08	 1.3015e-11	-4.7435e+07	 2.8815e+02	 5.7834e+03
 3.1646e+05	 5.7755e+03	 1.0366e+00	 1.0577e-03	 1.8612e-10	-6.4486e-09	 1.3006e-11	 3.7900e+07	 2.8815e+02	 5.7861e+03
 1.0014e+05	 5.7755e+03	 1.0376e+00	 2.8763e-03	 1.6017e-10	-2.0937e-09	 1.3018e-11	 4.4040e+07	 2.8815e+02	 5.7885e+03
 3.1691e+04	 5.7755e+03	 1.0392e+00	 5.8799e-03	 1.0362e-10	-6.9005e-10	 1.3037e-11	 6.8077e+07	 2.8815e+02	 5.7913e+03
 1.0029e+04	 5.7755e+03	 1.0438e+00	 1.2175e-02	 6.7895e-11	-2.4436e-10	 1.3096e-11	 1.0390e+08	 2.8815e+02	 5.7937e+03
 3.1737e+03	 5.7755e+03	 1.0506e+00	 2.3430e-02	 4.1348e-11	-8.9260e-11	 1.3181e-11	 1.7060e+08	 2.8815e+02	 5.7962e+03
 1.0043e+03	 5.7755e+03	 1.0571e+00	 5.5531e-02	 3.1012e-11	-3.1865e-11	 1.3262e-11	 2.2746e+08	 2.8815e+02	 5.7989e+03
 3.1783e+02	 5.7755e+03	 1.0689e+00	 1.5950e-01	 2.8188e-11	-1.2181e-11	 1.3411e-11	 2.5025e+08	 2.8815e+02	 5.8014e+03
 1.0058e+02	 5.7755e+03	 1.1221e+00	 4.6226e-01	 2.5853e-11	-6.8310e-12	 1.4079e-11	 2.7285e+08	 2.8815e+02	 5.8043e+03
 3.1829e+01	 5.7755e+03	 1.2817e+00	 1.3018e+00	 2.3041e-11	-4.9864e-12	 1.6081e-11	 3.0615e+08	 2.8815e+02	 5.8070e+03
 1.0072e+01	 5.7755e+03	 1.7042e+00	 3.7347e+00	 2.0917e-11	-3.9440e-12	 2.1381e-11	 3.3723e+08	 2.8815e+02	 5.8102e+03
 3.1874e+00	 5.7755e+03	 2.9890e+00	 1.0858e+01	 1.9244e-11	-3.5252e-12	 3.7500e-11	 3.6655e+08	 2.8815e+02	 5.8143e+03
 1.0087e+00	 5.7755e+03	 7.2523e+00	 3.1000e+01	 1.7388e-11	-3.5069e-12	 9.0988e-11	 4.0568e+08	 2.8815e+02	 5.8189e+03
 1.0000e+06	 5.8165e+03	 1.0373e+00	-2.5324e-04	-1.4082e-10	-2.0768e-08	 1.3015e-11	-5.0094e+07	 2.8815e+02	 5.8245e+03
 3.1646e+05	 5.8165e+03	 1.0366e+00	 1.1484e-03	 2.0209e-10	-6.4430e-09	 1.3006e-11	 3.4906e+07	 2.8815e+02	 5.8270e+03
 1.0014e+05	 5.8165e+03	 1.0376e+00	 2.9152e-03	 1.6234e-10	-2.0924e-09	 1.3018e-11	 4.3453e+07	 2.8815e+02	 5.8294e+03
 3.1691e+04	 5.8165e+03	 1.0391e+00	 5.8112e-03	 1.0241e-10	-6.8906e-10	 1.3037e-11	 6.8882e+07	 2.8815e+02	 5.8321e+03
 1.0029e+04	 5.8165e+03	 1.0437e+00	 1.2033e-02	 6.7105e-11	-2.4388e-10	 1.3095e-11	 1.0512e+08	 2.8815e+02	 5.8345e+03
 3.1737e+03	 5.8165e+03	 1.0505e+00	 2.3128e-02	 4.0816e-11	-8.9140e-11	 1.3180e-11	 1.7282e+08	 2.8815e+02	 5.8374e+03
 1.0043e+03	 5.8165e+03	 1.0570e+00	 5.4548e-02	 3.0464e-11	-3.1834e-11	 1.3261e-11	 2.3155e+08	 2.8816e+02	 5.8400e+03
 3.1783e+02	 5.8165e+03	 1.0686e+00	 1.5644e-01	 2.7648e-11	-1.2122e-11	 1.3407e-11	 2.5514e+08	 2.8815e+02	 5.8426e+03
 1.0058e+02	 5.8165e+03	 1.1207e+00	 4.5379e-01	 2.5379e-11	-6.7497e-12	 1.4060e-11	 2.7794e+08	 2.8815e+02	 5.8452e+03
 3.1829e+01	 5.8165e+03	 1.2802e+00	 1.2759e+00	 2.2582e-11	-4.9600e-12	 1.6062e-11	 3.1238e+08	 2.8815e+02	 5.8480e+03
 1.0072e+01	 5.8165e+03	 1.7028e+00	 3.6517e+00	 2.0453e-11	-3.9364e-12	 2.1364e-11	 3.4489e+08	 2.8815e+02	 5.8511e+03
 3.1874e+00	 5.8165e+03	 2.9603e+00	 1.0621e+01	 1.8826e-11	-3.4746e-12	 3.7141e-11	 3.7470e+08	 2.8815e+02	 5.8553e+03
 1.0087e+00	 5.8165e+03	 7.0773e+00	 3.0462e+01	 1.7086e-11	-3.4087e-12	 8.8793e-11	 4.1285e+08	 2.8815e+02	 5.8600e+03
 1.0000e+06	 5.8575e+03	 1.0374e+00	-1.8817e-04	-1.0463e-10	-2.0785e-08	 1.3015e-11	-6.7416e+07	 2.8815e+02	 5.8655e+03
 3.1646e+05	 5.8575e+03	 1.0366e+00	 1.0450e-03	 1.8389e-10	-6.4431e-09	 1.3006e-11	 3.8359e+07	 2.8814e+02	 5.8682e+03
 1.0014e+05	 5.8575e+03	 1.0376e+00	 2.8491e-03	 1.5865e-10	-2.0921e-09	 1.3017e-11	 4.4461e+07	 2.8815e+02	 5.8707e+03
 3.1691e+04	 5.8575e+03	 1.0391e+00	 5.7659e-03	 1.0161e-10	-6.8832e-10	 1.3036e-11	 6.9423e+07	 2.8815e+02	 5.8734e+03
 1.0029e+04	 5.8575e+03	 1.0436e+00	 1.1943e-02	 6.6603e-11	-2.4339e-10	 1.3094e-11	 1.0591e+08	 2.8815e+02	 5.8759e+03
 3.1737e+03	 5.8575e+03	 1.0504e+00	 2.2845e-02	 4.0316e-11	-8.8996e-11	 1.3179e-11	 1.7496e+08	 2.8815e+02	 5.8784e+03
 1.0043e+03	 5.8575e+03	 1.0569e+00	 5.3760e-02	 3.0023e-11	-3.1799e-11	 1.3261e-11	 2.3495e+08	 2.8815e+02	 5.8810e+03
 3.1783e+02	 5.8575e+03	 1.0684e+00	 1.5395e-01	 2.7208e-11	-1.2087e-11	 1.3404e-11	 2.5926e+08	 2.8815e+02	 5.8835e+03
 1.0058e+02	 5.8575e+03	 1.1201e+00	 4.4658e-01	 2.4976e-11	-6.7163e-12	 1.4053e-11	 2.8243e+08	 2.8815e+02	 5.8861e+03
 3.1829e+01	 5.8575e+03	 1.2780e+00	 1.2563e+00	 2.2234e-11	-4.9197e-12	 1.6034e-11	 3.1726e+08	 2.8815e+02	 5.8888e+03
 1.0072e+01	 5.8575e+03	 1.7047e+00	 3.5853e+00	 2.0080e-11	-3.9471e-12	 2.1388e-11	 3.5128e+08	 2.8815e+02	 5.8921e+03
 3.1874e+00	 5.8575e+03	 2.9298e+00	 1.0440e+01	 1.8504e-11	-3.4203e-12	 3.6757e-11	 3.8122e+08	 2.8815e+02	 5.8964e+03
 1.0087e+00	 5.8575e+03	 6.9571e+00	 2.9851e+01	 1.6743e-11	-3.3413e-12	 8.7284e-11	 4.2130e+08	 2.8815e+02	 5.9010e+03
 1.0000e+06	 5.8985e+03	 1.0374e+00	-1.6861e-04	-9.3757e-11	-2.0769e-08	 1.3015e-11	-7.5236e+07	 2.8815e+02	 5.9067e+03
 3.1646e+05	 5.8985e+03	 1.0366e+00	 1.1072e-03	 1.9483e-10	-6.4392e-09	 1.3005e-11	 3.6206e+07	 2.8815e+02	 5.9094e+03
 1.0014e+05	 5.8985e+03	 1.0375e+00	 2.8603e-03	 1.5928e-10	-2.0903e-09	 1.3017e-11	 4.4287e+07	 2.8816e+02	 5.9120e+03
 3.1691e+04	 5.8985e+03	 1.0390e+00	 5.7174e-03	 1.0075e-10	-6.8756e-10	 1.3036e-11	 7.0012e+07	 2.8815e+02	 5.9146e+03
 1.0029e+04	 5.8985e+03	 1.0436e+00	 1.1881e-02	 6.6254e-11	-2.4311e-10	 1.3093e-11	 1.0647e+08	 2.8815e+02	 5.9170e+03
 3.1737e+03	 5.8985e+03	 1.0504e+00	 2.2709e-02	 4.0076e-11	-8.8881e-11	 1.3178e-11	 1.7601e+08	 2.8815e+02	 5.9199e+03
 1.0043e+03	 5.8985e+03	 1.0569e+00	 5.3116e-02	 2.9664e-11	-3.1786e-11	 1.3260e-11	 2.3780e+08	 2.8815e+02	 5.9224e+03
 3.1783e+02	 5.8985e+03	 1.0682e+00	 1.5193e-01	 2.6851e-11	-1.2047e-11	 1.3401e-11	 2.6271e+08	 2.8815e+02	 5.9251e+03
 1.0058e+02	 5.8985e+03	 1.1190e+00	 4.4103e-01	 2.4666e-11	-6.6559e-12	 1.4039e-11	 2.8598e+08	 2.8816e+02	 5.9277e+03
 3.1829e+01	 5.8985e+03	 1.2814e+00	 1.2360e+00	 2.1876e-11	-4.9806e-12	 1.6077e-11	 3.2245e+08	 2.8815e+02	 5.9305e+03
 1.0072e+01	 5.8985e+03	 1.7161e+00	 3.5043e+00	 1.9627e-11	-4.0110e-12	 2.1531e-11	 3.5940e+08	 2.8815e+02	 5.9336e+03
 3.1874e+00	 5.8985e+03	 2.9267e+00	 1.0185e+01	 1.8052e-11	-3.4150e-12	 3.6719e-11	 3.9075e+08	 2.8815e+02	 5.9379e+03
 1.0087e+00	 5.8985e+03	 6.7159e+00	 2.9508e+01	 1.6550e-11	-3.2060e-12	 8.4259e-11	 4.2621e+08	 2.8815e+02	 5.9426e+03
 1.0000e+06	 5.9401e+03	 1.0373e+00	-2.0094e-04	-1.1173e-10	-2.0744e-08	 1.3014e-11	-6.3132e+07	 2.8815e+02	 5.9480e+03
 3.1646e+05	 5.9401e+03	 1.0366e+00	 1.1222e-03	 1.9747e-10	-6.4388e-09	 1.3005e-11	 3.5723e+07	 2.8815e+02	 5.9508e+03
 1.0014e+05	 5.9401e+03	 1.0375e+00	 2.7964e-03	 1.5572e-10	-2.0885e-09	 1.3017e-11	 4.5298e+07	 2.8815e+02	 5.9533e+03
 3.1691e+04	 5.9401e+03	 1.0390e+00	 5.6589e-03	 9.9723e-11	-6.8739e-10	 1.3036e-11	 7.0735e+07	 2.8815e+02	 5.9558e+03
 1.0029e+04	 5.9401e+03	 1.0435e+00	 1.1783e-02	 6.5712e-11	-2.4282e-10	 1.3092e-11	 1.0735e+08	 2.8815e+02	 5.9584e+03
 3.1737e+03	 5.9401e+03	 1.0503e+00	 2.2568e-02	 3.9828e-11	-8.8782e-11	 1.3177e-11	 1.7711e+08	 2.8815e+02	 5.9610e+03
 1.0043e+03	 5.9401e+03	 1.0569e+00	 5.2526e-02	 2.9334e-11	-3.1770e-11	 1.3260e-11	 2.4047e+08	 2.8815e+02	 5.9637e+03
 3.1783e+02	 5.9401e+03	 1.0682e+00	 1.5005e-01	 2.6518e-11	-1.2051e-11	 1.3402e-11	 2.6600e+08	 2.8815e+02	 5.9662e+03
 1.0058e+02	 5.9401e+03	 1.1207e+00	 4.3556e-01	 2.4360e-11	-6.7477e-12	 1.4060e-11	 2.8957e+08	 2.8815e+02	 5.9689e+03
 3.1829e+01	 5.9401e+03	 1.2865e+00	 1.2163e+00	 2.1527e-11	-5.0710e-12	 1.6141e-11	 3.2768e+08	 2.8815e+02	 5.9717e+03
 1.0072e+01	 5.9401e+03	 1.7000e+00	 3.4671e+00	 1.9419e-11	-3.9208e-12	 2.1329e-11	 3.6326e+08	 2.8815e+02	 5.9748e+03
 3.1874e+00	 5.9401e+03	 2.8782e+00	 1.0080e+01	 1.7866e-11	-3.3290e-12	 3.6110e-11	 3.9482e+08	 2.8815e+02	 5.9790e+03
 1.0087e+00	 5.9401e+03	 6.7070e+00	 2.9280e+01	 1.6423e-11	-3.2010e-12	 8.4147e-11	 4.2952e+08	 2.8815e+02	 5.9846e+03
 1.0000e+06	 5.9821e+03	 1.0373e+00	-1.7985e-04	-1.0001e-10	-2.0748e-08	 1.3014e-11	-7.0536e+07	 2.8815e+02	 5.9903e+03
 3.1646e+05	 5.9821e+03	 1.0366e+00	 1.0782e-03	 1.8972e-10	-6.4368e-09	 1.3005e-11	 3.7181e+07	 2.8815e+02	 5.9929e+03
 1.0014e+05	 5.9821e+03	 1.0375e+00	 2.8172e-03	 1.5688e-10	-2.0869e-09	 1.3016e-11	 4.4964e+07	 2.8815e+02	 5.9955e+03
 3.1691e+04	 5.9821e+03	 1.0390e+00	 5.6105e-03	 9.8870e-11	-6.8691e-10	 1.3035e-11	 7.1346e+07	 2.8815e+02	 5.9980e+03
 1.0029e+04	 5.9821e+03	 1.0435e+00	 1.1713e-02	 6.5317e-11	-2.4246e-10	 1.3092e-11	 1.0800e+08	 2.8815e+02	 6.0006e+03
 3.1737e+03	 5.9821e+03	 1.0503e+00	 2.2353e-02	 3.9448e-11	-8.8691e-11	 1.3177e-11	 1.7882e+08	 2.8815e+02	 6.0032e+03
 1.0043e+03	 5.9821e+03	 1.0569e+00	 5.1996e-02	 2.9038e-11	-3.1750e-11	 1.3259e-11	 2.4292e+08	 2.8815e+02	 6.0059e+03
 3.1783e+02	 5.9821e+03	 1.0680e+00	 1.4846e-01	 2.6238e-11	-1.2015e-11	 1.3399e-11	 2.6884e+08	 2.8815e+02	 6.0083e+03
 1.0058e+02	 5.9821e+03	 1.1195e+00	 4.3098e-01	 2.4104e-11	-6.6837e-12	 1.4045e-11	 2.9265e+08	 2.8815e+02	 6.0109e+03
 3.1829e+01	 5.9821e+03	 1.2789e+00	 1.2080e+00	 2.1380e-11	-4.9369e-12	 1.6046e-11	 3.2993e+08	 2.8816e+02	 6.0136e+03
 1.0072e+01	 5.9821e+03	 1.6913e+00	 3.4375e+00	 1.9253e-11	-3.8721e-12	 2.1220e-11	 3.6639e+08	 2.8815e+02	 6.0168e+03
 3.1874e+00	 5.9821e+03	 2.8627e+00	 1.0006e+01	 1.7734e-11	-3.3016e-12	 3.5916e-11	 3.9776e+08	 2.8816e+02	 6.0209e+03
 1.0087e+00	 5.9821e+03	 6.6775e+00	 2.9038e+01	 1.6287e-11	-3.1845e-12	 8.3777e-11	 4.3309e+08	 2.8815e+02	 6.0263e+03
 1.0000e+06	 6.0238e+03	 1.0373e+00	-2.4661e-04	-1.3713e-10	-2.0747e-08	 1.3014e-11	-5.1440e+07	 2.8815e+02	 6.0317e+03
 3.1646e+05	 6.0238e+03	 1.0366e+00	 1.1072e-03	 1.9484e-10	-6.4355e-09	 1.3005e-11	 3.6204e+07	 2.8815e+02	 6.0344e+03
 1.0014e+05	 6.0238e+03	 1.0375e+00	 2.7766e-03	 1.5462e-10	-2.0887e-09	 1.3017e-11	 4.5622e+07	 2.8815e+02	 6.0369e+03
 3.1691e+04	 6.0238e+03	 1.0390e+00	 5.6152e-03	 9.8953e-11	-6.8644e-10	 1.3035e-11	 7.1286e+07	 2.8815e+02	 6.0394e+03
 1.0029e+04	 6.0238e+03	 1.0434e+00	 1.1677e-02	 6.5117e-11	-2.4217e-10	 1.3091e-11	 1.0833e+08	 2.8815e+02	 6.0421e+03
 3.1737e+03	 6.0238e+03	 1.0502e+00	 2.2279e-02	 3.9317e-11	-8.8666e-11	 1.3176e-11	 1.7941e+08	 2.8815e+02	 6.0447e+03
 1.0043e+03	 6.0238e+03	 1.0568e+00	 5.1613e-02	 2.8824e-11	-3.1730e-11	 1.3259e-11	 2.4472e+08	 2.8815e+02	 6.0474e+03
 3.1783e+02	 6.0238e+03	 1.0679e+00	 1.4716e-01	 2.6008e-11	-1.1996e-11	 1.3398e-11	 2.7122e+08	 2.8815e+02	 6.0499e+03
 1.0058e+02	 6.0238e+03	 1.1184e+00	 4.2725e-01	 2.3895e-11	-6.6210e-12	 1.4031e-11	 2.9521e+08	 2.8815e+02	 6.0526e+03
 3.1829e+01	 6.0238e+03	 1.2751e+00	 1.1990e+00	 2.1220e-11	-4.8689e-12	 1.5998e-11	 3.3242e+08	 2.8815e+02	 6.0554e+03
 1.0072e+01	 6.0238e+03	 1.6987e+00	 3.3823e+00	 1.8944e-11	-3.9136e-12	 2.1313e-11	 3.7237e+08	 2.8815e+02	 6.0585e+03
 3.1874e+00	 6.0238e+03	 2.8684e+00	 9.7994e+00	 1.7369e-11	-3.3116e-12	 3.5987e-11	 4.0613e+08	 2.8815e+02	 6.0625e+03
 1.0087e+00	 6.0238e+03	 6.3533e+00	 2.8376e+01	 1.5916e-11	-3.0026e-12	 7.9710e-11	 4.4321e+08	 2.8815e+02	 6.0671e+03
 1.0000e+06	 6.0646e+03	 1.0373e+00	-1.9768e-04	-1.0992e-10	-2.0738e-08	 1.3014e-11	-6.4171e+07	 2.8815e+02	 6.0728e+03
 3.1646e+05	 6.0646e+03	 1.0366e+00	 1.0703e-03	 1.8834e-10	-6.4318e-09	 1.3005e-11	 3.7453e+07	 2.8816e+02	 6.0754e+03
 1.0014e+05	 6.0646e+03	 1.0375e+00	 2.7509e-03	 1.5319e-10	-2.0872e-09	 1.3016e-11	 4.6047e+07	 2.8816e+02	 6.0779e+03
 3.1691e+04	 6.0646e+03	 1.0389e+00	 5.5807e-03	 9.8345e-11	-6.8591e-10	 1.3034e-11	 7.1726e+07	 2.8816e+02	 6.0807e+03
 1.0029e+04	 6.0646e+03	 1.0434e+00	 1.1615e-02	 6.4770e-11	-2.4203e-10	 1.3091e-11	 1.0891e+08	 2.8815e+02	 6.0834e+03
 3.1737e+03	 6.0646e+03	 1.0501e+00	 2.2211e-02	 3.9198e-11	-8.8481e-11	 1.3175e-11	 1.7996e+08	 2.8815e+02	 6.0860e+03
 1.0043e+03	 6.0646e+03	 1.0568e+00	 5.1220e-02	 2.8605e-11	-3.1739e-11	 1.3259e-11	 2.4660e+08	 2.8815e+02	 6.0886e+03
 3.1783e+02	 6.0646e+03	 1.0678e+00	 1.4589e-01	 2.5783e-11	-1.1982e-11	 1.3397e-11	 2.7359e+08	 2.8815e+02	 6.0911e+03
 1.0058e+02	 6.0646e+03	 1.1193e+00	 4.2364e-01	 2.3693e-11	-6.6695e-12	 1.4042e-11	 2.9772e+08	 2.8816e+02	 6.0937e+03
 3.1829e+01	 6.0646e+03	 1.2872e+00	 1.1814e+00	 2.0910e-11	-5.0822e-12	 1.6149e-11	 3.3735e+08	 2.8815e+02	 6.0965e+03
 1.0072e+01	 6.0646e+03	 1.7052e+00	 3.3371e+00	 1.8691e-11	-3.9500e-12	 2.1394e-11	 3.7740e+08	 2.8815e+02	 6.0995e+03
 3.1874e+00	 6.0646e+03	 2.8663e+00	 9.6797e+00	 1.7156e-11	-3.3078e-12	 3.5961e-11	 4.1116e+08	 2.8815e+02	 6.1037e+03
 1.0087e+00	 6.0646e+03	 6.5136e+00	 2.8025e+01	 1.5719e-11	-3.0926e-12	 8.1721e-11	 4.4875e+08	 2.8815e+02	 6.1084e+03
 1.0000e+06	 6.1059e+03	 1.0373e+00	-2.3341e-04	-1.2979e-10	-2.0729e-08	 1.3014e-11	-5.4350e+07	 2.8815e+02	 6.1137e+03
 3.1646e+05	 6.1059e+03	 1.0366e+00	 9.8418e-04	 1.7319e-10	-6.4318e-09	 1.3005e-11	 4.0731e+07	 2.8815e+02	 6.1164e+03
 1.0014e+05	 6.1059e+03	 1.0375e+00	 2.7485e-03	 1.5305e-10	-2.0868e-09	 1.3016e-11	 4.6088e+07	 2.8815e+02	 6.1190e+03
 3.1691e+04	 6.1059e+03	 1.0389e+00	 5.5478e-03	 9.7764e-11	-6.8556e-10	 1.3034e-11	 7.2153e+07	 2.8815e+02	 6.1218e+03
 1.0029e+04	 6.1059e+03	 1.0433e+00	 1.1563e-02	 6.4484e-11	-2.4171e-10	 1.3090e-11	 1.0939e+08	 2.8815e+02	 6.1243e+03
 3.1737e+03	 6.1059e+03	 1.0501e+00	 2.2072e-02	 3.8951e-11	-8.8490e-11	 1.3175e-11	 1.8110e+08	 2.8815e+02	 6.1268e+03
 1.0043e+03	 6.1059e+03	 1.0568e+00	 5.0843e-02	 2.8394e-11	-3.1710e-11	 1.3259e-11	 2.4843e+08	 2.8815e+02	 6.1295e+03
 3.1783e+02	 6.1059e+03	 1.0676e+00	 1.4467e-01	 2.5568e-11	-1.1955e-11	 1.3395e-11	 2.7589e+08	 2.8815e+02	 6.1319e+03
 1.0058e+02	 6.1059e+03	 1.1182e+00	 4.2009e-01	 2.3495e-11	-6.6100e-12	 1.4029e-11	 3.0023e+08	 2.8815e+02	 6.1347e+03
 3.1829e+01	 6.1059e+03	 1.2837e+00	 1.1730e+00	 2.0760e-11	-5.0213e-12	 1.6106e-11	 3.3979e+08	 2.8815e+02	 6.1374e+03
 1.0072e+01	 6.1059e+03	 1.7112e+00	 3.3030e+00	 1.8499e-11	-3.9830e-12	 2.1468e-11	 3.8131e+08	 2.8815e+02	 6.1405e+03
 3.1874e+00	 6.1059e+03	 2.8597e+00	 9.5442e+00	 1.6916e-11	-3.2961e-12	 3.5878e-11	 4.1699e+08	 2.8814e+02	 6.1447e+03
 1.0087e+00	 6.1059e+03	 6.3100e+00	 2.7699e+01	 1.5536e-11	-2.9783e-12	 7.9166e-11	 4.5404e+08	 2.8814e+02	 6.1494e+03
 1.0000e+06	 6.1469e+03	 1.0373e+00	-1.7228e-04	-9.5800e-11	-2.0717e-08	 1.3014e-11	-7.3632e+07	 2.8815e+02	 6.1549e+03
 3.1646e+05	 6.1469e+03	 1.0365e+00	 1.0173e-03	 1.7902e-10	-6.4281e-09	 1.3004e-11	 3.9404e+07	 2.8814e+02	 6.1574e+03
 1.0014e+05	 6.1469e+03	 1.0375e+00	 2.7314e-03	 1.5210e-10	-2.0880e-09	 1.3017e-11	 4.6377e+07	 2.8814e+02	 6.1600e+03
 3.1691e+04	 6.1469e+03	 1.0389e+00	 5.5069e-03	 9.7044e-11	-6.8515e-10	 1.3034e-11	 7.2688e+07	 2.8815e+02	 6.1626e+03
 1.0029e+04	 6.1469e+03	 1.0433e+00	 1.1514e-02	 6.4207e-11	-2.4147e-10	 1.3089e-11	 1.0986e+08	 2.8815e+02	 6.1653e+03
 3.1737e+03	 6.1469e+03	 1.0501e+00	 2.2000e-02	 3.8825e-11	-8.8354e-11	 1.3174e-11	 1.8168e+08	 2.8814e+02	 6.1679e+03
 1.0043e+03	 6.1469e+03	 1.0568e+00	 5.0397e-02	 2.8145e-11	-3.1716e-11	 1.3259e-11	 2.5063e+08	 2.8815e+02	 6.1704e+03
 3.1783e+02	 6.1469e+03	 1.0676e+00	 1.4326e-01	 2.5318e-11	-1.1939e-11	 1.3394e-11	 2.7862e+08	 2.8814e+02	 6.1729e+03
 1.0058e+02	 6.1469e+03	 1.1180e+00	 4.1608e-01	 2.3270e-11	-6.5985e-12	 1.4026e-11	 3.0313e+08	 2.8815e+02	 6.1755e+03
 3.1829e+01	 6.1469e+03	 1.2843e+00	 1.1603e+00	 2.0536e-11	-5.0313e-12	 1.6113e-11	 3.4349e+08	 2.8815e+02	 6.1783e+03
 1.0072e+01	 6.1469e+03	 1.7060e+00	 3.2671e+00	 1.8299e-11	-3.9544e-12	 2.1404e-11	 3.8549e+08	 2.8815e+02	 6.1816e+03
 3.1874e+00	 6.1469e+03	 2.8498e+00	 9.4306e+00	 1.6715e-11	-3.2786e-12	 3.5754e-11	 4.2201e+08	 2.8815e+02	 6.1856e+03
 1.0087e+00	 6.1469e+03	 6.1200e+00	 2.7317e+01	 1.5322e-11	-2.8718e-12	 7.6782e-11	 4.6038e+08	 2.8815e+02	 6.1902e+03
 1.0000e+06	 6.1877e+03	 1.0373e+00	-2.3419e-04	-1.3023e-10	-2.0741e-08	 1.3014e-11	-5.4167e+07	 2.8815e+02	 6.1957e+03
 3.1646e+05	 6.1877e+03	 1.0365e+00	 9.9053e-04	 1.7430e-10	-6.4278e-09	 1.3004e-11	 4.0470e+07	 2.8815e+02	 6.1983e+03
 1.0014e+05	 6.1877e+03	 1.0374e+00	 2.7020e-03	 1.5047e-10	-2.0852e-09	 1.3016e-11	 4.6881e+07	 2.8815e+02	 6.2008e+03
 3.1691e+04	 6.1877e+03	 1.0389e+00	 5.4786e-03	 9.6545e-11	-6.8466e-10	 1.3034e-11	 7.3064e+07	 2.8815e+02	 6.2035e+03
 1.0029e+04	 6.1877e+03	 1.0432e+00	 1.1448e-02	 6.3840e-11	-2.4112e-10	 1.3089e-11	 1.1050e+08	 2.8816e+02	 6.2060e+03
 3.1737e+03	 6.1877e+03	 1.0500e+00	 2.1829e-02	 3.8522e-11	-8.8235e-11	 1.3173e-11	 1.8311e+08	 2.8815e+02	 6.2085e+03
 1.0043e+03	 6.1877e+03	 1.0567e+00	 4.9965e-02	 2.7904e-11	-3.1689e-11	 1.3258e-11	 2.5279e+08	 2.8815e+02	 6.2112e+03
 3.1783e+02	 6.1877e+03	 1.0674e+00	 1.4184e-01	 2.5067e-11	-1.1921e-11	 1.3392e-11	 2.8140e+08	 2.8815e+02	 6.2137e+03
 1.0058e+02	 6.1877e+03	 1.1178e+00	 4.1222e-01	 2.3054e-11	-6.5891e-12	 1.4024e-11	 3.0597e+08	 2.8815e+02	 6.2167e+03
 3.1829e+01	 6.1877e+03	 1.2838e+00	 1.1472e+00	 2.0304e-11	-5.0235e-12	 1.6107e-11	 3.4741e+08	 2.8815e+02	 6.2195e+03
 1.0072e+01	 6.1877e+03	 1.6958e+00	 3.2315e+00	 1.8099e-11	-3.8973e-12	 2.1276e-11	 3.8974e+08	 2.8815e+02	 6.2226e+03
 3.1874e+00	 6.1877e+03	 2.8131e+00	 9.3444e+00	 1.6562e-11	-3.2136e-12	 3.5294e-11	 4.2591e+08	 2.8815e+02	 6.2269e+03
 1.0087e+00	 6.1877e+03	 6.3491e+00	 2.7063e+01	 1.5180e-11	-3.0002e-12	 7.9656e-11	 4.6470e+08	 2.8815e+02	 6.2315e+03
 1.0000e+06	 6.2290e+03	 1.0372e+00	-1.7232e-04	-9.5820e-11	-2.0697e-08	 1.3013e-11	-7.3617e+07	 2.8815e+02	 6.2369e+03
 3.1646e+05	 6.2290e+03	 1.0365e+00	 1.0424e-03	 1.8343e-10	-6.4281e-09	 1.3004e-11	 3.8456e+07	 2.8815e+02	 6.2397e+03
 1.0014e+05	 6.2290e+03	 1.0374e+00	 2.7478e-03	 1.5301e-10	-2.0836e-09	 1.3016e-11	 4.6100e+07	 2.8815e+02	 6.2422e+03
 3.1691e+04	 6.2290e+03	 1.0388e+00	 5.4662e-03	 9.6327e-11	-6.8385e-10	 1.3033e-11	 7.3229e+07	 2.8815e+02	 6.2450e+03
 1.0029e+04	 6.2290e+03	 1.0432e+00	 1.1387e-02	 6.3500e-11	-2.4084e-10	 1.3088e-11	 1.1109e+08	 2.8815e+02	 6.2475e+03
 3.1737e+03	 6.2290e+03	 1.0500e+00	 2.1656e-02	 3.8218e-11	-8.8222e-11	 1.3173e-11	 1.8457e+08	 2.8816e+02	 6.2500e+03
 1.0043e+03	 6.2290e+03	 1.0567e+00	 4.9564e-02	 2.7680e-11	-3.1659e-11	 1.3257e-11	 2.5484e+08	 2.8815e+02	 6.2527e+03
 3.1783e+02	 6.2290e+03	 1.0672e+00	 1.4064e-01	 2.4856e-11	-1.1878e-11	 1.3389e-11	 2.8379e+08	 2.8814e+02	 6.2552e+03
 1.0058e+02	 6.2290e+03	 1.1165e+00	 4.0866e-01	 2.2855e-11	-6.5169e-12	 1.4008e-11	 3.0864e+08	 2.8814e+02	 6.2579e+03
 3.1829e+01	 6.2290e+03	 1.2783e+00	 1.1403e+00	 2.0182e-11	-4.9254e-12	 1.6038e-11	 3.4952e+08	 2.8815e+02	 6.2607e+03
 1.0072e+01	 6.2290e+03	 1.6958e+00	 3.2046e+00	 1.7949e-11	-3.8973e-12	 2.1276e-11	 3.9301e+08	 2.8815e+02	 6.2639e+03
 3.1874e+00	 6.2290e+03	 2.8213e+00	 9.2289e+00	 1.6357e-11	-3.2281e-12	 3.5397e-11	 4.3124e+08	 2.8814e+02	 6.2684e+03
 1.0087e+00	 6.2290e+03	 6.1771e+00	 2.6746e+01	 1.5002e-11	-2.9038e-12	 7.7499e-11	 4.7021e+08	 2.8815e+02	 6.2730e+03
 1.0000e+06	 6.2705e+03	 1.0372e+00	-2.2502e-04	-1.2512e-10	-2.0681e-08	 1.3013e-11	-5.6375e+07	 2.8815e+02	 6.2785e+03
 3.1646e+05	 6.2705e+03	 1.0365e+00	 1.0313e-03	 1.8147e-10	-6.4253e-09	 1.3004e-11	 3.8872e+07	 2.8815e+02	 6.2813e+03
 1.0014e+05	 6.2705e+03	 1.0374e+00	 2.7197e-03	 1.5145e-10	-2.0829e-09	 1.3015e-11	 4.6577e+07	 2.8815e+02	 6.2837e+03
 3.1691e+04	 6.2705e+03	 1.0388e+00	 5.4219e-03	 9.5546e-11	-6.8378e-10	 1.3033e-11	 7.3828e+07	 2.8815e+02	 6.2864e+03
 1.0029e+04	 6.2705e+03	 1.0432e+00	 1.1341e-02	 6.3243e-11	-2.4065e-10	 1.3088e-11	 1.1154e+08	 2.8815e+02	 6.2889e+03
 3.1737e+03	 6.2705e+03	 1.0499e+00	 2.1633e-02	 3.8177e-11	-8.8105e-11	 1.3173e-11	 1.8477e+08	 2.8814e+02	 6.2914e+03
 1.0043e+03	 6.2705e+03	 1.0567e+00	 4.9219e-02	 2.7487e-11	-3.1645e-11	 1.3257e-11	 2.5663e+08	 2.8815e+02	 6.2943e+03
 3.1783e+02	 6.2705e+03	 1.0671e+00	 1.3949e-01	 2.4652e-11	-1.1867e-11	 1.3389e-11	 2.8614e+08	 2.8815e+02	 6.2967e+03
 1.0058e+02	 6.2705e+03	 1.1161e+00	 4.0522e-01	 2.2663e-11	-6.4912e-12	 1.4002e-11	 3.1125e+08	 2.8814e+02	 6.2994e+03
 3.1829e+01	 6.2705e+03	 1.2786e+00	 1.1294e+00	 1.9988e-11	-4.9300e-12	 1.6041e-11	 3.5290e+08	 2.8814e+02	 6.3020e+03
 1.0072e+01	 6.2705e+03	 1.6990e+00	 3.1677e+00	 1.7742e-11	-3.9149e-12	 2.1316e-11	 3.9759e+08	 2.8815e+02	 6.3054e+03
 3.1874e+00	 6.2705e+03	 2.8095e+00	 9.1235e+00	 1.6171e-11	-3.2072e-12	 3.5249e-11	 4.3622e+08	 2.8815e+02	 6.3096e+03
 1.0087e+00	 6.2705e+03	 6.0609e+00	 2.6683e+01	 1.4966e-11	-2.8386e-12	 7.6041e-11	 4.7133e+08	 2.8815e+02	 6.3142e+03
 1.0000e+06	 6.3117e+03	 1.0372e+00	-2.2684e-04	-1.2614e-10	-2.0712e-08	 1.3013e-11	-5.5924e+07	 2.8814e+02	 6.3196e+03
 3.1646e+05	 6.3117e+03	 1.0365e+00	 1.0415e-03	 1.8327e-10	-6.4259e-09	 1.3004e-11	 3.8488e+07	 2.8815e+02	 6.3221e+03
 1.0014e+05	 6.3117e+03	 1.0374e+00	 2.6706e-03	 1.4871e-10	-2.0821e-09	 1.3015e-11	 4.7433e+07	 2.8815e+02	 6.3248e+03
 3.1691e+04	 6.3117e+03	 1.0388e+00	 5.4046e-03	 9.5241e-11	-6.8313e-10	 1.3032e-11	 7.4065e+07	 2.8815e+02	 6.3274e+03
 1.0029e+04	 6.3117e+03	 1.0431e+00	 1.1274e-02	 6.2869e-11	-2.4043e-10	 1.3087e-11	 1.1220e+08	 2.8815e+02	 6.3301e+03
 3.1737e+03	 6.3117e+03	 1.0498e+00	 2.1520e-02	 3.7977e-11	-8.7949e-11	 1.3171e-11	 1.8574e+08	 2.8815e+02	 6.3327e+03
 1.0043e+03	 6.3117e+03	 1.0566e+00	 4.8836e-02	 2.7273e-11	-3.1629e-11	 1.3257e-11	 2.5864e+08	 2.8815e+02	 6.3355e+03
 3.1783e+02	 6.3117e+03	 1.0671e+00	 1.3833e-01	 2.4447e-11	-1.1853e-11	 1.3388e-11	 2.8854e+08	 2.8816e+02	 6.3380e+03
 1.0058e+02	 6.3117e+03	 1.1163e+00	 4.0185e-01	 2.2475e-11	-6.5034e-12	 1.4005e-11	 3.1386e+08	 2.8815e+02	 6.3408e+03
 3.1829e+01	 6.3117e+03	 1.2765e+00	 1.1197e+00	 1.9816e-11	-4.8941e-12	 1.6015e-11	 3.5596e+08	 2.8815e+02	 6.3435e+03
 1.0072e+01	 6.3117e+03	 1.6809e+00	 3.1553e+00	 1.7672e-11	-3.8135e-12	 2.1089e-11	 3.9916e+08	 2.8815e+02	 6.3466e+03
 3.1874e+00	 6.3117e+03	 2.7337e+00	 9.1537e+00	 1.6224e-11	-3.0728e-12	 3.4297e-11	 4.3478e+08	 2.8815e+02	 6.3507e+03
 1.0087e+00	 6.3117e+03	 5.9658e+00	 2.6511e+01	 1.4870e-11	-2.7853e-12	 7.4848e-11	 4.7438e+08	 2.8814e+02	 6.3552e+03
 1.0000e+06	 6.3529e+03	 1.0372e+00	-1.7728e-04	-9.8576e-11	-2.0702e-08	 1.3013e-11	-7.1558e+07	 2.8815e+02	 6.3608e+03
 3.1646e+05	 6.3529e+03	 1.0365e+00	 1.0404e-03	 1.8308e-10	-6.4243e-09	 1.3004e-11	 3.8530e+07	 2.8815e+02	 6.3632e+03
 1.0014e+05	 6.3529e+03	 1.0374e+00	 2.6958e-03	 1.5012e-10	-2.0827e-09	 1.3015e-11	 4.6989e+07	 2.8815e+02	 6.3657e+03
 3.1691e+04	 6.3529e+03	 1.0388e+00	 5.3646e-03	 9.4536e-11	-6.8305e-10	 1.3032e-11	 7.4617e+07	 2.8815e+02	 6.3684e+03
 1.0029e+04	 6.3529e+03	 1.0431e+00	 1.1244e-02	 6.2702e-11	-2.4020e-10	 1.3087e-11	 1.1250e+08	 2.8814e+02	 6.3709e+03
 3.1737e+03	 6.3529e+03	 1.0498e+00	 2.1427e-02	 3.7814e-11	-8.7935e-11	 1.3171e-11	 1.8655e+08	 2.8815e+02	 6.3737e+03
 1.0043e+03	 6.3529e+03	 1.0566e+00	 4.8570e-02	 2.7125e-11	-3.1626e-11	 1.3257e-11	 2.6006e+08	 2.8815e+02	 6.3763e+03
 3.1783e+02	 6.3529e+03	 1.0670e+00	 1.3743e-01	 2.4288e-11	-1.1834e-11	 1.3386e-11	 2.9044e+08	 2.8815e+02	 6.3788e+03
 1.0058e+02	 6.3529e+03	 1.1154e+00	 3.9933e-01	 2.2333e-11	-6.4559e-12	 1.3994e-11	 3.1585e+08	 2.8815e+02	 6.3814e+03
 3.1829e+01	 6.3529e+03	 1.2716e+00	 1.1170e+00	 1.9769e-11	-4.8074e-12	 1.5954e-11	 3.5681e+08	 2.8815e+02	 6.3843e+03
 1.0072e+01	 6.3529e+03	 1.6704e+00	 3.1478e+00	 1.7630e-11	-3.7546e-12	 2.0957e-11	 4.0011e+08	 2.8815e+02	 6.3875e+03
 3.1874e+00	 6.3529e+03	 2.7408e+00	 9.0737e+00	 1.6082e-11	-3.0854e-12	 3.4387e-11	 4.3861e+08	 2.8814e+02	 6.3917e+03
 1.0087e+00	 6.3529e+03	 5.9599e+00	 2.6021e+01	 1.4595e-11	-2.7820e-12	 7.4774e-11	 4.8331e+08	 2.8815e+02	 6.3964e+03
 1.0000e+06	 6.3939e+03	 1.0373e+00	-2.2443e-04	-1.2480e-10	-2.0716e-08	 1.3014e-11	-5.6524e+07	 2.8815e+02	 6.4018e+03
 3.1646e+05	 6.3939e+03	 1.0365e+00	 1.0165e-03	 1.7888e-10	-6.4211e-09	 1.3004e-11	 3.9434e+07	 2.8815e+02	 6.4045e+03
 1.0014e+05	 6.3939e+03	 1.0374e+00	 2.6965e-03	 1.5016e-10	-2.0816e-09	 1.3015e-11	 4.6977e+07	 2.8815e+02	 6.4070e+03
 3.1691e+04	 6.3939e+03	 1.0388e+00	 5.3552e-03	 9.4370e-11	-6.8291e-10	 1.3032e-11	 7.4748e+07	 2.8815e+02	 6.4100e+03
 1.0029e+04	 6.3939e+03	 1.0430e+00	 1.1203e-02	 6.2478e-11	-2.4001e-10	 1.3086e-11	 1.1290e+08	 2.8815e+02	 6.4125e+03
 3.1737e+03	 6.3939e+03	 1.0498e+00	 2.1364e-02	 3.7703e-11	-8.7868e-11	 1.3171e-11	 1.8709e+08	 2.8815e+02	 6.4152e+03
 1.0043e+03	 6.3939e+03	 1.0566e+00	 4.8335e-02	 2.6994e-11	-3.1601e-11	 1.3256e-11	 2.6132e+08	 2.8815e+02	 6.4178e+03
 3.1783e+02	 6.3939e+03	 1.0668e+00	 1.3662e-01	 2.4144e-11	-1.1809e-11	 1.3384e-11	 2.9216e+08	 2.8815e+02	 6.4205e+03
 1.0058e+02	 6.3939e+03	 1.1151e+00	 3.9720e-01	 2.2215e-11	-6.4388e-12	 1.3991e-11	 3.1754e+08	 2.8815e+02	 6.4231e+03
 3.1829e+01	 6.3939e+03	 1.2771e+00	 1.1059e+00	 1.9573e-11	-4.9050e-12	 1.6023e-11	 3.6040e+08	 2.8816e+02	 6.4259e+03
 1.0072e+01	 6.3939e+03	 1.6928e+00	 3.0930e+00	 1.7323e-11	-3.8804e-12	 2.1239e-11	 4.0719e+08	 2.8815e+02	 6.4290e+03
 3.1874e+00	 6.3939e+03	 2.7695e+00	 8.8937e+00	 1.5763e-11	-3.1364e-12	 3.4747e-11	 4.4749e+08	 2.8816e+02	 6.4331e+03
 1.0087e+00	 6.3939e+03	 5.9560e+00	 2.5814e+01	 1.4479e-11	-2.7798e-12	 7.4725e-11	 4.8720e+08	 2.8816e+02	 6.4377e+03
 1.0000e+06	 6.4352e+03	 1.0372e+00	-2.2478e-04	-1.2499e-10	-2.0701e-08	 1.3013e-11	-5.6434e+07	 2.8816e+02	 6.4430e+03
 3.1646e+05	 6.4352e+03	 1.0365e+00	 9.8360e-04	 1.7308e-10	-6.4208e-09	 1.3004e-11	 4.0755e+07	 2.8815e+02	 6.4458e+03
 1.0014e+05	 6.4352e+03	 1.0374e+00	 2.6782e-03	 1.4914e-10	-2.0821e-09	 1.3015e-11	 4.7297e+07	 2.8816e+02	 6.4483e+03
 3.1691e+04	 6.4352e+03	 1.0388e+00	 5.3186e-03	 9.3726e-11	-6.8305e-10	 1.3032e-11	 7.5262e+07	 2.8816e+02	 6.4509e+03
 1.0029e+04	 6.4352e+03	 1.0430e+00	 1.1143e-02	 6.2143e-11	-2.3975e-10	 1.3086e-11	 1.1351e+08	 2.8817e+02	 6.4536e+03
 3.1737e+03	 6.4352e+03	 1.0497e+00	 2.1216e-02	 3.7442e-11	-8.7787e-11	 1.3170e-11	 1.8840e+08	 2.8815e+02	 6.4564e+03
 1.0043e+03	 6.4352e+03	 1.0566e+00	 4.7999e-02	 2.6806e-11	-3.1593e-11	 1.3256e-11	 2.6315e+08	 2.8816e+02	 6.4590e+03
 3.1783e+02	 6.4352e+03	 1.0668e+00	 1.3554e-01	 2.3953e-11	-1.1809e-11	 1.3384e-11	 2.9449e+08	 2.8816e+02	 6.4616e+03
 1.0058e+02	 6.4352e+03	 1.1152e+00	 3.9398e-01	 2.2034e-11	-6.4456e-12	 1.3992e-11	 3.2014e+08	 2.8816e+02	 6.4642e+03
 3.1829e+01	 6.4352e+03	 1.2788e+00	 1.0953e+00	 1.9386e-11	-4.9338e-12	 1.6044e-11	 3.6387e+08	 2.8816e+02	 6.4670e+03
 1.0072e+01	 6.4352e+03	 1.6920e+00	 3.0641e+00	 1.7162e-11	-3.8757e-12	 2.1228e-11	 4.1103e+08	 2.8815e+02	 6.4730e+03
 3.1874e+00	 6.4352e+03	 2.7376e+00	 8.7918e+00	 1.5583e-11	-3.0798e-12	 3.4347e-11	 4.5268e+08	 2.8815e+02	 6.4770e+03
 1.0087e+00	 6.4352e+03	 5.9036e+00	 2.5442e+01	 1.4270e-11	-2.7504e-12	 7.4067e-11	 4.9432e+08	 2.8815e+02	 6.4816e+03
 1.0000e+06	 6.4791e+03	 1.0372e+00	-3.1223e-04	-1.7362e-10	-2.0691e-08	 1.3013e-11	-4.0629e+07	 2.8814e+02	 6.4873e+03
 3.1646e+05	 6.4791e+03	 1.0365e+00	 1.0195e-03	 1.7941e-10	-6.4197e-09	 1.3004e-11	 3.9318e+07	 2.8814e+02	 6.4899e+03
 1.0014e+05	 6.4791e+03	 1.0373e+00	 2.6701e-03	 1.4869e-10	-2.0796e-09	 1.3015e-11	 4.7441e+07	 2.8814e+02	 6.4926e+03
 3.1691e+04	 6.4791e+03	 1.0387e+00	 5.2994e-03	 9.3387e-11	-6.8190e-10	 1.3032e-11	 7.5534e+07	 2.8814e+02	 6.4952e+03
 1.0029e+04	 6.4791e+03	 1.0429e+00	 1.1106e-02	 6.1933e-11	-2.3951e-10	 1.3085e-11	 1.1390e+08	 2.8814e+02	 6.4978e+03
 3.1737e+03	 6.4791e+03	 1.0497e+00	 2.1104e-02	 3.7243e-11	-8.7731e-11	 1.3170e-11	 1.8940e+08	 2.8814e+02	 6.5004e+03
 1.0043e+03	 6.4791e+03	 1.0565e+00	 4.7612e-02	 2.6590e-11	-3.1573e-11	 1.3255e-11	 2.6529e+08	 2.8814e+02	 6.5031e+03
 3.1783e+02	 6.4791e+03	 1.0666e+00	 1.3438e-01	 2.3749e-11	-1.1773e-11	 1.3382e-11	 2.9702e+08	 2.8814e+02	 6.5055e+03
 1.0058e+02	 6.4791e+03	 1.1141e+00	 3.9073e-01	 2.1853e-11	-6.3828e-12	 1.3978e-11	 3.2280e+08	 2.8814e+02	 6.5082e+03
 3.1829e+01	 6.4791e+03	 1.2782e+00	 1.0866e+00	 1.9232e-11	-4.9237e-12	 1.6036e-11	 3.6679e+08	 2.8814e+02	 6.5109e+03
 1.0072e+01	 6.4791e+03	 1.7049e+00	 3.0253e+00	 1.6944e-11	-3.9481e-12	 2.1390e-11	 4.1630e+08	 2.8815e+02	 6.5171e+03
 3.1874e+00	 6.4791e+03	 2.7378e+00	 8.7101e+00	 1.5438e-11	-3.0800e-12	 3.4348e-11	 4.5692e+08	 2.8815e+02	 6.5214e+03
 1.0087e+00	 6.4791e+03	 5.6541e+00	 2.5298e+01	 1.4190e-11	-2.6104e-12	 7.0937e-11	 4.9712e+08	 2.8815e+02	 6.5260e+03
 1.0000e+06	 6.5235e+03	 1.0372e+00	-3.5711e-04	-1.9858e-10	-2.0694e-08	 1.3013e-11	-3.5523e+07	 2.8816e+02	 6.5316e+03
 3.1646e+05	 6.5235e+03	 1.0365e+00	 9.6163e-04	 1.6922e-10	-6.4226e-09	 1.3004e-11	 4.1686e+07	 2.8815e+02	 6.5342e+03
 1.0014e+05	 6.5235e+03	 1.0373e+00	 2.6147e-03	 1.4560e-10	-2.0792e-09	 1.3015e-11	 4.8446e+07	 2.8815e+02	 6.5367e+03
 3.1691e+04	 6.5235e+03	 1.0387e+00	 5.2689e-03	 9.2850e-11	-6.8157e-10	 1.3031e-11	 7.5971e+07	 2.8815e+02	 6.5394e+03
 1.0029e+04	 6.5235e+03	 1.0429e+00	 1.1028e-02	 6.1501e-11	-2.3926e-10	 1.3084e-11	 1.1470e+08	 2.8816e+02	 6.5419e+03
 3.1737e+03	 6.5235e+03	 1.0496e+00	 2.1078e-02	 3.7198e-11	-8.7584e-11	 1.3169e-11	 1.8963e+08	 2.8817e+02	 6.5446e+03
 1.0043e+03	 6.5235e+03	 1.0565e+00	 4.7341e-02	 2.6439e-11	-3.1557e-11	 1.3255e-11	 2.6680e+08	 2.8815e+02	 6.5472e+03
 3.1783e+02	 6.5235e+03	 1.0666e+00	 1.3346e-01	 2.3586e-11	-1.1767e-11	 1.3381e-11	 2.9907e+08	 2.8815e+02	 6.5499e+03
 1.0058e+02	 6.5235e+03	 1.1146e+00	 3.8792e-01	 2.1696e-11	-6.4074e-12	 1.3984e-11	 3.2513e+08	 2.8816e+02	 6.5525e+03
 3.1829e+01	 6.5235e+03	 1.2805e+00	 1.0777e+00	 1.9073e-11	-4.9638e-12	 1.6065e-11	 3.6984e+08	 2.8815e+02	 6.5552e+03
 1.0072e+01	 6.5235e+03	 1.6914e+00	 3.0031e+00	 1.6820e-11	-3.8722e-12	 2.1220e-11	 4.1938e+08	 2.8815e+02	 6.5613e+03
 3.1874e+00	 6.5235e+03	 2.7268e+00	 8.6234e+00	 1.5284e-11	-3.0606e-12	 3.4211e-11	 4.6152e+08	 2.8815e+02	 6.5654e+03
 1.0087e+00	 6.5235e+03	 5.5324e+00	 2.4953e+01	 1.3996e-11	-2.5422e-12	 6.9411e-11	 5.0400e+08	 2.8814e+02	 6.5699e+03
 1.0000e+06	 6.5676e+03	 1.0372e+00	-2.2599e-04	-1.2567e-10	-2.0674e-08	 1.3013e-11	-5.6132e+07	 2.8814e+02	 6.5755e+03
 3.1646e+05	 6.5676e+03	 1.0365e+00	 1.0025e-03	 1.7640e-10	-6.4166e-09	 1.3004e-11	 3.9988e+07	 2.8814e+02	 6.5780e+03
 1.0014e+05	 6.5676e+03	 1.0374e+00	 2.6389e-03	 1.4695e-10	-2.0801e-09	 1.3015e-11	 4.8001e+07	 2.8814e+02	 6.5806e+03
 3.1691e+04	 6.5676e+03	 1.0387e+00	 5.2475e-03	 9.2472e-11	-6.8136e-10	 1.3031e-11	 7.6282e+07	 2.8814e+02	 6.5832e+03
 1.0029e+04	 6.5676e+03	 1.0429e+00	 1.1002e-02	 6.1357e-11	-2.3905e-10	 1.3084e-11	 1.1497e+08	 2.8815e+02	 6.5857e+03
 3.1737e+03	 6.5676e+03	 1.0496e+00	 2.0974e-02	 3.7015e-11	-8.7618e-11	 1.3169e-11	 1.9057e+08	 2.8814e+02	 6.5884e+03
 1.0043e+03	 6.5676e+03	 1.0565e+00	 4.7050e-02	 2.6276e-11	-3.1535e-11	 1.3255e-11	 2.6846e+08	 2.8814e+02	 6.5910e+03
 3.1783e+02	 6.5676e+03	 1.0665e+00	 1.3247e-01	 2.3412e-11	-1.1757e-11	 1.3381e-11	 3.0130e+08	 2.8814e+02	 6.5936e+03
 1.0058e+02	 6.5676e+03	 1.1140e+00	 3.8508e-01	 2.1537e-11	-6.3772e-12	 1.3977e-11	 3.2753e+08	 2.8814e+02	 6.5962e+03
 3.1829e+01	 6.5676e+03	 1.2796e+00	 1.0689e+00	 1.8918e-11	-4.9489e-12	 1.6054e-11	 3.7287e+08	 2.8815e+02	 6.5989e+03
 1.0072e+01	 6.5676e+03	 1.6966e+00	 2.9755e+00	 1.6665e-11	-3.9018e-12	 2.1286e-11	 4.2327e+08	 2.8815e+02	 6.6049e+03
 3.1874e+00	 6.5676e+03	 2.7118e+00	 8.5785e+00	 1.5205e-11	-3.0340e-12	 3.4022e-11	 4.6393e+08	 2.8815e+02	 6.6089e+03
 1.0087e+00	 6.5676e+03	 5.6522e+00	 2.4996e+01	 1.4020e-11	-2.6094e-12	 7.0914e-11	 5.0314e+08	 2.8816e+02	 6.6136e+03
 1.0000e+06	 6.6111e+03	 1.0372e+00	-2.5988e-04	-1.4451e-10	-2.0686e-08	 1.3013e-11	-4.8813e+07	 2.8816e+02	 6.6191e+03
 3.1646e+05	 6.6111e+03	 1.0365e+00	 9.0041e-04	 1.5844e-10	-6.4150e-09	 1.3004e-11	 4.4520e+07	 2.8816e+02	 6.6215e+03
 1.0014e+05	 6.6111e+03	 1.0373e+00	 2.6016e-03	 1.4487e-10	-2.0782e-09	 1.3014e-11	 4.8691e+07	 2.8817e+02	 6.6241e+03
 3.1691e+04	 6.6111e+03	 1.0386e+00	 5.2290e-03	 9.2148e-11	-6.8101e-10	 1.3031e-11	 7.6551e+07	 2.8816e+02	 6.6269e+03
 1.0029e+04	 6.6111e+03	 1.0429e+00	 1.0976e-02	 6.1207e-11	-2.3898e-10	 1.3084e-11	 1.1525e+08	 2.8817e+02	 6.6296e+03
 3.1737e+03	 6.6111e+03	 1.0496e+00	 2.0946e-02	 3.6964e-11	-8.7468e-11	 1.3168e-11	 1.9083e+08	 2.8816e+02	 6.6322e+03
 1.0043e+03	 6.6111e+03	 1.0565e+00	 4.6872e-02	 2.6177e-11	-3.1546e-11	 1.3255e-11	 2.6947e+08	 2.8816e+02	 6.6351e+03
 3.1783e+02	 6.6111e+03	 1.0664e+00	 1.3195e-01	 2.3320e-11	-1.1739e-11	 1.3380e-11	 3.0248e+08	 2.8816e+02	 6.6376e+03
 1.0058e+02	 6.6111e+03	 1.1138e+00	 3.8360e-01	 2.1454e-11	-6.3655e-12	 1.3974e-11	 3.2880e+08	 2.8816e+02	 6.6404e+03
 3.1829e+01	 6.6111e+03	 1.2789e+00	 1.0641e+00	 1.8832e-11	-4.9370e-12	 1.6046e-11	 3.7457e+08	 2.8815e+02	 6.6432e+03
 1.0072e+01	 6.6111e+03	 1.6998e+00	 2.9581e+00	 1.6568e-11	-3.9196e-12	 2.1326e-11	 4.2576e+08	 2.8815e+02	 6.6495e+03
 3.1874e+00	 6.6111e+03	 2.7108e+00	 8.5094e+00	 1.5082e-11	-3.0322e-12	 3.4009e-11	 4.6770e+08	 2.8814e+02	 6.6539e+03
 1.0087e+00	 6.6111e+03	 5.5624e+00	 2.4597e+01	 1.3796e-11	-2.5590e-12	 6.9787e-11	 5.1129e+08	 2.8814e+02	 6.6585e+03
 1.0000e+06	 6.6560e+03	 1.0372e+00	-3.7700e-04	-2.0964e-10	-2.0675e-08	 1.3013e-11	-3.3649e+07	 2.8814e+02	 6.6641e+03
 3.1646e+05	 6.6560e+03	 1.0365e+00	 8.9204e-04	 1.5697e-10	-6.4151e-09	 1.3004e-11	 4.4938e+07	 2.8814e+02	 6.6669e+03
 1.0014e+05	 6.6560e+03	 1.0373e+00	 2.5904e-03	 1.4425e-10	-2.0791e-09	 1.3015e-11	 4.8901e+07	 2.8813e+02	 6.6693e+03
 3.1691e+04	 6.6560e+03	 1.0386e+00	 5.2051e-03	 9.1726e-11	-6.8097e-10	 1.3031e-11	 7.6903e+07	 2.8813e+02	 6.6720e+03
 1.0029e+04	 6.6560e+03	 1.0428e+00	 1.0943e-02	 6.1026e-11	-2.3873e-10	 1.3083e-11	 1.1559e+08	 2.8813e+02	 6.6745e+03
 3.1737e+03	 6.6560e+03	 1.0496e+00	 2.0791e-02	 3.6691e-11	-8.7447e-11	 1.3168e-11	 1.9225e+08	 2.8814e+02	 6.6771e+03
 1.0043e+03	 6.6560e+03	 1.0565e+00	 4.6615e-02	 2.6033e-11	-3.1533e-11	 1.3255e-11	 2.7096e+08	 2.8814e+02	 6.6797e+03
 3.1783e+02	 6.6560e+03	 1.0664e+00	 1.3116e-01	 2.3179e-11	-1.1736e-11	 1.3379e-11	 3.0432e+08	 2.8814e+02	 6.6822e+03
 1.0058e+02	 6.6560e+03	 1.1140e+00	 3.8151e-01	 2.1337e-11	-6.3730e-12	 1.3976e-11	 3.3060e+08	 2.8814e+02	 6.6849e+03
 3.1829e+01	 6.6560e+03	 1.2809e+00	 1.0573e+00	 1.8713e-11	-4.9713e-12	 1.6070e-11	 3.7695e+08	 2.8814e+02	 6.6877e+03
 1.0072e+01	 6.6560e+03	 1.6894e+00	 2.9450e+00	 1.6494e-11	-3.8611e-12	 2.1195e-11	 4.2766e+08	 2.8815e+02	 6.6937e+03
 3.1874e+00	 6.6560e+03	 2.7056e+00	 8.4449e+00	 1.4968e-11	-3.0231e-12	 3.3945e-11	 4.7127e+08	 2.8815e+02	 6.6978e+03
 1.0087e+00	 6.6560e+03	 5.5270e+00	 2.4478e+01	 1.3729e-11	-2.5392e-12	 6.9343e-11	 5.1378e+08	 2.8816e+02	 6.7024e+03
 1.0000e+06	 6.6999e+03	 1.0372e+00	-3.0747e-04	-1.7097e-10	-2.0704e-08	 1.3013e-11	-4.1258e+07	 2.8816e+02	 6.7081e+03
 3.1646e+05	 6.6999e+03	 1.0364e+00	 8.7998e-04	 1.5485e-10	-6.4131e-09	 1.3003e-11	 4.5554e+07	 2.8816e+02	 6.7106e+03
 1.0014e+05	 6.6999e+03	 1.0373e+00	 2.5831e-03	 1.4384e-10	-2.0793e-09	 1.3015e-11	 4.9039e+07	 2.8816e+02	 6.7130e+03
 3.1691e+04	 6.6999e+03	 1.0386e+00	 5.1831e-03	 9.1339e-11	-6.8077e-10	 1.3031e-11	 7.7229e+07	 2.8816e+02	 6.7159e+03
 1.0029e+04	 6.6999e+03	 1.0428e+00	 1.0922e-02	 6.0908e-11	-2.3861e-10	 1.3083e-11	 1.1581e+08	 2.8816e+02	 6.7183e+03
 3.1737e+03	 6.6999e+03	 1.0495e+00	 2.0821e-02	 3.6744e-11	-8.7404e-11	 1.3168e-11	 1.9198e+08	 2.8816e+02	 6.7209e+03
 1.0043e+03	 6.6999e+03	 1.0564e+00	 4.6463e-02	 2.5948e-11	-3.1520e-11	 1.3254e-11	 2.7185e+08	 2.8816e+02	 6.7237e+03
 3.1783e+02	 6.6999e+03	 1.0663e+00	 1.3060e-01	 2.3081e-11	-1.1716e-11	 1.3378e-11	 3.0562e+08	 2.8816e+02	 6.7264e+03
 1.0058e+02	 6.6999e+03	 1.1131e+00	 3.7980e-01	 2.1241e-11	-6.3240e-12	 1.3965e-11	 3.3209e+08	 2.8816e+02	 6.7290e+03
 3.1829e+01	 6.6999e+03	 1.2783e+00	 1.0535e+00	 1.8645e-11	-4.9253e-12	 1.6038e-11	 3.7833e+08	 2.8816e+02	 6.7317e+03
 1.0072e+01	 6.6999e+03	 1.6904e+00	 2.9300e+00	 1.6411e-11	-3.8667e-12	 2.1208e-11	 4.2984e+08	 2.8815e+02	 6.7378e+03
 3.1874e+00	 6.6999e+03	 2.7009e+00	 8.3921e+00	 1.4874e-11	-3.0147e-12	 3.3886e-11	 4.7424e+08	 2.8815e+02	 6.7419e+03
 1.0087e+00	 6.6999e+03	 5.6330e+00	 2.4382e+01	 1.3676e-11	-2.5986e-12	 7.0672e-11	 5.1581e+08	 2.8815e+02	 6.7466e+03
 1.0000e+06	 6.7441e+03	 1.0372e+00	-1.9619e-04	-1.0909e-10	-2.0673e-08	 1.3013e-11	-6.4660e+07	 2.8814e+02	 6.7520e+03
 3.1646e+05	 6.7441e+03	 1.0364e+00	 9.5708e-04	 1.6842e-10	-6.4100e-09	 1.3003e-11	 4.1884e+07	 2.8814e+02	 6.7545e+03
 1.0014e+05	 6.7441e+03	 1.0373e+00	 2.6231e-03	 1.4607e-10	-2.0778e-09	 1.3014e-11	 4.8291e+07	 2.8814e+02	 6.7571e+03
 3.1691e+04	 6.7441e+03	 1.0386e+00	 5.1597e-03	 9.0925e-11	-6.8038e-10	 1.3031e-11	 7.7580e+07	 2.8814e+02	 6.7597e+03
 1.0029e+04	 6.7441e+03	 1.0427e+00	 1.0860e-02	 6.0562e-11	-2.3840e-10	 1.3082e-11	 1.1648e+08	 2.8814e+02	 6.7622e+03
 3.1737e+03	 6.7441e+03	 1.0495e+00	 2.0731e-02	 3.6585e-11	-8.7304e-11	 1.3167e-11	 1.9281e+08	 2.8814e+02	 6.7649e+03
 1.0043e+03	 6.7441e+03	 1.0564e+00	 4.6163e-02	 2.5781e-11	-3.1495e-11	 1.3254e-11	 2.7361e+08	 2.8814e+02	 6.7675e+03
 3.1783e+02	 6.7441e+03	 1.0661e+00	 1.2970e-01	 2.2921e-11	-1.1687e-11	 1.3376e-11	 3.0775e+08	 2.8814e+02	 6.7700e+03
 1.0058e+02	 6.7441e+03	 1.1124e+00	 3.7736e-01	 2.1105e-11	-6.2873e-12	 1.3957e-11	 3.3424e+08	 2.8814e+02	 6.7727e+03
 3.1829e+01	 6.7441e+03	 1.2755e+00	 1.0485e+00	 1.8558e-11	-4.8758e-12	 1.6002e-11	 3.8011e+08	 2.8814e+02	 6.7755e+03
 1.0072e+01	 6.7441e+03	 1.6932e+00	 2.9123e+00	 1.6311e-11	-3.8824e-12	 2.1243e-11	 4.3246e+08	 2.8814e+02	 6.7819e+03
 3.1874e+00	 6.7441e+03	 2.7141e+00	 8.3440e+00	 1.4789e-11	-3.0381e-12	 3.4051e-11	 4.7697e+08	 2.8814e+02	 6.7862e+03
 1.0087e+00	 6.7441e+03	 5.5817e+00	 2.4188e+01	 1.3567e-11	-2.5698e-12	 7.0029e-11	 5.1994e+08	 2.8815e+02	 6.7907e+03
 1.0000e+06	 6.7882e+03	 1.0372e+00	-2.6323e-04	-1.4637e-10	-2.0695e-08	 1.3013e-11	-4.8192e+07	 2.8815e+02	 6.7962e+03
 3.1646e+05	 6.7882e+03	 1.0364e+00	 8.8277e-04	 1.5534e-10	-6.4108e-09	 1.3003e-11	 4.5410e+07	 2.8816e+02	 6.7989e+03
 1.0014e+05	 6.7882e+03	 1.0373e+00	 2.5551e-03	 1.4228e-10	-2.0779e-09	 1.3014e-11	 4.9577e+07	 2.8815e+02	 6.8013e+03
 3.1691e+04	 6.7882e+03	 1.0386e+00	 5.1540e-03	 9.0826e-11	-6.7999e-10	 1.3030e-11	 7.7665e+07	 2.8815e+02	 6.8039e+03
 1.0029e+04	 6.7882e+03	 1.0427e+00	 1.0843e-02	 6.0469e-11	-2.3828e-10	 1.3082e-11	 1.1665e+08	 2.8815e+02	 6.8065e+03
 3.1737e+03	 6.7882e+03	 1.0495e+00	 2.0592e-02	 3.6340e-11	-8.7290e-11	 1.3167e-11	 1.9411e+08	 2.8815e+02	 6.8090e+03
 1.0043e+03	 6.7882e+03	 1.0564e+00	 4.5996e-02	 2.5688e-11	-3.1490e-11	 1.3254e-11	 2.7461e+08	 2.8815e+02	 6.8117e+03
 3.1783e+02	 6.7882e+03	 1.0662e+00	 1.2910e-01	 2.2816e-11	-1.1694e-11	 1.3376e-11	 3.0917e+08	 2.8815e+02	 6.8142e+03
 1.0058e+02	 6.7882e+03	 1.1127e+00	 3.7570e-01	 2.1012e-11	-6.3007e-12	 1.3960e-11	 3.3571e+08	 2.8815e+02	 6.8169e+03
 3.1829e+01	 6.7882e+03	 1.2786e+00	 1.0417e+00	 1.8437e-11	-4.9314e-12	 1.6042e-11	 3.8259e+08	 2.8816e+02	 6.8196e+03
 1.0072e+01	 6.7882e+03	 1.6933e+00	 2.8897e+00	 1.6185e-11	-3.8831e-12	 2.1245e-11	 4.3584e+08	 2.8815e+02	 6.8259e+03
 3.1874e+00	 6.7882e+03	 2.7083e+00	 8.2566e+00	 1.4634e-11	-3.0279e-12	 3.3979e-11	 4.8202e+08	 2.8815e+02	 6.8299e+03
 1.0087e+00	 6.7882e+03	 5.5284e+00	 2.3918e+01	 1.3416e-11	-2.5399e-12	 6.9360e-11	 5.2581e+08	 2.8815e+02	 6.8345e+03
 1.0000e+06	 6.8320e+03	 1.0372e+00	-2.6174e-04	-1.4554e-10	-2.0673e-08	 1.3013e-11	-4.8466e+07	 2.8815e+02	 6.8400e+03
 3.1646e+05	 6.8320e+03	 1.0365e+00	 9.8627e-04	 1.7355e-10	-6.4141e-09	 1.3003e-11	 4.0644e+07	 2.8814e+02	 6.8424e+03
 1.0014e+05	 6.8320e+03	 1.0373e+00	 2.5871e-03	 1.4407e-10	-2.0760e-09	 1.3014e-11	 4.8962e+07	 2.8815e+02	 6.8449e+03
 3.1691e+04	 6.8320e+03	 1.0386e+00	 5.1419e-03	 9.0613e-11	-6.7975e-10	 1.3030e-11	 7.7847e+07	 2.8814e+02	 6.8474e+03
 1.0029e+04	 6.8320e+03	 1.0427e+00	 1.0809e-02	 6.0276e-11	-2.3819e-10	 1.3082e-11	 1.1703e+08	 2.8815e+02	 6.8499e+03
 3.1737e+03	 6.8320e+03	 1.0494e+00	 2.0570e-02	 3.6301e-11	-8.7232e-11	 1.3166e-11	 1.9432e+08	 2.8815e+02	 6.8524e+03
 1.0043e+03	 6.8320e+03	 1.0564e+00	 4.5773e-02	 2.5563e-11	-3.1477e-11	 1.3253e-11	 2.7595e+08	 2.8815e+02	 6.8551e+03
 3.1783e+02	 6.8320e+03	 1.0661e+00	 1.2843e-01	 2.2698e-11	-1.1681e-11	 1.3375e-11	 3.1077e+08	 2.8815e+02	 6.8576e+03
 1.0058e+02	 6.8320e+03	 1.1126e+00	 3.7394e-01	 2.0913e-11	-6.2973e-12	 1.3959e-11	 3.3729e+08	 2.8814e+02	 6.8605e+03
 3.1829e+01	 6.8320e+03	 1.2794e+00	 1.0351e+00	 1.8320e-11	-4.9450e-12	 1.6052e-11	 3.8504e+08	 2.8815e+02	 6.8632e+03
 1.0072e+01	 6.8320e+03	 1.6975e+00	 2.8716e+00	 1.6083e-11	-3.9068e-12	 2.1298e-11	 4.3859e+08	 2.8815e+02	 6.8695e+03
 3.1874e+00	 6.8320e+03	 2.7058e+00	 8.2033e+00	 1.4540e-11	-3.0234e-12	 3.3947e-11	 4.8515e+08	 2.8815e+02	 6.8736e+03
 1.0087e+00	 6.8320e+03	 5.4035e+00	 2.3822e+01	 1.3361e-11	-2.4699e-12	 6.7793e-11	 5.2794e+08	 2.8815e+02	 6.8782e+03
 1.0000e+06	 6.8757e+03	 1.0372e+00	-2.0745e-04	-1.1535e-10	-2.0686e-08	 1.3013e-11	-6.1151e+07	 2.8814e+02	 6.8837e+03
 3.1646e+05	 6.8757e+03	 1.0364e+00	 8.7941e-04	 1.5475e-10	-6.4099e-09	 1.3003e-11	 4.5583e+07	 2.8814e+02	 6.8863e+03
 1.0014e+05	 6.8757e+03	 1.0373e+00	 2.5471e-03	 1.4184e-10	-2.0771e-09	 1.3014e-11	 4.9732e+07	 2.8815e+02	 6.8887e+03
 3.1691e+04	 6.8757e+03	 1.0386e+00	 5.1416e-03	 9.0606e-11	-6.7956e-10	 1.3030e-11	 7.7853e+07	 2.8815e+02	 6.8915e+03
 1.0029e+04	 6.8757e+03	 1.0427e+00	 1.0783e-02	 6.0133e-11	-2.3799e-10	 1.3082e-11	 1.1731e+08	 2.8815e+02	 6.8940e+03
 3.1737e+03	 6.8757e+03	 1.0494e+00	 2.0539e-02	 3.6246e-11	-8.7245e-11	 1.3166e-11	 1.9461e+08	 2.8815e+02	 6.8969e+03
 1.0043e+03	 6.8757e+03	 1.0564e+00	 4.5653e-02	 2.5496e-11	-3.1471e-11	 1.3253e-11	 2.7667e+08	 2.8815e+02	 6.8994e+03
 3.1783e+02	 6.8757e+03	 1.0660e+00	 1.2801e-01	 2.2624e-11	-1.1671e-11	 1.3375e-11	 3.1179e+08	 2.8816e+02	 6.9020e+03
 1.0058e+02	 6.8757e+03	 1.1121e+00	 3.7266e-01	 2.0842e-11	-6.2678e-12	 1.3952e-11	 3.3845e+08	 2.8815e+02	 6.9046e+03
 3.1829e+01	 6.8757e+03	 1.2751e+00	 1.0340e+00	 1.8300e-11	-4.8698e-12	 1.5998e-11	 3.8546e+08	 2.8815e+02	 6.9075e+03
 1.0072e+01	 6.8757e+03	 1.6899e+00	 2.8657e+00	 1.6050e-11	-3.8640e-12	 2.1202e-11	 4.3949e+08	 2.8815e+02	 6.9137e+03
 3.1874e+00	 6.8757e+03	 2.6821e+00	 8.1944e+00	 1.4524e-11	-2.9814e-12	 3.3650e-11	 4.8568e+08	 2.8816e+02	 6.9179e+03
 1.0087e+00	 6.8757e+03	 5.4997e+00	 2.3834e+01	 1.3369e-11	-2.5238e-12	 6.9000e-11	 5.2765e+08	 2.8815e+02	 6.9225e+03
 1.0000e+06	 6.9200e+03	 1.0372e+00	-2.9121e-04	-1.6193e-10	-2.0672e-08	 1.3013e-11	-4.3561e+07	 2.8815e+02	 6.9278e+03
 3.1646e+05	 6.9200e+03	 1.0364e+00	 9.9440e-04	 1.7498e-10	-6.4100e-09	 1.3003e-11	 4.0312e+07	 2.8815e+02	 6.9306e+03
 1.0014e+05	 6.9200e+03	 1.0373e+00	 2.5790e-03	 1.4361e-10	-2.0745e-09	 1.3014e-11	 4.9118e+07	 2.8815e+02	 6.9330e+03
 3.1691e+04	 6.9200e+03	 1.0385e+00	 5.0915e-03	 8.9725e-11	-6.7920e-10	 1.3030e-11	 7.8618e+07	 2.8814e+02	 6.9356e+03
 1.0029e+04	 6.9200e+03	 1.0426e+00	 1.0763e-02	 6.0020e-11	-2.3778e-10	 1.3081e-11	 1.1753e+08	 2.8815e+02	 6.9381e+03
 3.1737e+03	 6.9200e+03	 1.0494e+00	 2.0466e-02	 3.6118e-11	-8.7091e-11	 1.3165e-11	 1.9531e+08	 2.8814e+02	 6.9407e+03
 1.0043e+03	 6.9200e+03	 1.0563e+00	 4.5431e-02	 2.5372e-11	-3.1445e-11	 1.3253e-11	 2.7802e+08	 2.8814e+02	 6.9434e+03
 3.1783e+02	 6.9200e+03	 1.0658e+00	 1.2726e-01	 2.2492e-11	-1.1637e-11	 1.3372e-11	 3.1363e+08	 2.8814e+02	 6.9459e+03
 1.0058e+02	 6.9200e+03	 1.1115e+00	 3.7036e-01	 2.0713e-11	-6.2380e-12	 1.3945e-11	 3.4056e+08	 2.8815e+02	 6.9486e+03
 3.1829e+01	 6.9200e+03	 1.2740e+00	 1.0285e+00	 1.8204e-11	-4.8497e-12	 1.5984e-11	 3.8750e+08	 2.8815e+02	 6.9514e+03
 1.0072e+01	 6.9200e+03	 1.6837e+00	 2.8531e+00	 1.5979e-11	-3.8296e-12	 2.1125e-11	 4.4144e+08	 2.8815e+02	 6.9577e+03
 3.1874e+00	 6.9200e+03	 2.6809e+00	 8.1130e+00	 1.4380e-11	-2.9792e-12	 3.3635e-11	 4.9055e+08	 2.8815e+02	 6.9617e+03
 1.0087e+00	 6.9200e+03	 5.4094e+00	 2.3687e+01	 1.3286e-11	-2.4732e-12	 6.7867e-11	 5.3093e+08	 2.8815e+02	 6.9664e+03
 1.0000e+06	 6.9639e+03	 1.0372e+00	-3.6919e-04	-2.0529e-10	-2.0677e-08	 1.3013e-11	-3.4361e+07	 2.8816e+02	 6.9717e+03
 3.1646e+05	 6.9639e+03	 1.0364e+00	 9.9342e-04	 1.7481e-10	-6.4078e-09	 1.3003e-11	 4.0352e+07	 2.8815e+02	 6.9742e+03
 1.0014e+05	 6.9639e+03	 1.0373e+00	 2.5196e-03	 1.4031e-10	-2.0745e-09	 1.3014e-11	 5.0275e+07	 2.8816e+02	 6.9767e+03
 3.1691e+04	 6.9639e+03	 1.0385e+00	 5.0741e-03	 8.9417e-11	-6.7917e-10	 1.3030e-11	 7.8888e+07	 2.8815e+02	 6.9794e+03
 1.0029e+04	 6.9639e+03	 1.0426e+00	 1.0710e-02	 5.9726e-11	-2.3756e-10	 1.3081e-11	 1.1811e+08	 2.8815e+02	 6.9819e+03
 3.1737e+03	 6.9639e+03	 1.0493e+00	 2.0443e-02	 3.6077e-11	-8.7045e-11	 1.3165e-11	 1.9552e+08	 2.8815e+02	 6.9844e+03
 1.0043e+03	 6.9639e+03	 1.0563e+00	 4.5207e-02	 2.5247e-11	-3.1434e-11	 1.3252e-11	 2.7940e+08	 2.8815e+02	 6.9870e+03
 3.1783e+02	 6.9639e+03	 1.0658e+00	 1.2654e-01	 2.2364e-11	-1.1622e-11	 1.3371e-11	 3.1541e+08	 2.8815e+02	 6.9894e+03
 1.0058e+02	 6.9639e+03	 1.1108e+00	 3.6835e-01	 2.0601e-11	-6.1943e-12	 1.3936e-11	 3.4241e+08	 2.8815e+02	 6.9921e+03
 3.1829e+01	 6.9639e+03	 1.2722e+00	 1.0233e+00	 1.8111e-11	-4.8170e-12	 1.5961e-11	 3.8948e+08	 2.8815e+02	 6.9948e+03
 1.0072e+01	 6.9639e+03	 1.6835e+00	 2.8364e+00	 1.5886e-11	-3.8280e-12	 2.1121e-11	 4.4403e+08	 2.8816e+02	 7.0010e+03
 3.1874e+00	 6.9639e+03	 2.6735e+00	 8.0843e+00	 1.4329e-11	-2.9661e-12	 3.3542e-11	 4.9229e+08	 2.8815e+02	 7.0051e+03
 1.0087e+00	 6.9639e+03	 5.4333e+00	 2.3470e+01	 1.3164e-11	-2.4866e-12	 6.8167e-11	 5.3586e+08	 2.8816e+02	 7.0097e+03
 1.0000e+06	 7.0072e+03	 1.0372e+00	-3.4856e-04	-1.9382e-10	-2.0674e-08	 1.3013e-11	-3.6395e+07	 2.8815e+02	 7.0151e+03
 3.1646e+05	 7.0072e+03	 1.0364e+00	 9.1387e-04	 1.6081e-10	-6.4108e-09	 1.3003e-11	 4.3864e+07	 2.8815e+02	 7.0176e+03
 1.0014e+05	 7.0072e+03	 1.0372e+00	 2.5221e-03	 1.4045e-10	-2.0740e-09	 1.3013e-11	 5.0225e+07	 2.8815e+02	 7.0200e+03
 3.1691e+04	 7.0072e+03	 1.0385e+00	 5.0698e-03	 8.9341e-11	-6.7837e-10	 1.3029e-11	 7.8956e+07	 2.8815e+02	 7.0226e+03
 1.0029e+04	 7.0072e+03	 1.0426e+00	 1.0678e-02	 5.9547e-11	-2.3736e-10	 1.3080e-11	 1.1846e+08	 2.8814e+02	 7.0251e+03
 3.1737e+03	 7.0072e+03	 1.0493e+00	 2.0296e-02	 3.5817e-11	-8.7007e-11	 1.3165e-11	 1.9694e+08	 2.8815e+02	 7.0277e+03
 1.0043e+03	 7.0072e+03	 1.0563e+00	 4.4979e-02	 2.5119e-11	-3.1421e-11	 1.3252e-11	 2.8082e+08	 2.8814e+02	 7.0305e+03
 3.1783e+02	 7.0072e+03	 1.0657e+00	 1.2577e-01	 2.2228e-11	-1.1613e-11	 1.3371e-11	 3.1735e+08	 2.8814e+02	 7.0330e+03
 1.0058e+02	 7.0072e+03	 1.1105e+00	 3.6641e-01	 2.0492e-11	-6.1826e-12	 1.3933e-11	 3.4423e+08	 2.8815e+02	 7.0358e+03
 3.1829e+01	 7.0072e+03	 1.2719e+00	 1.0167e+00	 1.7994e-11	-4.8124e-12	 1.5958e-11	 3.9201e+08	 2.8814e+02	 7.0385e+03
 1.0072e+01	 7.0072e+03	 1.6796e+00	 2.8210e+00	 1.5800e-11	-3.8064e-12	 2.1073e-11	 4.4646e+08	 2.8814e+02	 7.0445e+03
 3.1874e+00	 7.0072e+03	 2.6622e+00	 8.0404e+00	 1.4251e-11	-2.9460e-12	 3.3400e-11	 4.9498e+08	 2.8815e+02	 7.0486e+03
 1.0087e+00	 7.0072e+03	 5.3147e+00	 2.3266e+01	 1.3049e-11	-2.4201e-12	 6.6679e-11	 5.4056e+08	 2.8815e+02	 7.0532e+03
 1.0000e+06	 7.0507e+03	 1.0372e+00	-2.4721e-04	-1.3746e-10	-2.0661e-08	 1.3012e-11	-5.1316e+07	 2.8814e+02	 7.0587e+03
 3.1646e+05	 7.0507e+03	 1.0364e+00	 9.1362e-04	 1.6077e-10	-6.4048e-09	 1.3003e-11	 4.3877e+07	 2.8815e+02	 7.0613e+03
 1.0014e+05	 7.0507e+03	 1.0373e+00	 2.5516e-03	 1.4209e-10	-2.0767e-09	 1.3014e-11	 4.9644e+07	 2.8814e+02	 7.0637e+03
 3.1691e+04	 7.0507e+03	 1.0385e+00	 5.0567e-03	 8.9111e-11	-6.7853e-10	 1.3029e-11	 7.9159e+07	 2.8815e+02	 7.0665e+03
 1.0029e+04	 7.0507e+03	 1.0425e+00	 1.0655e-02	 5.9422e-11	-2.3724e-10	 1.3080e-11	 1.1871e+08	 2.8815e+02	 7.0690e+03
 3.1737e+03	 7.0507e+03	 1.0492e+00	 2.0254e-02	 3.5743e-11	-8.6902e-11	 1.3164e-11	 1.9735e+08	 2.8815e+02	 7.0716e+03
 1.0043e+03	 7.0507e+03	 1.0562e+00	 4.4741e-02	 2.4987e-11	-3.1409e-11	 1.3252e-11	 2.8231e+08	 2.8815e+02	 7.0743e+03
 3.1783e+02	 7.0507e+03	 1.0657e+00	 1.2498e-01	 2.2087e-11	-1.1609e-11	 1.3370e-11	 3.1937e+08	 2.8814e+02	 7.0769e+03
 1.0058e+02	 7.0507e+03	 1.1106e+00	 3.6389e-01	 2.0352e-11	-6.1846e-12	 1.3934e-11	 3.4660e+08	 2.8814e+02	 7.0796e+03
 3.1829e+01	 7.0507e+03	 1.2708e+00	 1.0094e+00	 1.7866e-11	-4.7923e-12	 1.5943e-11	 3.9483e+08	 2.8815e+02	 7.0824e+03
 1.0072e+01	 7.0507e+03	 1.6797e+00	 2.7964e+00	 1.5662e-11	-3.8067e-12	 2.1073e-11	 4.5038e+08	 2.8815e+02	 7.0884e+03
 3.1874e+00	 7.0507e+03	 2.6641e+00	 7.9679e+00	 1.4122e-11	-2.9494e-12	 3.3424e-11	 4.9949e+08	 2.8815e+02	 7.0924e+03
 1.0087e+00	 7.0507e+03	 5.4343e+00	 2.3238e+01	 1.3034e-11	-2.4872e-12	 6.8180e-11	 5.4120e+08	 2.8816e+02	 7.0970e+03
 1.0000e+06	 7.0946e+03	 1.0371e+00	-3.2763e-04	-1.8218e-10	-2.0621e-08	 1.3011e-11	-3.8719e+07	 2.8815e+02	 7.1026e+03
 3.1646e+05	 7.0946e+03	 1.0364e+00	 9.5816e-04	 1.6861e-10	-6.4064e-09	 1.3003e-11	 4.1837e+07	 2.8816e+02	 7.1050e+03
 1.0014e+05	 7.0946e+03	 1.0372e+00	 2.5417e-03	 1.4154e-10	-2.0731e-09	 1.3013e-11	 4.9838e+07	 2.8815e+02	 7.1077e+03
 3.1691e+04	 7.0946e+03	 1.0385e+00	 5.0217e-03	 8.8494e-11	-6.7813e-10	 1.3029e-11	 7.9712e+07	 2.8816e+02	 7.1103e+03
 1.0029e+04	 7.0946e+03	 1.0425e+00	 1.0621e-02	 5.9232e-11	-2.3703e-10	 1.3079e-11	 1.1909e+08	 2.8815e+02	 7.1127e+03
 3.1737e+03	 7.0946e+03	 1.0492e+00	 2.0194e-02	 3.5638e-11	-8.6813e-11	 1.3163e-11	 1.9794e+08	 2.8815e+02	 7.1154e+03
 1.0043e+03	 7.0946e+03	 1.0562e+00	 4.4559e-02	 2.4885e-11	-3.1396e-11	 1.3251e-11	 2.8347e+08	 2.8815e+02	 7.1180e+03
 3.1783e+02	 7.0946e+03	 1.0656e+00	 1.2444e-01	 2.1993e-11	-1.1587e-11	 1.3369e-11	 3.2074e+08	 2.8815e+02	 7.1206e+03
 1.0058e+02	 7.0946e+03	 1.1099e+00	 3.6244e-01	 2.0270e-11	-6.1479e-12	 1.3925e-11	 3.4799e+08	 2.8815e+02	 7.1232e+03
 3.1829e+01	 7.0946e+03	 1.2692e+00	 1.0064e+00	 1.7812e-11	-4.7648e-12	 1.5924e-11	 3.9602e+08	 2.8815e+02	 7.1262e+03
 1.0072e+01	 7.0946e+03	 1.6798e+00	 2.7818e+00	 1.5581e-11	-3.8072e-12	 2.1074e-11	 4.5274e+08	 2.8815e+02	 7.1322e+03
 3.1874e+00	 7.0946e+03	 2.6523e+00	 7.9099e+00	 1.4020e-11	-2.9285e-12	 3.3276e-11	 5.0315e+08	 2.8815e+02	 7.1366e+03
 1.0087e+00	 7.0946e+03	 5.3903e+00	 2.3032e+01	 1.2918e-11	-2.4625e-12	 6.7627e-11	 5.4604e+08	 2.8814e+02	 7.1412e+03
 1.0000e+06	 7.1387e+03	 1.0372e+00	-2.8765e-04	-1.5995e-10	-2.0658e-08	 1.3012e-11	-4.4101e+07	 2.8814e+02	 7.1466e+03
 3.1646e+05	 7.1387e+03	 1.0364e+00	 8.4667e-04	 1.4899e-10	-6.4030e-09	 1.3003e-11	 4.7346e+07	 2.8814e+02	 7.1491e+03
 1.0014e+05	 7.1387e+03	 1.0372e+00	 2.4966e-03	 1.3903e-10	-2.0731e-09	 1.3013e-11	 5.0739e+07	 2.8814e+02	 7.1517e+03
 3.1691e+04	 7.1387e+03	 1.0385e+00	 5.0050e-03	 8.8200e-11	-6.7799e-10	 1.3029e-11	 7.9977e+07	 2.8814e+02	 7.1543e+03
 1.0029e+04	 7.1387e+03	 1.0425e+00	 1.0583e-02	 5.9017e-11	-2.3684e-10	 1.3079e-11	 1.1952e+08	 2.8815e+02	 7.1569e+03
 3.1737e+03	 7.1387e+03	 1.0491e+00	 2.0159e-02	 3.5576e-11	-8.6695e-11	 1.3162e-11	 1.9828e+08	 2.8814e+02	 7.1595e+03
 1.0043e+03	 7.1387e+03	 1.0561e+00	 4.4317e-02	 2.4750e-11	-3.1358e-11	 1.3251e-11	 2.8501e+08	 2.8814e+02	 7.1627e+03
 3.1783e+02	 7.1387e+03	 1.0655e+00	 1.2365e-01	 2.1853e-11	-1.1571e-11	 1.3368e-11	 3.2280e+08	 2.8815e+02	 7.1654e+03
 1.0058e+02	 7.1387e+03	 1.1096e+00	 3.6000e-01	 2.0134e-11	-6.1272e-12	 1.3921e-11	 3.5035e+08	 2.8815e+02	 7.1680e+03
 3.1829e+01	 7.1387e+03	 1.2683e+00	 9.9974e-01	 1.7694e-11	-4.7478e-12	 1.5912e-11	 3.9866e+08	 2.8814e+02	 7.1708e+03
 1.0072e+01	 7.1387e+03	 1.6770e+00	 2.7667e+00	 1.5496e-11	-3.7918e-12	 2.1040e-11	 4.5522e+08	 2.8815e+02	 7.1767e+03
 3.1874e+00	 7.1387e+03	 2.6426e+00	 7.8645e+00	 1.3939e-11	-2.9114e-12	 3.3154e-11	 5.0605e+08	 2.8815e+02	 7.1809e+03
 1.0087e+00	 7.1387e+03	 5.3023e+00	 2.2808e+01	 1.2793e-11	-2.4131e-12	 6.6524e-11	 5.5139e+08	 2.8815e+02	 7.1857e+03
 1.0000e+06	 7.1832e+03	 1.0371e+00	-2.3246e-04	-1.2926e-10	-2.0641e-08	 1.3012e-11	-5.4571e+07	 2.8815e+02	 7.1912e+03
 3.1646e+05	 7.1832e+03	 1.0364e+00	 8.8288e-04	 1.5536e-10	-6.3997e-09	 1.3002e-11	 4.5404e+07	 2.8815e+02	 7.1940e+03
 1.0014e+05	 7.1832e+03	 1.0372e+00	 2.4854e-03	 1.3840e-10	-2.0738e-09	 1.3013e-11	 5.0968e+07	 2.8816e+02	 7.1964e+03
 3.1691e+04	 7.1832e+03	 1.0385e+00	 4.9673e-03	 8.7536e-11	-6.7778e-10	 1.3029e-11	 8.0584e+07	 2.8815e+02	 7.1992e+03
 1.0029e+04	 7.1832e+03	 1.0424e+00	 1.0531e-02	 5.8729e-11	-2.3673e-10	 1.3079e-11	 1.2011e+08	 2.8815e+02	 7.2017e+03
 3.1737e+03	 7.1832e+03	 1.0491e+00	 2.0094e-02	 3.5460e-11	-8.6680e-11	 1.3162e-11	 1.9892e+08	 2.8816e+02	 7.2042e+03
 1.0043e+03	 7.1832e+03	 1.0562e+00	 4.4080e-02	 2.4617e-11	-3.1367e-11	 1.3251e-11	 2.8654e+08	 2.8816e+02	 7.2069e+03
 3.1783e+02	 7.1832e+03	 1.0655e+00	 1.2289e-01	 2.1719e-11	-1.1569e-11	 1.3367e-11	 3.2478e+08	 2.8815e+02	 7.2094e+03
 1.0058e+02	 7.1832e+03	 1.1093e+00	 3.5786e-01	 2.0014e-11	-6.1133e-12	 1.3918e-11	 3.5245e+08	 2.8815e+02	 7.2122e+03
 3.1829e+01	 7.1832e+03	 1.2707e+00	 9.9191e-01	 1.7556e-11	-4.7913e-12	 1.5943e-11	 4.0181e+08	 2.8815e+02	 7.2149e+03
 1.0072e+01	 7.1832e+03	 1.6823e+00	 2.7379e+00	 1.5334e-11	-3.8213e-12	 2.1106e-11	 4.6001e+08	 2.8815e+02	 7.2212e+03
 3.1874e+00	 7.1832e+03	 2.6466e+00	 7.7863e+00	 1.3801e-11	-2.9184e-12	 3.3204e-11	 5.1113e+08	 2.8815e+02	 7.2253e+03
 1.0087e+00	 7.1832e+03	 5.2303e+00	 2.2518e+01	 1.2630e-11	-2.3728e-12	 6.5621e-11	 5.5849e+08	 2.8816e+02	 7.2299e+03
 1.0000e+06	 7.2275e+03	 1.0371e+00	-2.3060e-04	-1.2823e-10	-2.0652e-08	 1.3012e-11	-5.5010e+07	 2.8815e+02	 7.2355e+03
 3.1646e+05	 7.2275e+03	 1.0364e+00	 9.3097e-04	 1.6382e-10	-6.3988e-09	 1.3002e-11	 4.3059e+07	 2.8815e+02	 7.2380e+03
 1.0014e+05	 7.2275e+03	 1.0372e+00	 2.5180e-03	 1.4022e-10	-2.0712e-09	 1.3013e-11	 5.0306e+07	 2.8815e+02	 7.2406e+03
 3.1691e+04	 7.2275e+03	 1.0384e+00	 4.9636e-03	 8.7469e-11	-6.7740e-10	 1.3028e-11	 8.0645e+07	 2.8814e+02	 7.2432e+03
 1.0029e+04	 7.2275e+03	 1.0424e+00	 1.0505e-02	 5.8584e-11	-2.3649e-10	 1.3078e-11	 1.2041e+08	 2.8815e+02	 7.2459e+03
 3.1737e+03	 7.2275e+03	 1.0490e+00	 2.0015e-02	 3.5322e-11	-8.6551e-11	 1.3161e-11	 1.9970e+08	 2.8814e+02	 7.2486e+03
 1.0043e+03	 7.2275e+03	 1.0561e+00	 4.3828e-02	 2.4476e-11	-3.1348e-11	 1.3250e-11	 2.8819e+08	 2.8815e+02	 7.2515e+03
 3.1783e+02	 7.2275e+03	 1.0654e+00	 1.2204e-01	 2.1569e-11	-1.1555e-11	 1.3366e-11	 3.2705e+08	 2.8815e+02	 7.2539e+03
 1.0058e+02	 7.2275e+03	 1.1091e+00	 3.5537e-01	 1.9875e-11	-6.1008e-12	 1.3915e-11	 3.5492e+08	 2.8814e+02	 7.2566e+03
 3.1829e+01	 7.2275e+03	 1.2695e+00	 9.8503e-01	 1.7434e-11	-4.7698e-12	 1.5927e-11	 4.0462e+08	 2.8814e+02	 7.2594e+03
 1.0072e+01	 7.2275e+03	 1.6845e+00	 2.7128e+00	 1.5194e-11	-3.8339e-12	 2.1134e-11	 4.6427e+08	 2.8815e+02	 7.2655e+03
 3.1874e+00	 7.2275e+03	 2.6414e+00	 7.7004e+00	 1.3648e-11	-2.9092e-12	 3.3139e-11	 5.1684e+08	 2.8815e+02	 7.2697e+03
 1.0087e+00	 7.2275e+03	 5.2150e+00	 2.2441e+01	 1.2587e-11	-2.3642e-12	 6.5428e-11	 5.6041e+08	 2.8814e+02	 7.2742e+03
 1.0000e+06	 7.2717e+03	 1.0371e+00	-3.4946e-04	-1.9432e-10	-2.0638e-08	 1.3012e-11	-3.6301e+07	 2.8815e+02	 7.2796e+03
 3.1646e+05	 7.2717e+03	 1.0364e+00	 8.9804e-04	 1.5803e-10	-6.4049e-09	 1.3003e-11	 4.4638e+07	 2.8815e+02	 7.2824e+03
 1.0014e+05	 7.2717e+03	 1.0372e+00	 2.4646e-03	 1.3725e-10	-2.0728e-09	 1.3013e-11	 5.1396e+07	 2.8814e+02	 7.2848e+03
 3.1691e+04	 7.2717e+03	 1.0384e+00	 4.9274e-03	 8.6832e-11	-6.7690e-10	 1.3028e-11	 8.1237e+07	 2.8815e+02	 7.2874e+03
 1.0029e+04	 7.2717e+03	 1.0424e+00	 1.0461e-02	 5.8340e-11	-2.3635e-10	 1.3078e-11	 1.2091e+08	 2.8815e+02	 7.2900e+03
 3.1737e+03	 7.2717e+03	 1.0490e+00	 1.9950e-02	 3.5207e-11	-8.6521e-11	 1.3161e-11	 2.0036e+08	 2.8815e+02	 7.2925e+03
 1.0043e+03	 7.2717e+03	 1.0561e+00	 4.3642e-02	 2.4373e-11	-3.1331e-11	 1.3250e-11	 2.8942e+08	 2.8815e+02	 7.2955e+03
 3.1783e+02	 7.2717e+03	 1.0652e+00	 1.2150e-01	 2.1472e-11	-1.1531e-11	 1.3365e-11	 3.2851e+08	 2.8815e+02	 7.2982e+03
 1.0058e+02	 7.2717e+03	 1.1088e+00	 3.5399e-01	 1.9798e-11	-6.0856e-12	 1.3911e-11	 3.5630e+08	 2.8815e+02	 7.3009e+03
 3.1829e+01	 7.2717e+03	 1.2678e+00	 9.8184e-01	 1.7377e-11	-4.7392e-12	 1.5906e-11	 4.0593e+08	 2.8815e+02	 7.3037e+03
 1.0072e+01	 7.2717e+03	 1.6772e+00	 2.7058e+00	 1.5155e-11	-3.7930e-12	 2.1043e-11	 4.6545e+08	 2.8815e+02	 7.3100e+03
 3.1874e+00	 7.2717e+03	 2.6236e+00	 7.6625e+00	 1.3581e-11	-2.8777e-12	 3.2916e-11	 5.1939e+08	 2.8815e+02	 7.3142e+03
 1.0087e+00	 7.2717e+03	 5.1621e+00	 2.2349e+01	 1.2535e-11	-2.3345e-12	 6.4765e-11	 5.6272e+08	 2.8815e+02	 7.3187e+03
 1.0000e+06	 7.3162e+03	 1.0371e+00	-3.3542e-04	-1.8651e-10	-2.0641e-08	 1.3012e-11	-3.7820e+07	 2.8814e+02	 7.3241e+03
 3.1646e+05	 7.3162e+03	 1.0364e+00	 9.2155e-04	 1.6216e-10	-6.3997e-09	 1.3002e-11	 4.3499e+07	 2.8815e+02	 7.3269e+03
 1.0014e+05	 7.3162e+03	 1.0372e+00	 2.4468e-03	 1.3625e-10	-2.0711e-09	 1.3013e-11	 5.1771e+07	 2.8815e+02	 7.3293e+03
 3.1691e+04	 7.3162e+03	 1.0384e+00	 4.9317e-03	 8.6908e-11	-6.7704e-10	 1.3028e-11	 8.1166e+07	 2.8815e+02	 7.3319e+03
 1.0029e+04	 7.3162e+03	 1.0424e+00	 1.0458e-02	 5.8320e-11	-2.3622e-10	 1.3078e-11	 1.2095e+08	 2.8814e+02	 7.3343e+03
 3.1737e+03	 7.3162e+03	 1.0491e+00	 1.9894e-02	 3.5108e-11	-8.6574e-11	 1.3162e-11	 2.0092e+08	 2.8814e+02	 7.3369e+03
 1.0043e+03	 7.3162e+03	 1.0561e+00	 4.3461e-02	 2.4271e-11	-3.1328e-11	 1.3250e-11	 2.9063e+08	 2.8814e+02	 7.3395e+03
 3.1783e+02	 7.3162e+03	 1.0653e+00	 1.2089e-01	 2.1366e-11	-1.1538e-11	 1.3365e-11	 3.3015e+08	 2.8814e+02	 7.3419e+03
 1.0058e+02	 7.3162e+03	 1.1088e+00	 3.5203e-01	 1.9688e-11	-6.0840e-12	 1.3911e-11	 3.5828e+08	 2.8814e+02	 7.3445e+03
 3.1829e+01	 7.3162e+03	 1.2632e+00	 9.7999e-01	 1.7344e-11	-4.6585e-12	 1.5848e-11	 4.0670e+08	 2.8814e+02	 7.3473e+03
 1.0072e+01	 7.3162e+03	 1.6776e+00	 2.6900e+00	 1.5066e-11	-3.7953e-12	 2.1048e-11	 4.6820e+08	 2.8815e+02	 7.3535e+03
 3.1874e+00	 7.3162e+03	 2.6050e+00	 7.6630e+00	 1.3582e-11	-2.8447e-12	 3.2683e-11	 5.1936e+08	 2.8815e+02	 7.3579e+03
 1.0087e+00	 7.3162e+03	 5.2328e+00	 2.2303e+01	 1.2510e-11	-2.3741e-12	 6.5651e-11	 5.6388e+08	 2.8815e+02	 7.3624e+03
 1.0000e+06	 7.3599e+03	 1.0371e+00	-3.3384e-04	-1.8563e-10	-2.0633e-08	 1.3012e-11	-3.7999e+07	 2.8815e+02	 7.3680e+03
 3.1646e+05	 7.3599e+03	 1.0364e+00	 9.0923e-04	 1.6000e-10	-6.3996e-09	 1.3002e-11	 4.4088e+07	 2.8815e+02	 7.3706e+03
 1.0014e+05	 7.3599e+03	 1.0372e+00	 2.4552e-03	 1.3672e-10	-2.0721e-09	 1.3013e-11	 5.1593e+07	 2.8815e+02	 7.3730e+03
 3.1691e+04	 7.3599e+03	 1.0384e+00	 4.9060e-03	 8.6455e-11	-6.7674e-10	 1.3028e-11	 8.1591e+07	 2.8815e+02	 7.3757e+03
 1.0029e+04	 7.3599e+03	 1.0424e+00	 1.0431e-02	 5.8168e-11	-2.3619e-10	 1.3078e-11	 1.2127e+08	 2.8815e+02	 7.3782e+03
 3.1737e+03	 7.3599e+03	 1.0490e+00	 1.9796e-02	 3.4935e-11	-8.6398e-11	 1.3160e-11	 2.0192e+08	 2.8815e+02	 7.3807e+03
 1.0043e+03	 7.3599e+03	 1.0561e+00	 4.3363e-02	 2.4217e-11	-3.1314e-11	 1.3250e-11	 2.9128e+08	 2.8815e+02	 7.3835e+03
 3.1783e+02	 7.3599e+03	 1.0652e+00	 1.2053e-01	 2.1301e-11	-1.1529e-11	 1.3365e-11	 3.3115e+08	 2.8815e+02	 7.3859e+03
 1.0058e+02	 7.3599e+03	 1.1086e+00	 3.5104e-01	 1.9633e-11	-6.0719e-12	 1.3908e-11	 3.5930e+08	 2.8815e+02	 7.3886e+03
 3.1829e+01	 7.3599e+03	 1.2695e+00	 9.7247e-01	 1.7211e-11	-4.7694e-12	 1.5927e-11	 4.0984e+08	 2.8816e+02	 7.3914e+03
 1.0072e+01	 7.3599e+03	 1.6786e+00	 2.6729e+00	 1.4971e-11	-3.8007e-12	 2.1060e-11	 4.7119e+08	 2.8815e+02	 7.3975e+03
 3.1874e+00	 7.3599e+03	 2.6270e+00	 7.5790e+00	 1.3433e-11	-2.8836e-12	 3.2958e-11	 5.2512e+08	 2.8816e+02	 7.4016e+03
 1.0087e+00	 7.3599e+03	 5.1516e+00	 2.2193e+01	 1.2448e-11	-2.3286e-12	 6.4633e-11	 5.6667e+08	 2.8815e+02	 7.4062e+03
 1.0000e+06	 7.4037e+03	 1.0371e+00	-3.5171e-04	-1.9557e-10	-2.0619e-08	 1.3011e-11	-3.6069e+07	 2.8815e+02	 7.4117e+03
 3.1646e+05	 7.4037e+03	 1.0364e+00	 9.3276e-04	 1.6414e-10	-6.3985e-09	 1.3002e-11	 4.2976e+07	 2.8815e+02	 7.4144e+03
 1.0014e+05	 7.4037e+03	 1.0372e+00	 2.4475e-03	 1.3629e-10	-2.0695e-09	 1.3012e-11	 5.1756e+07	 2.8815e+02	 7.4168e+03
 3.1691e+04	 7.4037e+03	 1.0384e+00	 4.9051e-03	 8.6439e-11	-6.7647e-10	 1.3028e-11	 8.1607e+07	 2.8814e+02	 7.4194e+03
 1.0029e+04	 7.4037e+03	 1.0423e+00	 1.0387e-02	 5.7927e-11	-2.3586e-10	 1.3077e-11	 1.2177e+08	 2.8814e+02	 7.4220e+03
 3.1737e+03	 7.4037e+03	 1.0489e+00	 1.9764e-02	 3.4878e-11	-8.6349e-11	 1.3160e-11	 2.0224e+08	 2.8815e+02	 7.4246e+03
 1.0043e+03	 7.4037e+03	 1.0560e+00	 4.3162e-02	 2.4105e-11	-3.1296e-11	 1.3249e-11	 2.9264e+08	 2.8814e+02	 7.4275e+03
 3.1783e+02	 7.4037e+03	 1.0651e+00	 1.1994e-01	 2.1198e-11	-1.1505e-11	 1.3363e-11	 3.3277e+08	 2.8815e+02	 7.4301e+03
 1.0058e+02	 7.4037e+03	 1.1079e+00	 3.4942e-01	 1.9542e-11	-6.0338e-12	 1.3900e-11	 3.6096e+08	 2.8815e+02	 7.4327e+03
 3.1829e+01	 7.4037e+03	 1.2663e+00	 9.6820e-01	 1.7136e-11	-4.7128e-12	 1.5887e-11	 4.1165e+08	 2.8815e+02	 7.4354e+03
 1.0072e+01	 7.4037e+03	 1.6720e+00	 2.6600e+00	 1.4898e-11	-3.7638e-12	 2.0977e-11	 4.7348e+08	 2.8815e+02	 7.4414e+03
 3.1874e+00	 7.4037e+03	 2.6123e+00	 7.5591e+00	 1.3398e-11	-2.8576e-12	 3.2774e-11	 5.2650e+08	 2.8815e+02	 7.4459e+03
 1.0087e+00	 7.4037e+03	 5.1711e+00	 2.1995e+01	 1.2337e-11	-2.3395e-12	 6.4877e-11	 5.7179e+08	 2.8815e+02	 7.4505e+03
 1.0000e+06	 7.4480e+03	 1.0372e+00	-3.1384e-04	-1.7451e-10	-2.0659e-08	 1.3012e-11	-4.0421e+07	 2.8815e+02	 7.4560e+03
 3.1646e+05	 7.4480e+03	 1.0363e+00	 9.7494e-04	 1.7156e-10	-6.3947e-09	 1.3002e-11	 4.1117e+07	 2.8815e+02	 7.4586e+03
 1.0014e+05	 7.4480e+03	 1.0372e+00	 2.5127e-03	 1.3993e-10	-2.0706e-09	 1.3013e-11	 5.0412e+07	 2.8815e+02	 7.4611e+03
 3.1691e+04	 7.4480e+03	 1.0384e+00	 4.8705e-03	 8.5830e-11	-6.7623e-10	 1.3028e-11	 8.2186e+07	 2.8815e+02	 7.4637e+03
 1.0029e+04	 7.4480e+03	 1.0423e+00	 1.0336e-02	 5.7641e-11	-2.3576e-10	 1.3077e-11	 1.2238e+08	 2.8815e+02	 7.4661e+03
 3.1737e+03	 7.4480e+03	 1.0490e+00	 1.9740e-02	 3.4837e-11	-8.6386e-11	 1.3160e-11	 2.0248e+08	 2.8815e+02	 7.4687e+03
 1.0043e+03	 7.4480e+03	 1.0560e+00	 4.2902e-02	 2.3960e-11	-3.1288e-11	 1.3249e-11	 2.9441e+08	 2.8815e+02	 7.4717e+03
 3.1783e+02	 7.4480e+03	 1.0651e+00	 1.1905e-01	 2.1040e-11	-1.1499e-11	 1.3362e-11	 3.3527e+08	 2.8815e+02	 7.4742e+03
 1.0058e+02	 7.4480e+03	 1.1075e+00	 3.4679e-01	 1.9395e-11	-6.0140e-12	 1.3895e-11	 3.6370e+08	 2.8815e+02	 7.4769e+03
 3.1829e+01	 7.4480e+03	 1.2661e+00	 9.6070e-01	 1.7003e-11	-4.7088e-12	 1.5884e-11	 4.1486e+08	 2.8815e+02	 7.4796e+03
 1.0072e+01	 7.4480e+03	 1.6699e+00	 2.6414e+00	 1.4794e-11	-3.7522e-12	 2.0951e-11	 4.7681e+08	 2.8814e+02	 7.4859e+03
 3.1874e+00	 7.4480e+03	 2.5881e+00	 7.5215e+00	 1.3331e-11	-2.8148e-12	 3.2471e-11	 5.2913e+08	 2.8814e+02	 7.4900e+03
 1.0087e+00	 7.4480e+03	 5.1506e+00	 2.1887e+01	 1.2276e-11	-2.3281e-12	 6.4621e-11	 5.7460e+08	 2.8814e+02	 7.4947e+03
 1.0000e+06	 7.4922e+03	 1.0371e+00	-3.1473e-04	-1.7501e-10	-2.0635e-08	 1.3012e-11	-4.0306e+07	 2.8814e+02	 7.5004e+03
 3.1646e+05	 7.4922e+03	 1.0363e+00	 8.7962e-04	 1.5479e-10	-6.3893e-09	 1.3002e-11	 4.5572e+07	 2.8814e+02	 7.5031e+03
 1.0014e+05	 7.4922e+03	 1.0372e+00	 2.4229e-03	 1.3492e-10	-2.0713e-09	 1.3013e-11	 5.2282e+07	 2.8814e+02	 7.5056e+03
 3.1691e+04	 7.4922e+03	 1.0384e+00	 4.8530e-03	 8.5521e-11	-6.7595e-10	 1.3027e-11	 8.2482e+07	 2.8814e+02	 7.5082e+03
 1.0029e+04	 7.4922e+03	 1.0422e+00	 1.0318e-02	 5.7543e-11	-2.3553e-10	 1.3076e-11	 1.2259e+08	 2.8814e+02	 7.5108e+03
 3.1737e+03	 7.4922e+03	 1.0489e+00	 1.9606e-02	 3.4600e-11	-8.6298e-11	 1.3160e-11	 2.0387e+08	 2.8815e+02	 7.5134e+03
 1.0043e+03	 7.4922e+03	 1.0560e+00	 4.2710e-02	 2.3853e-11	-3.1259e-11	 1.3248e-11	 2.9573e+08	 2.8814e+02	 7.5162e+03
 3.1783e+02	 7.4922e+03	 1.0649e+00	 1.1849e-01	 2.0941e-11	-1.1471e-11	 1.3360e-11	 3.3685e+08	 2.8815e+02	 7.5187e+03
 1.0058e+02	 7.4922e+03	 1.1069e+00	 3.4530e-01	 1.9312e-11	-5.9777e-12	 1.3887e-11	 3.6527e+08	 2.8815e+02	 7.5215e+03
 3.1829e+01	 7.4922e+03	 1.2631e+00	 9.5780e-01	 1.6952e-11	-4.6570e-12	 1.5847e-11	 4.1612e+08	 2.8815e+02	 7.5242e+03
 1.0072e+01	 7.4922e+03	 1.6654e+00	 2.6379e+00	 1.4775e-11	-3.7270e-12	 2.0895e-11	 4.7744e+08	 2.8815e+02	 7.5305e+03
 3.1874e+00	 7.4922e+03	 2.6031e+00	 7.4988e+00	 1.3291e-11	-2.8414e-12	 3.2659e-11	 5.3074e+08	 2.8817e+02	 7.5345e+03
 1.0087e+00	 7.4922e+03	 5.1269e+00	 2.1845e+01	 1.2253e-11	-2.3148e-12	 6.4323e-11	 5.7571e+08	 2.8816e+02	 7.5391e+03
 1.0000e+06	 7.5368e+03	 1.0371e+00	-2.2095e-04	-1.2286e-10	-2.0617e-08	 1.3011e-11	-5.7414e+07	 2.8815e+02	 7.5447e+03
 3.1646e+05	 7.5368e+03	 1.0363e+00	 9.0870e-04	 1.5990e-10	-6.3908e-09	 1.3002e-11	 4.4114e+07	 2.8816e+02	 7.5472e+03
 1.0014e+05	 7.5368e+03	 1.0372e+00	 2.4660e-03	 1.3733e-10	-2.0690e-09	 1.3012e-11	 5.1367e+07	 2.8816e+02	 7.5496e+03
 3.1691e+04	 7.5368e+03	 1.0383e+00	 4.8561e-03	 8.5575e-11	-6.7572e-10	 1.3027e-11	 8.2430e+07	 2.8815e+02	 7.5522e+03
 1.0029e+04	 7.5368e+03	 1.0422e+00	 1.0290e-02	 5.7381e-11	-2.3546e-10	 1.3076e-11	 1.2293e+08	 2.8816e+02	 7.5547e+03
 3.1737e+03	 7.5368e+03	 1.0489e+00	 1.9654e-02	 3.4684e-11	-8.6216e-11	 1.3159e-11	 2.0338e+08	 2.8815e+02	 7.5574e+03
 1.0043e+03	 7.5368e+03	 1.0560e+00	 4.2608e-02	 2.3795e-11	-3.1257e-11	 1.3248e-11	 2.9645e+08	 2.8816e+02	 7.5600e+03
 3.1783e+02	 7.5368e+03	 1.0649e+00	 1.1810e-01	 2.0872e-11	-1.1476e-11	 1.3361e-11	 3.3797e+08	 2.8816e+02	 7.5626e+03
 1.0058e+02	 7.5368e+03	 1.1071e+00	 3.4398e-01	 1.9238e-11	-5.9872e-12	 1.3889e-11	 3.6666e+08	 2.8815e+02	 7.5652e+03
 3.1829e+01	 7.5368e+03	 1.2631e+00	 9.5325e-01	 1.6871e-11	-4.6558e-12	 1.5847e-11	 4.1811e+08	 2.8816e+02	 7.5680e+03
 1.0072e+01	 7.5368e+03	 1.6584e+00	 2.6273e+00	 1.4715e-11	-3.6873e-12	 2.0806e-11	 4.7936e+08	 2.8815e+02	 7.5744e+03
 3.1874e+00	 7.5368e+03	 2.5934e+00	 7.4516e+00	 1.3207e-11	-2.8241e-12	 3.2537e-11	 5.3409e+08	 2.8815e+02	 7.5787e+03
 1.0087e+00	 7.5368e+03	 5.1863e+00	 2.1776e+01	 1.2214e-11	-2.3481e-12	 6.5068e-11	 5.7753e+08	 2.8815e+02	 7.5832e+03
 1.0000e+06	 7.5807e+03	 1.0371e+00	-2.4310e-04	-1.3518e-10	-2.0613e-08	 1.3011e-11	-5.2182e+07	 2.8814e+02	 7.5886e+03
 3.1646e+05	 7.5807e+03	 1.0363e+00	 8.6173e-04	 1.5164e-10	-6.3898e-09	 1.3002e-11	 4.6519e+07	 2.8814e+02	 7.5913e+03
 1.0014e+05	 7.5807e+03	 1.0372e+00	 2.4082e-03	 1.3410e-10	-2.0701e-09	 1.3013e-11	 5.2601e+07	 2.8815e+02	 7.5937e+03
 3.1691e+04	 7.5807e+03	 1.0384e+00	 4.8107e-03	 8.4775e-11	-6.7582e-10	 1.3027e-11	 8.3208e+07	 2.8815e+02	 7.5965e+03
 1.0029e+04	 7.5807e+03	 1.0422e+00	 1.0247e-02	 5.7143e-11	-2.3538e-10	 1.3076e-11	 1.2344e+08	 2.8814e+02	 7.5990e+03
 3.1737e+03	 7.5807e+03	 1.0488e+00	 1.9596e-02	 3.4583e-11	-8.6134e-11	 1.3158e-11	 2.0397e+08	 2.8814e+02	 7.6015e+03
 1.0043e+03	 7.5807e+03	 1.0559e+00	 4.2426e-02	 2.3693e-11	-3.1236e-11	 1.3248e-11	 2.9772e+08	 2.8815e+02	 7.6042e+03
 3.1783e+02	 7.5807e+03	 1.0649e+00	 1.1752e-01	 2.0769e-11	-1.1464e-11	 1.3360e-11	 3.3964e+08	 2.8816e+02	 7.6067e+03
 1.0058e+02	 7.5807e+03	 1.1067e+00	 3.4241e-01	 1.9150e-11	-5.9692e-12	 1.3885e-11	 3.6835e+08	 2.8814e+02	 7.6092e+03
 3.1829e+01	 7.5807e+03	 1.2595e+00	 9.4935e-01	 1.6802e-11	-4.5924e-12	 1.5802e-11	 4.1983e+08	 2.8815e+02	 7.6119e+03
 1.0072e+01	 7.5807e+03	 1.6488e+00	 2.6230e+00	 1.4691e-11	-3.6338e-12	 2.0686e-11	 4.8016e+08	 2.8814e+02	 7.6180e+03
 3.1874e+00	 7.5807e+03	 2.5918e+00	 7.4255e+00	 1.3161e-11	-2.8213e-12	 3.2517e-11	 5.3597e+08	 2.8815e+02	 7.6221e+03
 1.0087e+00	 7.5807e+03	 5.0731e+00	 2.1530e+01	 1.2076e-11	-2.2846e-12	 6.3648e-11	 5.8412e+08	 2.8815e+02	 7.6267e+03
 1.0000e+06	 7.6242e+03	 1.0371e+00	-4.1395e-04	-2.3018e-10	-2.0630e-08	 1.3012e-11	-3.0645e+07	 2.8816e+02	 7.6322e+03
 3.1646e+05	 7.6242e+03	 1.0363e+00	 8.0866e-04	 1.4230e-10	-6.3951e-09	 1.3002e-11	 4.9571e+07	 2.8815e+02	 7.6348e+03
 1.0014e+05	 7.6242e+03	 1.0371e+00	 2.3954e-03	 1.3339e-10	-2.0678e-09	 1.3012e-11	 5.2882e+07	 2.8815e+02	 7.6372e+03
 3.1691e+04	 7.6242e+03	 1.0383e+00	 4.8150e-03	 8.4851e-11	-6.7571e-10	 1.3027e-11	 8.3134e+07	 2.8815e+02	 7.6399e+03
 1.0029e+04	 7.6242e+03	 1.0422e+00	 1.0239e-02	 5.7102e-11	-2.3530e-10	 1.3076e-11	 1.2353e+08	 2.8815e+02	 7.6423e+03
 3.1737e+03	 7.6242e+03	 1.0488e+00	 1.9498e-02	 3.4409e-11	-8.6163e-11	 1.3159e-11	 2.0500e+08	 2.8815e+02	 7.6449e+03
 1.0043e+03	 7.6242e+03	 1.0559e+00	 4.2323e-02	 2.3636e-11	-3.1241e-11	 1.3248e-11	 2.9844e+08	 2.8815e+02	 7.6476e+03
 3.1783e+02	 7.6242e+03	 1.0648e+00	 1.1715e-01	 2.0704e-11	-1.1460e-11	 1.3360e-11	 3.4071e+08	 2.8815e+02	 7.6501e+03
 1.0058e+02	 7.6242e+03	 1.1065e+00	 3.4144e-01	 1.9096e-11	-5.9567e-12	 1.3882e-11	 3.6940e+08	 2.8816e+02	 7.6529e+03
 3.1829e+01	 7.6242e+03	 1.2594e+00	 9.4613e-01	 1.6745e-11	-4.5909e-12	 1.5801e-11	 4.2125e+08	 2.8815e+02	 7.6557e+03
 1.0072e+01	 7.6242e+03	 1.6522e+00	 2.6082e+00	 1.4608e-11	-3.6530e-12	 2.0729e-11	 4.8288e+08	 2.8815e+02	 7.6618e+03
 3.1874e+00	 7.6242e+03	 2.5932e+00	 7.4059e+00	 1.3126e-11	-2.8238e-12	 3.2534e-11	 5.3739e+08	 2.8816e+02	 7.6661e+03
 1.0087e+00	 7.6242e+03	 5.0281e+00	 2.1398e+01	 1.2002e-11	-2.2593e-12	 6.3083e-11	 5.8772e+08	 2.8815e+02	 7.6707e+03
 1.0000e+06	 7.6682e+03	 1.0371e+00	-3.8741e-04	-2.1542e-10	-2.0615e-08	 1.3011e-11	-3.2745e+07	 2.8815e+02	 7.6761e+03
 3.1646e+05	 7.6682e+03	 1.0363e+00	 8.6296e-04	 1.5185e-10	-6.3932e-09	 1.3002e-11	 4.6452e+07	 2.8814e+02	 7.6785e+03
 1.0014e+05	 7.6682e+03	 1.0372e+00	 2.4015e-03	 1.3373e-10	-2.0689e-09	 1.3012e-11	 5.2748e+07	 2.8815e+02	 7.6812e+03
 3.1691e+04	 7.6682e+03	 1.0383e+00	 4.8023e-03	 8.4627e-11	-6.7518e-10	 1.3027e-11	 8.3354e+07	 2.8815e+02	 7.6838e+03
 1.0029e+04	 7.6682e+03	 1.0422e+00	 1.0212e-02	 5.6951e-11	-2.3507e-10	 1.3075e-11	 1.2386e+08	 2.8815e+02	 7.6864e+03
 3.1737e+03	 7.6682e+03	 1.0487e+00	 1.9507e-02	 3.4426e-11	-8.6005e-11	 1.3158e-11	 2.0490e+08	 2.8815e+02	 7.6890e+03
 1.0043e+03	 7.6682e+03	 1.0559e+00	 4.2142e-02	 2.3535e-11	-3.1220e-11	 1.3248e-11	 2.9972e+08	 2.8814e+02	 7.6915e+03
 3.1783e+02	 7.6682e+03	 1.0648e+00	 1.1659e-01	 2.0605e-11	-1.1444e-11	 1.3359e-11	 3.4234e+08	 2.8814e+02	 7.6940e+03
 1.0058e+02	 7.6682e+03	 1.1062e+00	 3.3977e-01	 1.9002e-11	-5.9409e-12	 1.3879e-11	 3.7122e+08	 2.8814e+02	 7.6966e+03
 3.1829e+01	 7.6682e+03	 1.2627e+00	 9.4238e-01	 1.6679e-11	-4.6490e-12	 1.5842e-11	 4.2293e+08	 2.8815e+02	 7.6995e+03
 1.0072e+01	 7.6682e+03	 1.6620e+00	 2.5879e+00	 1.4494e-11	-3.7077e-12	 2.0852e-11	 4.8667e+08	 2.8815e+02	 7.7058e+03
 3.1874e+00	 7.6682e+03	 2.5768e+00	 7.5210e+00	 1.3330e-11	-2.7948e-12	 3.2329e-11	 5.2917e+08	 2.8815e+02	 7.7102e+03
 1.0087e+00	 7.6682e+03	 5.0066e+00	 2.1815e+01	 1.2236e-11	-2.2472e-12	 6.2813e-11	 5.7650e+08	 2.8815e+02	 7.7147e+03
 1.0000e+06	 7.7122e+03	 1.0371e+00	-3.0080e-04	-1.6727e-10	-2.0621e-08	 1.3011e-11	-4.2172e+07	 2.8815e+02	 7.7201e+03
 3.1646e+05	 7.7122e+03	 1.0363e+00	 8.2582e-04	 1.4532e-10	-6.3886e-09	 1.3002e-11	 4.8541e+07	 2.8815e+02	 7.7229e+03
 1.0014e+05	 7.7122e+03	 1.0371e+00	 2.3942e-03	 1.3333e-10	-2.0672e-09	 1.3012e-11	 5.2907e+07	 2.8815e+02	 7.7253e+03
 3.1691e+04	 7.7122e+03	 1.0383e+00	 4.7924e-03	 8.4453e-11	-6.7476e-10	 1.3027e-11	 8.3526e+07	 2.8815e+02	 7.7279e+03
 1.0029e+04	 7.7122e+03	 1.0421e+00	 1.0176e-02	 5.6748e-11	-2.3498e-10	 1.3075e-11	 1.2430e+08	 2.8815e+02	 7.7304e+03
 3.1737e+03	 7.7122e+03	 1.0488e+00	 1.9482e-02	 3.4381e-11	-8.6048e-11	 1.3158e-11	 2.0517e+08	 2.8815e+02	 7.7330e+03
 1.0043e+03	 7.7122e+03	 1.0558e+00	 4.2007e-02	 2.3460e-11	-3.1182e-11	 1.3247e-11	 3.0069e+08	 2.8816e+02	 7.7357e+03
 3.1783e+02	 7.7122e+03	 1.0643e+00	 1.1630e-01	 2.0554e-11	-1.1365e-11	 1.3353e-11	 3.4318e+08	 2.8815e+02	 7.7381e+03
 1.0058e+02	 7.7122e+03	 1.1031e+00	 3.4028e-01	 1.9031e-11	-5.7664e-12	 1.3840e-11	 3.7066e+08	 2.8815e+02	 7.7410e+03
 3.1829e+01	 7.7122e+03	 1.2537e+00	 9.5152e-01	 1.6841e-11	-4.4907e-12	 1.5730e-11	 4.1887e+08	 2.8815e+02	 7.7437e+03
 1.0072e+01	 7.7122e+03	 1.6524e+00	 2.6260e+00	 1.4708e-11	-3.6538e-12	 2.0731e-11	 4.7962e+08	 2.8815e+02	 7.7500e+03
 3.1874e+00	 7.7122e+03	 2.5878e+00	 7.4558e+00	 1.3215e-11	-2.8142e-12	 3.2467e-11	 5.3379e+08	 2.8815e+02	 7.7540e+03
 1.0087e+00	 7.7122e+03	 5.0720e+00	 2.1648e+01	 1.2142e-11	-2.2839e-12	 6.3634e-11	 5.8094e+08	 2.8815e+02	 7.7586e+03
 1.0000e+06	 7.7563e+03	 1.0371e+00	-2.9072e-04	-1.6166e-10	-2.0622e-08	 1.3011e-11	-4.3635e+07	 2.8815e+02	 7.7641e+03
 3.1646e+05	 7.7563e+03	 1.0363e+00	 8.7074e-04	 1.5322e-10	-6.3847e-09	 1.3001e-11	 4.6037e+07	 2.8815e+02	 7.7665e+03
 1.0014e+05	 7.7563e+03	 1.0371e+00	 2.3973e-03	 1.3350e-10	-2.0680e-09	 1.3012e-11	 5.2840e+07	 2.8815e+02	 7.7690e+03
 3.1691e+04	 7.7563e+03	 1.0383e+00	 4.7698e-03	 8.4055e-11	-6.7471e-10	 1.3027e-11	 8.3921e+07	 2.8814e+02	 7.7717e+03
 1.0029e+04	 7.7563e+03	 1.0421e+00	 1.0159e-02	 5.6654e-11	-2.3488e-10	 1.3075e-11	 1.2451e+08	 2.8814e+02	 7.7742e+03
 3.1737e+03	 7.7563e+03	 1.0487e+00	 1.9381e-02	 3.4202e-11	-8.5980e-11	 1.3157e-11	 2.0624e+08	 2.8814e+02	 7.7771e+03
 1.0043e+03	 7.7563e+03	 1.0559e+00	 4.1856e-02	 2.3375e-11	-3.1196e-11	 1.3247e-11	 3.0177e+08	 2.8814e+02	 7.7797e+03
 3.1783e+02	 7.7563e+03	 1.0646e+00	 1.1570e-01	 2.0447e-11	-1.1423e-11	 1.3357e-11	 3.4498e+08	 2.8814e+02	 7.7822e+03
 1.0058e+02	 7.7563e+03	 1.1057e+00	 3.3713e-01	 1.8855e-11	-5.9133e-12	 1.3873e-11	 3.7411e+08	 2.8815e+02	 7.7849e+03
 3.1829e+01	 7.7563e+03	 1.2615e+00	 9.3455e-01	 1.6540e-11	-4.6273e-12	 1.5826e-11	 4.2647e+08	 2.8814e+02	 7.7877e+03
 1.0072e+01	 7.7563e+03	 1.6700e+00	 2.5660e+00	 1.4372e-11	-3.7523e-12	 2.0951e-11	 4.9082e+08	 2.8814e+02	 7.7939e+03
 3.1874e+00	 7.7563e+03	 2.6005e+00	 7.2328e+00	 1.2819e-11	-2.8367e-12	 3.2626e-11	 5.5025e+08	 2.8814e+02	 7.7981e+03
 1.0087e+00	 7.7563e+03	 5.0639e+00	 2.1002e+01	 1.1780e-11	-2.2794e-12	 6.3532e-11	 5.9881e+08	 2.8814e+02	 7.8027e+03
 1.0000e+06	 7.8002e+03	 1.0371e+00	-3.4629e-04	-1.9256e-10	-2.0608e-08	 1.3011e-11	-3.6633e+07	 2.8814e+02	 7.8080e+03
 3.1646e+05	 7.8002e+03	 1.0363e+00	 9.0622e-04	 1.5947e-10	-6.3908e-09	 1.3002e-11	 4.4235e+07	 2.8815e+02	 7.8105e+03
 1.0014e+05	 7.8002e+03	 1.0371e+00	 2.3929e-03	 1.3325e-10	-2.0669e-09	 1.3012e-11	 5.2937e+07	 2.8815e+02	 7.8129e+03
 3.1691e+04	 7.8002e+03	 1.0383e+00	 4.7763e-03	 8.4170e-11	-6.7461e-10	 1.3026e-11	 8.3806e+07	 2.8815e+02	 7.8155e+03
 1.0029e+04	 7.8002e+03	 1.0421e+00	 1.0141e-02	 5.6551e-11	-2.3479e-10	 1.3074e-11	 1.2474e+08	 2.8815e+02	 7.8181e+03
 3.1737e+03	 7.8002e+03	 1.0487e+00	 1.9373e-02	 3.4190e-11	-8.5861e-11	 1.3157e-11	 2.0632e+08	 2.8815e+02	 7.8207e+03
 1.0043e+03	 7.8002e+03	 1.0558e+00	 4.1740e-02	 2.3311e-11	-3.1178e-11	 1.3247e-11	 3.0261e+08	 2.8815e+02	 7.8233e+03
 3.1783e+02	 7.8002e+03	 1.0646e+00	 1.1529e-01	 2.0375e-11	-1.1413e-11	 1.3356e-11	 3.4621e+08	 2.8815e+02	 7.8258e+03
 1.0058e+02	 7.8002e+03	 1.1053e+00	 3.3613e-01	 1.8799e-11	-5.8868e-12	 1.3867e-11	 3.7523e+08	 2.8815e+02	 7.8284e+03
 3.1829e+01	 7.8002e+03	 1.2583e+00	 9.3239e-01	 1.6502e-11	-4.5707e-12	 1.5786e-11	 4.2746e+08	 2.8815e+02	 7.8311e+03
 1.0072e+01	 7.8002e+03	 1.6533e+00	 2.5643e+00	 1.4362e-11	-3.6589e-12	 2.0742e-11	 4.9115e+08	 2.8815e+02	 7.8370e+03
 3.1874e+00	 7.8002e+03	 2.5958e+00	 7.2166e+00	 1.2791e-11	-2.8284e-12	 3.2567e-11	 5.5148e+08	 2.8815e+02	 7.8412e+03
 1.0087e+00	 7.8002e+03	 4.9108e+00	 2.0875e+01	 1.1709e-11	-2.1935e-12	 6.1611e-11	 6.0246e+08	 2.8815e+02	 7.8458e+03
 1.0000e+06	 7.8433e+03	 1.0371e+00	-2.5420e-04	-1.4135e-10	-2.0619e-08	 1.3011e-11	-4.9904e+07	 2.8815e+02	 7.8515e+03
 3.1646e+05	 7.8433e+03	 1.0363e+00	 9.1991e-04	 1.6187e-10	-6.3876e-09	 1.3002e-11	 4.3577e+07	 2.8815e+02	 7.8544e+03
 1.0014e+05	 7.8433e+03	 1.0371e+00	 2.4216e-03	 1.3485e-10	-2.0687e-09	 1.3012e-11	 5.2309e+07	 2.8815e+02	 7.8568e+03
 3.1691e+04	 7.8433e+03	 1.0383e+00	 4.7616e-03	 8.3909e-11	-6.7469e-10	 1.3026e-11	 8.4066e+07	 2.8815e+02	 7.8594e+03
 1.0029e+04	 7.8433e+03	 1.0421e+00	 1.0123e-02	 5.6455e-11	-2.3459e-10	 1.3074e-11	 1.2495e+08	 2.8815e+02	 7.8619e+03
 3.1737e+03	 7.8433e+03	 1.0486e+00	 1.9282e-02	 3.4028e-11	-8.5831e-11	 1.3156e-11	 2.0730e+08	 2.8815e+02	 7.8644e+03
 1.0043e+03	 7.8433e+03	 1.0558e+00	 4.1590e-02	 2.3227e-11	-3.1176e-11	 1.3247e-11	 3.0370e+08	 2.8815e+02	 7.8676e+03
 3.1783e+02	 7.8433e+03	 1.0646e+00	 1.1483e-01	 2.0294e-11	-1.1416e-11	 1.3357e-11	 3.4759e+08	 2.8814e+02	 7.8704e+03
 1.0058e+02	 7.8433e+03	 1.1055e+00	 3.3461e-01	 1.8714e-11	-5.9007e-12	 1.3870e-11	 3.7694e+08	 2.8815e+02	 7.8730e+03
 3.1829e+01	 7.8433e+03	 1.2610e+00	 9.2764e-01	 1.6418e-11	-4.6186e-12	 1.5820e-11	 4.2965e+08	 2.8814e+02	 7.8758e+03
 1.0072e+01	 7.8433e+03	 1.6612e+00	 2.5466e+00	 1.4263e-11	-3.7031e-12	 2.0841e-11	 4.9457e+08	 2.8814e+02	 7.8821e+03
 3.1874e+00	 7.8433e+03	 2.5857e+00	 7.1823e+00	 1.2730e-11	-2.8105e-12	 3.2441e-11	 5.5412e+08	 2.8815e+02	 7.8863e+03
 1.0087e+00	 7.8433e+03	 4.9982e+00	 2.0857e+01	 1.1699e-11	-2.2426e-12	 6.2708e-11	 6.0297e+08	 2.8815e+02	 7.8909e+03
 1.0000e+06	 7.8884e+03	 1.0371e+00	-2.9431e-04	-1.6365e-10	-2.0624e-08	 1.3011e-11	-4.3103e+07	 2.8815e+02	 7.8962e+03
 3.1646e+05	 7.8884e+03	 1.0363e+00	 8.6179e-04	 1.5165e-10	-6.3845e-09	 1.3001e-11	 4.6515e+07	 2.8815e+02	 7.8989e+03
 1.0014e+05	 7.8884e+03	 1.0371e+00	 2.4221e-03	 1.3488e-10	-2.0678e-09	 1.3012e-11	 5.2298e+07	 2.8815e+02	 7.9014e+03
 3.1691e+04	 7.8884e+03	 1.0383e+00	 4.7424e-03	 8.3571e-11	-6.7437e-10	 1.3026e-11	 8.4406e+07	 2.8815e+02	 7.9039e+03
 1.0029e+04	 7.8884e+03	 1.0421e+00	 1.0097e-02	 5.6306e-11	-2.3460e-10	 1.3074e-11	 1.2528e+08	 2.8815e+02	 7.9066e+03
 3.1737e+03	 7.8884e+03	 1.0487e+00	 1.9295e-02	 3.4050e-11	-8.5890e-11	 1.3157e-11	 2.0716e+08	 2.8815e+02	 7.9092e+03
 1.0043e+03	 7.8884e+03	 1.0558e+00	 4.1483e-02	 2.3167e-11	-3.1174e-11	 1.3246e-11	 3.0448e+08	 2.8815e+02	 7.9120e+03
 3.1783e+02	 7.8884e+03	 1.0645e+00	 1.1446e-01	 2.0229e-11	-1.1407e-11	 1.3356e-11	 3.4871e+08	 2.8815e+02	 7.9145e+03
 1.0058e+02	 7.8884e+03	 1.1051e+00	 3.3363e-01	 1.8659e-11	-5.8802e-12	 1.3865e-11	 3.7804e+08	 2.8815e+02	 7.9173e+03
 3.1829e+01	 7.8884e+03	 1.2612e+00	 9.2413e-01	 1.6356e-11	-4.6225e-12	 1.5823e-11	 4.3128e+08	 2.8815e+02	 7.9201e+03
 1.0072e+01	 7.8884e+03	 1.6667e+00	 2.5354e+00	 1.4200e-11	-3.7342e-12	 2.0911e-11	 4.9675e+08	 2.8815e+02	 7.9263e+03
 3.1874e+00	 7.8884e+03	 2.6075e+00	 7.1454e+00	 1.2665e-11	-2.8491e-12	 3.2714e-11	 5.5699e+08	 2.8815e+02	 7.9304e+03
 1.0087e+00	 7.8884e+03	 4.9006e+00	 2.0597e+01	 1.1553e-11	-2.1878e-12	 6.1484e-11	 6.1060e+08	 2.8815e+02	 7.9351e+03
 1.0000e+06	 7.9326e+03	 1.0371e+00	-4.2237e-04	-2.3486e-10	-2.0617e-08	 1.3011e-11	-3.0034e+07	 2.8815e+02	 7.9405e+03
 3.1646e+05	 7.9326e+03	 1.0363e+00	 9.1789e-04	 1.6152e-10	-6.3900e-09	 1.3002e-11	 4.3672e+07	 2.8815e+02	 7.9430e+03
 1.0014e+05	 7.9326e+03	 1.0371e+00	 2.3616e-03	 1.3151e-10	-2.0662e-09	 1.3012e-11	 5.3638e+07	 2.8815e+02	 7.9456e+03
 3.1691e+04	 7.9326e+03	 1.0383e+00	 4.7215e-03	 8.3203e-11	-6.7418e-10	 1.3026e-11	 8.4780e+07	 2.8814e+02	 7.9482e+03
 1.0029e+04	 7.9326e+03	 1.0420e+00	 1.0072e-02	 5.6170e-11	-2.3443e-10	 1.3074e-11	 1.2558e+08	 2.8814e+02	 7.9507e+03
 3.1737e+03	 7.9326e+03	 1.0486e+00	 1.9179e-02	 3.3847e-11	-8.5825e-11	 1.3156e-11	 2.0841e+08	 2.8815e+02	 7.9534e+03
 1.0043e+03	 7.9326e+03	 1.0558e+00	 4.1346e-02	 2.3091e-11	-3.1169e-11	 1.3246e-11	 3.0549e+08	 2.8814e+02	 7.9559e+03
 3.1783e+02	 7.9326e+03	 1.0645e+00	 1.1403e-01	 2.0152e-11	-1.1402e-11	 1.3356e-11	 3.5004e+08	 2.8814e+02	 7.9585e+03
 1.0058e+02	 7.9326e+03	 1.1050e+00	 3.3218e-01	 1.8578e-11	-5.8703e-12	 1.3863e-11	 3.7970e+08	 2.8814e+02	 7.9611e+03
 3.1829e+01	 7.9326e+03	 1.2605e+00	 9.2091e-01	 1.6299e-11	-4.6107e-12	 1.5815e-11	 4.3279e+08	 2.8814e+02	 7.9638e+03
 1.0072e+01	 7.9326e+03	 1.6684e+00	 2.5224e+00	 1.4127e-11	-3.7434e-12	 2.0932e-11	 4.9931e+08	 2.8814e+02	 7.9699e+03
 3.1874e+00	 7.9326e+03	 2.6044e+00	 7.0909e+00	 1.2568e-11	-2.8437e-12	 3.2676e-11	 5.6126e+08	 2.8815e+02	 7.9741e+03
 1.0087e+00	 7.9326e+03	 4.9901e+00	 2.0649e+01	 1.1582e-11	-2.2380e-12	 6.2607e-11	 6.0905e+08	 2.8815e+02	 7.9788e+03
 1.0000e+06	 7.9763e+03	 1.0371e+00	-2.9035e-04	-1.6145e-10	-2.0636e-08	 1.3012e-11	-4.3691e+07	 2.8814e+02	 7.9842e+03
 3.1646e+05	 7.9763e+03	 1.0363e+00	 8.4821e-04	 1.4926e-10	-6.3804e-09	 1.3001e-11	 4.7260e+07	 2.8814e+02	 7.9869e+03
 1.0014e+05	 7.9763e+03	 1.0371e+00	 2.3770e-03	 1.3237e-10	-2.0686e-09	 1.3012e-11	 5.3291e+07	 2.8814e+02	 7.9895e+03
 3.1691e+04	 7.9763e+03	 1.0383e+00	 4.7167e-03	 8.3118e-11	-6.7423e-10	 1.3026e-11	 8.4867e+07	 2.8815e+02	 7.9924e+03
 1.0029e+04	 7.9763e+03	 1.0420e+00	 1.0066e-02	 5.6135e-11	-2.3442e-10	 1.3074e-11	 1.2566e+08	 2.8815e+02	 7.9948e+03
 3.1737e+03	 7.9763e+03	 1.0486e+00	 1.9168e-02	 3.3827e-11	-8.5717e-11	 1.3156e-11	 2.0853e+08	 2.8815e+02	 7.9976e+03
 1.0043e+03	 7.9763e+03	 1.0558e+00	 4.1240e-02	 2.3032e-11	-3.1148e-11	 1.3246e-11	 3.0627e+08	 2.8815e+02	 8.0004e+03
 3.1783e+02	 7.9763e+03	 1.0644e+00	 1.1373e-01	 2.0100e-11	-1.1382e-11	 1.3354e-11	 3.5094e+08	 2.8815e+02	 8.0031e+03
 1.0058e+02	 7.9763e+03	 1.1045e+00	 3.3171e-01	 1.8552e-11	-5.8426e-12	 1.3857e-11	 3.8023e+08	 2.8816e+02	 8.0057e+03
 3.1829e+01	 7.9763e+03	 1.2582e+00	 9.2072e-01	 1.6296e-11	-4.5693e-12	 1.5785e-11	 4.3288e+08	 2.8815e+02	 8.0085e+03
 1.0072e+01	 7.9763e+03	 1.6634e+00	 2.5215e+00	 1.4122e-11	-3.7156e-12	 2.0869e-11	 4.9949e+08	 2.8816e+02	 8.0147e+03
 3.1874e+00	 7.9763e+03	 2.5856e+00	 7.1140e+00	 1.2609e-11	-2.8103e-12	 3.2439e-11	 5.5944e+08	 2.8816e+02	 8.0189e+03
 1.0087e+00	 7.9763e+03	 4.9348e+00	 2.0660e+01	 1.1588e-11	-2.2070e-12	 6.1913e-11	 6.0874e+08	 2.8816e+02	 8.0235e+03
 1.0000e+06	 8.0210e+03	 1.0371e+00	-2.3896e-04	-1.3288e-10	-2.0608e-08	 1.3011e-11	-5.3087e+07	 2.8816e+02	 8.0288e+03
 3.1646e+05	 8.0210e+03	 1.0363e+00	 8.4498e-04	 1.4869e-10	-6.3818e-09	 1.3001e-11	 4.7441e+07	 2.8815e+02	 8.0314e+03
 1.0014e+05	 8.0210e+03	 1.0371e+00	 2.4041e-03	 1.3388e-10	-2.0673e-09	 1.3012e-11	 5.2690e+07	 2.8815e+02	 8.0340e+03
 3.1691e+04	 8.0210e+03	 1.0383e+00	 4.7035e-03	 8.2886e-11	-6.7430e-10	 1.3026e-11	 8.5104e+07	 2.8815e+02	 8.0365e+03
 1.0029e+04	 8.0210e+03	 1.0420e+00	 1.0037e-02	 5.5973e-11	-2.3428e-10	 1.3073e-11	 1.2603e+08	 2.8815e+02	 8.0391e+03
 3.1737e+03	 8.0210e+03	 1.0485e+00	 1.9095e-02	 3.3699e-11	-8.5622e-11	 1.3155e-11	 2.0932e+08	 2.8815e+02	 8.0417e+03
 1.0043e+03	 8.0210e+03	 1.0558e+00	 4.1081e-02	 2.2943e-11	-3.1136e-11	 1.3246e-11	 3.0746e+08	 2.8815e+02	 8.0444e+03
 3.1783e+02	 8.0210e+03	 1.0643e+00	 1.1325e-01	 2.0015e-11	-1.1372e-11	 1.3353e-11	 3.5244e+08	 2.8815e+02	 8.0468e+03
 1.0058e+02	 8.0210e+03	 1.1041e+00	 3.3014e-01	 1.8464e-11	-5.8197e-12	 1.3852e-11	 3.8204e+08	 2.8815e+02	 8.0494e+03
 3.1829e+01	 8.0210e+03	 1.2568e+00	 9.1574e-01	 1.6207e-11	-4.5446e-12	 1.5768e-11	 4.3523e+08	 2.8815e+02	 8.0523e+03
 1.0072e+01	 8.0210e+03	 1.6543e+00	 2.5122e+00	 1.4070e-11	-3.6648e-12	 2.0755e-11	 5.0133e+08	 2.8814e+02	 8.0585e+03
 3.1874e+00	 8.0210e+03	 2.5742e+00	 7.0683e+00	 1.2528e-11	-2.7901e-12	 3.2296e-11	 5.6306e+08	 2.8815e+02	 8.0626e+03
 1.0087e+00	 8.0210e+03	 4.8117e+00	 2.0403e+01	 1.1444e-11	-2.1379e-12	 6.0368e-11	 6.1640e+08	 2.8814e+02	 8.0672e+03
 1.0000e+06	 8.0647e+03	 1.0371e+00	-3.6587e-04	-2.0344e-10	-2.0611e-08	 1.3011e-11	-3.4673e+07	 2.8814e+02	 8.0728e+03
 3.1646e+05	 8.0647e+03	 1.0363e+00	 9.2517e-04	 1.6280e-10	-6.3866e-09	 1.3001e-11	 4.3329e+07	 2.8815e+02	 8.0753e+03
 1.0014e+05	 8.0647e+03	 1.0371e+00	 2.3865e-03	 1.3290e-10	-2.0675e-09	 1.3012e-11	 5.3078e+07	 2.8815e+02	 8.0777e+03
 3.1691e+04	 8.0647e+03	 1.0382e+00	 4.6755e-03	 8.2393e-11	-6.7385e-10	 1.3026e-11	 8.5614e+07	 2.8815e+02	 8.0805e+03
 1.0029e+04	 8.0647e+03	 1.0420e+00	 9.9903e-03	 5.5712e-11	-2.3416e-10	 1.3073e-11	 1.2661e+08	 2.8815e+02	 8.0829e+03
 3.1737e+03	 8.0647e+03	 1.0486e+00	 1.9139e-02	 3.3776e-11	-8.5689e-11	 1.3155e-11	 2.0884e+08	 2.8815e+02	 8.0855e+03
 1.0043e+03	 8.0647e+03	 1.0557e+00	 4.0904e-02	 2.2844e-11	-3.1126e-11	 1.3245e-11	 3.0879e+08	 2.8815e+02	 8.0882e+03
 3.1783e+02	 8.0647e+03	 1.0643e+00	 1.1261e-01	 1.9902e-11	-1.1363e-11	 1.3353e-11	 3.5443e+08	 2.8815e+02	 8.0907e+03
 1.0058e+02	 8.0647e+03	 1.1040e+00	 3.2823e-01	 1.8357e-11	-5.8149e-12	 1.3851e-11	 3.8426e+08	 2.8815e+02	 8.0935e+03
 3.1829e+01	 8.0647e+03	 1.2562e+00	 9.1061e-01	 1.6116e-11	-4.5342e-12	 1.5760e-11	 4.3769e+08	 2.8815e+02	 8.0962e+03
 1.0072e+01	 8.0647e+03	 1.6536e+00	 2.4975e+00	 1.3988e-11	-3.6605e-12	 2.0746e-11	 5.0429e+08	 2.8815e+02	 8.1025e+03
 3.1874e+00	 8.0647e+03	 2.5841e+00	 7.0320e+00	 1.2464e-11	-2.8077e-12	 3.2421e-11	 5.6596e+08	 2.8815e+02	 8.1069e+03
 1.0087e+00	 8.0647e+03	 4.8768e+00	 2.0293e+01	 1.1382e-11	-2.1744e-12	 6.1185e-11	 6.1974e+08	 2.8815e+02	 8.1115e+03
 1.0000e+06	 8.1090e+03	 1.0370e+00	-2.9821e-04	-1.6582e-10	-2.0583e-08	 1.3011e-11	-4.2540e+07	 2.8816e+02	 8.1169e+03
 3.1646e+05	 8.1090e+03	 1.0363e+00	 9.0224e-04	 1.5877e-10	-6.3895e-09	 1.3002e-11	 4.4430e+07	 2.8814e+02	 8.1196e+03
 1.0014e+05	 8.1090e+03	 1.0371e+00	 2.3985e-03	 1.3356e-10	-2.0649e-09	 1.3011e-11	 5.2814e+07	 2.8815e+02	 8.1221e+03
 3.1691e+04	 8.1090e+03	 1.0382e+00	 4.6833e-03	 8.2530e-11	-6.7334e-10	 1.3026e-11	 8.5472e+07	 2.8815e+02	 8.1247e+03
 1.0029e+04	 8.1090e+03	 1.0420e+00	 9.9694e-03	 5.5596e-11	-2.3395e-10	 1.3072e-11	 1.2688e+08	 2.8815e+02	 8.1271e+03
 3.1737e+03	 8.1090e+03	 1.0485e+00	 1.9068e-02	 3.3651e-11	-8.5568e-11	 1.3154e-11	 2.0962e+08	 2.8815e+02	 8.1297e+03
 1.0043e+03	 8.1090e+03	 1.0557e+00	 4.0753e-02	 2.2759e-11	-3.1093e-11	 1.3245e-11	 3.0994e+08	 2.8816e+02	 8.1324e+03
 3.1783e+02	 8.1090e+03	 1.0643e+00	 1.1215e-01	 1.9820e-11	-1.1355e-11	 1.3352e-11	 3.5591e+08	 2.8815e+02	 8.1348e+03
 1.0058e+02	 8.1090e+03	 1.1036e+00	 3.2696e-01	 1.8286e-11	-5.7915e-12	 1.3845e-11	 3.8575e+08	 2.8815e+02	 8.1374e+03
 3.1829e+01	 8.1090e+03	 1.2554e+00	 9.0675e-01	 1.6048e-11	-4.5198e-12	 1.5750e-11	 4.3955e+08	 2.8815e+02	 8.1401e+03
 1.0072e+01	 8.1090e+03	 1.6596e+00	 2.4775e+00	 1.3876e-11	-3.6944e-12	 2.0822e-11	 5.0835e+08	 2.8815e+02	 8.1463e+03
 3.1874e+00	 8.1090e+03	 2.5977e+00	 6.9544e+00	 1.2326e-11	-2.8317e-12	 3.2591e-11	 5.7228e+08	 2.8816e+02	 8.1507e+03
 1.0087e+00	 8.1090e+03	 4.8721e+00	 2.0076e+01	 1.1261e-11	-2.1718e-12	 6.1126e-11	 6.2643e+08	 2.8815e+02	 8.1552e+03
 1.0000e+06	 8.1527e+03	 1.0370e+00	-3.7209e-04	-2.0690e-10	-2.0582e-08	 1.3011e-11	-3.4093e+07	 2.8815e+02	 8.1607e+03
 3.1646e+05	 8.1527e+03	 1.0363e+00	 8.0184e-04	 1.4110e-10	-6.3857e-09	 1.3001e-11	 4.9993e+07	 2.8815e+02	 8.1634e+03
 1.0014e+05	 8.1527e+03	 1.0371e+00	 2.3356e-03	 1.3006e-10	-2.0657e-09	 1.3012e-11	 5.4236e+07	 2.8815e+02	 8.1658e+03
 3.1691e+04	 8.1527e+03	 1.0382e+00	 4.6725e-03	 8.2340e-11	-6.7317e-10	 1.3025e-11	 8.5669e+07	 2.8815e+02	 8.1685e+03
 1.0029e+04	 8.1527e+03	 1.0419e+00	 9.9488e-03	 5.5481e-11	-2.3368e-10	 1.3072e-11	 1.2714e+08	 2.8815e+02	 8.1709e+03
 3.1737e+03	 8.1527e+03	 1.0484e+00	 1.8977e-02	 3.3490e-11	-8.5466e-11	 1.3154e-11	 2.1063e+08	 2.8815e+02	 8.1735e+03
 1.0043e+03	 8.1527e+03	 1.0557e+00	 4.0531e-02	 2.2635e-11	-3.1097e-11	 1.3245e-11	 3.1164e+08	 2.8815e+02	 8.1763e+03
 3.1783e+02	 8.1527e+03	 1.0641e+00	 1.1140e-01	 1.9688e-11	-1.1334e-11	 1.3351e-11	 3.5828e+08	 2.8815e+02	 8.1787e+03
 1.0058e+02	 8.1527e+03	 1.1032e+00	 3.2473e-01	 1.8162e-11	-5.7734e-12	 1.3841e-11	 3.8840e+08	 2.8815e+02	 8.1815e+03
 3.1829e+01	 8.1527e+03	 1.2557e+00	 9.0114e-01	 1.5949e-11	-4.5262e-12	 1.5755e-11	 4.4228e+08	 2.8815e+02	 8.1842e+03
 1.0072e+01	 8.1527e+03	 1.6558e+00	 2.4621e+00	 1.3790e-11	-3.6728e-12	 2.0773e-11	 5.1154e+08	 2.8815e+02	 8.1904e+03
 3.1874e+00	 8.1527e+03	 2.5838e+00	 6.9193e+00	 1.2264e-11	-2.8072e-12	 3.2417e-11	 5.7518e+08	 2.8815e+02	 8.1945e+03
 1.0087e+00	 8.1527e+03	 4.8290e+00	 1.9959e+01	 1.1195e-11	-2.1476e-12	 6.0585e-11	 6.3012e+08	 2.8815e+02	 8.1990e+03
 1.0000e+06	 8.1965e+03	 1.0370e+00	-3.8789e-04	-2.1569e-10	-2.0588e-08	 1.3011e-11	-3.2704e+07	 2.8815e+02	 8.2045e+03
 3.1646e+05	 8.1965e+03	 1.0363e+00	 8.3125e-04	 1.4627e-10	-6.3893e-09	 1.3002e-11	 4.8224e+07	 2.8816e+02	 8.2071e+03
 1.0014e+05	 8.1965e+03	 1.0371e+00	 2.3327e-03	 1.2990e-10	-2.0639e-09	 1.3011e-11	 5.4303e+07	 2.8815e+02	 8.2095e+03
 3.1691e+04	 8.1965e+03	 1.0382e+00	 4.6456e-03	 8.1866e-11	-6.7304e-10	 1.3025e-11	 8.6165e+07	 2.8815e+02	 8.2122e+03
 1.0029e+04	 8.1965e+03	 1.0419e+00	 9.9175e-03	 5.5306e-11	-2.3368e-10	 1.3072e-11	 1.2754e+08	 2.8815e+02	 8.2147e+03
 3.1737e+03	 8.1965e+03	 1.0484e+00	 1.8924e-02	 3.3396e-11	-8.5471e-11	 1.3154e-11	 2.1122e+08	 2.8814e+02	 8.2175e+03
 1.0043e+03	 8.1965e+03	 1.0557e+00	 4.0412e-02	 2.2569e-11	-3.1080e-11	 1.3244e-11	 3.1255e+08	 2.8814e+02	 8.2202e+03
 3.1783e+02	 8.1965e+03	 1.0641e+00	 1.1100e-01	 1.9617e-11	-1.1330e-11	 1.3350e-11	 3.5959e+08	 2.8814e+02	 8.2228e+03
 1.0058e+02	 8.1965e+03	 1.1031e+00	 3.2368e-01	 1.8103e-11	-5.7674e-12	 1.3840e-11	 3.8967e+08	 2.8814e+02	 8.2255e+03
 3.1829e+01	 8.1965e+03	 1.2545e+00	 8.9822e-01	 1.5897e-11	-4.5041e-12	 1.5739e-11	 4.4372e+08	 2.8814e+02	 8.2284e+03
 1.0072e+01	 8.1965e+03	 1.6594e+00	 2.4542e+00	 1.3746e-11	-3.6933e-12	 2.0819e-11	 5.1318e+08	 2.8814e+02	 8.2344e+03
 3.1874e+00	 8.1965e+03	 2.5870e+00	 6.8982e+00	 1.2226e-11	-2.8128e-12	 3.2456e-11	 5.7694e+08	 2.8814e+02	 8.2387e+03
 1.0087e+00	 8.1965e+03	 4.9128e+00	 1.9870e+01	 1.1145e-11	-2.1947e-12	 6.1637e-11	 6.3292e+08	 2.8814e+02	 8.2433e+03
 1.0000e+06	 8.2408e+03	 1.0370e+00	-3.3080e-04	-1.8394e-10	-2.0593e-08	 1.3011e-11	-3.8348e+07	 2.8814e+02	 8.2488e+03
 3.1646e+05	 8.2408e+03	 1.0363e+00	 8.7793e-04	 1.5449e-10	-6.3855e-09	 1.3001e-11	 4.5660e+07	 2.8815e+02	 8.2514e+03
 1.0014e+05	 8.2408e+03	 1.0371e+00	 2.3135e-03	 1.2883e-10	-2.0636e-09	 1.3011e-11	 5.4754e+07	 2.8814e+02	 8.2539e+03
 3.1691e+04	 8.2408e+03	 1.0382e+00	 4.6458e-03	 8.1870e-11	-6.7276e-10	 1.3025e-11	 8.6161e+07	 2.8814e+02	 8.2565e+03
 1.0029e+04	 8.2408e+03	 1.0419e+00	 9.8790e-03	 5.5092e-11	-2.3358e-10	 1.3072e-11	 1.2804e+08	 2.8814e+02	 8.2591e+03
 3.1737e+03	 8.2408e+03	 1.0484e+00	 1.8901e-02	 3.3357e-11	-8.5381e-11	 1.3153e-11	 2.1147e+08	 2.8814e+02	 8.2617e+03
 1.0043e+03	 8.2408e+03	 1.0557e+00	 4.0281e-02	 2.2496e-11	-3.1082e-11	 1.3244e-11	 3.1357e+08	 2.8815e+02	 8.2645e+03
 3.1783e+02	 8.2408e+03	 1.0640e+00	 1.1055e-01	 1.9537e-11	-1.1317e-11	 1.3350e-11	 3.6105e+08	 2.8816e+02	 8.2670e+03
 1.0058e+02	 8.2408e+03	 1.1026e+00	 3.2221e-01	 1.8020e-11	-5.7386e-12	 1.3833e-11	 3.9144e+08	 2.8815e+02	 8.2697e+03
 3.1829e+01	 8.2408e+03	 1.2544e+00	 8.9485e-01	 1.5838e-11	-4.5017e-12	 1.5737e-11	 4.4539e+08	 2.8816e+02	 8.2726e+03
 1.0072e+01	 8.2408e+03	 1.6573e+00	 2.4435e+00	 1.3686e-11	-3.6813e-12	 2.0793e-11	 5.1543e+08	 2.8817e+02	 8.2786e+03
 3.1874e+00	 8.2408e+03	 2.5868e+00	 6.8664e+00	 1.2170e-11	-2.8125e-12	 3.2455e-11	 5.7962e+08	 2.8816e+02	 8.2827e+03
 1.0087e+00	 8.2408e+03	 4.7991e+00	 1.9721e+01	 1.1062e-11	-2.1309e-12	 6.0210e-11	 6.3770e+08	 2.8817e+02	 8.2872e+03
 1.0000e+06	 8.2847e+03	 1.0370e+00	-3.8657e-04	-2.1496e-10	-2.0584e-08	 1.3011e-11	-3.2816e+07	 2.8817e+02	 8.2925e+03
 3.1646e+05	 8.2847e+03	 1.0363e+00	 8.5520e-04	 1.5049e-10	-6.3870e-09	 1.3002e-11	 4.6874e+07	 2.8817e+02	 8.2950e+03
 1.0014e+05	 8.2847e+03	 1.0371e+00	 2.3396e-03	 1.3029e-10	-2.0648e-09	 1.3011e-11	 5.4142e+07	 2.8816e+02	 8.2975e+03
 3.1691e+04	 8.2847e+03	 1.0382e+00	 4.6408e-03	 8.1781e-11	-6.7256e-10	 1.3025e-11	 8.6254e+07	 2.8816e+02	 8.3002e+03
 1.0029e+04	 8.2847e+03	 1.0418e+00	 9.8451e-03	 5.4903e-11	-2.3337e-10	 1.3071e-11	 1.2848e+08	 2.8816e+02	 8.3027e+03
 3.1737e+03	 8.2847e+03	 1.0484e+00	 1.8874e-02	 3.3308e-11	-8.5388e-11	 1.3153e-11	 2.1178e+08	 2.8815e+02	 8.3053e+03
 1.0043e+03	 8.2847e+03	 1.0556e+00	 4.0108e-02	 2.2399e-11	-3.1062e-11	 1.3244e-11	 3.1492e+08	 2.8815e+02	 8.3080e+03
 3.1783e+02	 8.2847e+03	 1.0640e+00	 1.0996e-01	 1.9434e-11	-1.1306e-11	 1.3349e-11	 3.6297e+08	 2.8815e+02	 8.3104e+03
 1.0058e+02	 8.2847e+03	 1.1022e+00	 3.2057e-01	 1.7929e-11	-5.7164e-12	 1.3828e-11	 3.9344e+08	 2.8815e+02	 8.3132e+03
 3.1829e+01	 8.2847e+03	 1.2526e+00	 8.8972e-01	 1.5747e-11	-4.4713e-12	 1.5716e-11	 4.4796e+08	 2.8814e+02	 8.3162e+03
 1.0072e+01	 8.2847e+03	 1.6503e+00	 2.4269e+00	 1.3592e-11	-3.6420e-12	 2.0704e-11	 5.1896e+08	 2.8814e+02	 8.3222e+03
 3.1874e+00	 8.2847e+03	 2.5604e+00	 6.8405e+00	 1.2124e-11	-2.7658e-12	 3.2124e-11	 5.8181e+08	 2.8814e+02	 8.3262e+03
 1.0087e+00	 8.2847e+03	 4.8966e+00	 1.9706e+01	 1.1053e-11	-2.1855e-12	 6.1433e-11	 6.3819e+08	 2.8814e+02	 8.3308e+03
 1.0000e+06	 8.3284e+03	 1.0370e+00	-3.4886e-04	-1.9399e-10	-2.0588e-08	 1.3011e-11	-3.6362e+07	 2.8814e+02	 8.3363e+03
 3.1646e+05	 8.3284e+03	 1.0363e+00	 9.0128e-04	 1.5860e-10	-6.3800e-09	 1.3001e-11	 4.4477e+07	 2.8814e+02	 8.3388e+03
 1.0014e+05	 8.3284e+03	 1.0371e+00	 2.3265e-03	 1.2955e-10	-2.0633e-09	 1.3011e-11	 5.4448e+07	 2.8814e+02	 8.3412e+03
 3.1691e+04	 8.3284e+03	 1.0381e+00	 4.5917e-03	 8.0916e-11	-6.7224e-10	 1.3025e-11	 8.7176e+07	 2.8815e+02	 8.3439e+03
 1.0029e+04	 8.3284e+03	 1.0418e+00	 9.8056e-03	 5.4683e-11	-2.3320e-10	 1.3071e-11	 1.2900e+08	 2.8815e+02	 8.3465e+03
 3.1737e+03	 8.3284e+03	 1.0484e+00	 1.8785e-02	 3.3152e-11	-8.5329e-11	 1.3153e-11	 2.1278e+08	 2.8814e+02	 8.3493e+03
 1.0043e+03	 8.3284e+03	 1.0556e+00	 3.9871e-02	 2.2267e-11	-3.1038e-11	 1.3243e-11	 3.1679e+08	 2.8815e+02	 8.3519e+03
 3.1783e+02	 8.3284e+03	 1.0639e+00	 1.0926e-01	 1.9310e-11	-1.1287e-11	 1.3347e-11	 3.6530e+08	 2.8815e+02	 8.3545e+03
 1.0058e+02	 8.3284e+03	 1.1020e+00	 3.1860e-01	 1.7819e-11	-5.7054e-12	 1.3826e-11	 3.9587e+08	 2.8816e+02	 8.3572e+03
 3.1829e+01	 8.3284e+03	 1.2519e+00	 8.8491e-01	 1.5662e-11	-4.4577e-12	 1.5706e-11	 4.5040e+08	 2.8816e+02	 8.3600e+03
 1.0072e+01	 8.3284e+03	 1.6372e+00	 2.4310e+00	 1.3615e-11	-3.5688e-12	 2.0541e-11	 5.1808e+08	 2.8816e+02	 8.3663e+03
 3.1874e+00	 8.3284e+03	 2.5252e+00	 6.9758e+00	 1.2364e-11	-2.7033e-12	 3.1682e-11	 5.7052e+08	 2.8817e+02	 8.3706e+03
 1.0087e+00	 8.3284e+03	 4.8784e+00	 2.0274e+01	 1.1371e-11	-2.1754e-12	 6.1206e-11	 6.2033e+08	 2.8816e+02	 8.3752e+03
 1.0000e+06	 8.3727e+03	 1.0370e+00	-4.1484e-04	-2.3068e-10	-2.0585e-08	 1.3011e-11	-3.0579e+07	 2.8816e+02	 8.3808e+03
 3.1646e+05	 8.3727e+03	 1.0363e+00	 7.7597e-04	 1.3655e-10	-6.3849e-09	 1.3001e-11	 5.1660e+07	 2.8816e+02	 8.3833e+03
 1.0014e+05	 8.3727e+03	 1.0371e+00	 2.2994e-03	 1.2805e-10	-2.0642e-09	 1.3011e-11	 5.5089e+07	 2.8816e+02	 8.3857e+03
 3.1691e+04	 8.3727e+03	 1.0382e+00	 4.5917e-03	 8.0916e-11	-6.7237e-10	 1.3025e-11	 8.7176e+07	 2.8816e+02	 8.3884e+03
 1.0029e+04	 8.3727e+03	 1.0418e+00	 9.8148e-03	 5.4734e-11	-2.3309e-10	 1.3071e-11	 1.2888e+08	 2.8816e+02	 8.3909e+03
 3.1737e+03	 8.3727e+03	 1.0483e+00	 1.8744e-02	 3.3078e-11	-8.5183e-11	 1.3152e-11	 2.1325e+08	 2.8816e+02	 8.3937e+03
 1.0043e+03	 8.3727e+03	 1.0556e+00	 3.9766e-02	 2.2208e-11	-3.1031e-11	 1.3243e-11	 3.1763e+08	 2.8816e+02	 8.3963e+03
 3.1783e+02	 8.3727e+03	 1.0638e+00	 1.0890e-01	 1.9246e-11	-1.1277e-11	 1.3347e-11	 3.6651e+08	 2.8815e+02	 8.3991e+03
 1.0058e+02	 8.3727e+03	 1.1016e+00	 3.1745e-01	 1.7754e-11	-5.6845e-12	 1.3821e-11	 3.9732e+08	 2.8815e+02	 8.4017e+03
 3.1829e+01	 8.3727e+03	 1.2495e+00	 8.8161e-01	 1.5603e-11	-4.4160e-12	 1.5677e-11	 4.5208e+08	 2.8815e+02	 8.4044e+03
 1.0072e+01	 8.3727e+03	 1.6360e+00	 2.4123e+00	 1.3511e-11	-3.5621e-12	 2.0525e-11	 5.2209e+08	 2.8814e+02	 8.4106e+03
 3.1874e+00	 8.3727e+03	 2.5372e+00	 6.7834e+00	 1.2023e-11	-2.7246e-12	 3.1832e-11	 5.8670e+08	 2.8815e+02	 8.4149e+03
 1.0087e+00	 8.3727e+03	 4.7798e+00	 1.9724e+01	 1.1063e-11	-2.1200e-12	 5.9968e-11	 6.3761e+08	 2.8814e+02	 8.4195e+03
 1.0000e+06	 8.4170e+03	 1.0370e+00	-3.4659e-04	-1.9273e-10	-2.0583e-08	 1.3011e-11	-3.6601e+07	 2.8814e+02	 8.4250e+03
 3.1646e+05	 8.4170e+03	 1.0363e+00	 7.7829e-04	 1.3695e-10	-6.3816e-09	 1.3001e-11	 5.1506e+07	 2.8814e+02	 8.4278e+03
 1.0014e+05	 8.4170e+03	 1.0371e+00	 2.2921e-03	 1.2764e-10	-2.0633e-09	 1.3011e-11	 5.5266e+07	 2.8814e+02	 8.4303e+03
 3.1691e+04	 8.4170e+03	 1.0381e+00	 4.5684e-03	 8.0506e-11	-6.7190e-10	 1.3025e-11	 8.7620e+07	 2.8814e+02	 8.4333e+03
 1.0029e+04	 8.4170e+03	 1.0418e+00	 9.7802e-03	 5.4541e-11	-2.3292e-10	 1.3070e-11	 1.2933e+08	 2.8815e+02	 8.4357e+03
 3.1737e+03	 8.4170e+03	 1.0483e+00	 1.8680e-02	 3.2965e-11	-8.5173e-11	 1.3152e-11	 2.1398e+08	 2.8814e+02	 8.4384e+03
 1.0043e+03	 8.4170e+03	 1.0555e+00	 3.9571e-02	 2.2099e-11	-3.1003e-11	 1.3243e-11	 3.1919e+08	 2.8814e+02	 8.4411e+03
 3.1783e+02	 8.4170e+03	 1.0637e+00	 1.0832e-01	 1.9143e-11	-1.1266e-11	 1.3346e-11	 3.6849e+08	 2.8815e+02	 8.4436e+03
 1.0058e+02	 8.4170e+03	 1.1012e+00	 3.1586e-01	 1.7665e-11	-5.6626e-12	 1.3816e-11	 3.9931e+08	 2.8815e+02	 8.4462e+03
 3.1829e+01	 8.4170e+03	 1.2480e+00	 8.7849e-01	 1.5548e-11	-4.3901e-12	 1.5658e-11	 4.5369e+08	 2.8815e+02	 8.4492e+03
 1.0072e+01	 8.4170e+03	 1.6355e+00	 2.3973e+00	 1.3427e-11	-3.5594e-12	 2.0519e-11	 5.2537e+08	 2.8815e+02	 8.4553e+03
 3.1874e+00	 8.4170e+03	 2.5388e+00	 6.7529e+00	 1.1969e-11	-2.7273e-12	 3.1852e-11	 5.8936e+08	 2.8815e+02	 8.4597e+03
 1.0087e+00	 8.4170e+03	 4.8631e+00	 1.9553e+01	 1.0967e-11	-2.1668e-12	 6.1013e-11	 6.4320e+08	 2.8816e+02	 8.4642e+03
 1.0000e+06	 8.4617e+03	 1.0370e+00	-4.0760e-04	-2.2665e-10	-2.0596e-08	 1.3011e-11	-3.1123e+07	 2.8816e+02	 8.4697e+03
 3.1646e+05	 8.4617e+03	 1.0363e+00	 7.5784e-04	 1.3336e-10	-6.3795e-09	 1.3001e-11	 5.2896e+07	 2.8815e+02	 8.4723e+03
 1.0014e+05	 8.4617e+03	 1.0371e+00	 2.2802e-03	 1.2697e-10	-2.0634e-09	 1.3011e-11	 5.5554e+07	 2.8814e+02	 8.4748e+03
 3.1691e+04	 8.4617e+03	 1.0381e+00	 4.5353e-03	 7.9922e-11	-6.7211e-10	 1.3025e-11	 8.8261e+07	 2.8815e+02	 8.4776e+03
 1.0029e+04	 8.4617e+03	 1.0417e+00	 9.7304e-03	 5.4263e-11	-2.3276e-10	 1.3070e-11	 1.3000e+08	 2.8815e+02	 8.4801e+03
 3.1737e+03	 8.4617e+03	 1.0482e+00	 1.8667e-02	 3.2944e-11	-8.5132e-11	 1.3151e-11	 2.1412e+08	 2.8815e+02	 8.4828e+03
 1.0043e+03	 8.4617e+03	 1.0555e+00	 3.9438e-02	 2.2025e-11	-3.0987e-11	 1.3242e-11	 3.2027e+08	 2.8816e+02	 8.4855e+03
 3.1783e+02	 8.4617e+03	 1.0637e+00	 1.0785e-01	 1.9061e-11	-1.1254e-11	 1.3345e-11	 3.7007e+08	 2.8815e+02	 8.4882e+03
 1.0058e+02	 8.4617e+03	 1.1009e+00	 3.1458e-01	 1.7594e-11	-5.6403e-12	 1.3811e-11	 4.0094e+08	 2.8815e+02	 8.4909e+03
 3.1829e+01	 8.4617e+03	 1.2465e+00	 8.7474e-01	 1.5482e-11	-4.3630e-12	 1.5639e-11	 4.5563e+08	 2.8815e+02	 8.4938e+03
 1.0072e+01	 8.4617e+03	 1.6247e+00	 2.3921e+00	 1.3398e-11	-3.4986e-12	 2.0383e-11	 5.2650e+08	 2.8815e+02	 8.5000e+03
 3.1874e+00	 8.4617e+03	 2.5319e+00	 6.7340e+00	 1.1935e-11	-2.7151e-12	 3.1765e-11	 5.9101e+08	 2.8814e+02	 8.5041e+03
 1.0087e+00	 8.4617e+03	 4.8080e+00	 1.9520e+01	 1.0949e-11	-2.1359e-12	 6.0322e-11	 6.4428e+08	 2.8814e+02	 8.5087e+03
 1.0000e+06	 8.5062e+03	 1.0370e+00	-4.1634e-04	-2.3151e-10	-2.0577e-08	 1.3010e-11	-3.0470e+07	 2.8814e+02	 8.5142e+03
 3.1646e+05	 8.5062e+03	 1.0363e+00	 8.2618e-04	 1.4538e-10	-6.3836e-09	 1.3001e-11	 4.8520e+07	 2.8814e+02	 8.5169e+03
 1.0014e+05	 8.5062e+03	 1.0370e+00	 2.2777e-03	 1.2684e-10	-2.0618e-09	 1.3011e-11	 5.5614e+07	 2.8814e+02	 8.5194e+03
 3.1691e+04	 8.5062e+03	 1.0381e+00	 4.5449e-03	 8.0091e-11	-6.7141e-10	 1.3024e-11	 8.8074e+07	 2.8815e+02	 8.5222e+03
 1.0029e+04	 8.5062e+03	 1.0417e+00	 9.7225e-03	 5.4219e-11	-2.3273e-10	 1.3070e-11	 1.3010e+08	 2.8815e+02	 8.5247e+03
 3.1737e+03	 8.5062e+03	 1.0482e+00	 1.8602e-02	 3.2828e-11	-8.5052e-11	 1.3151e-11	 2.1488e+08	 2.8815e+02	 8.5272e+03
 1.0043e+03	 8.5062e+03	 1.0555e+00	 3.9275e-02	 2.1934e-11	-3.0983e-11	 1.3242e-11	 3.2160e+08	 2.8814e+02	 8.5299e+03
 3.1783e+02	 8.5062e+03	 1.0636e+00	 1.0729e-01	 1.8962e-11	-1.1248e-11	 1.3345e-11	 3.7200e+08	 2.8815e+02	 8.5324e+03
 1.0058e+02	 8.5062e+03	 1.1007e+00	 3.1275e-01	 1.7491e-11	-5.6306e-12	 1.3809e-11	 4.0329e+08	 2.8815e+02	 8.5353e+03
 3.1829e+01	 8.5062e+03	 1.2467e+00	 8.6997e-01	 1.5397e-11	-4.3658e-12	 1.5641e-11	 4.5813e+08	 2.8815e+02	 8.5382e+03
 1.0072e+01	 8.5062e+03	 1.6289e+00	 2.3783e+00	 1.3320e-11	-3.5222e-12	 2.0436e-11	 5.2956e+08	 2.8815e+02	 8.5443e+03
 3.1874e+00	 8.5062e+03	 2.5306e+00	 6.7128e+00	 1.1898e-11	-2.7128e-12	 3.1749e-11	 5.9287e+08	 2.8815e+02	 8.5486e+03
 1.0087e+00	 8.5062e+03	 4.7865e+00	 1.9434e+01	 1.0900e-11	-2.1238e-12	 6.0052e-11	 6.4713e+08	 2.8815e+02	 8.5532e+03
 1.0000e+06	 8.5507e+03	 1.0370e+00	-4.3689e-04	-2.4294e-10	-2.0582e-08	 1.3011e-11	-2.9036e+07	 2.8815e+02	 8.5587e+03
 3.1646e+05	 8.5507e+03	 1.0363e+00	 8.2571e-04	 1.4530e-10	-6.3812e-09	 1.3001e-11	 4.8548e+07	 2.8815e+02	 8.5614e+03
 1.0014e+05	 8.5507e+03	 1.0370e+00	 2.2747e-03	 1.2667e-10	-2.0615e-09	 1.3011e-11	 5.5687e+07	 2.8815e+02	 8.5639e+03
 3.1691e+04	 8.5507e+03	 1.0381e+00	 4.5354e-03	 7.9923e-11	-6.7161e-10	 1.3024e-11	 8.8259e+07	 2.8815e+02	 8.5665e+03
 1.0029e+04	 8.5507e+03	 1.0417e+00	 9.6676e-03	 5.3913e-11	-2.3260e-10	 1.3069e-11	 1.3084e+08	 2.8815e+02	 8.5690e+03
 3.1737e+03	 8.5507e+03	 1.0482e+00	 1.8516e-02	 3.2677e-11	-8.5074e-11	 1.3151e-11	 2.1587e+08	 2.8815e+02	 8.5715e+03
 1.0043e+03	 8.5507e+03	 1.0554e+00	 3.9182e-02	 2.1882e-11	-3.0963e-11	 1.3242e-11	 3.2237e+08	 2.8815e+02	 8.5743e+03
 3.1783e+02	 8.5507e+03	 1.0636e+00	 1.0694e-01	 1.8900e-11	-1.1242e-11	 1.3344e-11	 3.7322e+08	 2.8815e+02	 8.5768e+03
 1.0058e+02	 8.5507e+03	 1.1006e+00	 3.1190e-01	 1.7444e-11	-5.6285e-12	 1.3809e-11	 4.0438e+08	 2.8815e+02	 8.5797e+03
 3.1829e+01	 8.5507e+03	 1.2460e+00	 8.6751e-01	 1.5354e-11	-4.3541e-12	 1.5633e-11	 4.5943e+08	 2.8815e+02	 8.5826e+03
 1.0072e+01	 8.5507e+03	 1.6295e+00	 2.3720e+00	 1.3285e-11	-3.5255e-12	 2.0444e-11	 5.3097e+08	 2.8815e+02	 8.5886e+03
 3.1874e+00	 8.5507e+03	 2.5343e+00	 6.6582e+00	 1.1801e-11	-2.7193e-12	 3.1795e-11	 5.9774e+08	 2.8814e+02	 8.5927e+03
 1.0087e+00	 8.5507e+03	 4.7909e+00	 1.9297e+01	 1.0824e-11	-2.1263e-12	 6.0107e-11	 6.5172e+08	 2.8815e+02	 8.5972e+03
 1.0000e+06	 8.5947e+03	 1.0370e+00	-3.5817e-04	-1.9916e-10	-2.0582e-08	 1.3011e-11	-3.5418e+07	 2.8815e+02	 8.6026e+03
 3.1646e+05	 8.5947e+03	 1.0362e+00	 8.8344e-04	 1.5546e-10	-6.3750e-09	 1.3001e-11	 4.5375e+07	 2.8815e+02	 8.6052e+03
 1.0014e+05	 8.5947e+03	 1.0370e+00	 2.3360e-03	 1.3008e-10	-2.0614e-09	 1.3011e-11	 5.4227e+07	 2.8814e+02	 8.6077e+03
 3.1691e+04	 8.5947e+03	 1.0381e+00	 4.5189e-03	 7.9633e-11	-6.7102e-10	 1.3024e-11	 8.8581e+07	 2.8815e+02	 8.6105e+03
 1.0029e+04	 8.5947e+03	 1.0417e+00	 9.6680e-03	 5.3915e-11	-2.3247e-10	 1.3069e-11	 1.3083e+08	 2.8815e+02	 8.6129e+03
 3.1737e+03	 8.5947e+03	 1.0482e+00	 1.8486e-02	 3.2623e-11	-8.4987e-11	 1.3150e-11	 2.1622e+08	 2.8815e+02	 8.6157e+03
 1.0043e+03	 8.5947e+03	 1.0554e+00	 3.9038e-02	 2.1801e-11	-3.0956e-11	 1.3242e-11	 3.2355e+08	 2.8814e+02	 8.6185e+03
 3.1783e+02	 8.5947e+03	 1.0636e+00	 1.0655e-01	 1.8830e-11	-1.1233e-11	 1.3344e-11	 3.7461e+08	 2.8815e+02	 8.6211e+03
 1.0058e+02	 8.5947e+03	 1.1004e+00	 3.1069e-01	 1.7376e-11	-5.6155e-12	 1.3806e-11	 4.0595e+08	 2.8815e+02	 8.6237e+03
 3.1829e+01	 8.5947e+03	 1.2459e+00	 8.6437e-01	 1.5298e-11	-4.3520e-12	 1.5631e-11	 4.6110e+08	 2.8815e+02	 8.6266e+03
 1.0072e+01	 8.5947e+03	 1.6347e+00	 2.3602e+00	 1.3219e-11	-3.5549e-12	 2.0509e-11	 5.3361e+08	 2.8815e+02	 8.6328e+03
 3.1874e+00	 8.5947e+03	 2.5327e+00	 6.6359e+00	 1.1762e-11	-2.7167e-12	 3.1776e-11	 5.9974e+08	 2.8815e+02	 8.6372e+03
 1.0087e+00	 8.5947e+03	 4.8254e+00	 1.9206e+01	 1.0773e-11	-2.1457e-12	 6.0541e-11	 6.5480e+08	 2.8815e+02	 8.6417e+03
 1.0000e+06	 8.6392e+03	 1.0370e+00	-4.1771e-04	-2.3227e-10	-2.0580e-08	 1.3010e-11	-3.0369e+07	 2.8815e+02	 8.6471e+03
 3.1646e+05	 8.6392e+03	 1.0362e+00	 8.2577e-04	 1.4531e-10	-6.3785e-09	 1.3001e-11	 4.8544e+07	 2.8814e+02	 8.6498e+03
 1.0014e+05	 8.6392e+03	 1.0370e+00	 2.2534e-03	 1.2548e-10	-2.0602e-09	 1.3010e-11	 5.6214e+07	 2.8815e+02	 8.6522e+03
 3.1691e+04	 8.6392e+03	 1.0381e+00	 4.5041e-03	 7.9373e-11	-6.7112e-10	 1.3024e-11	 8.8871e+07	 2.8815e+02	 8.6548e+03
 1.0029e+04	 8.6392e+03	 1.0417e+00	 9.6417e-03	 5.3769e-11	-2.3250e-10	 1.3069e-11	 1.3119e+08	 2.8815e+02	 8.6574e+03
 3.1737e+03	 8.6392e+03	 1.0482e+00	 1.8455e-02	 3.2569e-11	-8.5010e-11	 1.3151e-11	 2.1658e+08	 2.8815e+02	 8.6600e+03
 1.0043e+03	 8.6392e+03	 1.0554e+00	 3.8975e-02	 2.1766e-11	-3.0944e-11	 1.3241e-11	 3.2407e+08	 2.8815e+02	 8.6625e+03
 3.1783e+02	 8.6392e+03	 1.0635e+00	 1.0636e-01	 1.8796e-11	-1.1219e-11	 1.3343e-11	 3.7528e+08	 2.8815e+02	 8.6650e+03
 1.0058e+02	 8.6392e+03	 1.1000e+00	 3.1032e-01	 1.7356e-11	-5.5949e-12	 1.3801e-11	 4.0644e+08	 2.8815e+02	 8.6678e+03
 3.1829e+01	 8.6392e+03	 1.2446e+00	 8.6330e-01	 1.5279e-11	-4.3294e-12	 1.5615e-11	 4.6167e+08	 2.8815e+02	 8.6705e+03
 1.0072e+01	 8.6392e+03	 1.6307e+00	 2.3630e+00	 1.3235e-11	-3.5322e-12	 2.0458e-11	 5.3298e+08	 2.8815e+02	 8.6767e+03
 3.1874e+00	 8.6392e+03	 2.5398e+00	 6.6225e+00	 1.1738e-11	-2.7292e-12	 3.1865e-11	 6.0096e+08	 2.8815e+02	 8.6808e+03
 1.0087e+00	 8.6392e+03	 4.6576e+00	 1.8983e+01	 1.0647e-11	-2.0515e-12	 5.8435e-11	 6.6250e+08	 2.8815e+02	 8.6853e+03
 1.0000e+06	 8.6828e+03	 1.0370e+00	-3.7288e-04	-2.0735e-10	-2.0585e-08	 1.3011e-11	-3.4020e+07	 2.8815e+02	 8.6911e+03
 3.1646e+05	 8.6828e+03	 1.0362e+00	 7.7180e-04	 1.3581e-10	-6.3715e-09	 1.3000e-11	 5.1939e+07	 2.8815e+02	 8.6936e+03
 1.0014e+05	 8.6828e+03	 1.0370e+00	 2.2550e-03	 1.2557e-10	-2.0619e-09	 1.3011e-11	 5.6175e+07	 2.8815e+02	 8.6960e+03
 3.1691e+04	 8.6828e+03	 1.0381e+00	 4.4970e-03	 7.9248e-11	-6.7110e-10	 1.3024e-11	 8.9011e+07	 2.8815e+02	 8.6987e+03
 1.0029e+04	 8.6828e+03	 1.0417e+00	 9.6535e-03	 5.3834e-11	-2.3240e-10	 1.3069e-11	 1.3103e+08	 2.8814e+02	 8.7013e+03
 3.1737e+03	 8.6828e+03	 1.0481e+00	 1.8468e-02	 3.2592e-11	-8.4955e-11	 1.3150e-11	 2.1643e+08	 2.8815e+02	 8.7040e+03
 1.0043e+03	 8.6828e+03	 1.0554e+00	 3.8893e-02	 2.1720e-11	-3.0946e-11	 1.3241e-11	 3.2476e+08	 2.8814e+02	 8.7067e+03
 3.1783e+02	 8.6828e+03	 1.0635e+00	 1.0610e-01	 1.8751e-11	-1.1215e-11	 1.3342e-11	 3.7620e+08	 2.8815e+02	 8.7093e+03
 1.0058e+02	 8.6828e+03	 1.1000e+00	 3.0948e-01	 1.7309e-11	-5.5937e-12	 1.3801e-11	 4.0754e+08	 2.8815e+02	 8.7120e+03
 3.1829e+01	 8.6828e+03	 1.2452e+00	 8.6076e-01	 1.5234e-11	-4.3390e-12	 1.5622e-11	 4.6303e+08	 2.8815e+02	 8.7149e+03
 1.0072e+01	 8.6828e+03	 1.6323e+00	 2.3485e+00	 1.3154e-11	-3.5413e-12	 2.0479e-11	 5.3627e+08	 2.8814e+02	 8.7209e+03
 3.1874e+00	 8.6828e+03	 2.5451e+00	 6.5937e+00	 1.1687e-11	-2.7386e-12	 3.1931e-11	 6.0358e+08	 2.8814e+02	 8.7250e+03
 1.0087e+00	 8.6828e+03	 4.7825e+00	 1.9083e+01	 1.0704e-11	-2.1215e-12	 6.0001e-11	 6.5903e+08	 2.8815e+02	 8.7297e+03
 1.0000e+06	 8.7272e+03	 1.0370e+00	-4.0671e-04	-2.2615e-10	-2.0570e-08	 1.3010e-11	-3.1191e+07	 2.8815e+02	 8.7352e+03
 3.1646e+05	 8.7272e+03	 1.0362e+00	 7.3754e-04	 1.2978e-10	-6.3758e-09	 1.3001e-11	 5.4351e+07	 2.8816e+02	 8.7379e+03
 1.0014e+05	 8.7272e+03	 1.0370e+00	 2.2641e-03	 1.2608e-10	-2.0625e-09	 1.3011e-11	 5.5949e+07	 2.8816e+02	 8.7405e+03
 3.1691e+04	 8.7272e+03	 1.0381e+00	 4.4979e-03	 7.9263e-11	-6.7097e-10	 1.3024e-11	 8.8994e+07	 2.8816e+02	 8.7432e+03
 1.0029e+04	 8.7272e+03	 1.0417e+00	 9.6305e-03	 5.3706e-11	-2.3239e-10	 1.3069e-11	 1.3134e+08	 2.8816e+02	 8.7457e+03
 3.1737e+03	 8.7272e+03	 1.0481e+00	 1.8458e-02	 3.2574e-11	-8.4874e-11	 1.3150e-11	 2.1655e+08	 2.8816e+02	 8.7483e+03
 1.0043e+03	 8.7272e+03	 1.0554e+00	 3.8832e-02	 2.1687e-11	-3.0943e-11	 1.3241e-11	 3.2527e+08	 2.8816e+02	 8.7510e+03
 3.1783e+02	 8.7272e+03	 1.0634e+00	 1.0587e-01	 1.8710e-11	-1.1210e-11	 1.3342e-11	 3.7701e+08	 2.8815e+02	 8.7537e+03
 1.0058e+02	 8.7272e+03	 1.0998e+00	 3.0903e-01	 1.7283e-11	-5.5825e-12	 1.3798e-11	 4.0814e+08	 2.8816e+02	 8.7564e+03
 3.1829e+01	 8.7272e+03	 1.2440e+00	 8.5954e-01	 1.5213e-11	-4.3179e-12	 1.5607e-11	 4.6369e+08	 2.8816e+02	 8.7591e+03
 1.0072e+01	 8.7272e+03	 1.6261e+00	 2.3496e+00	 1.3160e-11	-3.5069e-12	 2.0402e-11	 5.3602e+08	 2.8816e+02	 8.7651e+03
 3.1874e+00	 8.7272e+03	 2.5354e+00	 6.6141e+00	 1.1723e-11	-2.7213e-12	 3.1809e-11	 6.0172e+08	 2.8815e+02	 8.7692e+03
 1.0087e+00	 8.7272e+03	 4.7936e+00	 1.9123e+01	 1.0726e-11	-2.1278e-12	 6.0141e-11	 6.5766e+08	 2.8815e+02	 8.7738e+03
 1.0000e+06	 8.7714e+03	 1.0370e+00	-3.7829e-04	-2.1035e-10	-2.0562e-08	 1.3010e-11	-3.3534e+07	 2.8815e+02	 8.7793e+03
 3.1646e+05	 8.7714e+03	 1.0362e+00	 7.4987e-04	 1.3195e-10	-6.3754e-09	 1.3001e-11	 5.3458e+07	 2.8815e+02	 8.7818e+03
 1.0014e+05	 8.7714e+03	 1.0370e+00	 2.2439e-03	 1.2495e-10	-2.0616e-09	 1.3011e-11	 5.6453e+07	 2.8815e+02	 8.7842e+03
 3.1691e+04	 8.7714e+03	 1.0381e+00	 4.4588e-03	 7.8574e-11	-6.7084e-10	 1.3024e-11	 8.9774e+07	 2.8815e+02	 8.7870e+03
 1.0029e+04	 8.7714e+03	 1.0416e+00	 9.5848e-03	 5.3451e-11	-2.3211e-10	 1.3068e-11	 1.3197e+08	 2.8814e+02	 8.7894e+03
 3.1737e+03	 8.7714e+03	 1.0481e+00	 1.8326e-02	 3.2341e-11	-8.4872e-11	 1.3150e-11	 2.1811e+08	 2.8814e+02	 8.7922e+03
 1.0043e+03	 8.7714e+03	 1.0554e+00	 3.8663e-02	 2.1592e-11	-3.0915e-11	 1.3241e-11	 3.2669e+08	 2.8815e+02	 8.7948e+03
 3.1783e+02	 8.7714e+03	 1.0634e+00	 1.0525e-01	 1.8601e-11	-1.1204e-11	 1.3342e-11	 3.7922e+08	 2.8814e+02	 8.7974e+03
 1.0058e+02	 8.7714e+03	 1.0995e+00	 3.0689e-01	 1.7164e-11	-5.5666e-12	 1.3795e-11	 4.1098e+08	 2.8815e+02	 8.8000e+03
 3.1829e+01	 8.7714e+03	 1.2417e+00	 8.5437e-01	 1.5121e-11	-4.2786e-12	 1.5579e-11	 4.6649e+08	 2.8815e+02	 8.8027e+03
 1.0072e+01	 8.7714e+03	 1.6257e+00	 2.3338e+00	 1.3071e-11	-3.5042e-12	 2.0396e-11	 5.3966e+08	 2.8815e+02	 8.8087e+03
 3.1874e+00	 8.7714e+03	 2.5217e+00	 6.5577e+00	 1.1623e-11	-2.6971e-12	 3.1637e-11	 6.0690e+08	 2.8815e+02	 8.8127e+03
 1.0087e+00	 8.7714e+03	 4.6586e+00	 1.8950e+01	 1.0629e-11	-2.0521e-12	 5.8448e-11	 6.6366e+08	 2.8815e+02	 8.8174e+03
 1.0000e+06	 8.8149e+03	 1.0370e+00	-4.1783e-04	-2.3234e-10	-2.0569e-08	 1.3010e-11	-3.0360e+07	 2.8815e+02	 8.8227e+03
 3.1646e+05	 8.8149e+03	 1.0362e+00	 7.6188e-04	 1.3407e-10	-6.3775e-09	 1.3001e-11	 5.2615e+07	 2.8815e+02	 8.8252e+03
 1.0014e+05	 8.8149e+03	 1.0370e+00	 2.2424e-03	 1.2487e-10	-2.0596e-09	 1.3010e-11	 5.6491e+07	 2.8815e+02	 8.8276e+03
 3.1691e+04	 8.8149e+03	 1.0380e+00	 4.4521e-03	 7.8455e-11	-6.7051e-10	 1.3024e-11	 8.9910e+07	 2.8815e+02	 8.8303e+03
 1.0029e+04	 8.8149e+03	 1.0416e+00	 9.5775e-03	 5.3410e-11	-2.3201e-10	 1.3068e-11	 1.3207e+08	 2.8815e+02	 8.8328e+03
 3.1737e+03	 8.8149e+03	 1.0480e+00	 1.8308e-02	 3.2309e-11	-8.4785e-11	 1.3149e-11	 2.1833e+08	 2.8815e+02	 8.8357e+03
 1.0043e+03	 8.8149e+03	 1.0553e+00	 3.8487e-02	 2.1494e-11	-3.0905e-11	 1.3240e-11	 3.2819e+08	 2.8815e+02	 8.8384e+03
 3.1783e+02	 8.8149e+03	 1.0633e+00	 1.0474e-01	 1.8511e-11	-1.1193e-11	 1.3341e-11	 3.8107e+08	 2.8815e+02	 8.8408e+03
 1.0058e+02	 8.8149e+03	 1.0991e+00	 3.0549e-01	 1.7085e-11	-5.5423e-12	 1.3789e-11	 4.1287e+08	 2.8815e+02	 8.8434e+03
 3.1829e+01	 8.8149e+03	 1.2414e+00	 8.5009e-01	 1.5045e-11	-4.2718e-12	 1.5574e-11	 4.6885e+08	 2.8815e+02	 8.8464e+03
 1.0072e+01	 8.8149e+03	 1.6226e+00	 2.3195e+00	 1.2991e-11	-3.4872e-12	 2.0358e-11	 5.4298e+08	 2.8815e+02	 8.8524e+03
 3.1874e+00	 8.8149e+03	 2.5115e+00	 6.5446e+00	 1.1600e-11	-2.6790e-12	 3.1510e-11	 6.0811e+08	 2.8815e+02	 8.8567e+03
 1.0087e+00	 8.8149e+03	 4.7022e+00	 1.8791e+01	 1.0540e-11	-2.0765e-12	 5.8994e-11	 6.6929e+08	 2.8815e+02	 8.8613e+03
 1.0000e+06	 8.8588e+03	 1.0370e+00	-3.4817e-04	-1.9361e-10	-2.0581e-08	 1.3010e-11	-3.6435e+07	 2.8815e+02	 8.8667e+03
 3.1646e+05	 8.8588e+03	 1.0362e+00	 8.5299e-04	 1.5010e-10	-6.3727e-09	 1.3001e-11	 4.6995e+07	 2.8815e+02	 8.8694e+03
 1.0014e+05	 8.8588e+03	 1.0370e+00	 2.2938e-03	 1.2774e-10	-2.0597e-09	 1.3010e-11	 5.5223e+07	 2.8815e+02	 8.8719e+03
 3.1691e+04	 8.8588e+03	 1.0380e+00	 4.4347e-03	 7.8149e-11	-6.7017e-10	 1.3023e-11	 9.0263e+07	 2.8815e+02	 8.8745e+03
 1.0029e+04	 8.8588e+03	 1.0416e+00	 9.5239e-03	 5.3112e-11	-2.3181e-10	 1.3068e-11	 1.3281e+08	 2.8815e+02	 8.8771e+03
 3.1737e+03	 8.8588e+03	 1.0479e+00	 1.8287e-02	 3.2273e-11	-8.4613e-11	 1.3148e-11	 2.1857e+08	 2.8815e+02	 8.8797e+03
 1.0043e+03	 8.8588e+03	 1.0553e+00	 3.8267e-02	 2.1371e-11	-3.0886e-11	 1.3240e-11	 3.3007e+08	 2.8815e+02	 8.8825e+03
 3.1783e+02	 8.8588e+03	 1.0632e+00	 1.0402e-01	 1.8383e-11	-1.1173e-11	 1.3339e-11	 3.8372e+08	 2.8815e+02	 8.8849e+03
 1.0058e+02	 8.8588e+03	 1.0986e+00	 3.0345e-01	 1.6971e-11	-5.5168e-12	 1.3784e-11	 4.1565e+08	 2.8815e+02	 8.8876e+03
 3.1829e+01	 8.8588e+03	 1.2406e+00	 8.4425e-01	 1.4942e-11	-4.2586e-12	 1.5565e-11	 4.7209e+08	 2.8815e+02	 8.8904e+03
 1.0072e+01	 8.8588e+03	 1.6203e+00	 2.3071e+00	 1.2922e-11	-3.4743e-12	 2.0329e-11	 5.4589e+08	 2.8814e+02	 8.8966e+03
 3.1874e+00	 8.8588e+03	 2.5251e+00	 6.4648e+00	 1.1458e-11	-2.7031e-12	 3.1680e-11	 6.1562e+08	 2.8814e+02	 8.9007e+03
 1.0087e+00	 8.8588e+03	 4.6736e+00	 1.8486e+01	 1.0369e-11	-2.0605e-12	 5.8635e-11	 6.8030e+08	 2.8815e+02	 8.9052e+03
 1.0000e+06	 8.9027e+03	 1.0370e+00	-2.8603e-04	-1.5905e-10	-2.0560e-08	 1.3010e-11	-4.4350e+07	 2.8815e+02	 8.9107e+03
 3.1646e+05	 8.9027e+03	 1.0362e+00	 8.2589e-04	 1.4533e-10	-6.3656e-09	 1.3000e-11	 4.8537e+07	 2.8815e+02	 8.9133e+03
 1.0014e+05	 8.9027e+03	 1.0370e+00	 2.2385e-03	 1.2465e-10	-2.0584e-09	 1.3010e-11	 5.6590e+07	 2.8815e+02	 8.9158e+03
 3.1691e+04	 8.9027e+03	 1.0380e+00	 4.4167e-03	 7.7832e-11	-6.6986e-10	 1.3023e-11	 9.0630e+07	 2.8815e+02	 8.9184e+03
 1.0029e+04	 8.9027e+03	 1.0415e+00	 9.4695e-03	 5.2808e-11	-2.3161e-10	 1.3067e-11	 1.3358e+08	 2.8815e+02	 8.9210e+03
 3.1737e+03	 8.9027e+03	 1.0479e+00	 1.8230e-02	 3.2172e-11	-8.4575e-11	 1.3147e-11	 2.1926e+08	 2.8815e+02	 8.9236e+03
 1.0043e+03	 8.9027e+03	 1.0553e+00	 3.8036e-02	 2.1242e-11	-3.0870e-11	 1.3240e-11	 3.3207e+08	 2.8814e+02	 8.9262e+03
 3.1783e+02	 8.9027e+03	 1.0632e+00	 1.0324e-01	 1.8245e-11	-1.1161e-11	 1.3338e-11	 3.8662e+08	 2.8814e+02	 8.9287e+03
 1.0058e+02	 8.9027e+03	 1.0984e+00	 3.0096e-01	 1.6832e-11	-5.5059e-12	 1.3781e-11	 4.1908e+08	 2.8814e+02	 8.9316e+03
 3.1829e+01	 8.9027e+03	 1.2403e+00	 8.3745e-01	 1.4822e-11	-4.2523e-12	 1.5560e-11	 4.7592e+08	 2.8815e+02	 8.9346e+03
 1.0072e+01	 8.9027e+03	 1.6179e+00	 2.2865e+00	 1.2806e-11	-3.4607e-12	 2.0298e-11	 5.5082e+08	 2.8815e+02	 8.9405e+03
 3.1874e+00	 8.9027e+03	 2.5118e+00	 6.4117e+00	 1.1364e-11	-2.6796e-12	 3.1514e-11	 6.2072e+08	 2.8814e+02	 8.9446e+03
 1.0087e+00	 8.9027e+03	 4.6482e+00	 1.8341e+01	 1.0288e-11	-2.0462e-12	 5.8317e-11	 6.8568e+08	 2.8814e+02	 8.9492e+03
 1.0000e+06	 8.9469e+03	 1.0370e+00	-3.2530e-04	-1.8089e-10	-2.0562e-08	 1.3010e-11	-3.8997e+07	 2.8815e+02	 8.9551e+03
 3.1646e+05	 8.9469e+03	 1.0362e+00	 7.9584e-04	 1.4004e-10	-6.3623e-09	 1.3000e-11	 5.0370e+07	 2.8815e+02	 8.9579e+03
 1.0014e+05	 8.9469e+03	 1.0370e+00	 2.2177e-03	 1.2349e-10	-2.0595e-09	 1.3010e-11	 5.7120e+07	 2.8815e+02	 8.9603e+03
 3.1691e+04	 8.9469e+03	 1.0380e+00	 4.3974e-03	 7.7492e-11	-6.6982e-10	 1.3023e-11	 9.1028e+07	 2.8815e+02	 8.9629e+03
 1.0029e+04	 8.9469e+03	 1.0415e+00	 9.4392e-03	 5.2639e-11	-2.3157e-10	 1.3067e-11	 1.3401e+08	 2.8814e+02	 8.9655e+03
 3.1737e+03	 8.9469e+03	 1.0479e+00	 1.8058e-02	 3.1867e-11	-8.4502e-11	 1.3147e-11	 2.2135e+08	 2.8815e+02	 8.9681e+03
 1.0043e+03	 8.9469e+03	 1.0552e+00	 3.7841e-02	 2.1133e-11	-3.0850e-11	 1.3239e-11	 3.3379e+08	 2.8815e+02	 8.9707e+03
 3.1783e+02	 8.9469e+03	 1.0631e+00	 1.0263e-01	 1.8139e-11	-1.1149e-11	 1.3338e-11	 3.8889e+08	 2.8815e+02	 8.9732e+03
 1.0058e+02	 8.9469e+03	 1.0980e+00	 2.9931e-01	 1.6740e-11	-5.4804e-12	 1.3776e-11	 4.2140e+08	 2.8815e+02	 8.9760e+03
 3.1829e+01	 8.9469e+03	 1.2387e+00	 8.3334e-01	 1.4749e-11	-4.2243e-12	 1.5541e-11	 4.7827e+08	 2.8815e+02	 8.9788e+03
 1.0072e+01	 8.9469e+03	 1.6190e+00	 2.2742e+00	 1.2738e-11	-3.4671e-12	 2.0313e-11	 5.5379e+08	 2.8815e+02	 8.9851e+03
 3.1874e+00	 8.9469e+03	 2.5185e+00	 6.3782e+00	 1.1305e-11	-2.6914e-12	 3.1597e-11	 6.2397e+08	 2.8816e+02	 8.9897e+03
 1.0087e+00	 8.9469e+03	 4.6780e+00	 1.8417e+01	 1.0330e-11	-2.0630e-12	 5.8691e-11	 6.8288e+08	 2.8815e+02	 8.9942e+03
 1.0000e+06	 8.9917e+03	 1.0370e+00	-4.4778e-04	-2.4899e-10	-2.0553e-08	 1.3010e-11	-2.8330e+07	 2.8816e+02	 8.9997e+03
 3.1646e+05	 8.9917e+03	 1.0362e+00	 7.8659e-04	 1.3842e-10	-6.3749e-09	 1.3001e-11	 5.0962e+07	 2.8816e+02	 9.0023e+03
 1.0014e+05	 8.9917e+03	 1.0370e+00	 2.1956e-03	 1.2226e-10	-2.0579e-09	 1.3010e-11	 5.7695e+07	 2.8815e+02	 9.0048e+03
 3.1691e+04	 8.9917e+03	 1.0380e+00	 4.3980e-03	 7.7503e-11	-6.6939e-10	 1.3023e-11	 9.1015e+07	 2.8815e+02	 9.0076e+03
 1.0029e+04	 8.9917e+03	 1.0415e+00	 9.4206e-03	 5.2536e-11	-2.3136e-10	 1.3067e-11	 1.3427e+08	 2.8815e+02	 9.0100e+03
 3.1737e+03	 8.9917e+03	 1.0479e+00	 1.8013e-02	 3.1789e-11	-8.4485e-11	 1.3147e-11	 2.2190e+08	 2.8815e+02	 9.0126e+03
 1.0043e+03	 8.9917e+03	 1.0552e+00	 3.7691e-02	 2.1049e-11	-3.0823e-11	 1.3239e-11	 3.3512e+08	 2.8815e+02	 9.0152e+03
 3.1783e+02	 8.9917e+03	 1.0630e+00	 1.0219e-01	 1.8060e-11	-1.1129e-11	 1.3336e-11	 3.9059e+08	 2.8814e+02	 9.0177e+03
 1.0058e+02	 8.9917e+03	 1.0975e+00	 2.9818e-01	 1.6676e-11	-5.4529e-12	 1.3769e-11	 4.2299e+08	 2.8814e+02	 9.0205e+03
 3.1829e+01	 8.9917e+03	 1.2370e+00	 8.3025e-01	 1.4694e-11	-4.1953e-12	 1.5520e-11	 4.8005e+08	 2.8814e+02	 9.0232e+03
 1.0072e+01	 8.9917e+03	 1.6118e+00	 2.2708e+00	 1.2718e-11	-3.4265e-12	 2.0222e-11	 5.5463e+08	 2.8813e+02	 9.0293e+03
 3.1874e+00	 8.9917e+03	 2.4486e+00	 6.3932e+00	 1.1331e-11	-2.5676e-12	 3.0721e-11	 6.2252e+08	 2.8813e+02	 9.0333e+03
 1.0087e+00	 8.9917e+03	 4.6177e+00	 1.8248e+01	 1.0235e-11	-2.0291e-12	 5.7934e-11	 6.8918e+08	 2.8813e+02	 9.0379e+03
 1.0000e+06	 9.0354e+03	 1.0370e+00	-4.0082e-04	-2.2288e-10	-2.0557e-08	 1.3010e-11	-3.1649e+07	 2.8814e+02	 9.0435e+03
 3.1646e+05	 9.0354e+03	 1.0362e+00	 7.4446e-04	 1.3100e-10	-6.3740e-09	 1.3001e-11	 5.3846e+07	 2.8814e+02	 9.0460e+03
 1.0014e+05	 9.0354e+03	 1.0369e+00	 2.2009e-03	 1.2256e-10	-2.0573e-09	 1.3010e-11	 5.7555e+07	 2.8813e+02	 9.0485e+03
 3.1691e+04	 9.0354e+03	 1.0380e+00	 4.3746e-03	 7.7091e-11	-6.6943e-10	 1.3023e-11	 9.1501e+07	 2.8814e+02	 9.0512e+03
 1.0029e+04	 9.0354e+03	 1.0415e+00	 9.3984e-03	 5.2412e-11	-2.3137e-10	 1.3067e-11	 1.3459e+08	 2.8815e+02	 9.0537e+03
 3.1737e+03	 9.0354e+03	 1.0479e+00	 1.8003e-02	 3.1772e-11	-8.4516e-11	 1.3147e-11	 2.2202e+08	 2.8815e+02	 9.0564e+03
 1.0043e+03	 9.0354e+03	 1.0552e+00	 3.7573e-02	 2.0983e-11	-3.0828e-11	 1.3239e-11	 3.3617e+08	 2.8815e+02	 9.0591e+03
 3.1783e+02	 9.0354e+03	 1.0630e+00	 1.0181e-01	 1.7992e-11	-1.1131e-11	 1.3336e-11	 3.9206e+08	 2.8815e+02	 9.0618e+03
 1.0058e+02	 9.0354e+03	 1.0975e+00	 2.9711e-01	 1.6617e-11	-5.4546e-12	 1.3770e-11	 4.2451e+08	 2.8816e+02	 9.0644e+03
 3.1829e+01	 9.0354e+03	 1.2364e+00	 8.2772e-01	 1.4649e-11	-4.1832e-12	 1.5512e-11	 4.8152e+08	 2.8816e+02	 9.0674e+03
 1.0072e+01	 9.0354e+03	 1.6129e+00	 2.2621e+00	 1.2670e-11	-3.4325e-12	 2.0235e-11	 5.5676e+08	 2.8816e+02	 9.0738e+03
 3.1874e+00	 9.0354e+03	 2.5133e+00	 6.3364e+00	 1.1231e-11	-2.6821e-12	 3.1532e-11	 6.2809e+08	 2.8815e+02	 9.0779e+03
 1.0087e+00	 9.0354e+03	 4.7140e+00	 1.8224e+01	 1.0222e-11	-2.0831e-12	 5.9143e-11	 6.9009e+08	 2.8816e+02	 9.0825e+03
 1.0000e+06	 9.0800e+03	 1.0370e+00	-3.6297e-04	-2.0183e-10	-2.0554e-08	 1.3010e-11	-3.4950e+07	 2.8817e+02	 9.0880e+03
 3.1646e+05	 9.0800e+03	 1.0362e+00	 7.8399e-04	 1.3796e-10	-6.3634e-09	 1.3000e-11	 5.1131e+07	 2.8816e+02	 9.0906e+03
 1.0014e+05	 9.0800e+03	 1.0370e+00	 2.2488e-03	 1.2523e-10	-2.0577e-09	 1.3010e-11	 5.6328e+07	 2.8817e+02	 9.0930e+03
 3.1691e+04	 9.0800e+03	 1.0380e+00	 4.3985e-03	 7.7511e-11	-6.6930e-10	 1.3023e-11	 9.1006e+07	 2.8816e+02	 9.0960e+03
 1.0029e+04	 9.0800e+03	 1.0415e+00	 9.3997e-03	 5.2419e-11	-2.3129e-10	 1.3066e-11	 1.3457e+08	 2.8816e+02	 9.0984e+03
 3.1737e+03	 9.0800e+03	 1.0478e+00	 1.7965e-02	 3.1703e-11	-8.4389e-11	 1.3146e-11	 2.2250e+08	 2.8817e+02	 9.1012e+03
 1.0043e+03	 9.0800e+03	 1.0552e+00	 3.7552e-02	 2.0972e-11	-3.0824e-11	 1.3239e-11	 3.3636e+08	 2.8815e+02	 9.1038e+03
 3.1783e+02	 9.0800e+03	 1.0630e+00	 1.0172e-01	 1.7978e-11	-1.1130e-11	 1.3336e-11	 3.9238e+08	 2.8816e+02	 9.1065e+03
 1.0058e+02	 9.0800e+03	 1.0976e+00	 2.9668e-01	 1.6593e-11	-5.4561e-12	 1.3770e-11	 4.2513e+08	 2.8815e+02	 9.1091e+03
 3.1829e+01	 9.0800e+03	 1.2362e+00	 8.2654e-01	 1.4629e-11	-4.1806e-12	 1.5510e-11	 4.8221e+08	 2.8815e+02	 9.1119e+03
 1.0072e+01	 9.0800e+03	 1.6125e+00	 2.2541e+00	 1.2625e-11	-3.4306e-12	 2.0231e-11	 5.5874e+08	 2.8814e+02	 9.1181e+03
 3.1874e+00	 9.0800e+03	 2.4816e+00	 6.3434e+00	 1.1243e-11	-2.6260e-12	 3.1134e-11	 6.2740e+08	 2.8815e+02	 9.1223e+03
 1.0087e+00	 9.0800e+03	 4.6096e+00	 1.8232e+01	 1.0226e-11	-2.0246e-12	 5.7833e-11	 6.8981e+08	 2.8814e+02	 9.1269e+03
 1.0000e+06	 9.1244e+03	 1.0370e+00	-4.1469e-04	-2.3059e-10	-2.0556e-08	 1.3010e-11	-3.0591e+07	 2.8813e+02	 9.1323e+03
 3.1646e+05	 9.1244e+03	 1.0362e+00	 7.8626e-04	 1.3836e-10	-6.3750e-09	 1.3001e-11	 5.0984e+07	 2.8814e+02	 9.1351e+03
 1.0014e+05	 9.1244e+03	 1.0369e+00	 2.2324e-03	 1.2431e-10	-2.0570e-09	 1.3010e-11	 5.6743e+07	 2.8814e+02	 9.1377e+03
 3.1691e+04	 9.1244e+03	 1.0380e+00	 4.3682e-03	 7.6978e-11	-6.6905e-10	 1.3022e-11	 9.1636e+07	 2.8814e+02	 9.1405e+03
 1.0029e+04	 9.1244e+03	 1.0414e+00	 9.3658e-03	 5.2230e-11	-2.3111e-10	 1.3066e-11	 1.3506e+08	 2.8814e+02	 9.1429e+03
 3.1737e+03	 9.1244e+03	 1.0478e+00	 1.7995e-02	 3.1758e-11	-8.4341e-11	 1.3146e-11	 2.2212e+08	 2.8814e+02	 9.1455e+03
 1.0043e+03	 9.1244e+03	 1.0552e+00	 3.7452e-02	 2.0916e-11	-3.0806e-11	 1.3238e-11	 3.3725e+08	 2.8815e+02	 9.1483e+03
 3.1783e+02	 9.1244e+03	 1.0629e+00	 1.0144e-01	 1.7927e-11	-1.1118e-11	 1.3335e-11	 3.9349e+08	 2.8815e+02	 9.1507e+03
 1.0058e+02	 9.1244e+03	 1.0971e+00	 2.9595e-01	 1.6552e-11	-5.4328e-12	 1.3765e-11	 4.2617e+08	 2.8814e+02	 9.1535e+03
 3.1829e+01	 9.1244e+03	 1.2354e+00	 8.2490e-01	 1.4600e-11	-4.1662e-12	 1.5499e-11	 4.8316e+08	 2.8814e+02	 9.1562e+03
 1.0072e+01	 9.1244e+03	 1.6063e+00	 2.2360e+00	 1.2523e-11	-3.3960e-12	 2.0153e-11	 5.6327e+08	 2.8815e+02	 9.1594e+03
 3.1874e+00	 9.1244e+03	 2.4882e+00	 6.3100e+00	 1.1184e-11	-2.6376e-12	 3.1217e-11	 6.3072e+08	 2.8816e+02	 9.1634e+03
 1.0087e+00	 9.1244e+03	 4.6675e+00	 1.8212e+01	 1.0215e-11	-2.0571e-12	 5.8559e-11	 6.9055e+08	 2.8815e+02	 9.1680e+03
 1.0000e+06	 9.1656e+03	 1.0370e+00	-3.5570e-04	-1.9779e-10	-2.0555e-08	 1.3010e-11	-3.5664e+07	 2.8816e+02	 9.1736e+03
 3.1646e+05	 9.1656e+03	 1.0362e+00	 7.7025e-04	 1.3554e-10	-6.3630e-09	 1.3000e-11	 5.2044e+07	 2.8816e+02	 9.1760e+03
 1.0014e+05	 9.1656e+03	 1.0370e+00	 2.1973e-03	 1.2236e-10	-2.0586e-09	 1.3010e-11	 5.7649e+07	 2.8816e+02	 9.1787e+03
 3.1691e+04	 9.1656e+03	 1.0380e+00	 4.3479e-03	 7.6620e-11	-6.6909e-10	 1.3023e-11	 9.2064e+07	 2.8816e+02	 9.1813e+03
 1.0029e+04	 9.1656e+03	 1.0415e+00	 9.3628e-03	 5.2213e-11	-2.3119e-10	 1.3066e-11	 1.3510e+08	 2.8816e+02	 9.1841e+03
 3.1737e+03	 9.1656e+03	 1.0478e+00	 1.7922e-02	 3.1628e-11	-8.4336e-11	 1.3146e-11	 2.2303e+08	 2.8816e+02	 9.1867e+03
 1.0043e+03	 9.1656e+03	 1.0551e+00	 3.7411e-02	 2.0893e-11	-3.0791e-11	 1.3238e-11	 3.3763e+08	 2.8816e+02	 9.1895e+03
 3.1783e+02	 9.1656e+03	 1.0629e+00	 1.0122e-01	 1.7888e-11	-1.1110e-11	 1.3335e-11	 3.9434e+08	 2.8816e+02	 9.1919e+03
 1.0058e+02	 9.1656e+03	 1.0970e+00	 2.9532e-01	 1.6516e-11	-5.4243e-12	 1.3763e-11	 4.2709e+08	 2.8816e+02	 9.1945e+03
 3.1829e+01	 9.1656e+03	 1.2346e+00	 8.2353e-01	 1.4575e-11	-4.1517e-12	 1.5489e-11	 4.8397e+08	 2.8816e+02	 9.1972e+03
 1.0072e+01	 9.1656e+03	 1.6042e+00	 2.2374e+00	 1.2531e-11	-3.3838e-12	 2.0126e-11	 5.6291e+08	 2.8816e+02	 9.2002e+03
 3.1874e+00	 9.1656e+03	 2.4947e+00	 6.3201e+00	 1.1202e-11	-2.6492e-12	 3.1299e-11	 6.2972e+08	 2.8815e+02	 9.2044e+03
 1.0087e+00	 9.1656e+03	 4.6979e+00	 1.8192e+01	 1.0204e-11	-2.0741e-12	 5.8941e-11	 6.9132e+08	 2.8815e+02	 9.2090e+03
 1.0000e+06	 9.2065e+03	 1.0370e+00	-3.8910e-04	-2.1637e-10	-2.0562e-08	 1.3010e-11	-3.2602e+07	 2.8815e+02	 9.2143e+03
 3.1646e+05	 9.2065e+03	 1.0362e+00	 7.2104e-04	 1.2688e-10	-6.3643e-09	 1.3000e-11	 5.5595e+07	 2.8815e+02	 9.2171e+03
 1.0014e+05	 9.2065e+03	 1.0370e+00	 2.1880e-03	 1.2184e-10	-2.0580e-09	 1.3010e-11	 5.7894e+07	 2.8814e+02	 9.2195e+03
 3.1691e+04	 9.2065e+03	 1.0379e+00	 4.3524e-03	 7.6699e-11	-6.6873e-10	 1.3022e-11	 9.1970e+07	 2.8815e+02	 9.2222e+03
 1.0029e+04	 9.2065e+03	 1.0414e+00	 9.3397e-03	 5.2084e-11	-2.3109e-10	 1.3066e-11	 1.3543e+08	 2.8814e+02	 9.2247e+03
 3.1737e+03	 9.2065e+03	 1.0478e+00	 1.7861e-02	 3.1520e-11	-8.4360e-11	 1.3146e-11	 2.2379e+08	 2.8815e+02	 9.2272e+03
 1.0043e+03	 9.2065e+03	 1.0551e+00	 3.7248e-02	 2.0802e-11	-3.0790e-11	 1.3238e-11	 3.3910e+08	 2.8814e+02	 9.2301e+03
 3.1783e+02	 9.2065e+03	 1.0628e+00	 1.0080e-01	 1.7814e-11	-1.1092e-11	 1.3334e-11	 3.9598e+08	 2.8814e+02	 9.2330e+03
 1.0058e+02	 9.2065e+03	 1.0966e+00	 2.9420e-01	 1.6454e-11	-5.4013e-12	 1.3758e-11	 4.2871e+08	 2.8814e+02	 9.2357e+03
 3.1829e+01	 9.2065e+03	 1.2332e+00	 8.2035e-01	 1.4519e-11	-4.1267e-12	 1.5471e-11	 4.8584e+08	 2.8815e+02	 9.2386e+03
 1.0072e+01	 9.2065e+03	 1.5964e+00	 2.2282e+00	 1.2480e-11	-3.3402e-12	 2.0028e-11	 5.6523e+08	 2.8814e+02	 9.2415e+03
 3.1874e+00	 9.2065e+03	 2.4636e+00	 6.3216e+00	 1.1205e-11	-2.5942e-12	 3.0909e-11	 6.2956e+08	 2.8815e+02	 9.2457e+03
 1.0087e+00	 9.2065e+03	 4.6071e+00	 1.8181e+01	 1.0198e-11	-2.0232e-12	 5.7801e-11	 6.9171e+08	 2.8815e+02	 9.2502e+03
 1.0000e+06	 9.2477e+03	 1.0369e+00	-3.2976e-04	-1.8337e-10	-2.0539e-08	 1.3010e-11	-3.8469e+07	 2.8815e+02	 9.2558e+03
 3.1646e+05	 9.2477e+03	 1.0362e+00	 7.7392e-04	 1.3619e-10	-6.3617e-09	 1.3000e-11	 5.1796e+07	 2.8815e+02	 9.2585e+03
 1.0014e+05	 9.2477e+03	 1.0370e+00	 2.1909e-03	 1.2201e-10	-2.0585e-09	 1.3010e-11	 5.7817e+07	 2.8815e+02	 9.2610e+03
 3.1691e+04	 9.2477e+03	 1.0380e+00	 4.3221e-03	 7.6164e-11	-6.6891e-10	 1.3022e-11	 9.2615e+07	 2.8815e+02	 9.2637e+03
 1.0029e+04	 9.2477e+03	 1.0414e+00	 9.3122e-03	 5.1931e-11	-2.3086e-10	 1.3066e-11	 1.3583e+08	 2.8815e+02	 9.2661e+03
 3.1737e+03	 9.2477e+03	 1.0477e+00	 1.7910e-02	 3.1607e-11	-8.4217e-11	 1.3145e-11	 2.2318e+08	 2.8816e+02	 9.2687e+03
 1.0043e+03	 9.2477e+03	 1.0551e+00	 3.7119e-02	 2.0730e-11	-3.0780e-11	 1.3238e-11	 3.4028e+08	 2.8816e+02	 9.2716e+03
 3.1783e+02	 9.2477e+03	 1.0627e+00	 1.0033e-01	 1.7732e-11	-1.1089e-11	 1.3333e-11	 3.9781e+08	 2.8816e+02	 9.2744e+03
 1.0058e+02	 9.2477e+03	 1.0962e+00	 2.9284e-01	 1.6378e-11	-5.3792e-12	 1.3753e-11	 4.3070e+08	 2.8816e+02	 9.2770e+03
 3.1829e+01	 9.2477e+03	 1.2305e+00	 8.1717e-01	 1.4463e-11	-4.0789e-12	 1.5438e-11	 4.8773e+08	 2.8816e+02	 9.2797e+03
 1.0072e+01	 9.2477e+03	 1.5926e+00	 2.2206e+00	 1.2437e-11	-3.3189e-12	 1.9981e-11	 5.6717e+08	 2.8816e+02	 9.2829e+03
 3.1874e+00	 9.2477e+03	 2.4551e+00	 6.2849e+00	 1.1139e-11	-2.5791e-12	 3.0803e-11	 6.3324e+08	 2.8816e+02	 9.2871e+03
 1.0087e+00	 9.2477e+03	 4.5625e+00	 1.8089e+01	 1.0146e-11	-1.9982e-12	 5.7241e-11	 6.9525e+08	 2.8816e+02	 9.2917e+03
 1.0000e+06	 9.2892e+03	 1.0369e+00	-3.4890e-04	-1.9401e-10	-2.0539e-08	 1.3010e-11	-3.6359e+07	 2.8815e+02	 9.2970e+03
 3.1646e+05	 9.2892e+03	 1.0362e+00	 6.8776e-04	 1.2102e-10	-6.3663e-09	 1.3000e-11	 5.8285e+07	 2.8815e+02	 9.2995e+03
 1.0014e+05	 9.2892e+03	 1.0370e+00	 2.1745e-03	 1.2109e-10	-2.0582e-09	 1.3010e-11	 5.8255e+07	 2.8815e+02	 9.3021e+03
 3.1691e+04	 9.2892e+03	 1.0380e+00	 4.3117e-03	 7.5982e-11	-6.6888e-10	 1.3022e-11	 9.2837e+07	 2.8815e+02	 9.3047e+03
 1.0029e+04	 9.2892e+03	 1.0414e+00	 9.2954e-03	 5.1837e-11	-2.3072e-10	 1.3065e-11	 1.3608e+08	 2.8814e+02	 9.3073e+03
 3.1737e+03	 9.2892e+03	 1.0477e+00	 1.7823e-02	 3.1453e-11	-8.4188e-11	 1.3145e-11	 2.2427e+08	 2.8814e+02	 9.3100e+03
 1.0043e+03	 9.2892e+03	 1.0551e+00	 3.6974e-02	 2.0649e-11	-3.0768e-11	 1.3237e-11	 3.4161e+08	 2.8815e+02	 9.3130e+03
 3.1783e+02	 9.2892e+03	 1.0626e+00	 9.9765e-02	 1.7632e-11	-1.1070e-11	 1.3332e-11	 4.0007e+08	 2.8814e+02	 9.3155e+03
 1.0058e+02	 9.2892e+03	 1.0958e+00	 2.9116e-01	 1.6284e-11	-5.3597e-12	 1.3748e-11	 4.3319e+08	 2.8814e+02	 9.3183e+03
 3.1829e+01	 9.2892e+03	 1.2298e+00	 8.1288e-01	 1.4387e-11	-4.0675e-12	 1.5430e-11	 4.9030e+08	 2.8815e+02	 9.3212e+03
 1.0072e+01	 9.2892e+03	 1.5875e+00	 2.2094e+00	 1.2375e-11	-3.2902e-12	 1.9916e-11	 5.7004e+08	 2.8814e+02	 9.3244e+03
 3.1874e+00	 9.2892e+03	 2.4418e+00	 6.2513e+00	 1.1080e-11	-2.5555e-12	 3.0635e-11	 6.3664e+08	 2.8814e+02	 9.3287e+03
 1.0087e+00	 9.2892e+03	 4.4949e+00	 1.7972e+01	 1.0081e-11	-1.9603e-12	 5.6394e-11	 6.9976e+08	 2.8815e+02	 9.3332e+03
 1.0000e+06	 9.3307e+03	 1.0370e+00	-3.7416e-04	-2.0805e-10	-2.0547e-08	 1.3010e-11	-3.3904e+07	 2.8815e+02	 9.3388e+03
 3.1646e+05	 9.3307e+03	 1.0362e+00	 7.1027e-04	 1.2499e-10	-6.3689e-09	 1.3000e-11	 5.6438e+07	 2.8815e+02	 9.3413e+03
 1.0014e+05	 9.3307e+03	 1.0369e+00	 2.1726e-03	 1.2098e-10	-2.0558e-09	 1.3009e-11	 5.8305e+07	 2.8815e+02	 9.3438e+03
 3.1691e+04	 9.3307e+03	 1.0379e+00	 4.3062e-03	 7.5886e-11	-6.6862e-10	 1.3022e-11	 9.2955e+07	 2.8814e+02	 9.3463e+03
 1.0029e+04	 9.3307e+03	 1.0414e+00	 9.2633e-03	 5.1658e-11	-2.3069e-10	 1.3065e-11	 1.3655e+08	 2.8815e+02	 9.3488e+03
 3.1737e+03	 9.3307e+03	 1.0476e+00	 1.7790e-02	 3.1394e-11	-8.4076e-11	 1.3144e-11	 2.2469e+08	 2.8815e+02	 9.3514e+03
 1.0043e+03	 9.3307e+03	 1.0551e+00	 3.6832e-02	 2.0570e-11	-3.0758e-11	 1.3237e-11	 3.4293e+08	 2.8815e+02	 9.3541e+03
 3.1783e+02	 9.3307e+03	 1.0627e+00	 9.9328e-02	 1.7554e-11	-1.1089e-11	 1.3333e-11	 4.0184e+08	 2.8815e+02	 9.3566e+03
 1.0058e+02	 9.3307e+03	 1.0962e+00	 2.8974e-01	 1.6205e-11	-5.3816e-12	 1.3753e-11	 4.3531e+08	 2.8815e+02	 9.3592e+03
 3.1829e+01	 9.3307e+03	 1.2316e+00	 8.0764e-01	 1.4294e-11	-4.0996e-12	 1.5452e-11	 4.9349e+08	 2.8815e+02	 9.3620e+03
 1.0072e+01	 9.3307e+03	 1.5953e+00	 2.1864e+00	 1.2246e-11	-3.3342e-12	 2.0015e-11	 5.7603e+08	 2.8815e+02	 9.3651e+03
 3.1874e+00	 9.3307e+03	 2.4467e+00	 6.1739e+00	 1.0943e-11	-2.5641e-12	 3.0697e-11	 6.4463e+08	 2.8815e+02	 9.3692e+03
 1.0087e+00	 9.3307e+03	 4.5645e+00	 1.7821e+01	 9.9956e-12	-1.9993e-12	 5.7267e-11	 7.0571e+08	 2.8816e+02	 9.3737e+03
 1.0000e+06	 9.3712e+03	 1.0369e+00	-4.3627e-04	-2.4259e-10	-2.0537e-08	 1.3010e-11	-2.9077e+07	 2.8815e+02	 9.3792e+03
 3.1646e+05	 9.3712e+03	 1.0362e+00	 8.1649e-04	 1.4368e-10	-6.3706e-09	 1.3000e-11	 4.9096e+07	 2.8816e+02	 9.3818e+03
 1.0014e+05	 9.3712e+03	 1.0369e+00	 2.1502e-03	 1.1974e-10	-2.0559e-09	 1.3009e-11	 5.8912e+07	 2.8815e+02	 9.3843e+03
 3.1691e+04	 9.3712e+03	 1.0379e+00	 4.2990e-03	 7.5758e-11	-6.6804e-10	 1.3022e-11	 9.3112e+07	 2.8815e+02	 9.3870e+03
 1.0029e+04	 9.3712e+03	 1.0413e+00	 9.2487e-03	 5.1577e-11	-2.3054e-10	 1.3065e-11	 1.3677e+08	 2.8815e+02	 9.3894e+03
 3.1737e+03	 9.3712e+03	 1.0476e+00	 1.7766e-02	 3.1353e-11	-8.4067e-11	 1.3144e-11	 2.2498e+08	 2.8815e+02	 9.3920e+03
 1.0043e+03	 9.3712e+03	 1.0551e+00	 3.6743e-02	 2.0520e-11	-3.0750e-11	 1.3237e-11	 3.4376e+08	 2.8815e+02	 9.3948e+03
 3.1783e+02	 9.3712e+03	 1.0626e+00	 9.9010e-02	 1.7498e-11	-1.1059e-11	 1.3331e-11	 4.0313e+08	 2.8814e+02	 9.3973e+03
 1.0058e+02	 9.3712e+03	 1.0957e+00	 2.8902e-01	 1.6164e-11	-5.3511e-12	 1.3747e-11	 4.3640e+08	 2.8815e+02	 9.3999e+03
 3.1829e+01	 9.3712e+03	 1.2295e+00	 8.0562e-01	 1.4258e-11	-4.0615e-12	 1.5425e-11	 4.9472e+08	 2.8815e+02	 9.4029e+03
 1.0072e+01	 9.3712e+03	 1.5872e+00	 2.1846e+00	 1.2235e-11	-3.2890e-12	 1.9914e-11	 5.7652e+08	 2.8815e+02	 9.4058e+03
 3.1874e+00	 9.3712e+03	 2.4491e+00	 6.1714e+00	 1.0938e-11	-2.5683e-12	 3.0726e-11	 6.4489e+08	 2.8815e+02	 9.4102e+03
 1.0087e+00	 9.3712e+03	 4.5353e+00	 1.7775e+01	 9.9701e-12	-1.9829e-12	 5.6900e-11	 7.0751e+08	 2.8815e+02	 9.4148e+03
 1.0000e+06	 9.4123e+03	 1.0369e+00	-2.8121e-04	-1.5637e-10	-2.0533e-08	 1.3009e-11	-4.5111e+07	 2.8814e+02	 9.4203e+03
 3.1646e+05	 9.4123e+03	 1.0361e+00	 7.5499e-04	 1.3285e-10	-6.3605e-09	 1.3000e-11	 5.3095e+07	 2.8815e+02	 9.4230e+03
 1.0014e+05	 9.4123e+03	 1.0369e+00	 2.1470e-03	 1.1956e-10	-2.0565e-09	 1.3009e-11	 5.8999e+07	 2.8815e+02	 9.4254e+03
 3.1691e+04	 9.4123e+03	 1.0379e+00	 4.2910e-03	 7.5617e-11	-6.6805e-10	 1.3022e-11	 9.3285e+07	 2.8815e+02	 9.4279e+03
 1.0029e+04	 9.4123e+03	 1.0413e+00	 9.2104e-03	 5.1363e-11	-2.3048e-10	 1.3065e-11	 1.3733e+08	 2.8815e+02	 9.4306e+03
 3.1737e+03	 9.4123e+03	 1.0476e+00	 1.7706e-02	 3.1247e-11	-8.4068e-11	 1.3144e-11	 2.2575e+08	 2.8815e+02	 9.4332e+03
 1.0043e+03	 9.4123e+03	 1.0550e+00	 3.6571e-02	 2.0424e-11	-3.0733e-11	 1.3237e-11	 3.4538e+08	 2.8814e+02	 9.4360e+03
 3.1783e+02	 9.4123e+03	 1.0626e+00	 9.8517e-02	 1.7411e-11	-1.1057e-11	 1.3331e-11	 4.0514e+08	 2.8815e+02	 9.4385e+03
 1.0058e+02	 9.4123e+03	 1.0954e+00	 2.8732e-01	 1.6069e-11	-5.3333e-12	 1.3743e-11	 4.3898e+08	 2.8815e+02	 9.4412e+03
 3.1829e+01	 9.4123e+03	 1.2285e+00	 8.0198e-01	 1.4194e-11	-4.0435e-12	 1.5412e-11	 4.9697e+08	 2.8815e+02	 9.4441e+03
 1.0072e+01	 9.4123e+03	 1.5890e+00	 2.1730e+00	 1.2170e-11	-3.2987e-12	 1.9935e-11	 5.7960e+08	 2.8815e+02	 9.4470e+03
 3.1874e+00	 9.4123e+03	 2.4581e+00	 6.1173e+00	 1.0842e-11	-2.5844e-12	 3.0840e-11	 6.5059e+08	 2.8815e+02	 9.4511e+03
 1.0087e+00	 9.4123e+03	 4.4590e+00	 1.7519e+01	 9.8264e-12	-1.9401e-12	 5.5943e-11	 7.1785e+08	 2.8815e+02	 9.4558e+03
 1.0000e+06	 9.4533e+03	 1.0369e+00	-4.6729e-04	-2.5984e-10	-2.0543e-08	 1.3010e-11	-2.7147e+07	 2.8815e+02	 9.4613e+03
 3.1646e+05	 9.4533e+03	 1.0362e+00	 7.6282e-04	 1.3423e-10	-6.3705e-09	 1.3000e-11	 5.2550e+07	 2.8815e+02	 9.4637e+03
 1.0014e+05	 9.4533e+03	 1.0369e+00	 2.1371e-03	 1.1901e-10	-2.0553e-09	 1.3009e-11	 5.9273e+07	 2.8815e+02	 9.4665e+03
 3.1691e+04	 9.4533e+03	 1.0379e+00	 4.2598e-03	 7.5067e-11	-6.6802e-10	 1.3022e-11	 9.3969e+07	 2.8815e+02	 9.4690e+03
 1.0029e+04	 9.4533e+03	 1.0413e+00	 9.1646e-03	 5.1108e-11	-2.3045e-10	 1.3065e-11	 1.3802e+08	 2.8815e+02	 9.4718e+03
 3.1737e+03	 9.4533e+03	 1.0476e+00	 1.7592e-02	 3.1045e-11	-8.4023e-11	 1.3143e-11	 2.2722e+08	 2.8815e+02	 9.4744e+03
 1.0043e+03	 9.4533e+03	 1.0550e+00	 3.6412e-02	 2.0335e-11	-3.0713e-11	 1.3236e-11	 3.4688e+08	 2.8815e+02	 9.4772e+03
 3.1783e+02	 9.4533e+03	 1.0625e+00	 9.8014e-02	 1.7322e-11	-1.1050e-11	 1.3331e-11	 4.0722e+08	 2.8815e+02	 9.4797e+03
 1.0058e+02	 9.4533e+03	 1.0953e+00	 2.8591e-01	 1.5990e-11	-5.3297e-12	 1.3742e-11	 4.4114e+08	 2.8814e+02	 9.4824e+03
 3.1829e+01	 9.4533e+03	 1.2290e+00	 7.9760e-01	 1.4116e-11	-4.0525e-12	 1.5419e-11	 4.9970e+08	 2.8815e+02	 9.4852e+03
 1.0072e+01	 9.4533e+03	 1.5898e+00	 2.1597e+00	 1.2096e-11	-3.3034e-12	 1.9946e-11	 5.8316e+08	 2.8815e+02	 9.4882e+03
 3.1874e+00	 9.4533e+03	 2.4573e+00	 6.0793e+00	 1.0775e-11	-2.5830e-12	 3.0830e-11	 6.5466e+08	 2.8815e+02	 9.4923e+03
 1.0087e+00	 9.4533e+03	 4.5644e+00	 1.7500e+01	 9.8154e-12	-1.9993e-12	 5.7266e-11	 7.1866e+08	 2.8815e+02	 9.4968e+03
 1.0000e+06	 9.4943e+03	 1.0370e+00	-4.5475e-04	-2.5287e-10	-2.0552e-08	 1.3010e-11	-2.7896e+07	 2.8815e+02	 9.5026e+03
 3.1646e+05	 9.4943e+03	 1.0362e+00	 7.1645e-04	 1.2607e-10	-6.3696e-09	 1.3000e-11	 5.5952e+07	 2.8815e+02	 9.5052e+03
 1.0014e+05	 9.4943e+03	 1.0369e+00	 2.1490e-03	 1.1967e-10	-2.0547e-09	 1.3009e-11	 5.8945e+07	 2.8814e+02	 9.5076e+03
 3.1691e+04	 9.4943e+03	 1.0379e+00	 4.2516e-03	 7.4924e-11	-6.6781e-10	 1.3022e-11	 9.4149e+07	 2.8814e+02	 9.5104e+03
 1.0029e+04	 9.4943e+03	 1.0413e+00	 9.1652e-03	 5.1111e-11	-2.3024e-10	 1.3064e-11	 1.3801e+08	 2.8815e+02	 9.5128e+03
 3.1737e+03	 9.4943e+03	 1.0475e+00	 1.7591e-02	 3.1043e-11	-8.3910e-11	 1.3143e-11	 2.2723e+08	 2.8815e+02	 9.5157e+03
 1.0043e+03	 9.4943e+03	 1.0550e+00	 3.6232e-02	 2.0234e-11	-3.0700e-11	 1.3236e-11	 3.4861e+08	 2.8815e+02	 9.5182e+03
 3.1783e+02	 9.4943e+03	 1.0625e+00	 9.7434e-02	 1.7220e-11	-1.1040e-11	 1.3330e-11	 4.0964e+08	 2.8814e+02	 9.5208e+03
 1.0058e+02	 9.4943e+03	 1.0951e+00	 2.8432e-01	 1.5901e-11	-5.3181e-12	 1.3739e-11	 4.4361e+08	 2.8814e+02	 9.5235e+03
 3.1829e+01	 9.4943e+03	 1.2277e+00	 7.9244e-01	 1.4025e-11	-4.0301e-12	 1.5403e-11	 5.0295e+08	 2.8814e+02	 9.5264e+03
 1.0072e+01	 9.4943e+03	 1.5801e+00	 2.1450e+00	 1.2014e-11	-3.2491e-12	 1.9824e-11	 5.8715e+08	 2.8815e+02	 9.5293e+03
 3.1874e+00	 9.4943e+03	 2.4341e+00	 6.0485e+00	 1.0720e-11	-2.5418e-12	 3.0539e-11	 6.5800e+08	 2.8815e+02	 9.5337e+03
 1.0087e+00	 9.4943e+03	 4.5631e+00	 1.7452e+01	 9.7886e-12	-1.9985e-12	 5.7249e-11	 7.2063e+08	 2.8815e+02	 9.5382e+03
 1.0000e+06	 9.5357e+03	 1.0370e+00	-3.8963e-04	-2.1666e-10	-2.0556e-08	 1.3010e-11	-3.2558e+07	 2.8815e+02	 9.5437e+03
 3.1646e+05	 9.5357e+03	 1.0361e+00	 6.9485e-04	 1.2227e-10	-6.3611e-09	 1.3000e-11	 5.7691e+07	 2.8815e+02	 9.5464e+03
 1.0014e+05	 9.5357e+03	 1.0369e+00	 2.1649e-03	 1.2055e-10	-2.0549e-09	 1.3009e-11	 5.8513e+07	 2.8815e+02	 9.5489e+03
 3.1691e+04	 9.5357e+03	 1.0379e+00	 4.2423e-03	 7.4760e-11	-6.6780e-10	 1.3022e-11	 9.4355e+07	 2.8815e+02	 9.5517e+03
 1.0029e+04	 9.5357e+03	 1.0413e+00	 9.1257e-03	 5.0891e-11	-2.3005e-10	 1.3064e-11	 1.3861e+08	 2.8815e+02	 9.5542e+03
 3.1737e+03	 9.5357e+03	 1.0475e+00	 1.7532e-02	 3.0939e-11	-8.3865e-11	 1.3142e-11	 2.2799e+08	 2.8815e+02	 9.5567e+03
 1.0043e+03	 9.5357e+03	 1.0549e+00	 3.6157e-02	 2.0193e-11	-3.0687e-11	 1.3236e-11	 3.4933e+08	 2.8815e+02	 9.5595e+03
 3.1783e+02	 9.5357e+03	 1.0624e+00	 9.7170e-02	 1.7173e-11	-1.1029e-11	 1.3329e-11	 4.1076e+08	 2.8815e+02	 9.5622e+03
 1.0058e+02	 9.5357e+03	 1.0947e+00	 2.8367e-01	 1.5865e-11	-5.2968e-12	 1.3734e-11	 4.4462e+08	 2.8815e+02	 9.5648e+03
 3.1829e+01	 9.5357e+03	 1.2266e+00	 7.9162e-01	 1.4011e-11	-4.0098e-12	 1.5389e-11	 5.0347e+08	 2.8815e+02	 9.5675e+03
 1.0072e+01	 9.5357e+03	 1.5781e+00	 2.1477e+00	 1.2029e-11	-3.2379e-12	 1.9799e-11	 5.8643e+08	 2.8815e+02	 9.5707e+03
 3.1874e+00	 9.5357e+03	 2.4352e+00	 6.0571e+00	 1.0736e-11	-2.5437e-12	 3.0552e-11	 6.5706e+08	 2.8815e+02	 9.5749e+03
 1.0087e+00	 9.5357e+03	 4.4564e+00	 1.7300e+01	 9.7037e-12	-1.9387e-12	 5.5910e-11	 7.2694e+08	 2.8814e+02	 9.5796e+03
 1.0000e+06	 9.5771e+03	 1.0369e+00	-4.3877e-04	-2.4399e-10	-2.0537e-08	 1.3010e-11	-2.8911e+07	 2.8814e+02	 9.5850e+03
 3.1646e+05	 9.5771e+03	 1.0362e+00	 7.1369e-04	 1.2559e-10	-6.3664e-09	 1.3000e-11	 5.6167e+07	 2.8815e+02	 9.5878e+03
 1.0014e+05	 9.5771e+03	 1.0369e+00	 2.1428e-03	 1.1933e-10	-2.0564e-09	 1.3009e-11	 5.9114e+07	 2.8814e+02	 9.5902e+03
 3.1691e+04	 9.5771e+03	 1.0379e+00	 4.2317e-03	 7.4573e-11	-6.6758e-10	 1.3021e-11	 9.4591e+07	 2.8815e+02	 9.5930e+03
 1.0029e+04	 9.5771e+03	 1.0413e+00	 9.1495e-03	 5.1024e-11	-2.3011e-10	 1.3064e-11	 1.3825e+08	 2.8814e+02	 9.5954e+03
 3.1737e+03	 9.5771e+03	 1.0475e+00	 1.7543e-02	 3.0959e-11	-8.3912e-11	 1.3143e-11	 2.2785e+08	 2.8815e+02	 9.5980e+03
 1.0043e+03	 9.5771e+03	 1.0549e+00	 3.6088e-02	 2.0154e-11	-3.0678e-11	 1.3235e-11	 3.5000e+08	 2.8815e+02	 9.6007e+03
 3.1783e+02	 9.5771e+03	 1.0624e+00	 9.6966e-02	 1.7137e-11	-1.1030e-11	 1.3329e-11	 4.1162e+08	 2.8815e+02	 9.6032e+03
 1.0058e+02	 9.5771e+03	 1.0946e+00	 2.8282e-01	 1.5817e-11	-5.2921e-12	 1.3733e-11	 4.4597e+08	 2.8815e+02	 9.6059e+03
 3.1829e+01	 9.5771e+03	 1.2272e+00	 7.8895e-01	 1.3963e-11	-4.0209e-12	 1.5396e-11	 5.0518e+08	 2.8815e+02	 9.6088e+03
 1.0072e+01	 9.5771e+03	 1.5847e+00	 2.1329e+00	 1.1946e-11	-3.2749e-12	 1.9882e-11	 5.9048e+08	 2.8815e+02	 9.6118e+03
 3.1874e+00	 9.5771e+03	 2.4589e+00	 6.0024e+00	 1.0639e-11	-2.5857e-12	 3.0849e-11	 6.6304e+08	 2.8815e+02	 9.6160e+03
 1.0087e+00	 9.5771e+03	 4.5499e+00	 1.7194e+01	 9.6439e-12	-1.9911e-12	 5.7084e-11	 7.3144e+08	 2.8815e+02	 9.6207e+03
 1.0000e+06	 9.6182e+03	 1.0369e+00	-3.0683e-04	-1.7062e-10	-2.0535e-08	 1.3009e-11	-4.1343e+07	 2.8815e+02	 9.6262e+03
 3.1646e+05	 9.6182e+03	 1.0361e+00	 7.5350e-04	 1.3259e-10	-6.3564e-09	 1.2999e-11	 5.3200e+07	 2.8815e+02	 9.6289e+03
 1.0014e+05	 9.6182e+03	 1.0369e+00	 2.1443e-03	 1.1941e-10	-2.0554e-09	 1.3009e-11	 5.9074e+07	 2.8815e+02	 9.6315e+03
 3.1691e+04	 9.6182e+03	 1.0379e+00	 4.2192e-03	 7.4352e-11	-6.6753e-10	 1.3021e-11	 9.4872e+07	 2.8815e+02	 9.6342e+03
 1.0029e+04	 9.6182e+03	 1.0413e+00	 9.1079e-03	 5.0792e-11	-2.3007e-10	 1.3064e-11	 1.3888e+08	 2.8815e+02	 9.6367e+03
 3.1737e+03	 9.6182e+03	 1.0475e+00	 1.7484e-02	 3.0855e-11	-8.3856e-11	 1.3142e-11	 2.2861e+08	 2.8815e+02	 9.6393e+03
 1.0043e+03	 9.6182e+03	 1.0549e+00	 3.6012e-02	 2.0112e-11	-3.0673e-11	 1.3235e-11	 3.5074e+08	 2.8815e+02	 9.6420e+03
 3.1783e+02	 9.6182e+03	 1.0623e+00	 9.6641e-02	 1.7080e-11	-1.1018e-11	 1.3328e-11	 4.1301e+08	 2.8814e+02	 9.6447e+03
 1.0058e+02	 9.6182e+03	 1.0945e+00	 2.8190e-01	 1.5766e-11	-5.2850e-12	 1.3732e-11	 4.4742e+08	 2.8814e+02	 9.6474e+03
 3.1829e+01	 9.6182e+03	 1.2270e+00	 7.8685e-01	 1.3926e-11	-4.0182e-12	 1.5395e-11	 5.0652e+08	 2.8815e+02	 9.6504e+03
 1.0072e+01	 9.6182e+03	 1.5903e+00	 2.1234e+00	 1.1893e-11	-3.3062e-12	 1.9952e-11	 5.9312e+08	 2.8815e+02	 9.6533e+03
 3.1874e+00	 9.6182e+03	 2.4557e+00	 5.9772e+00	 1.0594e-11	-2.5800e-12	 3.0809e-11	 6.6584e+08	 2.8814e+02	 9.6577e+03
 1.0087e+00	 9.6182e+03	 4.4526e+00	 1.7047e+01	 9.5614e-12	-1.9365e-12	 5.5863e-11	 7.3775e+08	 2.8814e+02	 9.6623e+03
 1.0000e+06	 9.6598e+03	 1.0369e+00	-3.2839e-04	-1.8260e-10	-2.0543e-08	 1.3010e-11	-3.8630e+07	 2.8814e+02	 9.6677e+03
 3.1646e+05	 9.6598e+03	 1.0361e+00	 8.0728e-04	 1.4206e-10	-6.3606e-09	 1.3000e-11	 4.9656e+07	 2.8814e+02	 9.6704e+03
 1.0014e+05	 9.6598e+03	 1.0369e+00	 2.1648e-03	 1.2055e-10	-2.0553e-09	 1.3009e-11	 5.8516e+07	 2.8814e+02	 9.6730e+03
 3.1691e+04	 9.6598e+03	 1.0379e+00	 4.2291e-03	 7.4527e-11	-6.6726e-10	 1.3021e-11	 9.4650e+07	 2.8814e+02	 9.6760e+03
 1.0029e+04	 9.6598e+03	 1.0412e+00	 9.0796e-03	 5.0634e-11	-2.2994e-10	 1.3063e-11	 1.3931e+08	 2.8814e+02	 9.6785e+03
 3.1737e+03	 9.6598e+03	 1.0475e+00	 1.7453e-02	 3.0801e-11	-8.3759e-11	 1.3142e-11	 2.2902e+08	 2.8814e+02	 9.6813e+03
 1.0043e+03	 9.6598e+03	 1.0549e+00	 3.5857e-02	 2.0025e-11	-3.0658e-11	 1.3235e-11	 3.5226e+08	 2.8814e+02	 9.6838e+03
 3.1783e+02	 9.6598e+03	 1.0623e+00	 9.6134e-02	 1.6990e-11	-1.1018e-11	 1.3328e-11	 4.1519e+08	 2.8814e+02	 9.6865e+03
 1.0058e+02	 9.6598e+03	 1.0943e+00	 2.8064e-01	 1.5696e-11	-5.2737e-12	 1.3729e-11	 4.4942e+08	 2.8814e+02	 9.6891e+03
 3.1829e+01	 9.6598e+03	 1.2261e+00	 7.8299e-01	 1.3858e-11	-4.0024e-12	 1.5383e-11	 5.0902e+08	 2.8815e+02	 9.6921e+03
 1.0072e+01	 9.6598e+03	 1.5790e+00	 2.1186e+00	 1.1866e-11	-3.2429e-12	 1.9810e-11	 5.9448e+08	 2.8815e+02	 9.6953e+03
 3.1874e+00	 9.6598e+03	 2.4174e+00	 5.9585e+00	 1.0561e-11	-2.5122e-12	 3.0329e-11	 6.6793e+08	 2.8815e+02	 9.6994e+03
 1.0087e+00	 9.6598e+03	 4.4539e+00	 1.7430e+01	 9.7764e-12	-1.9373e-12	 5.5879e-11	 7.2153e+08	 2.8815e+02	 9.7040e+03
 1.0000e+06	 9.7015e+03	 1.0369e+00	-3.1486e-04	-1.7508e-10	-2.0538e-08	 1.3010e-11	-4.0289e+07	 2.8816e+02	 9.7095e+03
 3.1646e+05	 9.7015e+03	 1.0361e+00	 7.4282e-04	 1.3071e-10	-6.3566e-09	 1.2999e-11	 5.3965e+07	 2.8815e+02	 9.7121e+03
 1.0014e+05	 9.7015e+03	 1.0369e+00	 2.1245e-03	 1.1831e-10	-2.0562e-09	 1.3009e-11	 5.9624e+07	 2.8816e+02	 9.7145e+03
 3.1691e+04	 9.7015e+03	 1.0379e+00	 4.1938e-03	 7.3905e-11	-6.6708e-10	 1.3021e-11	 9.5447e+07	 2.8816e+02	 9.7173e+03
 1.0029e+04	 9.7015e+03	 1.0412e+00	 9.0549e-03	 5.0496e-11	-2.2980e-10	 1.3063e-11	 1.3969e+08	 2.8816e+02	 9.7198e+03
 3.1737e+03	 9.7015e+03	 1.0475e+00	 1.7391e-02	 3.0691e-11	-8.3754e-11	 1.3142e-11	 2.2984e+08	 2.8816e+02	 9.7225e+03
 1.0043e+03	 9.7015e+03	 1.0549e+00	 3.5743e-02	 1.9961e-11	-3.0644e-11	 1.3235e-11	 3.5338e+08	 2.8817e+02	 9.7252e+03
 3.1783e+02	 9.7015e+03	 1.0622e+00	 9.5895e-02	 1.6948e-11	-1.0998e-11	 1.3327e-11	 4.1622e+08	 2.8816e+02	 9.7280e+03
 1.0058e+02	 9.7015e+03	 1.0939e+00	 2.7982e-01	 1.5650e-11	-5.2503e-12	 1.3724e-11	 4.5074e+08	 2.8816e+02	 9.7306e+03
 3.1829e+01	 9.7015e+03	 1.2227e+00	 7.8155e-01	 1.3832e-11	-3.9414e-12	 1.5340e-11	 5.0996e+08	 2.8815e+02	 9.7334e+03
 1.0072e+01	 9.7015e+03	 1.5728e+00	 2.1183e+00	 1.1865e-11	-3.2081e-12	 1.9732e-11	 5.9454e+08	 2.8815e+02	 9.7364e+03
 3.1874e+00	 9.7015e+03	 2.3969e+00	 5.9748e+00	 1.0590e-11	-2.4759e-12	 3.0072e-11	 6.6611e+08	 2.8816e+02	 9.7408e+03
 1.0087e+00	 9.7015e+03	 4.5231e+00	 1.7277e+01	 9.6904e-12	-1.9761e-12	 5.6748e-11	 7.2793e+08	 2.8815e+02	 9.7454e+03
 1.0000e+06	 9.7429e+03	 1.0370e+00	-4.7597e-04	-2.6467e-10	-2.0548e-08	 1.3010e-11	-2.6652e+07	 2.8815e+02	 9.7510e+03
 3.1646e+05	 9.7429e+03	 1.0362e+00	 7.4973e-04	 1.3193e-10	-6.3628e-09	 1.3000e-11	 5.3468e+07	 2.8815e+02	 9.7534e+03
 1.0014e+05	 9.7429e+03	 1.0369e+00	 2.1111e-03	 1.1756e-10	-2.0540e-09	 1.3009e-11	 6.0004e+07	 2.8815e+02	 9.7558e+03
 3.1691e+04	 9.7429e+03	 1.0378e+00	 4.1805e-03	 7.3670e-11	-6.6697e-10	 1.3021e-11	 9.5751e+07	 2.8815e+02	 9.7586e+03
 1.0029e+04	 9.7429e+03	 1.0412e+00	 9.0394e-03	 5.0410e-11	-2.2978e-10	 1.3063e-11	 1.3993e+08	 2.8815e+02	 9.7611e+03
 3.1737e+03	 9.7429e+03	 1.0474e+00	 1.7339e-02	 3.0599e-11	-8.3662e-11	 1.3141e-11	 2.3053e+08	 2.8815e+02	 9.7640e+03
 1.0043e+03	 9.7429e+03	 1.0549e+00	 3.5624e-02	 1.9895e-11	-3.0644e-11	 1.3235e-11	 3.5456e+08	 2.8815e+02	 9.7666e+03
 3.1783e+02	 9.7429e+03	 1.0622e+00	 9.5427e-02	 1.6865e-11	-1.0997e-11	 1.3327e-11	 4.1826e+08	 2.8814e+02	 9.7692e+03
 1.0058e+02	 9.7429e+03	 1.0936e+00	 2.7859e-01	 1.5581e-11	-5.2362e-12	 1.3721e-11	 4.5274e+08	 2.8815e+02	 9.7718e+03
 3.1829e+01	 9.7429e+03	 1.2215e+00	 7.7757e-01	 1.3762e-11	-3.9198e-12	 1.5325e-11	 5.1257e+08	 2.8814e+02	 9.7746e+03
 1.0072e+01	 9.7429e+03	 1.5694e+00	 2.1062e+00	 1.1797e-11	-3.1889e-12	 1.9689e-11	 5.9796e+08	 2.8814e+02	 9.7775e+03
 3.1874e+00	 9.7429e+03	 2.4008e+00	 5.9334e+00	 1.0516e-11	-2.4828e-12	 3.0121e-11	 6.7076e+08	 2.8814e+02	 9.7819e+03
 1.0087e+00	 9.7429e+03	 4.4628e+00	 1.7086e+01	 9.5834e-12	-1.9422e-12	 5.5991e-11	 7.3606e+08	 2.8814e+02	 9.7865e+03
 1.0000e+06	 9.7840e+03	 1.0369e+00	-4.6293e-04	-2.5742e-10	-2.0523e-08	 1.3009e-11	-2.7403e+07	 2.8815e+02	 9.7920e+03
 3.1646e+05	 9.7840e+03	 1.0362e+00	 7.5011e-04	 1.3200e-10	-6.3670e-09	 1.3000e-11	 5.3441e+07	 2.8815e+02	 9.7947e+03
 1.0014e+05	 9.7840e+03	 1.0369e+00	 2.1317e-03	 1.1871e-10	-2.0549e-09	 1.3009e-11	 5.9423e+07	 2.8815e+02	 9.7972e+03
 3.1691e+04	 9.7840e+03	 1.0379e+00	 4.1987e-03	 7.3990e-11	-6.6709e-10	 1.3021e-11	 9.5336e+07	 2.8815e+02	 9.7997e+03
 1.0029e+04	 9.7840e+03	 1.0412e+00	 9.0356e-03	 5.0388e-11	-2.2965e-10	 1.3063e-11	 1.3999e+08	 2.8815e+02	 9.8023e+03
 3.1737e+03	 9.7840e+03	 1.0474e+00	 1.7327e-02	 3.0579e-11	-8.3621e-11	 1.3141e-11	 2.3068e+08	 2.8815e+02	 9.8049e+03
 1.0043e+03	 9.7840e+03	 1.0548e+00	 3.5544e-02	 1.9850e-11	-3.0625e-11	 1.3234e-11	 3.5536e+08	 2.8815e+02	 9.8078e+03
 3.1783e+02	 9.7840e+03	 1.0621e+00	 9.5269e-02	 1.6837e-11	-1.0984e-11	 1.3326e-11	 4.1896e+08	 2.8815e+02	 9.8103e+03
 1.0058e+02	 9.7840e+03	 1.0934e+00	 2.7793e-01	 1.5544e-11	-5.2262e-12	 1.3719e-11	 4.5381e+08	 2.8815e+02	 9.8130e+03
 3.1829e+01	 9.7840e+03	 1.2217e+00	 7.7692e-01	 1.3750e-11	-3.9231e-12	 1.5327e-11	 5.1300e+08	 2.8815e+02	 9.8159e+03
 1.0072e+01	 9.7840e+03	 1.5690e+00	 2.1032e+00	 1.1780e-11	-3.1867e-12	 1.9685e-11	 5.9882e+08	 2.8816e+02	 9.8189e+03
 3.1874e+00	 9.7840e+03	 2.3885e+00	 5.9559e+00	 1.0556e-11	-2.4610e-12	 2.9967e-11	 6.6822e+08	 2.8815e+02	 9.8234e+03
 1.0087e+00	 9.7840e+03	 4.3454e+00	 1.7185e+01	 9.6389e-12	-1.8764e-12	 5.4518e-11	 7.3182e+08	 2.8815e+02	 9.8280e+03
 1.0000e+06	 9.8255e+03	 1.0369e+00	-3.2573e-04	-1.8113e-10	-2.0523e-08	 1.3009e-11	-3.8945e+07	 2.8815e+02	 9.8335e+03
 3.1646e+05	 9.8255e+03	 1.0361e+00	 7.4655e-04	 1.3137e-10	-6.3560e-09	 1.2999e-11	 5.3696e+07	 2.8815e+02	 9.8362e+03
 1.0014e+05	 9.8255e+03	 1.0369e+00	 2.1277e-03	 1.1849e-10	-2.0558e-09	 1.3009e-11	 5.9534e+07	 2.8815e+02	 9.8387e+03
 3.1691e+04	 9.8255e+03	 1.0378e+00	 4.1662e-03	 7.3419e-11	-6.6671e-10	 1.3021e-11	 9.6079e+07	 2.8816e+02	 9.8413e+03
 1.0029e+04	 9.8255e+03	 1.0412e+00	 9.0022e-03	 5.0202e-11	-2.2956e-10	 1.3063e-11	 1.4051e+08	 2.8815e+02	 9.8438e+03
 3.1737e+03	 9.8255e+03	 1.0474e+00	 1.7287e-02	 3.0508e-11	-8.3659e-11	 1.3141e-11	 2.3122e+08	 2.8815e+02	 9.8465e+03
 1.0043e+03	 9.8255e+03	 1.0548e+00	 3.5476e-02	 1.9813e-11	-3.0621e-11	 1.3234e-11	 3.5604e+08	 2.8815e+02	 9.8492e+03
 3.1783e+02	 9.8255e+03	 1.0622e+00	 9.4970e-02	 1.6784e-11	-1.0985e-11	 1.3326e-11	 4.2028e+08	 2.8814e+02	 9.8517e+03
 1.0058e+02	 9.8255e+03	 1.0933e+00	 2.7714e-01	 1.5500e-11	-5.2162e-12	 1.3716e-11	 4.5509e+08	 2.8814e+02	 9.8545e+03
 3.1829e+01	 9.8255e+03	 1.2203e+00	 7.7459e-01	 1.3709e-11	-3.8994e-12	 1.5310e-11	 5.1454e+08	 2.8815e+02	 9.8572e+03
 1.0072e+01	 9.8255e+03	 1.5652e+00	 2.1039e+00	 1.1784e-11	-3.1658e-12	 1.9638e-11	 5.9863e+08	 2.8815e+02	 9.8602e+03
 3.1874e+00	 9.8255e+03	 2.4014e+00	 5.9339e+00	 1.0517e-11	-2.4839e-12	 3.0129e-11	 6.7070e+08	 2.8815e+02	 9.8642e+03
 1.0087e+00	 9.8255e+03	 4.4852e+00	 1.7079e+01	 9.5797e-12	-1.9548e-12	 5.6272e-11	 7.3634e+08	 2.8815e+02	 9.8688e+03
 1.0000e+06	 9.8663e+03	 1.0369e+00	-4.0769e-04	-2.2670e-10	-2.0533e-08	 1.3009e-11	-3.1116e+07	 2.8814e+02	 9.8742e+03
 3.1646e+05	 9.8663e+03	 1.0361e+00	 6.9151e-04	 1.2168e-10	-6.3562e-09	 1.2999e-11	 5.7970e+07	 2.8815e+02	 9.8767e+03
 1.0014e+05	 9.8663e+03	 1.0369e+00	 2.1109e-03	 1.1755e-10	-2.0539e-09	 1.3009e-11	 6.0009e+07	 2.8814e+02	 9.8792e+03
 3.1691e+04	 9.8663e+03	 1.0378e+00	 4.1802e-03	 7.3664e-11	-6.6638e-10	 1.3021e-11	 9.5758e+07	 2.8814e+02	 9.8819e+03
 1.0029e+04	 9.8663e+03	 1.0411e+00	 8.9798e-03	 5.0077e-11	-2.2944e-10	 1.3062e-11	 1.4086e+08	 2.8815e+02	 9.8845e+03
 3.1737e+03	 9.8663e+03	 1.0474e+00	 1.7287e-02	 3.0508e-11	-8.3608e-11	 1.3141e-11	 2.3121e+08	 2.8814e+02	 9.8872e+03
 1.0043e+03	 9.8663e+03	 1.0548e+00	 3.5379e-02	 1.9758e-11	-3.0604e-11	 1.3234e-11	 3.5701e+08	 2.8814e+02	 9.8898e+03
 3.1783e+02	 9.8663e+03	 1.0621e+00	 9.4687e-02	 1.6734e-11	-1.0977e-11	 1.3325e-11	 4.2153e+08	 2.8814e+02	 9.8925e+03
 1.0058e+02	 9.8663e+03	 1.0931e+00	 2.7624e-01	 1.5449e-11	-5.2061e-12	 1.3714e-11	 4.5658e+08	 2.8814e+02	 9.8951e+03
 3.1829e+01	 9.8663e+03	 1.2191e+00	 7.7215e-01	 1.3666e-11	-3.8779e-12	 1.5295e-11	 5.1617e+08	 2.8815e+02	 9.8979e+03
 1.0072e+01	 9.8663e+03	 1.5608e+00	 2.0999e+00	 1.1761e-11	-3.1411e-12	 1.9582e-11	 5.9978e+08	 2.8815e+02	 9.9010e+03
 3.1874e+00	 9.8663e+03	 2.3901e+00	 5.9248e+00	 1.0501e-11	-2.4639e-12	 2.9987e-11	 6.7173e+08	 2.8814e+02	 9.9052e+03
 1.0087e+00	 9.8663e+03	 4.4336e+00	 1.6922e+01	 9.4916e-12	-1.9259e-12	 5.5625e-11	 7.4318e+08	 2.8815e+02	 9.9098e+03
 1.0000e+06	 9.9073e+03	 1.0369e+00	-4.5212e-04	-2.5141e-10	-2.0529e-08	 1.3009e-11	-2.8058e+07	 2.8815e+02	 9.9151e+03
 3.1646e+05	 9.9073e+03	 1.0362e+00	 6.9617e-04	 1.2250e-10	-6.3615e-09	 1.3000e-11	 5.7582e+07	 2.8815e+02	 9.9175e+03
 1.0014e+05	 9.9073e+03	 1.0369e+00	 2.1047e-03	 1.1721e-10	-2.0530e-09	 1.3009e-11	 6.0184e+07	 2.8815e+02	 9.9201e+03
 3.1691e+04	 9.9073e+03	 1.0378e+00	 4.1618e-03	 7.3341e-11	-6.6687e-10	 1.3021e-11	 9.6180e+07	 2.8815e+02	 9.9226e+03
 1.0029e+04	 9.9073e+03	 1.0411e+00	 8.9931e-03	 5.0151e-11	-2.2944e-10	 1.3062e-11	 1.4065e+08	 2.8815e+02	 9.9254e+03
 3.1737e+03	 9.9073e+03	 1.0473e+00	 1.7297e-02	 3.0525e-11	-8.3554e-11	 1.3140e-11	 2.3109e+08	 2.8815e+02	 9.9280e+03
 1.0043e+03	 9.9073e+03	 1.0548e+00	 3.5290e-02	 1.9708e-11	-3.0587e-11	 1.3233e-11	 3.5792e+08	 2.8815e+02	 9.9308e+03
 3.1783e+02	 9.9073e+03	 1.0621e+00	 9.4409e-02	 1.6685e-11	-1.0969e-11	 1.3325e-11	 4.2277e+08	 2.8815e+02	 9.9332e+03
 1.0058e+02	 9.9073e+03	 1.0931e+00	 2.7553e-01	 1.5409e-11	-5.2066e-12	 1.3714e-11	 4.5777e+08	 2.8815e+02	 9.9358e+03
 3.1829e+01	 9.9073e+03	 1.2193e+00	 7.6983e-01	 1.3625e-11	-3.8821e-12	 1.5298e-11	 5.1772e+08	 2.8815e+02	 9.9387e+03
 1.0072e+01	 9.9073e+03	 1.5633e+00	 2.0892e+00	 1.1701e-11	-3.1548e-12	 1.9613e-11	 6.0285e+08	 2.8815e+02	 9.9418e+03
 3.1874e+00	 9.9073e+03	 2.4010e+00	 5.8817e+00	 1.0425e-11	-2.4832e-12	 3.0124e-11	 6.7665e+08	 2.8815e+02	 9.9458e+03
 1.0087e+00	 9.9073e+03	 4.4793e+00	 1.6984e+01	 9.5262e-12	-1.9515e-12	 5.6197e-11	 7.4048e+08	 2.8814e+02	 9.9504e+03
 1.0000e+06	 9.9479e+03	 1.0369e+00	-4.7316e-04	-2.6311e-10	-2.0528e-08	 1.3009e-11	-2.6810e+07	 2.8815e+02	 9.9560e+03
 3.1646e+05	 9.9479e+03	 1.0362e+00	 7.1418e-04	 1.2567e-10	-6.3640e-09	 1.3000e-11	 5.6129e+07	 2.8815e+02	 9.9585e+03
 1.0014e+05	 9.9479e+03	 1.0368e+00	 2.1139e-03	 1.1772e-10	-2.0520e-09	 1.3008e-11	 5.9923e+07	 2.8814e+02	 9.9610e+03
 3.1691e+04	 9.9479e+03	 1.0378e+00	 4.1503e-03	 7.3137e-11	-6.6640e-10	 1.3021e-11	 9.6448e+07	 2.8814e+02	 9.9638e+03
 1.0029e+04	 9.9479e+03	 1.0411e+00	 8.9424e-03	 4.9869e-11	-2.2941e-10	 1.3062e-11	 1.4145e+08	 2.8815e+02	 9.9662e+03
 3.1737e+03	 9.9479e+03	 1.0473e+00	 1.7199e-02	 3.0352e-11	-8.3507e-11	 1.3140e-11	 2.3241e+08	 2.8814e+02	 9.9690e+03
 1.0043e+03	 9.9479e+03	 1.0548e+00	 3.5202e-02	 1.9659e-11	-3.0583e-11	 1.3233e-11	 3.5881e+08	 2.8814e+02	 9.9715e+03
 3.1783e+02	 9.9479e+03	 1.0619e+00	 9.4065e-02	 1.6624e-11	-1.0949e-11	 1.3323e-11	 4.2432e+08	 2.8814e+02	 9.9742e+03
 1.0058e+02	 9.9479e+03	 1.0925e+00	 2.7454e-01	 1.5355e-11	-5.1747e-12	 1.3707e-11	 4.5940e+08	 2.8814e+02	 9.9769e+03
 3.1829e+01	 9.9479e+03	 1.2170e+00	 7.6837e-01	 1.3599e-11	-3.8398e-12	 1.5268e-11	 5.1871e+08	 2.8814e+02	 9.9799e+03
 1.0072e+01	 9.9479e+03	 1.5597e+00	 2.0838e+00	 1.1671e-11	-3.1347e-12	 1.9568e-11	 6.0439e+08	 2.8814e+02	 9.9831e+03
 3.1874e+00	 9.9479e+03	 2.3971e+00	 5.8656e+00	 1.0396e-11	-2.4762e-12	 3.0074e-11	 6.7851e+08	 2.8814e+02	 9.9872e+03
 1.0087e+00	 9.9479e+03	 4.4799e+00	 1.6924e+01	 9.4925e-12	-1.9518e-12	 5.6205e-11	 7.4311e+08	 2.8815e+02	 9.9917e+03
 1.0000e+06	 9.9892e+03	 1.0369e+00	-4.0958e-04	-2.2775e-10	-2.0523e-08	 1.3009e-11	-3.0972e+07	 2.8815e+02	 9.9973e+03
 3.1646e+05	 9.9892e+03	 1.0362e+00	 7.6512e-04	 1.3464e-10	-6.3621e-09	 1.3000e-11	 5.2392e+07	 2.8815e+02	 9.9999e+03
 1.0014e+05	 9.9892e+03	 1.0368e+00	 2.0856e-03	 1.1614e-10	-2.0514e-09	 1.3008e-11	 6.0736e+07	 2.8815e+02	 1.0002e+04
 3.1691e+04	 9.9892e+03	 1.0378e+00	 4.1468e-03	 7.3076e-11	-6.6624e-10	 1.3020e-11	 9.6529e+07	 2.8815e+02	 1.0005e+04
 1.0029e+04	 9.9892e+03	 1.0411e+00	 8.9428e-03	 4.9871e-11	-2.2925e-10	 1.3062e-11	 1.4144e+08	 2.8816e+02	 1.0008e+04
 3.1737e+03	 9.9892e+03	 1.0473e+00	 1.7173e-02	 3.0307e-11	-8.3486e-11	 1.3140e-11	 2.3275e+08	 2.8816e+02	 1.0011e+04
 1.0043e+03	 9.9892e+03	 1.0547e+00	 3.5067e-02	 1.9584e-11	-3.0565e-11	 1.3233e-11	 3.6019e+08	 2.8816e+02	 1.0013e+04
 3.1783e+02	 9.9892e+03	 1.0619e+00	 9.3613e-02	 1.6544e-11	-1.0941e-11	 1.3323e-11	 4.2636e+08	 2.8816e+02	 1.0016e+04
 1.0058e+02	 9.9892e+03	 1.0922e+00	 2.7319e-01	 1.5279e-11	-5.1573e-12	 1.3703e-11	 4.6169e+08	 2.8815e+02	 1.0018e+04
 3.1829e+01	 9.9892e+03	 1.2161e+00	 7.6469e-01	 1.3534e-11	-3.8254e-12	 1.5258e-11	 5.2121e+08	 2.8815e+02	 1.0021e+04
 1.0072e+01	 9.9892e+03	 1.5544e+00	 2.0754e+00	 1.1624e-11	-3.1052e-12	 1.9502e-11	 6.0684e+08	 2.8815e+02	 1.0024e+04
 3.1874e+00	 9.9892e+03	 2.3696e+00	 5.8705e+00	 1.0405e-11	-2.4275e-12	 2.9730e-11	 6.7795e+08	 2.8815e+02	 1.0029e+04
 1.0087e+00	 9.9892e+03	 4.4019e+00	 1.6896e+01	 9.4766e-12	-1.9081e-12	 5.5226e-11	 7.4436e+08	 2.8815e+02	 1.0033e+04
 1.0000e+06	 1.0031e+04	 1.0369e+00	-2.9687e-04	-1.6508e-10	-2.0509e-08	 1.3009e-11	-4.2732e+07	 2.8815e+02	 1.0039e+04
 3.1646e+05	 1.0031e+04	 1.0361e+00	 7.6482e-04	 1.3458e-10	-6.3536e-09	 1.2999e-11	 5.2413e+07	 2.8815e+02	 1.0041e+04
 1.0014e+05	 1.0031e+04	 1.0368e+00	 2.1413e-03	 1.1924e-10	-2.0519e-09	 1.3008e-11	 5.9158e+07	 2.8815e+02	 1.0044e+04
 3.1691e+04	 1.0031e+04	 1.0378e+00	 4.1419e-03	 7.2990e-11	-6.6585e-10	 1.3020e-11	 9.6642e+07	 2.8815e+02	 1.0046e+04
 1.0029e+04	 1.0031e+04	 1.0411e+00	 8.8934e-03	 4.9596e-11	-2.2900e-10	 1.3061e-11	 1.4223e+08	 2.8815e+02	 1.0049e+04
 3.1737e+03	 1.0031e+04	 1.0472e+00	 1.7100e-02	 3.0178e-11	-8.3288e-11	 1.3138e-11	 2.3375e+08	 2.8815e+02	 1.0051e+04
 1.0043e+03	 1.0031e+04	 1.0547e+00	 3.4875e-02	 1.9477e-11	-3.0552e-11	 1.3233e-11	 3.6217e+08	 2.8815e+02	 1.0054e+04
 3.1783e+02	 1.0031e+04	 1.0619e+00	 9.3044e-02	 1.6444e-11	-1.0943e-11	 1.3323e-11	 4.2897e+08	 2.8815e+02	 1.0057e+04
 1.0058e+02	 1.0031e+04	 1.0923e+00	 2.7142e-01	 1.5180e-11	-5.1613e-12	 1.3704e-11	 4.6469e+08	 2.8815e+02	 1.0059e+04
 3.1829e+01	 1.0031e+04	 1.2165e+00	 7.5940e-01	 1.3440e-11	-3.8320e-12	 1.5263e-11	 5.2483e+08	 2.8815e+02	 1.0062e+04
 1.0072e+01	 1.0031e+04	 1.5586e+00	 2.0584e+00	 1.1528e-11	-3.1288e-12	 1.9555e-11	 6.1187e+08	 2.8815e+02	 1.0066e+04
 3.1874e+00	 1.0031e+04	 2.3807e+00	 5.7881e+00	 1.0259e-11	-2.4471e-12	 2.9868e-11	 6.8760e+08	 2.8815e+02	 1.0070e+04
 1.0087e+00	 1.0031e+04	 4.4158e+00	 1.6666e+01	 9.3476e-12	-1.9159e-12	 5.5402e-11	 7.5463e+08	 2.8815e+02	 1.0075e+04
 1.0000e+06	 1.0072e+04	 1.0369e+00	-4.4721e-04	-2.4868e-10	-2.0542e-08	 1.3010e-11	-2.8366e+07	 2.8815e+02	 1.0080e+04
 3.1646e+05	 1.0072e+04	 1.0361e+00	 7.3032e-04	 1.2851e-10	-6.3601e-09	 1.3000e-11	 5.4889e+07	 2.8815e+02	 1.0083e+04
 1.0014e+05	 1.0072e+04	 1.0369e+00	 2.1174e-03	 1.1791e-10	-2.0534e-09	 1.3009e-11	 5.9823e+07	 2.8815e+02	 1.0085e+04
 3.1691e+04	 1.0072e+04	 1.0378e+00	 4.1292e-03	 7.2766e-11	-6.6606e-10	 1.3020e-11	 9.6941e+07	 2.8815e+02	 1.0088e+04
 1.0029e+04	 1.0072e+04	 1.0411e+00	 8.9061e-03	 4.9666e-11	-2.2913e-10	 1.3062e-11	 1.4203e+08	 2.8815e+02	 1.0091e+04
 3.1737e+03	 1.0072e+04	 1.0472e+00	 1.7065e-02	 3.0116e-11	-8.3360e-11	 1.3139e-11	 2.3423e+08	 2.8814e+02	 1.0093e+04
 1.0043e+03	 1.0072e+04	 1.0547e+00	 3.4826e-02	 1.9449e-11	-3.0556e-11	 1.3233e-11	 3.6269e+08	 2.8815e+02	 1.0096e+04
 3.1783e+02	 1.0072e+04	 1.0619e+00	 9.2951e-02	 1.6427e-11	-1.0937e-11	 1.3323e-11	 4.2940e+08	 2.8815e+02	 1.0099e+04
 1.0058e+02	 1.0072e+04	 1.0920e+00	 2.7156e-01	 1.5188e-11	-5.1429e-12	 1.3700e-11	 4.6444e+08	 2.8816e+02	 1.0101e+04
 3.1829e+01	 1.0072e+04	 1.2175e+00	 7.6022e-01	 1.3455e-11	-3.8490e-12	 1.5275e-11	 5.2427e+08	 2.8816e+02	 1.0104e+04
 1.0072e+01	 1.0072e+04	 1.5640e+00	 2.0574e+00	 1.1523e-11	-3.1588e-12	 1.9622e-11	 6.1215e+08	 2.8815e+02	 1.0107e+04
 3.1874e+00	 1.0072e+04	 2.3839e+00	 5.7934e+00	 1.0268e-11	-2.4529e-12	 2.9909e-11	 6.8696e+08	 2.8815e+02	 1.0112e+04
 1.0087e+00	 1.0072e+04	 4.3817e+00	 1.6777e+01	 9.4099e-12	-1.8967e-12	 5.4973e-11	 7.4963e+08	 2.8815e+02	 1.0116e+04
 1.0000e+06	 1.0114e+04	 1.0369e+00	-3.0676e-04	-1.7058e-10	-2.0518e-08	 1.3009e-11	-4.1353e+07	 2.8815e+02	 1.0122e+04
 3.1646e+05	 1.0114e+04	 1.0361e+00	 7.4578e-04	 1.3123e-10	-6.3525e-09	 1.2999e-11	 5.3751e+07	 2.8815e+02	 1.0124e+04
 1.0014e+05	 1.0114e+04	 1.0369e+00	 2.1083e-03	 1.1741e-10	-2.0522e-09	 1.3009e-11	 6.0082e+07	 2.8815e+02	 1.0127e+04
 3.1691e+04	 1.0114e+04	 1.0378e+00	 4.0988e-03	 7.2230e-11	-6.6561e-10	 1.3020e-11	 9.7660e+07	 2.8814e+02	 1.0129e+04
 1.0029e+04	 1.0114e+04	 1.0410e+00	 8.8316e-03	 4.9251e-11	-2.2868e-10	 1.3061e-11	 1.4323e+08	 2.8814e+02	 1.0132e+04
 3.1737e+03	 1.0114e+04	 1.0471e+00	 1.7017e-02	 3.0030e-11	-8.3040e-11	 1.3136e-11	 2.3489e+08	 2.8815e+02	 1.0134e+04
 1.0043e+03	 1.0114e+04	 1.0546e+00	 3.4482e-02	 1.9257e-11	-3.0477e-11	 1.3231e-11	 3.6630e+08	 2.8815e+02	 1.0137e+04
 3.1783e+02	 1.0114e+04	 1.0616e+00	 9.1406e-02	 1.6154e-11	-1.0895e-11	 1.3320e-11	 4.3666e+08	 2.8815e+02	 1.0140e+04
 1.0058e+02	 1.0114e+04	 1.0910e+00	 2.6580e-01	 1.4865e-11	-5.0868e-12	 1.3687e-11	 4.7453e+08	 2.8815e+02	 1.0142e+04
 3.1829e+01	 1.0114e+04	 1.2119e+00	 7.4320e-01	 1.3154e-11	-3.7498e-12	 1.5204e-11	 5.3628e+08	 2.8815e+02	 1.0145e+04
 1.0072e+01	 1.0114e+04	 1.5504e+00	 2.0075e+00	 1.1244e-11	-3.0828e-12	 1.9452e-11	 6.2738e+08	 2.8814e+02	 1.0148e+04
 3.1874e+00	 1.0114e+04	 2.3374e+00	 5.6464e+00	 1.0008e-11	-2.3703e-12	 2.9325e-11	 7.0485e+08	 2.8814e+02	 1.0152e+04
 1.0087e+00	 1.0114e+04	 4.2402e+00	 1.6237e+01	 9.1072e-12	-1.8174e-12	 5.3198e-11	 7.7454e+08	 2.8815e+02	 1.0157e+04
 1.0000e+06	 1.0154e+04	 1.0368e+00	-3.4137e-04	-1.8982e-10	-2.0460e-08	 1.3008e-11	-3.7161e+07	 2.8815e+02	 1.0162e+04
 3.1646e+05	 1.0154e+04	 1.0361e+00	 6.7518e-04	 1.1881e-10	-6.3462e-09	 1.2999e-11	 5.9371e+07	 2.8815e+02	 1.0165e+04
 1.0014e+05	 1.0154e+04	 1.0367e+00	 2.0771e-03	 1.1567e-10	-2.0463e-09	 1.3007e-11	 6.0986e+07	 2.8815e+02	 1.0167e+04
 3.1691e+04	 1.0154e+04	 1.0376e+00	 3.9082e-03	 6.8871e-11	-6.6179e-10	 1.3017e-11	 1.0242e+08	 2.8814e+02	 1.0170e+04
 1.0029e+04	 1.0154e+04	 1.0405e+00	 8.2648e-03	 4.6090e-11	-2.2587e-10	 1.3054e-11	 1.5305e+08	 2.8816e+02	 1.0172e+04
 3.1737e+03	 1.0154e+04	 1.0461e+00	 1.5683e-02	 2.7676e-11	-8.1381e-11	 1.3125e-11	 2.5487e+08	 2.8815e+02	 1.0175e+04
 1.0043e+03	 1.0154e+04	 1.0535e+00	 3.0212e-02	 1.6873e-11	-2.9901e-11	 1.3218e-11	 4.1807e+08	 2.8815e+02	 1.0178e+04
 3.1783e+02	 1.0154e+04	 1.0597e+00	 7.6714e-02	 1.3558e-11	-1.0555e-11	 1.3295e-11	 5.2029e+08	 2.8815e+02	 1.0180e+04
 1.0058e+02	 1.0154e+04	 1.0822e+00	 2.2232e-01	 1.2434e-11	-4.5993e-12	 1.3578e-11	 5.6731e+08	 2.8815e+02	 1.0183e+04
 3.1829e+01	 1.0154e+04	 1.1805e+00	 6.2940e-01	 1.1140e-11	-3.1951e-12	 1.4811e-11	 6.3323e+08	 2.8814e+02	 1.0186e+04
 1.0072e+01	 1.0154e+04	 1.4590e+00	 1.7184e+00	 9.6243e-12	-2.5710e-12	 1.8305e-11	 7.3293e+08	 2.8815e+02	 1.0189e+04
 3.1874e+00	 1.0154e+04	 2.1349e+00	 4.9178e+00	 8.7165e-12	-2.0115e-12	 2.6785e-11	 8.0927e+08	 2.8816e+02	 1.0195e+04
 1.0087e+00	 1.0154e+04	 3.9551e+00	 1.4486e+01	 8.1253e-12	-1.6575e-12	 4.9622e-11	 8.6815e+08	 2.8816e+02	 1.0200e+04
 1.0000e+06	 1.0198e+04	 1.0367e+00	-3.8622e-04	-2.1476e-10	-2.0382e-08	 1.3006e-11	-3.2846e+07	 2.8816e+02	 1.0206e+04
 3.1646e+05	 1.0198e+04	 1.0359e+00	 6.2022e-04	 1.0914e-10	-6.3201e-09	 1.2997e-11	 6.4632e+07	 2.8815e+02	 1.0208e+04
 1.0014e+05	 1.0198e+04	 1.0366e+00	 2.0099e-03	 1.1192e-10	-2.0401e-09	 1.3006e-11	 6.3025e+07	 2.8816e+02	 1.0211e+04
 3.1691e+04	 1.0198e+04	 1.0375e+00	 3.8848e-03	 6.8460e-11	-6.6137e-10	 1.3017e-11	 1.0304e+08	 2.8816e+02	 1.0213e+04
 1.0029e+04	 1.0198e+04	 1.0407e+00	 8.3867e-03	 4.6770e-11	-2.2679e-10	 1.3056e-11	 1.5082e+08	 2.8815e+02	 1.0216e+04
 3.1737e+03	 1.0198e+04	 1.0466e+00	 1.6084e-02	 2.8385e-11	-8.2246e-11	 1.3131e-11	 2.4851e+08	 2.8815e+02	 1.0218e+04
 1.0043e+03	 1.0198e+04	 1.0541e+00	 3.2274e-02	 1.8024e-11	-3.0199e-11	 1.3225e-11	 3.9136e+08	 2.8815e+02	 1.0221e+04
 3.1783e+02	 1.0198e+04	 1.0607e+00	 8.5406e-02	 1.5094e-11	-1.0736e-11	 1.3308e-11	 4.6734e+08	 2.8816e+02	 1.0223e+04
 1.0058e+02	 1.0198e+04	 1.0878e+00	 2.5061e-01	 1.4016e-11	-4.9109e-12	 1.3648e-11	 5.0327e+08	 2.8815e+02	 1.0226e+04
 3.1829e+01	 1.0198e+04	 1.2009e+00	 7.0624e-01	 1.2499e-11	-3.5548e-12	 1.5066e-11	 5.6434e+08	 2.8815e+02	 1.0229e+04
 1.0072e+01	 1.0198e+04	 1.5135e+00	 1.9282e+00	 1.0799e-11	-2.8760e-12	 1.8988e-11	 6.5319e+08	 2.8815e+02	 1.0232e+04
 3.1874e+00	 1.0198e+04	 2.2616e+00	 5.4841e+00	 9.7200e-12	-2.2361e-12	 2.8375e-11	 7.2571e+08	 2.8815e+02	 1.0237e+04
 1.0087e+00	 1.0198e+04	 4.2844e+00	 1.5932e+01	 8.9361e-12	-1.8422e-12	 5.3752e-11	 7.8938e+08	 2.8815e+02	 1.0243e+04
 1.0000e+06	 1.0241e+04	 1.0367e+00	-4.4874e-04	-2.4953e-10	-2.0408e-08	 1.3007e-11	-2.8269e+07	 2.8814e+02	 1.0249e+04
 3.1646e+05	 1.0241e+04	 1.0360e+00	 7.7583e-04	 1.3652e-10	-6.3297e-09	 1.2997e-11	 5.1669e+07	 2.8815e+02	 1.0251e+04
 1.0014e+05	 1.0241e+04	 1.0367e+00	 2.0174e-03	 1.1234e-10	-2.0412e-09	 1.3006e-11	 6.2791e+07	 2.8815e+02	 1.0254e+04
 3.1691e+04	 1.0241e+04	 1.0375e+00	 3.9528e-03	 6.9658e-11	-6.6153e-10	 1.3017e-11	 1.0127e+08	 2.8814e+02	 1.0257e+04
 1.0029e+04	 1.0241e+04	 1.0407e+00	 8.5254e-03	 4.7543e-11	-2.2679e-10	 1.3056e-11	 1.4837e+08	 2.8815e+02	 1.0259e+04
 3.1737e+03	 1.0241e+04	 1.0466e+00	 1.6445e-02	 2.9022e-11	-8.2286e-11	 1.3131e-11	 2.4305e+08	 2.8816e+02	 1.0262e+04
 1.0043e+03	 1.0241e+04	 1.0541e+00	 3.3358e-02	 1.8629e-11	-3.0220e-11	 1.3225e-11	 3.7865e+08	 2.8815e+02	 1.0264e+04
 3.1783e+02	 1.0241e+04	 1.0610e+00	 8.7996e-02	 1.5552e-11	-1.0778e-11	 1.3311e-11	 4.5358e+08	 2.8815e+02	 1.0267e+04
 1.0058e+02	 1.0241e+04	 1.0891e+00	 2.5649e-01	 1.4345e-11	-4.9854e-12	 1.3665e-11	 4.9174e+08	 2.8815e+02	 1.0270e+04
 3.1829e+01	 1.0241e+04	 1.2038e+00	 7.1710e-01	 1.2692e-11	-3.6075e-12	 1.5103e-11	 5.5579e+08	 2.8816e+02	 1.0272e+04
 1.0072e+01	 1.0241e+04	 1.5173e+00	 1.9484e+00	 1.0913e-11	-2.8972e-12	 1.9036e-11	 6.4639e+08	 2.8816e+02	 1.0276e+04
 3.1874e+00	 1.0241e+04	 2.2605e+00	 5.5004e+00	 9.7491e-12	-2.2341e-12	 2.8361e-11	 7.2355e+08	 2.8815e+02	 1.0281e+04
 1.0087e+00	 1.0241e+04	 4.2734e+00	 1.5837e+01	 8.8826e-12	-1.8360e-12	 5.3615e-11	 7.9413e+08	 2.8815e+02	 1.0287e+04
 1.0000e+06	 1.0284e+04	 1.0367e+00	-4.7430e-04	-2.6374e-10	-2.0395e-08	 1.3006e-11	-2.6746e+07	 2.8816e+02	 1.0292e+04
 3.1646e+05	 1.0284e+04	 1.0359e+00	 6.5353e-04	 1.1500e-10	-6.3232e-09	 1.2997e-11	 6.1338e+07	 2.8815e+02	 1.0295e+04
 1.0014e+05	 1.0284e+04	 1.0366e+00	 1.9662e-03	 1.0949e-10	-2.0389e-09	 1.3006e-11	 6.4426e+07	 2.8816e+02	 1.0298e+04
 3.1691e+04	 1.0284e+04	 1.0374e+00	 3.8169e-03	 6.7263e-11	-6.5972e-10	 1.3016e-11	 1.0487e+08	 2.8816e+02	 1.0300e+04
 1.0029e+04	 1.0284e+04	 1.0404e+00	 8.2896e-03	 4.6228e-11	-2.2548e-10	 1.3053e-11	 1.5259e+08	 2.8815e+02	 1.0303e+04
 3.1737e+03	 1.0284e+04	 1.0462e+00	 1.6216e-02	 2.8617e-11	-8.1569e-11	 1.3126e-11	 2.4650e+08	 2.8815e+02	 1.0305e+04
 1.0043e+03	 1.0284e+04	 1.0538e+00	 3.2418e-02	 1.8105e-11	-3.0028e-11	 1.3221e-11	 3.8962e+08	 2.8815e+02	 1.0308e+04
 3.1783e+02	 1.0284e+04	 1.0605e+00	 8.4706e-02	 1.4970e-11	-1.0688e-11	 1.3305e-11	 4.7120e+08	 2.8815e+02	 1.0311e+04
 1.0058e+02	 1.0284e+04	 1.0868e+00	 2.4659e-01	 1.3791e-11	-4.8562e-12	 1.3636e-11	 5.1149e+08	 2.8815e+02	 1.0313e+04
 3.1829e+01	 1.0284e+04	 1.1947e+00	 6.9048e-01	 1.2221e-11	-3.4459e-12	 1.4989e-11	 5.7722e+08	 2.8815e+02	 1.0316e+04
 1.0072e+01	 1.0284e+04	 1.4962e+00	 1.8756e+00	 1.0505e-11	-2.7790e-12	 1.8771e-11	 6.7148e+08	 2.8814e+02	 1.0319e+04
 3.1874e+00	 1.0284e+04	 2.2205e+00	 5.2749e+00	 9.3494e-12	-2.1633e-12	 2.7859e-11	 7.5449e+08	 2.8814e+02	 1.0325e+04
 1.0087e+00	 1.0284e+04	 4.0917e+00	 1.5150e+01	 8.4976e-12	-1.7341e-12	 5.1335e-11	 8.3011e+08	 2.8814e+02	 1.0331e+04
 1.0000e+06	 1.0328e+04	 1.0366e+00	-4.5199e-04	-2.5134e-10	-2.0372e-08	 1.3006e-11	-2.8066e+07	 2.8815e+02	 1.0336e+04
 3.1646e+05	 1.0328e+04	 1.0359e+00	 7.1991e-04	 1.2668e-10	-6.3149e-09	 1.2996e-11	 5.5683e+07	 2.8814e+02	 1.0339e+04
 1.0014e+05	 1.0328e+04	 1.0365e+00	 1.9107e-03	 1.0640e-10	-2.0344e-09	 1.3004e-11	 6.6295e+07	 2.8815e+02	 1.0341e+04
 3.1691e+04	 1.0328e+04	 1.0373e+00	 3.6919e-03	 6.5060e-11	-6.5815e-10	 1.3015e-11	 1.0842e+08	 2.8815e+02	 1.0344e+04
 1.0029e+04	 1.0328e+04	 1.0402e+00	 8.0491e-03	 4.4887e-11	-2.2441e-10	 1.3051e-11	 1.5715e+08	 2.8815e+02	 1.0346e+04
 3.1737e+03	 1.0328e+04	 1.0459e+00	 1.5759e-02	 2.7811e-11	-8.1006e-11	 1.3122e-11	 2.5364e+08	 2.8815e+02	 1.0349e+04
 1.0043e+03	 1.0328e+04	 1.0535e+00	 3.1356e-02	 1.7511e-11	-2.9883e-11	 1.3217e-11	 4.0283e+08	 2.8815e+02	 1.0352e+04
 3.1783e+02	 1.0328e+04	 1.0601e+00	 8.1232e-02	 1.4356e-11	-1.0613e-11	 1.3300e-11	 4.9135e+08	 2.8815e+02	 1.0354e+04
 1.0058e+02	 1.0328e+04	 1.0849e+00	 2.3633e-01	 1.3218e-11	-4.7505e-12	 1.3612e-11	 5.3368e+08	 2.8815e+02	 1.0357e+04
 3.1829e+01	 1.0328e+04	 1.1896e+00	 6.6365e-01	 1.1746e-11	-3.3555e-12	 1.4925e-11	 6.0055e+08	 2.8815e+02	 1.0359e+04
 1.0072e+01	 1.0328e+04	 1.4776e+00	 1.8036e+00	 1.0102e-11	-2.6751e-12	 1.8538e-11	 6.9830e+08	 2.8815e+02	 1.0362e+04
 3.1874e+00	 1.0328e+04	 2.1819e+00	 5.0996e+00	 9.0385e-12	-2.0948e-12	 2.7374e-11	 7.8043e+08	 2.8815e+02	 1.0368e+04
 1.0087e+00	 1.0328e+04	 3.9048e+00	 1.4623e+01	 8.2021e-12	-1.6293e-12	 4.8990e-11	 8.6002e+08	 2.8815e+02	 1.0374e+04
 1.0000e+06	 1.0371e+04	 1.0366e+00	-4.0012e-04	-2.2249e-10	-2.0362e-08	 1.3006e-11	-3.1705e+07	 2.8815e+02	 1.0379e+04
 3.1646e+05	 1.0371e+04	 1.0358e+00	 5.8477e-04	 1.0290e-10	-6.3026e-09	 1.2996e-11	 6.8550e+07	 2.8815e+02	 1.0382e+04
 1.0014e+05	 1.0371e+04	 1.0365e+00	 1.8645e-03	 1.0382e-10	-2.0329e-09	 1.3004e-11	 6.7941e+07	 2.8815e+02	 1.0384e+04
 3.1691e+04	 1.0371e+04	 1.0373e+00	 3.6050e-03	 6.3529e-11	-6.5651e-10	 1.3014e-11	 1.1104e+08	 2.8815e+02	 1.0387e+04
 1.0029e+04	 1.0371e+04	 1.0401e+00	 7.8900e-03	 4.4000e-11	-2.2357e-10	 1.3049e-11	 1.6032e+08	 2.8816e+02	 1.0389e+04
 3.1737e+03	 1.0371e+04	 1.0456e+00	 1.5480e-02	 2.7319e-11	-8.0558e-11	 1.3119e-11	 2.5820e+08	 2.8815e+02	 1.0392e+04
 1.0043e+03	 1.0371e+04	 1.0533e+00	 3.0541e-02	 1.7056e-11	-2.9755e-11	 1.3215e-11	 4.1357e+08	 2.8815e+02	 1.0395e+04
 3.1783e+02	 1.0371e+04	 1.0597e+00	 7.8631e-02	 1.3897e-11	-1.0558e-11	 1.3296e-11	 5.0760e+08	 2.8815e+02	 1.0397e+04
 1.0058e+02	 1.0371e+04	 1.0835e+00	 2.2864e-01	 1.2787e-11	-4.6674e-12	 1.3593e-11	 5.5163e+08	 2.8816e+02	 1.0400e+04
 3.1829e+01	 1.0371e+04	 1.1836e+00	 6.4347e-01	 1.1389e-11	-3.2496e-12	 1.4850e-11	 6.1939e+08	 2.8816e+02	 1.0403e+04
 1.0072e+01	 1.0371e+04	 1.4641e+00	 1.7501e+00	 9.8023e-12	-2.5993e-12	 1.8369e-11	 7.1963e+08	 2.8815e+02	 1.0406e+04
 3.1874e+00	 1.0371e+04	 2.1245e+00	 4.9469e+00	 8.7680e-12	-1.9931e-12	 2.6655e-11	 8.0452e+08	 2.8815e+02	 1.0411e+04
 1.0087e+00	 1.0371e+04	 3.8862e+00	 1.4263e+01	 7.9999e-12	-1.6188e-12	 4.8757e-11	 8.8176e+08	 2.8815e+02	 1.0417e+04
 1.0000e+06	 1.0415e+04	 1.0366e+00	-5.0067e-04	-2.7840e-10	-2.0337e-08	 1.3005e-11	-2.5337e+07	 2.8814e+02	 1.0423e+04
 3.1646e+05	 1.0415e+04	 1.0358e+00	 6.2454e-04	 1.0990e-10	-6.3048e-09	 1.2996e-11	 6.4186e+07	 2.8815e+02	 1.0425e+04
 1.0014e+05	 1.0415e+04	 1.0365e+00	 1.8489e-03	 1.0296e-10	-2.0308e-09	 1.3004e-11	 6.8513e+07	 2.8814e+02	 1.0428e+04
 3.1691e+04	 1.0415e+04	 1.0372e+00	 3.5429e-03	 6.2434e-11	-6.5558e-10	 1.3013e-11	 1.1298e+08	 2.8815e+02	 1.0431e+04
 1.0029e+04	 1.0415e+04	 1.0400e+00	 7.7246e-03	 4.3078e-11	-2.2286e-10	 1.3048e-11	 1.6375e+08	 2.8814e+02	 1.0433e+04
 3.1737e+03	 1.0415e+04	 1.0454e+00	 1.5236e-02	 2.6887e-11	-8.0159e-11	 1.3116e-11	 2.6235e+08	 2.8814e+02	 1.0436e+04
 1.0043e+03	 1.0415e+04	 1.0531e+00	 2.9892e-02	 1.6694e-11	-2.9664e-11	 1.3213e-11	 4.2255e+08	 2.8815e+02	 1.0438e+04
 3.1783e+02	 1.0415e+04	 1.0594e+00	 7.6638e-02	 1.3544e-11	-1.0501e-11	 1.3292e-11	 5.2080e+08	 2.8815e+02	 1.0441e+04
 1.0058e+02	 1.0415e+04	 1.0821e+00	 2.2296e-01	 1.2469e-11	-4.5935e-12	 1.3577e-11	 5.6570e+08	 2.8814e+02	 1.0443e+04
 3.1829e+01	 1.0415e+04	 1.1775e+00	 6.2858e-01	 1.1125e-11	-3.1415e-12	 1.4773e-11	 6.3406e+08	 2.8815e+02	 1.0446e+04
 1.0072e+01	 1.0415e+04	 1.4535e+00	 1.7106e+00	 9.5810e-12	-2.5397e-12	 1.8235e-11	 7.3625e+08	 2.8815e+02	 1.0449e+04
 3.1874e+00	 1.0415e+04	 2.1305e+00	 4.8153e+00	 8.5348e-12	-2.0037e-12	 2.6730e-11	 8.2650e+08	 2.8815e+02	 1.0455e+04
 1.0087e+00	 1.0415e+04	 3.7606e+00	 1.3861e+01	 7.7746e-12	-1.5484e-12	 4.7182e-11	 9.0731e+08	 2.8815e+02	 1.0461e+04
 1.0000e+06	 1.0458e+04	 1.0366e+00	-4.6551e-04	-2.5885e-10	-2.0325e-08	 1.3005e-11	-2.7251e+07	 2.8814e+02	 1.0466e+04
 3.1646e+05	 1.0458e+04	 1.0358e+00	 6.8724e-04	 1.2093e-10	-6.2949e-09	 1.2995e-11	 5.8330e+07	 2.8814e+02	 1.0469e+04
 1.0014e+05	 1.0458e+04	 1.0364e+00	 1.8746e-03	 1.0439e-10	-2.0284e-09	 1.3003e-11	 6.7573e+07	 2.8815e+02	 1.0471e+04
 3.1691e+04	 1.0458e+04	 1.0372e+00	 3.4872e-03	 6.1452e-11	-6.5472e-10	 1.3012e-11	 1.1479e+08	 2.8815e+02	 1.0474e+04
 1.0029e+04	 1.0458e+04	 1.0399e+00	 7.6038e-03	 4.2404e-11	-2.2235e-10	 1.3046e-11	 1.6635e+08	 2.8815e+02	 1.0476e+04
 3.1737e+03	 1.0458e+04	 1.0453e+00	 1.5020e-02	 2.6506e-11	-7.9985e-11	 1.3115e-11	 2.6612e+08	 2.8815e+02	 1.0479e+04
 1.0043e+03	 1.0458e+04	 1.0530e+00	 2.9416e-02	 1.6428e-11	-2.9573e-11	 1.3211e-11	 4.2938e+08	 2.8815e+02	 1.0482e+04
 3.1783e+02	 1.0458e+04	 1.0592e+00	 7.4958e-02	 1.3247e-11	-1.0469e-11	 1.3289e-11	 5.3248e+08	 2.8815e+02	 1.0484e+04
 1.0058e+02	 1.0458e+04	 1.0812e+00	 2.1779e-01	 1.2180e-11	-4.5392e-12	 1.3564e-11	 5.7912e+08	 2.8815e+02	 1.0487e+04
 3.1829e+01	 1.0458e+04	 1.1738e+00	 6.1527e-01	 1.0889e-11	-3.0765e-12	 1.4727e-11	 6.4778e+08	 2.8815e+02	 1.0490e+04
 1.0072e+01	 1.0458e+04	 1.4463e+00	 1.6746e+00	 9.3794e-12	-2.4995e-12	 1.8145e-11	 7.5207e+08	 2.8815e+02	 1.0493e+04
 3.1874e+00	 1.0458e+04	 2.0800e+00	 4.7269e+00	 8.3780e-12	-1.9141e-12	 2.6096e-11	 8.4196e+08	 2.8815e+02	 1.0498e+04
 1.0087e+00	 1.0458e+04	 3.6846e+00	 1.3654e+01	 7.6586e-12	-1.5058e-12	 4.6227e-11	 9.2105e+08	 2.8815e+02	 1.0504e+04
 1.0000e+06	 1.0501e+04	 1.0365e+00	-5.1509e-04	-2.8642e-10	-2.0312e-08	 1.3004e-11	-2.4628e+07	 2.8815e+02	 1.0509e+04
 3.1646e+05	 1.0501e+04	 1.0358e+00	 5.2071e-04	 9.1630e-11	-6.2910e-09	 1.2995e-11	 7.6983e+07	 2.8815e+02	 1.0512e+04
 1.0014e+05	 1.0501e+04	 1.0364e+00	 1.7929e-03	 9.9841e-11	-2.0271e-09	 1.3003e-11	 7.0652e+07	 2.8815e+02	 1.0514e+04
 3.1691e+04	 1.0501e+04	 1.0371e+00	 3.3922e-03	 5.9779e-11	-6.5371e-10	 1.3012e-11	 1.1800e+08	 2.8815e+02	 1.0517e+04
 1.0029e+04	 1.0501e+04	 1.0397e+00	 7.4558e-03	 4.1578e-11	-2.2149e-10	 1.3044e-11	 1.6965e+08	 2.8815e+02	 1.0520e+04
 3.1737e+03	 1.0501e+04	 1.0450e+00	 1.4779e-02	 2.6081e-11	-7.9461e-11	 1.3111e-11	 2.7046e+08	 2.8815e+02	 1.0522e+04
 1.0043e+03	 1.0501e+04	 1.0527e+00	 2.8767e-02	 1.6065e-11	-2.9446e-11	 1.3208e-11	 4.3908e+08	 2.8815e+02	 1.0525e+04
 3.1783e+02	 1.0501e+04	 1.0589e+00	 7.2791e-02	 1.2864e-11	-1.0407e-11	 1.3285e-11	 5.4833e+08	 2.8815e+02	 1.0527e+04
 1.0058e+02	 1.0501e+04	 1.0798e+00	 2.1124e-01	 1.1814e-11	-4.4607e-12	 1.3547e-11	 5.9709e+08	 2.8815e+02	 1.0530e+04
 3.1829e+01	 1.0501e+04	 1.1699e+00	 5.9663e-01	 1.0559e-11	-3.0068e-12	 1.4678e-11	 6.6802e+08	 2.8814e+02	 1.0533e+04
 1.0072e+01	 1.0501e+04	 1.4296e+00	 1.6239e+00	 9.0954e-12	-2.4063e-12	 1.7936e-11	 7.7555e+08	 2.8815e+02	 1.0536e+04
 3.1874e+00	 1.0501e+04	 2.0478e+00	 4.5704e+00	 8.1007e-12	-1.8571e-12	 2.5692e-11	 8.7079e+08	 2.8815e+02	 1.0541e+04
 1.0087e+00	 1.0501e+04	 3.6157e+00	 1.3183e+01	 7.3941e-12	-1.4671e-12	 4.5363e-11	 9.5400e+08	 2.8815e+02	 1.0547e+04
 1.0000e+06	 1.0545e+04	 1.0365e+00	-4.4558e-04	-2.4777e-10	-2.0295e-08	 1.3004e-11	-2.8470e+07	 2.8815e+02	 1.0553e+04
 3.1646e+05	 1.0545e+04	 1.0357e+00	 5.7489e-04	 1.0116e-10	-6.2891e-09	 1.2995e-11	 6.9729e+07	 2.8815e+02	 1.0556e+04
 1.0014e+05	 1.0545e+04	 1.0363e+00	 1.7171e-03	 9.5620e-11	-2.0218e-09	 1.3002e-11	 7.3770e+07	 2.8814e+02	 1.0558e+04
 3.1691e+04	 1.0545e+04	 1.0370e+00	 3.2951e-03	 5.8067e-11	-6.5195e-10	 1.3010e-11	 1.2148e+08	 2.8815e+02	 1.0561e+04
 1.0029e+04	 1.0545e+04	 1.0395e+00	 7.2304e-03	 4.0322e-11	-2.2046e-10	 1.3042e-11	 1.7494e+08	 2.8815e+02	 1.0564e+04
 3.1737e+03	 1.0545e+04	 1.0447e+00	 1.4343e-02	 2.5311e-11	-7.8935e-11	 1.3107e-11	 2.7869e+08	 2.8816e+02	 1.0566e+04
 1.0043e+03	 1.0545e+04	 1.0524e+00	 2.7876e-02	 1.5568e-11	-2.9280e-11	 1.3204e-11	 4.5312e+08	 2.8815e+02	 1.0569e+04
 3.1783e+02	 1.0545e+04	 1.0584e+00	 6.9767e-02	 1.2330e-11	-1.0329e-11	 1.3279e-11	 5.7210e+08	 2.8815e+02	 1.0572e+04
 1.0058e+02	 1.0545e+04	 1.0781e+00	 2.0220e-01	 1.1308e-11	-4.3689e-12	 1.3526e-11	 6.2378e+08	 2.8816e+02	 1.0574e+04
 3.1829e+01	 1.0545e+04	 1.1638e+00	 5.7241e-01	 1.0131e-11	-2.8986e-12	 1.4601e-11	 6.9628e+08	 2.8816e+02	 1.0577e+04
 1.0072e+01	 1.0545e+04	 1.4142e+00	 1.5574e+00	 8.7228e-12	-2.3197e-12	 1.7742e-11	 8.0868e+08	 2.8816e+02	 1.0580e+04
 3.1874e+00	 1.0545e+04	 2.0151e+00	 4.3791e+00	 7.7615e-12	-1.7992e-12	 2.5282e-11	 9.0884e+08	 2.8816e+02	 1.0586e+04
 1.0087e+00	 1.0545e+04	 3.5315e+00	 1.2621e+01	 7.0791e-12	-1.4199e-12	 4.4307e-11	 9.9645e+08	 2.8815e+02	 1.0591e+04
 1.0000e+06	 1.0589e+04	 1.0365e+00	-4.2969e-04	-2.3894e-10	-2.0271e-08	 1.3004e-11	-2.9522e+07	 2.8816e+02	 1.0597e+04
 3.1646e+05	 1.0589e+04	 1.0356e+00	 6.1729e-04	 1.0862e-10	-6.2718e-09	 1.2993e-11	 6.4939e+07	 2.8815e+02	 1.0599e+04
 1.0014e+05	 1.0589e+04	 1.0363e+00	 1.6923e-03	 9.4237e-11	-2.0201e-09	 1.3001e-11	 7.4853e+07	 2.8815e+02	 1.0602e+04
 3.1691e+04	 1.0589e+04	 1.0369e+00	 3.1682e-03	 5.5831e-11	-6.4980e-10	 1.3009e-11	 1.2634e+08	 2.8816e+02	 1.0605e+04
 1.0029e+04	 1.0589e+04	 1.0393e+00	 6.9939e-03	 3.9003e-11	-2.1929e-10	 1.3039e-11	 1.8086e+08	 2.8815e+02	 1.0607e+04
 3.1737e+03	 1.0589e+04	 1.0443e+00	 1.4026e-02	 2.4754e-11	-7.8238e-11	 1.3102e-11	 2.8497e+08	 2.8815e+02	 1.0610e+04
 1.0043e+03	 1.0589e+04	 1.0521e+00	 2.6920e-02	 1.5034e-11	-2.9100e-11	 1.3200e-11	 4.6919e+08	 2.8815e+02	 1.0613e+04
 3.1783e+02	 1.0589e+04	 1.0580e+00	 6.6681e-02	 1.1785e-11	-1.0258e-11	 1.3274e-11	 5.9857e+08	 2.8815e+02	 1.0615e+04
 1.0058e+02	 1.0589e+04	 1.0764e+00	 1.9287e-01	 1.0787e-11	-4.2720e-12	 1.3504e-11	 6.5393e+08	 2.8815e+02	 1.0618e+04
 3.1829e+01	 1.0589e+04	 1.1562e+00	 5.4749e-01	 9.6898e-12	-2.7647e-12	 1.4506e-11	 7.2798e+08	 2.8815e+02	 1.0621e+04
 1.0072e+01	 1.0589e+04	 1.3978e+00	 1.4897e+00	 8.3437e-12	-2.2278e-12	 1.7536e-11	 8.4543e+08	 2.8814e+02	 1.0624e+04
 3.1874e+00	 1.0589e+04	 1.9796e+00	 4.1788e+00	 7.4066e-12	-1.7362e-12	 2.4836e-11	 9.5239e+08	 2.8814e+02	 1.0630e+04
 1.0087e+00	 1.0589e+04	 3.4230e+00	 1.1997e+01	 6.7290e-12	-1.3590e-12	 4.2945e-11	 1.0483e+09	 2.8814e+02	 1.0635e+04
 1.0000e+06	 1.0633e+04	 1.0364e+00	-5.7662e-04	-3.2064e-10	-2.0241e-08	 1.3003e-11	-2.2000e+07	 2.8814e+02	 1.0641e+04
 3.1646e+05	 1.0633e+04	 1.0356e+00	 4.8782e-04	 8.5841e-11	-6.2679e-09	 1.2993e-11	 8.2175e+07	 2.8814e+02	 1.0643e+04
 1.0014e+05	 1.0633e+04	 1.0362e+00	 1.6142e-03	 8.9888e-11	-2.0143e-09	 1.3000e-11	 7.8475e+07	 2.8815e+02	 1.0646e+04
 3.1691e+04	 1.0633e+04	 1.0368e+00	 3.0689e-03	 5.4082e-11	-6.4812e-10	 1.3008e-11	 1.3043e+08	 2.8815e+02	 1.0648e+04
 1.0029e+04	 1.0633e+04	 1.0391e+00	 6.7642e-03	 3.7722e-11	-2.1823e-10	 1.3037e-11	 1.8700e+08	 2.8815e+02	 1.0651e+04
 3.1737e+03	 1.0633e+04	 1.0440e+00	 1.3598e-02	 2.3997e-11	-7.7615e-11	 1.3098e-11	 2.9395e+08	 2.8815e+02	 1.0654e+04
 1.0043e+03	 1.0633e+04	 1.0517e+00	 2.5973e-02	 1.4505e-11	-2.8888e-11	 1.3195e-11	 4.8631e+08	 2.8815e+02	 1.0656e+04
 3.1783e+02	 1.0633e+04	 1.0576e+00	 6.3454e-02	 1.1214e-11	-1.0176e-11	 1.3269e-11	 6.2901e+08	 2.8815e+02	 1.0659e+04
 1.0058e+02	 1.0633e+04	 1.0745e+00	 1.8301e-01	 1.0235e-11	-4.1638e-12	 1.3480e-11	 6.8918e+08	 2.8815e+02	 1.0661e+04
 3.1829e+01	 1.0633e+04	 1.1486e+00	 5.2167e-01	 9.2328e-12	-2.6309e-12	 1.4411e-11	 7.6401e+08	 2.8815e+02	 1.0664e+04
 1.0072e+01	 1.0633e+04	 1.3827e+00	 1.4196e+00	 7.9507e-12	-2.1432e-12	 1.7347e-11	 8.8721e+08	 2.8815e+02	 1.0667e+04
 3.1874e+00	 1.0633e+04	 1.9347e+00	 3.9685e+00	 7.0338e-12	-1.6567e-12	 2.4273e-11	 1.0029e+09	 2.8815e+02	 1.0673e+04
 1.0087e+00	 1.0633e+04	 3.3283e+00	 1.1424e+01	 6.4074e-12	-1.3059e-12	 4.1758e-11	 1.1009e+09	 2.8816e+02	 1.0679e+04
 1.0000e+06	 1.0676e+04	 1.0364e+00	-5.3531e-04	-2.9767e-10	-2.0218e-08	 1.3002e-11	-2.3697e+07	 2.8815e+02	 1.0684e+04
 3.1646e+05	 1.0676e+04	 1.0355e+00	 4.2482e-04	 7.4756e-11	-6.2526e-09	 1.2992e-11	 9.4360e+07	 2.8815e+02	 1.0687e+04
 1.0014e+05	 1.0676e+04	 1.0361e+00	 1.5549e-03	 8.6588e-11	-2.0106e-09	 1.2999e-11	 8.1466e+07	 2.8816e+02	 1.0689e+04
 3.1691e+04	 1.0676e+04	 1.0366e+00	 2.9067e-03	 5.1223e-11	-6.4584e-10	 1.3006e-11	 1.3771e+08	 2.8816e+02	 1.0692e+04
 1.0029e+04	 1.0676e+04	 1.0389e+00	 6.4798e-03	 3.6136e-11	-2.1688e-10	 1.3034e-11	 1.9521e+08	 2.8815e+02	 1.0695e+04
 3.1737e+03	 1.0676e+04	 1.0435e+00	 1.3110e-02	 2.3136e-11	-7.6765e-11	 1.3092e-11	 3.0489e+08	 2.8815e+02	 1.0697e+04
 1.0043e+03	 1.0676e+04	 1.0513e+00	 2.4910e-02	 1.3911e-11	-2.8628e-11	 1.3189e-11	 5.0706e+08	 2.8815e+02	 1.0700e+04
 3.1783e+02	 1.0676e+04	 1.0571e+00	 5.9838e-02	 1.0575e-11	-1.0087e-11	 1.3262e-11	 6.6702e+08	 2.8815e+02	 1.0703e+04
 1.0058e+02	 1.0676e+04	 1.0726e+00	 1.7192e-01	 9.6149e-12	-4.0611e-12	 1.3457e-11	 7.3365e+08	 2.8815e+02	 1.0705e+04
 3.1829e+01	 1.0676e+04	 1.1418e+00	 4.9098e-01	 8.6896e-12	-2.5089e-12	 1.4325e-11	 8.1177e+08	 2.8815e+02	 1.0708e+04
 1.0072e+01	 1.0676e+04	 1.3600e+00	 1.3373e+00	 7.4899e-12	-2.0162e-12	 1.7063e-11	 9.4180e+08	 2.8814e+02	 1.0711e+04
 3.1874e+00	 1.0676e+04	 1.8808e+00	 3.7336e+00	 6.6174e-12	-1.5612e-12	 2.3597e-11	 1.0660e+09	 2.8814e+02	 1.0717e+04
 1.0087e+00	 1.0676e+04	 3.1706e+00	 1.0643e+01	 5.9697e-12	-1.2175e-12	 3.9779e-11	 1.1816e+09	 2.8815e+02	 1.0722e+04
 1.0000e+06	 1.0720e+04	 1.0363e+00	-4.7260e-04	-2.6280e-10	-2.0172e-08	 1.3001e-11	-2.6842e+07	 2.8814e+02	 1.0728e+04
 3.1646e+05	 1.0720e+04	 1.0354e+00	 5.0854e-04	 8.9487e-11	-6.2366e-09	 1.2991e-11	 7.8827e+07	 2.8814e+02	 1.0730e+04
 1.0014e+05	 1.0720e+04	 1.0360e+00	 1.5304e-03	 8.5221e-11	-2.0045e-09	 1.2998e-11	 8.2773e+07	 2.8814e+02	 1.0733e+04
 3.1691e+04	 1.0720e+04	 1.0365e+00	 2.7697e-03	 4.8808e-11	-6.4348e-10	 1.3004e-11	 1.4452e+08	 2.8815e+02	 1.0736e+04
 1.0029e+04	 1.0720e+04	 1.0386e+00	 6.1697e-03	 3.4406e-11	-2.1536e-10	 1.3031e-11	 2.0502e+08	 2.8814e+02	 1.0738e+04
 3.1737e+03	 1.0720e+04	 1.0431e+00	 1.2530e-02	 2.2113e-11	-7.5981e-11	 1.3086e-11	 3.1900e+08	 2.8815e+02	 1.0741e+04
 1.0043e+03	 1.0720e+04	 1.0508e+00	 2.3756e-02	 1.3267e-11	-2.8349e-11	 1.3183e-11	 5.3168e+08	 2.8815e+02	 1.0743e+04
 3.1783e+02	 1.0720e+04	 1.0566e+00	 5.5959e-02	 9.8898e-12	-9.9986e-12	 1.3256e-11	 7.1326e+08	 2.8815e+02	 1.0746e+04
 1.0058e+02	 1.0720e+04	 1.0705e+00	 1.5984e-01	 8.9396e-12	-3.9427e-12	 1.3431e-11	 7.8907e+08	 2.8815e+02	 1.0749e+04
 3.1829e+01	 1.0720e+04	 1.1323e+00	 4.5858e-01	 8.1162e-12	-2.3414e-12	 1.4206e-11	 8.6913e+08	 2.8815e+02	 1.0751e+04
 1.0072e+01	 1.0720e+04	 1.3359e+00	 1.2522e+00	 7.0136e-12	-1.8815e-12	 1.6761e-11	 1.0058e+09	 2.8815e+02	 1.0754e+04
 3.1874e+00	 1.0720e+04	 1.8227e+00	 3.4824e+00	 6.1722e-12	-1.4581e-12	 2.2867e-11	 1.1429e+09	 2.8815e+02	 1.0760e+04
 1.0087e+00	 1.0720e+04	 3.0464e+00	 9.9174e+00	 5.5626e-12	-1.1478e-12	 3.8221e-11	 1.2681e+09	 2.8815e+02	 1.0766e+04
 1.0000e+06	 1.0763e+04	 1.0362e+00	-4.8981e-04	-2.7237e-10	-2.0152e-08	 1.3001e-11	-2.5899e+07	 2.8815e+02	 1.0771e+04
 3.1646e+05	 1.0763e+04	 1.0353e+00	 4.4343e-04	 7.8030e-11	-6.2188e-09	 1.2990e-11	 9.0400e+07	 2.8815e+02	 1.0774e+04
 1.0014e+05	 1.0763e+04	 1.0359e+00	 1.4776e-03	 8.2281e-11	-2.0004e-09	 1.2997e-11	 8.5730e+07	 2.8815e+02	 1.0776e+04
 3.1691e+04	 1.0763e+04	 1.0364e+00	 2.6127e-03	 4.6042e-11	-6.4073e-10	 1.3002e-11	 1.5321e+08	 2.8815e+02	 1.0779e+04
 1.0029e+04	 1.0763e+04	 1.0384e+00	 5.8280e-03	 3.2501e-11	-2.1389e-10	 1.3027e-11	 2.1704e+08	 2.8815e+02	 1.0781e+04
 3.1737e+03	 1.0763e+04	 1.0426e+00	 1.2058e-02	 2.1279e-11	-7.5117e-11	 1.3080e-11	 3.3150e+08	 2.8815e+02	 1.0784e+04
 1.0043e+03	 1.0763e+04	 1.0502e+00	 2.2622e-02	 1.2634e-11	-2.8052e-11	 1.3176e-11	 5.5834e+08	 2.8815e+02	 1.0786e+04
 3.1783e+02	 1.0763e+04	 1.0560e+00	 5.2233e-02	 9.2313e-12	-9.9027e-12	 1.3249e-11	 7.6414e+08	 2.8816e+02	 1.0789e+04
 1.0058e+02	 1.0763e+04	 1.0686e+00	 1.4834e-01	 8.2963e-12	-3.8379e-12	 1.3407e-11	 8.5025e+08	 2.8815e+02	 1.0791e+04
 3.1829e+01	 1.0763e+04	 1.1247e+00	 4.2718e-01	 7.5606e-12	-2.2073e-12	 1.4111e-11	 9.3300e+08	 2.8815e+02	 1.0794e+04
 1.0072e+01	 1.0763e+04	 1.3152e+00	 1.1701e+00	 6.5536e-12	-1.7657e-12	 1.6501e-11	 1.0763e+09	 2.8815e+02	 1.0797e+04
 3.1874e+00	 1.0763e+04	 1.7761e+00	 3.2401e+00	 5.7428e-12	-1.3756e-12	 2.2284e-11	 1.2283e+09	 2.8815e+02	 1.0803e+04
 1.0087e+00	 1.0763e+04	 2.8952e+00	 9.2245e+00	 5.1739e-12	-1.0630e-12	 3.6324e-11	 1.3634e+09	 2.8815e+02	 1.0808e+04
 1.0000e+06	 1.0806e+04	 1.0361e+00	-5.7211e-04	-3.1813e-10	-2.0090e-08	 1.2999e-11	-2.2173e+07	 2.8815e+02	 1.0814e+04
 3.1646e+05	 1.0806e+04	 1.0354e+00	 4.0828e-04	 7.1845e-11	-6.2218e-09	 1.2990e-11	 9.8184e+07	 2.8815e+02	 1.0816e+04
 1.0014e+05	 1.0806e+04	 1.0358e+00	 1.3504e-03	 7.5201e-11	-1.9946e-09	 1.2996e-11	 9.3801e+07	 2.8815e+02	 1.0819e+04
 3.1691e+04	 1.0806e+04	 1.0362e+00	 2.5023e-03	 4.4096e-11	-6.3845e-10	 1.3001e-11	 1.5997e+08	 2.8815e+02	 1.0821e+04
 1.0029e+04	 1.0806e+04	 1.0381e+00	 5.5441e-03	 3.0918e-11	-2.1255e-10	 1.3024e-11	 2.2815e+08	 2.8815e+02	 1.0824e+04
 3.1737e+03	 1.0806e+04	 1.0421e+00	 1.1545e-02	 2.0374e-11	-7.4243e-11	 1.3074e-11	 3.4622e+08	 2.8815e+02	 1.0826e+04
 1.0043e+03	 1.0806e+04	 1.0497e+00	 2.1588e-02	 1.2056e-11	-2.7773e-11	 1.3170e-11	 5.8508e+08	 2.8815e+02	 1.0829e+04
 3.1783e+02	 1.0806e+04	 1.0555e+00	 4.8908e-02	 8.6435e-12	-9.8122e-12	 1.3243e-11	 8.1610e+08	 2.8815e+02	 1.0832e+04
 1.0058e+02	 1.0806e+04	 1.0670e+00	 1.3812e-01	 7.7248e-12	-3.7446e-12	 1.3386e-11	 9.1316e+08	 2.8815e+02	 1.0835e+04
 3.1829e+01	 1.0806e+04	 1.1175e+00	 3.9868e-01	 7.0560e-12	-2.0793e-12	 1.4020e-11	 9.9971e+08	 2.8815e+02	 1.0838e+04
 1.0072e+01	 1.0806e+04	 1.2938e+00	 1.0959e+00	 6.1380e-12	-1.6454e-12	 1.6232e-11	 1.1492e+09	 2.8815e+02	 1.0840e+04
 3.1874e+00	 1.0806e+04	 1.7316e+00	 3.0130e+00	 5.3403e-12	-1.2968e-12	 2.1725e-11	 1.3209e+09	 2.8815e+02	 1.0851e+04
 1.0087e+00	 1.0806e+04	 2.7908e+00	 8.5391e+00	 4.7895e-12	-1.0044e-12	 3.5014e-11	 1.4728e+09	 2.8815e+02	 1.0857e+04
 1.0000e+06	 1.0854e+04	 1.0361e+00	-4.9901e-04	-2.7748e-10	-2.0076e-08	 1.2999e-11	-2.5421e+07	 2.8815e+02	 1.0862e+04
 3.1646e+05	 1.0854e+04	 1.0352e+00	 4.2513e-04	 7.4810e-11	-6.1973e-09	 1.2988e-11	 9.4292e+07	 2.8815e+02	 1.0865e+04
 1.0014e+05	 1.0854e+04	 1.0357e+00	 1.3443e-03	 7.4862e-11	-1.9883e-09	 1.2994e-11	 9.4227e+07	 2.8815e+02	 1.0867e+04
 3.1691e+04	 1.0854e+04	 1.0361e+00	 2.3376e-03	 4.1193e-11	-6.3640e-10	 1.2999e-11	 1.7124e+08	 2.8815e+02	 1.0870e+04
 1.0029e+04	 1.0854e+04	 1.0379e+00	 5.2401e-03	 2.9222e-11	-2.1122e-10	 1.3021e-11	 2.4139e+08	 2.8815e+02	 1.0872e+04
 3.1737e+03	 1.0854e+04	 1.0416e+00	 1.0996e-02	 1.9405e-11	-7.3403e-11	 1.3068e-11	 3.6352e+08	 2.8815e+02	 1.0875e+04
 1.0043e+03	 1.0854e+04	 1.0492e+00	 2.0549e-02	 1.1476e-11	-2.7459e-11	 1.3163e-11	 6.1467e+08	 2.8815e+02	 1.0878e+04
 3.1783e+02	 1.0854e+04	 1.0550e+00	 4.5562e-02	 8.0523e-12	-9.7249e-12	 1.3237e-11	 8.7602e+08	 2.8815e+02	 1.0880e+04
 1.0058e+02	 1.0854e+04	 1.0654e+00	 1.2753e-01	 7.1325e-12	-3.6592e-12	 1.3367e-11	 9.8898e+08	 2.8815e+02	 1.0883e+04
 3.1829e+01	 1.0854e+04	 1.1099e+00	 3.6980e-01	 6.5450e-12	-1.9455e-12	 1.3925e-11	 1.0778e+09	 2.8816e+02	 1.0886e+04
 1.0072e+01	 1.0854e+04	 1.2753e+00	 1.0190e+00	 5.7072e-12	-1.5417e-12	 1.6000e-11	 1.2360e+09	 2.8815e+02	 1.0889e+04
 3.1874e+00	 1.0854e+04	 1.6798e+00	 2.8042e+00	 4.9702e-12	-1.2049e-12	 2.1075e-11	 1.4192e+09	 2.8815e+02	 1.0899e+04
 1.0087e+00	 1.0854e+04	 2.6618e+00	 7.9188e+00	 4.4416e-12	-9.3206e-13	 3.3395e-11	 1.5882e+09	 2.8815e+02	 1.0905e+04
 1.0000e+06	 1.0902e+04	 1.0362e+00	-4.7836e-04	-2.6600e-10	-2.0113e-08	 1.3000e-11	-2.6519e+07	 2.8815e+02	 1.0908e+04
 3.1646e+05	 1.0902e+04	 1.0351e+00	 4.0871e-04	 7.1920e-11	-6.1831e-09	 1.2987e-11	 9.8080e+07	 2.8815e+02	 1.0911e+04
 1.0014e+05	 1.0902e+04	 1.0356e+00	 1.2863e-03	 7.1631e-11	-1.9850e-09	 1.2993e-11	 9.8477e+07	 2.8815e+02	 1.0913e+04
 3.1691e+04	 1.0902e+04	 1.0360e+00	 2.2344e-03	 3.9375e-11	-6.3414e-10	 1.2998e-11	 1.7915e+08	 2.8815e+02	 1.0916e+04
 1.0029e+04	 1.0902e+04	 1.0377e+00	 5.0060e-03	 2.7917e-11	-2.1011e-10	 1.3019e-11	 2.5268e+08	 2.8815e+02	 1.0918e+04
 3.1737e+03	 1.0902e+04	 1.0412e+00	 1.0488e-02	 1.8509e-11	-7.2713e-11	 1.3063e-11	 3.8111e+08	 2.8815e+02	 1.0921e+04
 1.0043e+03	 1.0902e+04	 1.0486e+00	 1.9665e-02	 1.0982e-11	-2.7162e-11	 1.3156e-11	 6.4230e+08	 2.8815e+02	 1.0924e+04
 3.1783e+02	 1.0902e+04	 1.0546e+00	 4.2758e-02	 7.5567e-12	-9.6469e-12	 1.3231e-11	 9.3347e+08	 2.8815e+02	 1.0926e+04
 1.0058e+02	 1.0902e+04	 1.0640e+00	 1.1859e-01	 6.6324e-12	-3.5817e-12	 1.3350e-11	 1.0636e+09	 2.8815e+02	 1.0929e+04
 3.1829e+01	 1.0902e+04	 1.1039e+00	 3.4475e-01	 6.1015e-12	-1.8381e-12	 1.3849e-11	 1.1561e+09	 2.8815e+02	 1.0932e+04
 1.0072e+01	 1.0902e+04	 1.2548e+00	 9.5598e-01	 5.3543e-12	-1.4271e-12	 1.5743e-11	 1.3174e+09	 2.8815e+02	 1.0935e+04
 3.1874e+00	 1.0902e+04	 1.6384e+00	 2.6233e+00	 4.6495e-12	-1.1314e-12	 2.0555e-11	 1.5171e+09	 2.8815e+02	 1.0945e+04
 1.0087e+00	 1.0902e+04	 2.5748e+00	 7.4406e+00	 4.1734e-12	-8.8328e-13	 3.2304e-11	 1.6902e+09	 2.8815e+02	 1.0951e+04
 1.0000e+06	 1.0948e+04	 1.0361e+00	-4.5710e-04	-2.5417e-10	-2.0064e-08	 1.2999e-11	-2.7753e+07	 2.8815e+02	 1.0955e+04
 3.1646e+05	 1.0948e+04	 1.0351e+00	 3.6694e-04	 6.4570e-11	-6.1717e-09	 1.2986e-11	 1.0924e+08	 2.8815e+02	 1.0957e+04
 1.0014e+05	 1.0948e+04	 1.0356e+00	 1.2288e-03	 6.8425e-11	-1.9803e-09	 1.2992e-11	 1.0309e+08	 2.8815e+02	 1.0960e+04
 3.1691e+04	 1.0948e+04	 1.0359e+00	 2.1336e-03	 3.7600e-11	-6.3209e-10	 1.2996e-11	 1.8761e+08	 2.8815e+02	 1.0962e+04
 1.0029e+04	 1.0948e+04	 1.0374e+00	 4.7564e-03	 2.6525e-11	-2.0876e-10	 1.3016e-11	 2.6594e+08	 2.8815e+02	 1.0965e+04
 3.1737e+03	 1.0948e+04	 1.0408e+00	 1.0006e-02	 1.7658e-11	-7.1925e-11	 1.3057e-11	 3.9947e+08	 2.8815e+02	 1.0968e+04
 1.0043e+03	 1.0948e+04	 1.0481e+00	 1.8830e-02	 1.0516e-11	-2.6871e-11	 1.3150e-11	 6.7080e+08	 2.8815e+02	 1.0970e+04
 3.1783e+02	 1.0948e+04	 1.0541e+00	 4.0150e-02	 7.0958e-12	-9.5617e-12	 1.3225e-11	 9.9411e+08	 2.8815e+02	 1.0973e+04
 1.0058e+02	 1.0948e+04	 1.0629e+00	 1.1040e-01	 6.1746e-12	-3.5174e-12	 1.3335e-11	 1.1424e+09	 2.8815e+02	 1.0976e+04
 3.1829e+01	 1.0948e+04	 1.0989e+00	 3.2162e-01	 5.6923e-12	-1.7502e-12	 1.3787e-11	 1.2392e+09	 2.8815e+02	 1.0978e+04
 1.0072e+01	 1.0948e+04	 1.2399e+00	 8.9474e-01	 5.0113e-12	-1.3437e-12	 1.5556e-11	 1.4076e+09	 2.8815e+02	 1.0982e+04
 3.1874e+00	 1.0948e+04	 1.5992e+00	 2.4562e+00	 4.3534e-12	-1.0621e-12	 2.0064e-11	 1.6203e+09	 2.8815e+02	 1.0992e+04
 1.0087e+00	 1.0948e+04	 2.4753e+00	 6.9386e+00	 3.8918e-12	-8.2748e-13	 3.1055e-11	 1.8125e+09	 2.8815e+02	 1.0997e+04
 1.0000e+06	 1.0995e+04	 1.0361e+00	-6.4410e-04	-3.5816e-10	-2.0047e-08	 1.2998e-11	-1.9695e+07	 2.8815e+02	 1.1001e+04
 3.1646e+05	 1.0995e+04	 1.0351e+00	 2.7250e-04	 4.7951e-11	-6.1687e-09	 1.2986e-11	 1.4711e+08	 2.8815e+02	 1.1004e+04
 1.0014e+05	 1.0995e+04	 1.0355e+00	 1.1223e-03	 6.2499e-11	-1.9741e-09	 1.2991e-11	 1.1287e+08	 2.8815e+02	 1.1006e+04
 3.1691e+04	 1.0995e+04	 1.0358e+00	 2.0093e-03	 3.5409e-11	-6.3021e-10	 1.2995e-11	 1.9921e+08	 2.8815e+02	 1.1009e+04
 1.0029e+04	 1.0995e+04	 1.0373e+00	 4.5154e-03	 2.5181e-11	-2.0785e-10	 1.3014e-11	 2.8013e+08	 2.8815e+02	 1.1011e+04
 3.1737e+03	 1.0995e+04	 1.0404e+00	 9.6077e-03	 1.6955e-11	-7.1281e-11	 1.3053e-11	 4.1603e+08	 2.8815e+02	 1.1014e+04
 1.0043e+03	 1.0995e+04	 1.0476e+00	 1.8063e-02	 1.0088e-11	-2.6572e-11	 1.3143e-11	 6.9927e+08	 2.8815e+02	 1.1017e+04
 3.1783e+02	 1.0995e+04	 1.0537e+00	 3.7860e-02	 6.6911e-12	-9.4908e-12	 1.3220e-11	 1.0542e+09	 2.8816e+02	 1.1019e+04
 1.0058e+02	 1.0995e+04	 1.0619e+00	 1.0310e-01	 5.7660e-12	-3.4605e-12	 1.3322e-11	 1.2234e+09	 2.8815e+02	 1.1022e+04
 3.1829e+01	 1.0995e+04	 1.0938e+00	 3.0079e-01	 5.3236e-12	-1.6606e-12	 1.3723e-11	 1.3250e+09	 2.8816e+02	 1.1025e+04
 1.0072e+01	 1.0995e+04	 1.2234e+00	 8.4018e-01	 4.7057e-12	-1.2510e-12	 1.5348e-11	 1.4990e+09	 2.8815e+02	 1.1028e+04
 3.1874e+00	 1.0995e+04	 1.5626e+00	 2.3017e+00	 4.0796e-12	-9.9720e-13	 1.9605e-11	 1.7291e+09	 2.8816e+02	 1.1039e+04
 1.0087e+00	 1.0995e+04	 2.3802e+00	 6.4798e+00	 3.6345e-12	-7.7415e-13	 2.9862e-11	 1.9409e+09	 2.8816e+02	 1.1044e+04
 1.0000e+06	 1.1041e+04	 1.0360e+00	-6.5296e-04	-3.6309e-10	-2.0008e-08	 1.2998e-11	-1.9428e+07	 2.8816e+02	 1.1048e+04
 3.1646e+05	 1.1041e+04	 1.0350e+00	 2.5260e-04	 4.4449e-11	-6.1595e-09	 1.2985e-11	 1.5870e+08	 2.8815e+02	 1.1050e+04
 1.0014e+05	 1.1041e+04	 1.0354e+00	 1.0899e-03	 6.0690e-11	-1.9693e-09	 1.2990e-11	 1.1623e+08	 2.8815e+02	 1.1053e+04
 3.1691e+04	 1.1041e+04	 1.0356e+00	 1.8960e-03	 3.3411e-11	-6.2819e-10	 1.2993e-11	 2.1112e+08	 2.8814e+02	 1.1056e+04
 1.0029e+04	 1.1041e+04	 1.0371e+00	 4.2951e-03	 2.3952e-11	-2.0675e-10	 1.3011e-11	 2.9450e+08	 2.8814e+02	 1.1058e+04
 3.1737e+03	 1.1041e+04	 1.0400e+00	 9.2503e-03	 1.6325e-11	-7.0578e-11	 1.3048e-11	 4.3210e+08	 2.8814e+02	 1.1061e+04
 1.0043e+03	 1.1041e+04	 1.0471e+00	 1.7371e-02	 9.7013e-12	-2.6286e-11	 1.3137e-11	 7.2712e+08	 2.8815e+02	 1.1063e+04
 3.1783e+02	 1.1041e+04	 1.0533e+00	 3.5720e-02	 6.3128e-12	-9.4147e-12	 1.3214e-11	 1.1174e+09	 2.8815e+02	 1.1066e+04
 1.0058e+02	 1.1041e+04	 1.0610e+00	 9.6370e-02	 5.3897e-12	-3.4092e-12	 1.3311e-11	 1.3088e+09	 2.8814e+02	 1.1068e+04
 3.1829e+01	 1.1041e+04	 1.0901e+00	 2.8131e-01	 4.9787e-12	-1.5943e-12	 1.3676e-11	 1.4168e+09	 2.8814e+02	 1.1071e+04
 1.0072e+01	 1.1041e+04	 1.2092e+00	 7.8997e-01	 4.4245e-12	-1.1716e-12	 1.5171e-11	 1.5943e+09	 2.8815e+02	 1.1074e+04
 3.1874e+00	 1.1041e+04	 1.5281e+00	 2.1666e+00	 3.8402e-12	-9.3604e-13	 1.9172e-11	 1.8369e+09	 2.8814e+02	 1.1080e+04
 1.0087e+00	 1.1041e+04	 2.3181e+00	 6.1300e+00	 3.4383e-12	-7.3931e-13	 2.9083e-11	 2.0516e+09	 2.8814e+02	 1.1085e+04
 1.0000e+06	 1.1083e+04	 1.0359e+00	-6.5493e-04	-3.6418e-10	-1.9969e-08	 1.2997e-11	-1.9369e+07	 2.8814e+02	 1.1089e+04
 3.1646e+05	 1.1083e+04	 1.0350e+00	 2.7430e-04	 4.8268e-11	-6.1504e-09	 1.2985e-11	 1.4614e+08	 2.8815e+02	 1.1092e+04
 1.0014e+05	 1.1083e+04	 1.0353e+00	 1.0582e-03	 5.8929e-11	-1.9681e-09	 1.2990e-11	 1.1970e+08	 2.8815e+02	 1.1094e+04
 3.1691e+04	 1.1083e+04	 1.0356e+00	 1.8330e-03	 3.2302e-11	-6.2656e-10	 1.2992e-11	 2.1838e+08	 2.8815e+02	 1.1097e+04
 1.0029e+04	 1.1083e+04	 1.0369e+00	 4.1149e-03	 2.2948e-11	-2.0601e-10	 1.3010e-11	 3.0740e+08	 2.8815e+02	 1.1099e+04
 3.1737e+03	 1.1083e+04	 1.0397e+00	 8.9001e-03	 1.5707e-11	-7.0073e-11	 1.3044e-11	 4.4911e+08	 2.8815e+02	 1.1102e+04
 1.0043e+03	 1.1083e+04	 1.0466e+00	 1.6780e-02	 9.3709e-12	-2.6047e-11	 1.3131e-11	 7.5275e+08	 2.8815e+02	 1.1104e+04
 3.1783e+02	 1.1083e+04	 1.0529e+00	 3.4083e-02	 6.0235e-12	-9.3533e-12	 1.3210e-11	 1.1711e+09	 2.8815e+02	 1.1107e+04
 1.0058e+02	 1.1083e+04	 1.0604e+00	 9.0848e-02	 5.0809e-12	-3.3790e-12	 1.3304e-11	 1.3883e+09	 2.8815e+02	 1.1110e+04
 3.1829e+01	 1.1083e+04	 1.0867e+00	 2.6544e-01	 4.6979e-12	-1.5344e-12	 1.3634e-11	 1.5015e+09	 2.8815e+02	 1.1113e+04
 1.0072e+01	 1.1083e+04	 1.1981e+00	 7.4777e-01	 4.1881e-12	-1.1097e-12	 1.5032e-11	 1.6843e+09	 2.8815e+02	 1.1116e+04
 3.1874e+00	 1.1083e+04	 1.5019e+00	 2.0527e+00	 3.6382e-12	-8.8963e-13	 1.8843e-11	 1.9389e+09	 2.8815e+02	 1.1121e+04
 1.0087e+00	 1.1083e+04	 2.2581e+00	 5.7928e+00	 3.2492e-12	-7.0568e-13	 2.8331e-11	 2.1710e+09	 2.8815e+02	 1.1127e+04
 1.0000e+06	 1.1124e+04	 1.0359e+00	-5.2115e-04	-2.8979e-10	-1.9968e-08	 1.2997e-11	-2.4341e+07	 2.8815e+02	 1.1131e+04
 3.1646e+05	 1.1124e+04	 1.0348e+00	 2.6032e-04	 4.5808e-11	-6.1292e-09	 1.2983e-11	 1.5399e+08	 2.8815e+02	 1.1133e+04
 1.0014e+05	 1.1124e+04	 1.0353e+00	 1.0848e-03	 6.0408e-11	-1.9637e-09	 1.2989e-11	 1.1677e+08	 2.8815e+02	 1.1136e+04
 3.1691e+04	 1.1124e+04	 1.0355e+00	 1.7687e-03	 3.1169e-11	-6.2534e-10	 1.2991e-11	 2.2631e+08	 2.8815e+02	 1.1138e+04
 1.0029e+04	 1.1124e+04	 1.0368e+00	 3.9488e-03	 2.2021e-11	-2.0521e-10	 1.3008e-11	 3.2033e+08	 2.8816e+02	 1.1141e+04
 3.1737e+03	 1.1124e+04	 1.0394e+00	 8.5609e-03	 1.5108e-11	-6.9575e-11	 1.3041e-11	 4.6690e+08	 2.8815e+02	 1.1144e+04
 1.0043e+03	 1.1124e+04	 1.0462e+00	 1.6241e-02	 9.0702e-12	-2.5802e-11	 1.3126e-11	 7.7771e+08	 2.8815e+02	 1.1146e+04
 3.1783e+02	 1.1124e+04	 1.0526e+00	 3.2541e-02	 5.7510e-12	-9.2890e-12	 1.3206e-11	 1.2266e+09	 2.8815e+02	 1.1149e+04
 1.0058e+02	 1.1124e+04	 1.0597e+00	 8.5883e-02	 4.8032e-12	-3.3402e-12	 1.3295e-11	 1.4686e+09	 2.8815e+02	 1.1152e+04
 3.1829e+01	 1.1124e+04	 1.0839e+00	 2.5071e-01	 4.4372e-12	-1.4841e-12	 1.3598e-11	 1.5897e+09	 2.8815e+02	 1.1155e+04
 1.0072e+01	 1.1124e+04	 1.1891e+00	 7.0741e-01	 3.9621e-12	-1.0593e-12	 1.4919e-11	 1.7804e+09	 2.8815e+02	 1.1158e+04
 3.1874e+00	 1.1124e+04	 1.4758e+00	 1.9421e+00	 3.4422e-12	-8.4326e-13	 1.8515e-11	 2.0493e+09	 2.8815e+02	 1.1163e+04
 1.0087e+00	 1.1124e+04	 2.1787e+00	 5.4996e+00	 3.0847e-12	-6.6114e-13	 2.7335e-11	 2.2868e+09	 2.8814e+02	 1.1168e+04
 1.0000e+06	 1.1166e+04	 1.0359e+00	-6.1278e-04	-3.4075e-10	-1.9939e-08	 1.2996e-11	-2.0701e+07	 2.8815e+02	 1.1172e+04
 3.1646e+05	 1.1166e+04	 1.0348e+00	 3.0134e-04	 5.3027e-11	-6.1240e-09	 1.2983e-11	 1.3303e+08	 2.8814e+02	 1.1175e+04
 1.0014e+05	 1.1166e+04	 1.0352e+00	 1.0379e-03	 5.7798e-11	-1.9612e-09	 1.2988e-11	 1.2204e+08	 2.8815e+02	 1.1177e+04
 3.1691e+04	 1.1166e+04	 1.0354e+00	 1.6994e-03	 2.9948e-11	-6.2395e-10	 1.2990e-11	 2.3554e+08	 2.8815e+02	 1.1180e+04
 1.0029e+04	 1.1166e+04	 1.0367e+00	 3.7820e-03	 2.1091e-11	-2.0450e-10	 1.3006e-11	 3.3445e+08	 2.8815e+02	 1.1182e+04
 3.1737e+03	 1.1166e+04	 1.0392e+00	 8.2872e-03	 1.4625e-11	-6.9135e-11	 1.3038e-11	 4.8232e+08	 2.8815e+02	 1.1185e+04
 1.0043e+03	 1.1166e+04	 1.0458e+00	 1.5750e-02	 8.7961e-12	-2.5581e-11	 1.3121e-11	 8.0194e+08	 2.8815e+02	 1.1188e+04
 3.1783e+02	 1.1166e+04	 1.0522e+00	 3.1149e-02	 5.5051e-12	-9.2291e-12	 1.3201e-11	 1.2814e+09	 2.8815e+02	 1.1190e+04
 1.0058e+02	 1.1166e+04	 1.0591e+00	 8.1201e-02	 4.5414e-12	-3.3037e-12	 1.3287e-11	 1.5533e+09	 2.8815e+02	 1.1193e+04
 3.1829e+01	 1.1166e+04	 1.0811e+00	 2.3746e-01	 4.2027e-12	-1.4353e-12	 1.3564e-11	 1.6784e+09	 2.8815e+02	 1.1196e+04
 1.0072e+01	 1.1166e+04	 1.1773e+00	 6.7326e-01	 3.7708e-12	-9.9302e-13	 1.4771e-11	 1.8707e+09	 2.8815e+02	 1.1199e+04
 3.1874e+00	 1.1166e+04	 1.4532e+00	 1.8487e+00	 3.2767e-12	-8.0326e-13	 1.8232e-11	 2.1527e+09	 2.8815e+02	 1.1204e+04
 1.0087e+00	 1.1166e+04	 2.1394e+00	 5.2006e+00	 2.9170e-12	-6.3906e-13	 2.6841e-11	 2.4182e+09	 2.8815e+02	 1.1209e+04
 1.0000e+06	 1.1207e+04	 1.0358e+00	-6.8798e-04	-3.8256e-10	-1.9914e-08	 1.2995e-11	-1.8439e+07	 2.8815e+02	 1.1213e+04
 3.1646e+05	 1.1207e+04	 1.0348e+00	 2.7492e-04	 4.8377e-11	-6.1199e-09	 1.2982e-11	 1.4581e+08	 2.8815e+02	 1.1216e+04
 1.0014e+05	 1.1207e+04	 1.0352e+00	 9.8315e-04	 5.4748e-11	-1.9584e-09	 1.2987e-11	 1.2884e+08	 2.8815e+02	 1.1219e+04
 3.1691e+04	 1.1207e+04	 1.0353e+00	 1.6280e-03	 2.8690e-11	-6.2262e-10	 1.2989e-11	 2.4587e+08	 2.8815e+02	 1.1221e+04
 1.0029e+04	 1.1207e+04	 1.0366e+00	 3.6395e-03	 2.0296e-11	-2.0391e-10	 1.3005e-11	 3.4755e+08	 2.8815e+02	 1.1224e+04
 3.1737e+03	 1.1207e+04	 1.0390e+00	 7.9561e-03	 1.4041e-11	-6.8784e-11	 1.3035e-11	 5.0239e+08	 2.8815e+02	 1.1226e+04
 1.0043e+03	 1.1207e+04	 1.0454e+00	 1.5286e-02	 8.5370e-12	-2.5366e-11	 1.3116e-11	 8.2628e+08	 2.8815e+02	 1.1229e+04
 3.1783e+02	 1.1207e+04	 1.0519e+00	 2.9902e-02	 5.2846e-12	-9.1728e-12	 1.3197e-11	 1.3348e+09	 2.8815e+02	 1.1231e+04
 1.0058e+02	 1.1207e+04	 1.0586e+00	 7.7286e-02	 4.3224e-12	-3.2781e-12	 1.3282e-11	 1.6319e+09	 2.8815e+02	 1.1234e+04
 3.1829e+01	 1.1207e+04	 1.0789e+00	 2.2552e-01	 3.9914e-12	-1.3968e-12	 1.3536e-11	 1.7673e+09	 2.8815e+02	 1.1237e+04
 1.0072e+01	 1.1207e+04	 1.1700e+00	 6.4075e-01	 3.5887e-12	-9.5239e-13	 1.4680e-11	 1.9656e+09	 2.8815e+02	 1.1240e+04
 3.1874e+00	 1.1207e+04	 1.4321e+00	 1.7634e+00	 3.1255e-12	-7.6586e-13	 1.7967e-11	 2.2569e+09	 2.8815e+02	 1.1246e+04
 1.0087e+00	 1.1207e+04	 2.0884e+00	 4.9514e+00	 2.7772e-12	-6.1045e-13	 2.6201e-11	 2.5399e+09	 2.8815e+02	 1.1251e+04
 1.0000e+06	 1.1249e+04	 1.0358e+00	-6.2257e-04	-3.4619e-10	-1.9886e-08	 1.2995e-11	-2.0376e+07	 2.8815e+02	 1.1255e+04
 3.1646e+05	 1.1249e+04	 1.0348e+00	 2.1386e-04	 3.7633e-11	-6.1216e-09	 1.2983e-11	 1.8744e+08	 2.8815e+02	 1.1258e+04
 1.0014e+05	 1.1249e+04	 1.0351e+00	 9.1953e-04	 5.1205e-11	-1.9557e-09	 1.2987e-11	 1.3776e+08	 2.8815e+02	 1.1260e+04
 3.1691e+04	 1.1249e+04	 1.0353e+00	 1.5710e-03	 2.7684e-11	-6.2155e-10	 1.2989e-11	 2.5480e+08	 2.8815e+02	 1.1263e+04
 1.0029e+04	 1.1249e+04	 1.0365e+00	 3.5174e-03	 1.9615e-11	-2.0329e-10	 1.3004e-11	 3.5961e+08	 2.8815e+02	 1.1265e+04
 3.1737e+03	 1.1249e+04	 1.0387e+00	 7.7561e-03	 1.3688e-11	-6.8283e-11	 1.3032e-11	 5.1535e+08	 2.8814e+02	 1.1268e+04
 1.0043e+03	 1.1249e+04	 1.0450e+00	 1.4847e-02	 8.2916e-12	-2.5158e-11	 1.3111e-11	 8.5073e+08	 2.8814e+02	 1.1271e+04
 3.1783e+02	 1.1249e+04	 1.0516e+00	 2.8734e-02	 5.0781e-12	-9.1145e-12	 1.3193e-11	 1.3891e+09	 2.8815e+02	 1.1273e+04
 1.0058e+02	 1.1249e+04	 1.0582e+00	 7.3415e-02	 4.1059e-12	-3.2570e-12	 1.3277e-11	 1.7180e+09	 2.8815e+02	 1.1276e+04
 3.1829e+01	 1.1249e+04	 1.0769e+00	 2.1425e-01	 3.7919e-12	-1.3613e-12	 1.3511e-11	 1.8603e+09	 2.8814e+02	 1.1279e+04
 1.0072e+01	 1.1249e+04	 1.1631e+00	 6.1092e-01	 3.4216e-12	-9.1366e-13	 1.4593e-11	 2.0616e+09	 2.8815e+02	 1.1282e+04
 3.1874e+00	 1.1249e+04	 1.4132e+00	 1.6822e+00	 2.9815e-12	-7.3233e-13	 1.7730e-11	 2.3659e+09	 2.8814e+02	 1.1287e+04
 1.0087e+00	 1.1249e+04	 2.0340e+00	 4.7346e+00	 2.6556e-12	-5.7995e-13	 2.5519e-11	 2.6563e+09	 2.8815e+02	 1.1293e+04
 1.0000e+06	 1.1290e+04	 1.0358e+00	-5.5737e-04	-3.0993e-10	-1.9896e-08	 1.2995e-11	-2.2760e+07	 2.8815e+02	 1.1296e+04
 3.1646e+05	 1.1290e+04	 1.0347e+00	 2.0697e-04	 3.6420e-11	-6.0998e-09	 1.2981e-11	 1.9368e+08	 2.8814e+02	 1.1299e+04
 1.0014e+05	 1.1290e+04	 1.0351e+00	 9.7422e-04	 5.4251e-11	-1.9540e-09	 1.2986e-11	 1.3002e+08	 2.8815e+02	 1.1301e+04
 3.1691e+04	 1.1290e+04	 1.0352e+00	 1.5111e-03	 2.6628e-11	-6.2036e-10	 1.2988e-11	 2.6490e+08	 2.8815e+02	 1.1304e+04
 1.0029e+04	 1.1290e+04	 1.0364e+00	 3.3756e-03	 1.8825e-11	-2.0277e-10	 1.3002e-11	 3.7472e+08	 2.8815e+02	 1.1307e+04
 3.1737e+03	 1.1290e+04	 1.0385e+00	 7.4222e-03	 1.3098e-11	-6.8024e-11	 1.3030e-11	 5.3853e+08	 2.8815e+02	 1.1309e+04
 1.0043e+03	 1.1290e+04	 1.0447e+00	 1.4442e-02	 8.0655e-12	-2.4955e-11	 1.3107e-11	 8.7459e+08	 2.8815e+02	 1.1312e+04
 3.1783e+02	 1.1290e+04	 1.0513e+00	 2.7773e-02	 4.9084e-12	-9.0670e-12	 1.3190e-11	 1.4371e+09	 2.8815e+02	 1.1314e+04
 1.0058e+02	 1.1290e+04	 1.0577e+00	 7.0024e-02	 3.9163e-12	-3.2288e-12	 1.3270e-11	 1.8012e+09	 2.8815e+02	 1.1317e+04
 3.1829e+01	 1.1290e+04	 1.0750e+00	 2.0428e-01	 3.6155e-12	-1.3281e-12	 1.3488e-11	 1.9510e+09	 2.8815e+02	 1.1320e+04
 1.0072e+01	 1.1290e+04	 1.1561e+00	 5.8413e-01	 3.2716e-12	-8.7426e-13	 1.4505e-11	 2.1561e+09	 2.8815e+02	 1.1323e+04
 3.1874e+00	 1.1290e+04	 1.3941e+00	 1.6097e+00	 2.8530e-12	-6.9858e-13	 1.7491e-11	 2.4725e+09	 2.8815e+02	 1.1328e+04
 1.0087e+00	 1.1290e+04	 1.9939e+00	 4.5369e+00	 2.5447e-12	-5.5750e-13	 2.5016e-11	 2.7720e+09	 2.8815e+02	 1.1334e+04
 1.0000e+06	 1.1331e+04	 1.0357e+00	-6.1889e-04	-3.4414e-10	-1.9851e-08	 1.2994e-11	-2.0497e+07	 2.8815e+02	 1.1338e+04
 3.1646e+05	 1.1331e+04	 1.0347e+00	 2.2561e-04	 3.9700e-11	-6.1043e-09	 1.2981e-11	 1.7768e+08	 2.8815e+02	 1.1340e+04
 1.0014e+05	 1.1331e+04	 1.0350e+00	 9.4270e-04	 5.2496e-11	-1.9516e-09	 1.2986e-11	 1.3437e+08	 2.8815e+02	 1.1343e+04
 3.1691e+04	 1.1331e+04	 1.0352e+00	 1.4673e-03	 2.5857e-11	-6.1963e-10	 1.2987e-11	 2.7280e+08	 2.8815e+02	 1.1345e+04
 1.0029e+04	 1.1331e+04	 1.0363e+00	 3.2932e-03	 1.8365e-11	-2.0217e-10	 1.3001e-11	 3.8410e+08	 2.8815e+02	 1.1348e+04
 3.1737e+03	 1.1331e+04	 1.0383e+00	 7.1628e-03	 1.2641e-11	-6.7674e-11	 1.3027e-11	 5.5804e+08	 2.8815e+02	 1.1351e+04
 1.0043e+03	 1.1331e+04	 1.0444e+00	 1.4057e-02	 7.8506e-12	-2.4773e-11	 1.3103e-11	 8.9853e+08	 2.8815e+02	 1.1353e+04
 3.1783e+02	 1.1331e+04	 1.0510e+00	 2.6784e-02	 4.7335e-12	-9.0091e-12	 1.3186e-11	 1.4902e+09	 2.8814e+02	 1.1356e+04
 1.0058e+02	 1.1331e+04	 1.0573e+00	 6.7141e-02	 3.7550e-12	-3.2063e-12	 1.3265e-11	 1.8785e+09	 2.8814e+02	 1.1358e+04
 3.1829e+01	 1.1331e+04	 1.0733e+00	 1.9497e-01	 3.4507e-12	-1.2973e-12	 1.3466e-11	 2.0442e+09	 2.8815e+02	 1.1361e+04
 1.0072e+01	 1.1331e+04	 1.1492e+00	 5.5880e-01	 3.1297e-12	-8.3574e-13	 1.4418e-11	 2.2538e+09	 2.8815e+02	 1.1364e+04
 3.1874e+00	 1.1331e+04	 1.3773e+00	 1.5422e+00	 2.7333e-12	-6.6871e-13	 1.7280e-11	 2.5807e+09	 2.8815e+02	 1.1370e+04
 1.0087e+00	 1.1331e+04	 1.9513e+00	 4.3465e+00	 2.4379e-12	-5.3358e-13	 2.4481e-11	 2.8934e+09	 2.8816e+02	 1.1375e+04
 1.0000e+06	 1.1373e+04	 1.0357e+00	-6.4521e-04	-3.5878e-10	-1.9835e-08	 1.2994e-11	-1.9661e+07	 2.8815e+02	 1.1379e+04
 3.1646e+05	 1.1373e+04	 1.0346e+00	 2.5459e-04	 4.4801e-11	-6.0901e-09	 1.2980e-11	 1.5745e+08	 2.8815e+02	 1.1381e+04
 1.0014e+05	 1.1373e+04	 1.0350e+00	 9.0650e-04	 5.0480e-11	-1.9483e-09	 1.2985e-11	 1.3974e+08	 2.8815e+02	 1.1384e+04
 3.1691e+04	 1.1373e+04	 1.0351e+00	 1.4139e-03	 2.4916e-11	-6.1833e-10	 1.2986e-11	 2.8311e+08	 2.8815e+02	 1.1387e+04
 1.0029e+04	 1.1373e+04	 1.0362e+00	 3.1713e-03	 1.7686e-11	-2.0164e-10	 1.3000e-11	 3.9885e+08	 2.8815e+02	 1.1389e+04
 3.1737e+03	 1.1373e+04	 1.0381e+00	 6.9540e-03	 1.2272e-11	-6.7246e-11	 1.3024e-11	 5.7479e+08	 2.8815e+02	 1.1392e+04
 1.0043e+03	 1.1373e+04	 1.0440e+00	 1.3692e-02	 7.6465e-12	-2.4590e-11	 1.3099e-11	 9.2250e+08	 2.8815e+02	 1.1395e+04
 3.1783e+02	 1.1373e+04	 1.0507e+00	 2.5928e-02	 4.5822e-12	-8.9559e-12	 1.3182e-11	 1.5394e+09	 2.8815e+02	 1.1397e+04
 1.0058e+02	 1.1373e+04	 1.0569e+00	 6.4200e-02	 3.5906e-12	-3.1825e-12	 1.3260e-11	 1.9646e+09	 2.8815e+02	 1.1400e+04
 3.1829e+01	 1.1373e+04	 1.0719e+00	 1.8622e-01	 3.2958e-12	-1.2717e-12	 1.3448e-11	 2.1403e+09	 2.8815e+02	 1.1402e+04
 1.0072e+01	 1.1373e+04	 1.1435e+00	 5.3502e-01	 2.9965e-12	-8.0357e-13	 1.4346e-11	 2.3540e+09	 2.8815e+02	 1.1406e+04
 3.1874e+00	 1.1373e+04	 1.3636e+00	 1.4759e+00	 2.6160e-12	-6.4439e-13	 1.7108e-11	 2.6965e+09	 2.8815e+02	 1.1411e+04
 1.0087e+00	 1.1373e+04	 1.9103e+00	 4.1574e+00	 2.3319e-12	-5.1055e-13	 2.3966e-11	 3.0250e+09	 2.8815e+02	 1.1416e+04
 1.0000e+06	 1.1414e+04	 1.0356e+00	-6.4442e-04	-3.5834e-10	-1.9792e-08	 1.2993e-11	-1.9685e+07	 2.8815e+02	 1.1421e+04
 3.1646e+05	 1.1414e+04	 1.0346e+00	 1.2757e-04	 2.2448e-11	-6.0927e-09	 1.2981e-11	 3.1424e+08	 2.8815e+02	 1.1423e+04
 1.0014e+05	 1.1414e+04	 1.0349e+00	 8.4008e-04	 4.6781e-11	-1.9460e-09	 1.2985e-11	 1.5079e+08	 2.8815e+02	 1.1426e+04
 3.1691e+04	 1.1414e+04	 1.0350e+00	 1.3357e-03	 2.3538e-11	-6.1750e-10	 1.2986e-11	 2.9968e+08	 2.8815e+02	 1.1428e+04
 1.0029e+04	 1.1414e+04	 1.0361e+00	 3.0554e-03	 1.7039e-11	-2.0112e-10	 1.2999e-11	 4.1399e+08	 2.8814e+02	 1.1431e+04
 3.1737e+03	 1.1414e+04	 1.0379e+00	 6.8306e-03	 1.2054e-11	-6.6867e-11	 1.3022e-11	 5.8518e+08	 2.8815e+02	 1.1433e+04
 1.0043e+03	 1.1414e+04	 1.0437e+00	 1.3349e-02	 7.4551e-12	-2.4411e-11	 1.3095e-11	 9.4619e+08	 2.8815e+02	 1.1436e+04
 3.1783e+02	 1.1414e+04	 1.0504e+00	 2.5113e-02	 4.4383e-12	-8.9070e-12	 1.3178e-11	 1.5894e+09	 2.8815e+02	 1.1439e+04
 1.0058e+02	 1.1414e+04	 1.0566e+00	 6.1375e-02	 3.4326e-12	-3.1649e-12	 1.3256e-11	 2.0550e+09	 2.8815e+02	 1.1442e+04
 3.1829e+01	 1.1414e+04	 1.0706e+00	 1.7780e-01	 3.1469e-12	-1.2494e-12	 1.3432e-11	 2.2416e+09	 2.8815e+02	 1.1445e+04
 1.0072e+01	 1.1414e+04	 1.1375e+00	 5.1241e-01	 2.8699e-12	-7.7021e-13	 1.4271e-11	 2.4579e+09	 2.8815e+02	 1.1448e+04
 3.1874e+00	 1.1414e+04	 1.3463e+00	 1.4159e+00	 2.5096e-12	-6.1381e-13	 1.6891e-11	 2.8108e+09	 2.8815e+02	 1.1453e+04
 1.0087e+00	 1.1414e+04	 1.8706e+00	 3.9871e+00	 2.2363e-12	-4.8830e-13	 2.3469e-11	 3.1543e+09	 2.8815e+02	 1.1459e+04
 1.0000e+06	 1.1456e+04	 1.0356e+00	-5.8045e-04	-3.2276e-10	-1.9782e-08	 1.2992e-11	-2.1855e+07	 2.8815e+02	 1.1462e+04
 3.1646e+05	 1.1456e+04	 1.0345e+00	 1.4061e-04	 2.4743e-11	-6.0708e-09	 1.2979e-11	 2.8509e+08	 2.8815e+02	 1.1465e+04
 1.0014e+05	 1.1456e+04	 1.0349e+00	 8.7018e-04	 4.8457e-11	-1.9431e-09	 1.2984e-11	 1.4557e+08	 2.8815e+02	 1.1467e+04
 3.1691e+04	 1.1456e+04	 1.0350e+00	 1.3096e-03	 2.3079e-11	-6.1651e-10	 1.2985e-11	 3.0565e+08	 2.8816e+02	 1.1470e+04
 1.0029e+04	 1.1456e+04	 1.0360e+00	 2.9498e-03	 1.6450e-11	-2.0058e-10	 1.2997e-11	 4.2881e+08	 2.8814e+02	 1.1473e+04
 3.1737e+03	 1.1456e+04	 1.0378e+00	 6.5856e-03	 1.1622e-11	-6.6644e-11	 1.3020e-11	 6.0694e+08	 2.8815e+02	 1.1475e+04
 1.0043e+03	 1.1456e+04	 1.0434e+00	 1.3048e-02	 7.2868e-12	-2.4241e-11	 1.3091e-11	 9.6805e+08	 2.8815e+02	 1.1478e+04
 3.1783e+02	 1.1456e+04	 1.0501e+00	 2.4368e-02	 4.3067e-12	-8.8540e-12	 1.3175e-11	 1.6379e+09	 2.8815e+02	 1.1480e+04
 1.0058e+02	 1.1456e+04	 1.0563e+00	 5.8901e-02	 3.2942e-12	-3.1501e-12	 1.3253e-11	 2.1413e+09	 2.8815e+02	 1.1483e+04
 3.1829e+01	 1.1456e+04	 1.0693e+00	 1.7030e-01	 3.0140e-12	-1.2272e-12	 1.3416e-11	 2.3404e+09	 2.8815e+02	 1.1486e+04
 1.0072e+01	 1.1456e+04	 1.1328e+00	 4.9159e-01	 2.7533e-12	-7.4362e-13	 1.4212e-11	 2.5620e+09	 2.8815e+02	 1.1489e+04
 3.1874e+00	 1.1456e+04	 1.3312e+00	 1.3620e+00	 2.4140e-12	-5.8701e-13	 1.6701e-11	 2.9221e+09	 2.8815e+02	 1.1494e+04
 1.0087e+00	 1.1456e+04	 1.8405e+00	 3.8196e+00	 2.1424e-12	-4.7143e-13	 2.3091e-11	 3.2926e+09	 2.8815e+02	 1.1499e+04
 1.0000e+06	 1.1497e+04	 1.0355e+00	-6.5730e-04	-3.6550e-10	-1.9759e-08	 1.2992e-11	-1.9300e+07	 2.8815e+02	 1.1503e+04
 3.1646e+05	 1.1497e+04	 1.0345e+00	 8.4616e-05	 1.4890e-11	-6.0696e-09	 1.2979e-11	 4.7374e+08	 2.8815e+02	 1.1506e+04
 1.0014e+05	 1.1497e+04	 1.0349e+00	 8.3186e-04	 4.6323e-11	-1.9420e-09	 1.2984e-11	 1.5228e+08	 2.8815e+02	 1.1508e+04
 3.1691e+04	 1.1497e+04	 1.0349e+00	 1.2485e-03	 2.2002e-11	-6.1555e-10	 1.2984e-11	 3.2060e+08	 2.8815e+02	 1.1511e+04
 1.0029e+04	 1.1497e+04	 1.0359e+00	 2.8689e-03	 1.5999e-11	-2.0022e-10	 1.2997e-11	 4.4091e+08	 2.8815e+02	 1.1514e+04
 3.1737e+03	 1.1497e+04	 1.0376e+00	 6.4311e-03	 1.1349e-11	-6.6299e-11	 1.3017e-11	 6.2153e+08	 2.8815e+02	 1.1516e+04
 1.0043e+03	 1.1497e+04	 1.0431e+00	 1.2717e-02	 7.1019e-12	-2.4069e-11	 1.3087e-11	 9.9325e+08	 2.8816e+02	 1.1519e+04
 3.1783e+02	 1.1497e+04	 1.0498e+00	 2.3682e-02	 4.1853e-12	-8.8044e-12	 1.3171e-11	 1.6854e+09	 2.8815e+02	 1.1521e+04
 1.0058e+02	 1.1497e+04	 1.0559e+00	 5.6524e-02	 3.1612e-12	-3.1269e-12	 1.3248e-11	 2.2314e+09	 2.8815e+02	 1.1524e+04
 3.1829e+01	 1.1497e+04	 1.0682e+00	 1.6316e-01	 2.8877e-12	-1.2071e-12	 1.3402e-11	 2.4427e+09	 2.8815e+02	 1.1527e+04
 1.0072e+01	 1.1497e+04	 1.1279e+00	 4.7239e-01	 2.6458e-12	-7.1658e-13	 1.4151e-11	 2.6661e+09	 2.8815e+02	 1.1530e+04
 3.1874e+00	 1.1497e+04	 1.3200e+00	 1.3096e+00	 2.3211e-12	-5.6713e-13	 1.6561e-11	 3.0390e+09	 2.8815e+02	 1.1535e+04
 1.0087e+00	 1.1497e+04	 1.8135e+00	 3.6609e+00	 2.0534e-12	-4.5630e-13	 2.2753e-11	 3.4353e+09	 2.8815e+02	 1.1540e+04
 1.0000e+06	 1.1538e+04	 1.0355e+00	-6.4870e-04	-3.6072e-10	-1.9759e-08	 1.2992e-11	-1.9555e+07	 2.8815e+02	 1.1544e+04
 3.1646e+05	 1.1538e+04	 1.0345e+00	 1.3130e-04	 2.3105e-11	-6.0742e-09	 1.2979e-11	 3.0530e+08	 2.8815e+02	 1.1547e+04
 1.0014e+05	 1.1538e+04	 1.0348e+00	 8.2118e-04	 4.5729e-11	-1.9393e-09	 1.2983e-11	 1.5426e+08	 2.8815e+02	 1.1549e+04
 3.1691e+04	 1.1538e+04	 1.0349e+00	 1.2378e-03	 2.1813e-11	-6.1459e-10	 1.2984e-11	 3.2338e+08	 2.8816e+02	 1.1552e+04
 1.0029e+04	 1.1538e+04	 1.0358e+00	 2.7852e-03	 1.5532e-11	-1.9978e-10	 1.2996e-11	 4.5416e+08	 2.8815e+02	 1.1554e+04
 3.1737e+03	 1.1538e+04	 1.0374e+00	 6.2372e-03	 1.1007e-11	-6.6073e-11	 1.3016e-11	 6.4084e+08	 2.8815e+02	 1.1557e+04
 1.0043e+03	 1.1538e+04	 1.0428e+00	 1.2398e-02	 6.9242e-12	-2.3919e-11	 1.3083e-11	 1.0187e+09	 2.8815e+02	 1.1560e+04
 3.1783e+02	 1.1538e+04	 1.0495e+00	 2.3041e-02	 4.0721e-12	-8.7569e-12	 1.3168e-11	 1.7323e+09	 2.8815e+02	 1.1562e+04
 1.0058e+02	 1.1538e+04	 1.0556e+00	 5.4401e-02	 3.0425e-12	-3.1123e-12	 1.3244e-11	 2.3184e+09	 2.8815e+02	 1.1565e+04
 3.1829e+01	 1.1538e+04	 1.0673e+00	 1.5658e-01	 2.7713e-12	-1.1905e-12	 1.3390e-11	 2.5453e+09	 2.8815e+02	 1.1568e+04
 1.0072e+01	 1.1538e+04	 1.1245e+00	 4.5411e-01	 2.5434e-12	-6.9732e-13	 1.4108e-11	 2.7734e+09	 2.8815e+02	 1.1571e+04
 3.1874e+00	 1.1538e+04	 1.3106e+00	 1.2586e+00	 2.2308e-12	-5.5051e-13	 1.6443e-11	 3.1620e+09	 2.8815e+02	 1.1576e+04
 1.0087e+00	 1.1538e+04	 1.7864e+00	 3.5308e+00	 1.9804e-12	-4.4107e-13	 2.2412e-11	 3.5619e+09	 2.8815e+02	 1.1581e+04
 1.0000e+06	 1.1579e+04	 1.0355e+00	-6.1469e-04	-3.4181e-10	-1.9737e-08	 1.2991e-11	-2.0637e+07	 2.8815e+02	 1.1585e+04
 3.1646e+05	 1.1579e+04	 1.0344e+00	 1.5551e-04	 2.7364e-11	-6.0554e-09	 1.2978e-11	 2.5778e+08	 2.8814e+02	 1.1588e+04
 1.0014e+05	 1.1579e+04	 1.0348e+00	 8.3521e-04	 4.6510e-11	-1.9372e-09	 1.2983e-11	 1.5167e+08	 2.8815e+02	 1.1591e+04
 3.1691e+04	 1.1579e+04	 1.0348e+00	 1.1887e-03	 2.0947e-11	-6.1392e-10	 1.2983e-11	 3.3675e+08	 2.8815e+02	 1.1594e+04
 1.0029e+04	 1.1579e+04	 1.0357e+00	 2.6949e-03	 1.5028e-11	-1.9930e-10	 1.2995e-11	 4.6938e+08	 2.8815e+02	 1.1596e+04
 3.1737e+03	 1.1579e+04	 1.0373e+00	 6.0954e-03	 1.0757e-11	-6.5846e-11	 1.3014e-11	 6.5576e+08	 2.8814e+02	 1.1599e+04
 1.0043e+03	 1.1579e+04	 1.0425e+00	 1.2118e-02	 6.7673e-12	-2.3762e-11	 1.3080e-11	 1.0424e+09	 2.8814e+02	 1.1601e+04
 3.1783e+02	 1.1579e+04	 1.0492e+00	 2.2396e-02	 3.9582e-12	-8.7024e-12	 1.3164e-11	 1.7821e+09	 2.8814e+02	 1.1604e+04
 1.0058e+02	 1.1579e+04	 1.0555e+00	 5.2361e-02	 2.9284e-12	-3.1067e-12	 1.3243e-11	 2.4088e+09	 2.8814e+02	 1.1607e+04
 3.1829e+01	 1.1579e+04	 1.0663e+00	 1.5020e-01	 2.6583e-12	-1.1731e-12	 1.3378e-11	 2.6536e+09	 2.8815e+02	 1.1610e+04
 1.0072e+01	 1.1579e+04	 1.1197e+00	 4.3618e-01	 2.4430e-12	-6.7040e-13	 1.4048e-11	 2.8875e+09	 2.8814e+02	 1.1613e+04
 3.1874e+00	 1.1579e+04	 1.2943e+00	 1.2141e+00	 2.1519e-12	-5.2155e-13	 1.6238e-11	 3.2781e+09	 2.8814e+02	 1.1618e+04
 1.0087e+00	 1.1579e+04	 1.7519e+00	 3.4041e+00	 1.9093e-12	-4.2171e-13	 2.1979e-11	 3.6945e+09	 2.8815e+02	 1.1623e+04
 1.0000e+06	 1.1621e+04	 1.0355e+00	-7.1874e-04	-3.9966e-10	-1.9727e-08	 1.2991e-11	-1.7650e+07	 2.8815e+02	 1.1627e+04
 3.1646e+05	 1.1621e+04	 1.0344e+00	 1.2830e-04	 2.2577e-11	-6.0609e-09	 1.2978e-11	 3.1244e+08	 2.8815e+02	 1.1630e+04
 1.0014e+05	 1.1621e+04	 1.0347e+00	 7.8957e-04	 4.3969e-11	-1.9344e-09	 1.2982e-11	 1.6043e+08	 2.8815e+02	 1.1632e+04
 3.1691e+04	 1.1621e+04	 1.0348e+00	 1.1569e-03	 2.0387e-11	-6.1309e-10	 1.2983e-11	 3.4600e+08	 2.8814e+02	 1.1635e+04
 1.0029e+04	 1.1621e+04	 1.0357e+00	 2.6092e-03	 1.4551e-11	-1.9904e-10	 1.2994e-11	 4.8478e+08	 2.8816e+02	 1.1638e+04
 3.1737e+03	 1.1621e+04	 1.0372e+00	 5.8565e-03	 1.0335e-11	-6.5632e-11	 1.3013e-11	 6.8250e+08	 2.8816e+02	 1.1640e+04
 1.0043e+03	 1.1621e+04	 1.0423e+00	 1.1865e-02	 6.6265e-12	-2.3612e-11	 1.3077e-11	 1.0645e+09	 2.8815e+02	 1.1643e+04
 3.1783e+02	 1.1621e+04	 1.0490e+00	 2.1851e-02	 3.8618e-12	-8.6571e-12	 1.3161e-11	 1.8266e+09	 2.8815e+02	 1.1645e+04
 1.0058e+02	 1.1621e+04	 1.0553e+00	 5.0437e-02	 2.8208e-12	-3.0912e-12	 1.3240e-11	 2.5007e+09	 2.8816e+02	 1.1648e+04
 3.1829e+01	 1.1621e+04	 1.0653e+00	 1.4453e-01	 2.5580e-12	-1.1559e-12	 1.3366e-11	 2.7576e+09	 2.8815e+02	 1.1651e+04
 1.0072e+01	 1.1621e+04	 1.1159e+00	 4.2048e-01	 2.3550e-12	-6.4901e-13	 1.4000e-11	 2.9953e+09	 2.8817e+02	 1.1654e+04
 3.1874e+00	 1.1621e+04	 1.2848e+00	 1.1710e+00	 2.0755e-12	-5.0478e-13	 1.6119e-11	 3.3987e+09	 2.8816e+02	 1.1659e+04
 1.0087e+00	 1.1621e+04	 1.7184e+00	 3.2759e+00	 1.8374e-12	-4.0294e-13	 2.1559e-11	 3.8390e+09	 2.8815e+02	 1.1665e+04
 1.0000e+06	 1.1662e+04	 1.0354e+00	-6.8344e-04	-3.8003e-10	-1.9692e-08	 1.2990e-11	-1.8561e+07	 2.8815e+02	 1.1669e+04
 3.1646e+05	 1.1662e+04	 1.0344e+00	 5.4220e-05	 9.5411e-12	-6.0500e-09	 1.2977e-11	 7.3932e+08	 2.8816e+02	 1.1671e+04
 1.0014e+05	 1.1662e+04	 1.0347e+00	 7.3643e-04	 4.1009e-11	-1.9327e-09	 1.2982e-11	 1.7201e+08	 2.8816e+02	 1.1674e+04
 3.1691e+04	 1.1662e+04	 1.0347e+00	 1.1074e-03	 1.9515e-11	-6.1233e-10	 1.2982e-11	 3.6147e+08	 2.8816e+02	 1.1677e+04
 1.0029e+04	 1.1662e+04	 1.0356e+00	 2.5296e-03	 1.4107e-11	-1.9860e-10	 1.2993e-11	 5.0003e+08	 2.8816e+02	 1.1679e+04
 3.1737e+03	 1.1662e+04	 1.0371e+00	 5.7252e-03	 1.0104e-11	-6.5423e-11	 1.3011e-11	 6.9816e+08	 2.8815e+02	 1.1682e+04
 1.0043e+03	 1.1662e+04	 1.0420e+00	 1.1588e-02	 6.4718e-12	-2.3467e-11	 1.3073e-11	 1.0900e+09	 2.8816e+02	 1.1684e+04
 3.1783e+02	 1.1662e+04	 1.0487e+00	 2.1315e-02	 3.7671e-12	-8.6094e-12	 1.3157e-11	 1.8725e+09	 2.8815e+02	 1.1687e+04
 1.0058e+02	 1.1662e+04	 1.0548e+00	 4.8561e-02	 2.7159e-12	-3.0668e-12	 1.3234e-11	 2.5973e+09	 2.8815e+02	 1.1690e+04
 3.1829e+01	 1.1662e+04	 1.0645e+00	 1.3882e-01	 2.4569e-12	-1.1412e-12	 1.3355e-11	 2.8711e+09	 2.8815e+02	 1.1693e+04
 1.0072e+01	 1.1662e+04	 1.1116e+00	 4.0475e-01	 2.2669e-12	-6.2503e-13	 1.3946e-11	 3.1117e+09	 2.8814e+02	 1.1696e+04
 3.1874e+00	 1.1662e+04	 1.2744e+00	 1.1279e+00	 1.9990e-12	-4.8637e-13	 1.5989e-11	 3.5287e+09	 2.8815e+02	 1.1701e+04
 1.0087e+00	 1.1662e+04	 1.6955e+00	 3.1650e+00	 1.7752e-12	-3.9010e-13	 2.1272e-11	 3.9735e+09	 2.8814e+02	 1.1706e+04
 1.0000e+06	 1.1704e+04	 1.0354e+00	-6.2272e-04	-3.4627e-10	-1.9690e-08	 1.2990e-11	-2.0371e+07	 2.8814e+02	 1.1710e+04
 3.1646e+05	 1.1704e+04	 1.0343e+00	 1.2804e-04	 2.2532e-11	-6.0370e-09	 1.2977e-11	 3.1307e+08	 2.8814e+02	 1.1713e+04
 1.0014e+05	 1.1704e+04	 1.0347e+00	 7.2174e-04	 4.0191e-11	-1.9306e-09	 1.2981e-11	 1.7551e+08	 2.8814e+02	 1.1715e+04
 3.1691e+04	 1.1704e+04	 1.0347e+00	 1.0808e-03	 1.9046e-11	-6.1123e-10	 1.2981e-11	 3.7036e+08	 2.8814e+02	 1.1718e+04
 1.0029e+04	 1.1704e+04	 1.0355e+00	 2.4636e-03	 1.3739e-11	-1.9817e-10	 1.2992e-11	 5.1343e+08	 2.8814e+02	 1.1721e+04
 3.1737e+03	 1.1704e+04	 1.0369e+00	 5.5916e-03	 9.8679e-12	-6.5180e-11	 1.3010e-11	 7.1484e+08	 2.8815e+02	 1.1723e+04
 1.0043e+03	 1.1704e+04	 1.0418e+00	 1.1335e-02	 6.3304e-12	-2.3327e-11	 1.3070e-11	 1.1143e+09	 2.8815e+02	 1.1726e+04
 3.1783e+02	 1.1704e+04	 1.0484e+00	 2.0792e-02	 3.6745e-12	-8.5590e-12	 1.3154e-11	 1.9197e+09	 2.8815e+02	 1.1729e+04
 1.0058e+02	 1.1704e+04	 1.0547e+00	 4.7014e-02	 2.6294e-12	-3.0582e-12	 1.3232e-11	 2.6827e+09	 2.8815e+02	 1.1731e+04
 3.1829e+01	 1.1704e+04	 1.0637e+00	 1.3358e-01	 2.3643e-12	-1.1268e-12	 1.3345e-11	 2.9836e+09	 2.8815e+02	 1.1734e+04
 1.0072e+01	 1.1704e+04	 1.1089e+00	 3.8971e-01	 2.1827e-12	-6.0969e-13	 1.3912e-11	 3.2318e+09	 2.8816e+02	 1.1737e+04
 3.1874e+00	 1.1704e+04	 1.2637e+00	 1.0904e+00	 1.9326e-12	-4.6745e-13	 1.5855e-11	 3.6499e+09	 2.8816e+02	 1.1743e+04
 1.0087e+00	 1.1704e+04	 1.6654e+00	 3.0392e+00	 1.7047e-12	-3.7319e-13	 2.0894e-11	 4.1381e+09	 2.8816e+02	 1.1753e+04
 1.0000e+06	 1.1751e+04	 1.0354e+00	-6.5218e-04	-3.6265e-10	-1.9670e-08	 1.2990e-11	-1.9451e+07	 2.8816e+02	 1.1757e+04
 3.1646e+05	 1.1751e+04	 1.0343e+00	 1.4030e-04	 2.4688e-11	-6.0395e-09	 1.2977e-11	 2.8572e+08	 2.8815e+02	 1.1760e+04
 1.0014e+05	 1.1751e+04	 1.0346e+00	 7.2028e-04	 4.0110e-11	-1.9275e-09	 1.2980e-11	 1.7587e+08	 2.8815e+02	 1.1762e+04
 3.1691e+04	 1.1751e+04	 1.0346e+00	 1.0481e-03	 1.8469e-11	-6.1019e-10	 1.2981e-11	 3.8193e+08	 2.8815e+02	 1.1765e+04
 1.0029e+04	 1.1751e+04	 1.0355e+00	 2.3794e-03	 1.3269e-11	-1.9787e-10	 1.2991e-11	 5.3160e+08	 2.8815e+02	 1.1767e+04
 3.1737e+03	 1.1751e+04	 1.0368e+00	 5.4132e-03	 9.5530e-12	-6.4907e-11	 1.3008e-11	 7.3840e+08	 2.8814e+02	 1.1770e+04
 1.0043e+03	 1.1751e+04	 1.0415e+00	 1.1036e-02	 6.1631e-12	-2.3170e-11	 1.3067e-11	 1.1446e+09	 2.8814e+02	 1.1773e+04
 3.1783e+02	 1.1751e+04	 1.0481e+00	 2.0264e-02	 3.5813e-12	-8.5060e-12	 1.3150e-11	 1.9697e+09	 2.8814e+02	 1.1776e+04
 1.0058e+02	 1.1751e+04	 1.0545e+00	 4.5219e-02	 2.5290e-12	-3.0465e-12	 1.3230e-11	 2.7892e+09	 2.8814e+02	 1.1778e+04
 3.1829e+01	 1.1751e+04	 1.0629e+00	 1.2788e-01	 2.2634e-12	-1.1135e-12	 1.3335e-11	 3.1166e+09	 2.8814e+02	 1.1781e+04
 1.0072e+01	 1.1751e+04	 1.1047e+00	 3.7369e-01	 2.0930e-12	-5.8656e-13	 1.3860e-11	 3.3703e+09	 2.8814e+02	 1.1784e+04
 3.1874e+00	 1.1751e+04	 1.2533e+00	 1.0460e+00	 1.8540e-12	-4.4896e-13	 1.5724e-11	 3.8048e+09	 2.8814e+02	 1.1790e+04
 1.0087e+00	 1.1751e+04	 1.6349e+00	 2.9406e+00	 1.6493e-12	-3.5611e-13	 2.0512e-11	 4.2769e+09	 2.8814e+02	 1.1800e+04
 1.0000e+06	 1.1797e+04	 1.0353e+00	-6.5168e-04	-3.6238e-10	-1.9650e-08	 1.2989e-11	-1.9466e+07	 2.8814e+02	 1.1804e+04
 3.1646e+05	 1.1797e+04	 1.0342e+00	 1.1099e-04	 1.9530e-11	-6.0248e-09	 1.2976e-11	 3.6118e+08	 2.8814e+02	 1.1806e+04
 1.0014e+05	 1.1797e+04	 1.0346e+00	 7.4299e-04	 4.1375e-11	-1.9268e-09	 1.2980e-11	 1.7049e+08	 2.8814e+02	 1.1809e+04
 3.1691e+04	 1.1797e+04	 1.0346e+00	 1.0280e-03	 1.8115e-11	-6.0953e-10	 1.2980e-11	 3.8939e+08	 2.8815e+02	 1.1812e+04
 1.0029e+04	 1.1797e+04	 1.0354e+00	 2.3083e-03	 1.2872e-11	-1.9750e-10	 1.2990e-11	 5.4799e+08	 2.8814e+02	 1.1814e+04
 3.1737e+03	 1.1797e+04	 1.0367e+00	 5.2059e-03	 9.1872e-12	-6.4714e-11	 1.3006e-11	 7.6780e+08	 2.8815e+02	 1.1817e+04
 1.0043e+03	 1.1797e+04	 1.0412e+00	 1.0770e-02	 6.0146e-12	-2.3026e-11	 1.3063e-11	 1.1728e+09	 2.8816e+02	 1.1819e+04
 3.1783e+02	 1.1797e+04	 1.0478e+00	 1.9767e-02	 3.4935e-12	-8.4527e-12	 1.3146e-11	 2.0192e+09	 2.8816e+02	 1.1822e+04
 1.0058e+02	 1.1797e+04	 1.0542e+00	 4.3636e-02	 2.4404e-12	-3.0316e-12	 1.3226e-11	 2.8904e+09	 2.8815e+02	 1.1825e+04
 3.1829e+01	 1.1797e+04	 1.0621e+00	 1.2276e-01	 2.1726e-12	-1.0997e-12	 1.3326e-11	 3.2467e+09	 2.8816e+02	 1.1828e+04
 1.0072e+01	 1.1797e+04	 1.1019e+00	 3.5966e-01	 2.0144e-12	-5.7047e-13	 1.3824e-11	 3.5018e+09	 2.8816e+02	 1.1831e+04
 3.1874e+00	 1.1797e+04	 1.2444e+00	 1.0084e+00	 1.7873e-12	-4.3324e-13	 1.5613e-11	 3.9468e+09	 2.8816e+02	 1.1836e+04
 1.0087e+00	 1.1797e+04	 1.6127e+00	 2.8267e+00	 1.5854e-12	-3.4368e-13	 2.0234e-11	 4.4492e+09	 2.8816e+02	 1.1846e+04
 1.0000e+06	 1.1844e+04	 1.0353e+00	-7.5866e-04	-4.2186e-10	-1.9624e-08	 1.2989e-11	-1.6721e+07	 2.8815e+02	 1.1850e+04
 3.1646e+05	 1.1844e+04	 1.0343e+00	 3.9729e-05	 6.9910e-12	-6.0311e-09	 1.2976e-11	 1.0090e+09	 2.8815e+02	 1.1853e+04
 1.0014e+05	 1.1844e+04	 1.0346e+00	 6.7498e-04	 3.7587e-11	-1.9248e-09	 1.2980e-11	 1.8767e+08	 2.8815e+02	 1.1855e+04
 3.1691e+04	 1.1844e+04	 1.0346e+00	 9.7911e-04	 1.7254e-11	-6.0901e-10	 1.2980e-11	 4.0883e+08	 2.8815e+02	 1.1858e+04
 1.0029e+04	 1.1844e+04	 1.0353e+00	 2.2476e-03	 1.2534e-11	-1.9698e-10	 1.2989e-11	 5.6277e+08	 2.8814e+02	 1.1861e+04
 3.1737e+03	 1.1844e+04	 1.0365e+00	 5.0570e-03	 8.9244e-12	-6.4411e-11	 1.3004e-11	 7.9041e+08	 2.8814e+02	 1.1863e+04
 1.0043e+03	 1.1844e+04	 1.0410e+00	 1.0503e-02	 5.8658e-12	-2.2886e-11	 1.3060e-11	 1.2026e+09	 2.8814e+02	 1.1866e+04
 3.1783e+02	 1.1844e+04	 1.0475e+00	 1.9292e-02	 3.4095e-12	-8.3946e-12	 1.3142e-11	 2.0689e+09	 2.8814e+02	 1.1868e+04
 1.0058e+02	 1.1844e+04	 1.0538e+00	 4.2008e-02	 2.3494e-12	-3.0072e-12	 1.3221e-11	 3.0024e+09	 2.8814e+02	 1.1871e+04
 3.1829e+01	 1.1844e+04	 1.0615e+00	 1.1779e-01	 2.0847e-12	-1.0884e-12	 1.3318e-11	 3.3837e+09	 2.8813e+02	 1.1874e+04
 1.0072e+01	 1.1844e+04	 1.0989e+00	 3.4525e-01	 1.9337e-12	-5.5408e-13	 1.3787e-11	 3.6479e+09	 2.8814e+02	 1.1877e+04
 3.1874e+00	 1.1844e+04	 1.2347e+00	 9.6965e-01	 1.7186e-12	-4.1601e-13	 1.5491e-11	 4.1044e+09	 2.8814e+02	 1.1882e+04
 1.0087e+00	 1.1844e+04	 1.5915e+00	 2.7054e+00	 1.5174e-12	-3.3176e-13	 1.9967e-11	 4.6486e+09	 2.8815e+02	 1.1893e+04
 1.0000e+06	 1.1890e+04	 1.0353e+00	-6.6282e-04	-3.6857e-10	-1.9619e-08	 1.2989e-11	-1.9139e+07	 2.8815e+02	 1.1896e+04
 3.1646e+05	 1.1890e+04	 1.0343e+00	 8.4560e-05	 1.4880e-11	-6.0280e-09	 1.2976e-11	 4.7406e+08	 2.8815e+02	 1.1899e+04
 1.0014e+05	 1.1890e+04	 1.0345e+00	 6.9974e-04	 3.8966e-11	-1.9217e-09	 1.2979e-11	 1.8103e+08	 2.8815e+02	 1.1901e+04
 3.1691e+04	 1.1890e+04	 1.0345e+00	 9.6871e-04	 1.7071e-11	-6.0794e-10	 1.2979e-11	 4.1321e+08	 2.8815e+02	 1.1904e+04
 1.0029e+04	 1.1890e+04	 1.0353e+00	 2.1636e-03	 1.2066e-11	-1.9666e-10	 1.2989e-11	 5.8464e+08	 2.8815e+02	 1.1906e+04
 3.1737e+03	 1.1890e+04	 1.0364e+00	 4.9701e-03	 8.7710e-12	-6.4303e-11	 1.3003e-11	 8.0424e+08	 2.8816e+02	 1.1909e+04
 1.0043e+03	 1.1890e+04	 1.0408e+00	 1.0269e-02	 5.7352e-12	-2.2758e-11	 1.3057e-11	 1.2299e+09	 2.8816e+02	 1.1912e+04
 3.1783e+02	 1.1890e+04	 1.0472e+00	 1.8837e-02	 3.3292e-12	-8.3461e-12	 1.3139e-11	 2.1188e+09	 2.8816e+02	 1.1914e+04
 1.0058e+02	 1.1890e+04	 1.0537e+00	 4.0595e-02	 2.2704e-12	-3.0038e-12	 1.3220e-11	 3.1070e+09	 2.8817e+02	 1.1917e+04
 3.1829e+01	 1.1890e+04	 1.0610e+00	 1.1335e-01	 2.0062e-12	-1.0791e-12	 1.3311e-11	 3.5161e+09	 2.8817e+02	 1.1920e+04
 1.0072e+01	 1.1890e+04	 1.0968e+00	 3.3224e-01	 1.8608e-12	-5.4196e-13	 1.3760e-11	 3.7908e+09	 2.8817e+02	 1.1923e+04
 3.1874e+00	 1.1890e+04	 1.2270e+00	 9.3552e-01	 1.6581e-12	-4.0231e-13	 1.5394e-11	 4.2542e+09	 2.8816e+02	 1.1928e+04
 1.0087e+00	 1.1890e+04	 1.5688e+00	 2.6278e+00	 1.4739e-12	-3.1903e-13	 1.9682e-11	 4.7858e+09	 2.8816e+02	 1.1939e+04
 1.0000e+06	 1.1936e+04	 1.0353e+00	-6.4986e-04	-3.6137e-10	-1.9614e-08	 1.2989e-11	-1.9520e+07	 2.8816e+02	 1.1943e+04
 3.1646e+05	 1.1936e+04	 1.0341e+00	 1.0226e-04	 1.7995e-11	-6.0080e-09	 1.2975e-11	 3.9199e+08	 2.8816e+02	 1.1945e+04
 1.0014e+05	 1.1936e+04	 1.0345e+00	 6.7266e-04	 3.7458e-11	-1.9198e-09	 1.2979e-11	 1.8832e+08	 2.8816e+02	 1.1948e+04
 3.1691e+04	 1.1936e+04	 1.0345e+00	 9.2078e-04	 1.6226e-11	-6.0723e-10	 1.2978e-11	 4.3472e+08	 2.8816e+02	 1.1951e+04
 1.0029e+04	 1.1936e+04	 1.0352e+00	 2.1054e-03	 1.1741e-11	-1.9629e-10	 1.2988e-11	 6.0080e+08	 2.8815e+02	 1.1953e+04
 3.1737e+03	 1.1936e+04	 1.0363e+00	 4.7845e-03	 8.4436e-12	-6.4026e-11	 1.3001e-11	 8.3542e+08	 2.8815e+02	 1.1956e+04
 1.0043e+03	 1.1936e+04	 1.0405e+00	 1.0031e-02	 5.6022e-12	-2.2638e-11	 1.3055e-11	 1.2591e+09	 2.8815e+02	 1.1959e+04
 3.1783e+02	 1.1936e+04	 1.0469e+00	 1.8377e-02	 3.2479e-12	-8.2942e-12	 1.3135e-11	 2.1719e+09	 2.8815e+02	 1.1961e+04
 1.0058e+02	 1.1936e+04	 1.0533e+00	 3.9230e-02	 2.1940e-12	-2.9834e-12	 1.3215e-11	 3.2151e+09	 2.8814e+02	 1.1964e+04
 3.1829e+01	 1.1936e+04	 1.0604e+00	 1.0879e-01	 1.9254e-12	-1.0686e-12	 1.3304e-11	 3.6636e+09	 2.8815e+02	 1.1966e+04
 1.0072e+01	 1.1936e+04	 1.0934e+00	 3.1952e-01	 1.7896e-12	-5.2309e-13	 1.3718e-11	 3.9417e+09	 2.8814e+02	 1.1970e+04
 3.1874e+00	 1.1936e+04	 1.2160e+00	 9.0235e-01	 1.5993e-12	-3.8285e-13	 1.5256e-11	 4.4105e+09	 2.8814e+02	 1.1975e+04
 1.0087e+00	 1.1936e+04	 1.5486e+00	 2.5354e+00	 1.4221e-12	-3.0768e-13	 1.9428e-11	 4.9603e+09	 2.8814e+02	 1.1985e+04
 1.0000e+06	 1.1983e+04	 1.0352e+00	-7.0440e-04	-3.9169e-10	-1.9587e-08	 1.2988e-11	-1.8009e+07	 2.8814e+02	 1.1989e+04
 3.1646e+05	 1.1983e+04	 1.0342e+00	 1.0904e-04	 1.9188e-11	-6.0109e-09	 1.2975e-11	 3.6763e+08	 2.8814e+02	 1.1992e+04
 1.0014e+05	 1.1983e+04	 1.0345e+00	 6.6404e-04	 3.6978e-11	-1.9184e-09	 1.2978e-11	 1.9076e+08	 2.8814e+02	 1.1995e+04
 3.1691e+04	 1.1983e+04	 1.0344e+00	 9.1450e-04	 1.6116e-11	-6.0640e-10	 1.2978e-11	 4.3771e+08	 2.8815e+02	 1.1998e+04
 1.0029e+04	 1.1983e+04	 1.0351e+00	 2.0489e-03	 1.1426e-11	-1.9594e-10	 1.2987e-11	 6.1737e+08	 2.8815e+02	 1.2000e+04
 3.1737e+03	 1.1983e+04	 1.0362e+00	 4.6622e-03	 8.2277e-12	-6.3832e-11	 1.3000e-11	 8.5735e+08	 2.8815e+02	 1.2003e+04
 1.0043e+03	 1.1983e+04	 1.0403e+00	 9.7709e-03	 5.4567e-12	-2.2499e-11	 1.3052e-11	 1.2927e+09	 2.8815e+02	 1.2005e+04
 3.1783e+02	 1.1983e+04	 1.0467e+00	 1.7946e-02	 3.1717e-12	-8.2477e-12	 1.3132e-11	 2.2240e+09	 2.8815e+02	 1.2008e+04
 1.0058e+02	 1.1983e+04	 1.0532e+00	 3.7900e-02	 2.1197e-12	-2.9741e-12	 1.3213e-11	 3.3279e+09	 2.8815e+02	 1.2010e+04
 3.1829e+01	 1.1983e+04	 1.0599e+00	 1.0465e-01	 1.8521e-12	-1.0595e-12	 1.3297e-11	 3.8086e+09	 2.8815e+02	 1.2013e+04
 1.0072e+01	 1.1983e+04	 1.0910e+00	 3.0747e-01	 1.7221e-12	-5.0960e-13	 1.3688e-11	 4.0962e+09	 2.8815e+02	 1.2016e+04
 3.1874e+00	 1.1983e+04	 1.2074e+00	 8.6980e-01	 1.5417e-12	-3.6761e-13	 1.5148e-11	 4.5756e+09	 2.8815e+02	 1.2022e+04
 1.0087e+00	 1.1983e+04	 1.5335e+00	 2.4233e+00	 1.3592e-12	-2.9922e-13	 1.9239e-11	 5.1897e+09	 2.8815e+02	 1.2032e+04
 1.0000e+06	 1.2029e+04	 1.0352e+00	-6.9352e-04	-3.8564e-10	-1.9569e-08	 1.2988e-11	-1.8291e+07	 2.8815e+02	 1.2036e+04
 3.1646e+05	 1.2029e+04	 1.0341e+00	 6.7144e-05	 1.1815e-11	-6.0086e-09	 1.2975e-11	 5.9702e+08	 2.8816e+02	 1.2038e+04
 1.0014e+05	 1.2029e+04	 1.0344e+00	 6.6308e-04	 3.6925e-11	-1.9163e-09	 1.2978e-11	 1.9104e+08	 2.8815e+02	 1.2041e+04
 3.1691e+04	 1.2029e+04	 1.0344e+00	 8.9563e-04	 1.5783e-11	-6.0553e-10	 1.2977e-11	 4.4694e+08	 2.8815e+02	 1.2043e+04
 1.0029e+04	 1.2029e+04	 1.0351e+00	 1.9909e-03	 1.1103e-11	-1.9563e-10	 1.2986e-11	 6.3533e+08	 2.8815e+02	 1.2046e+04
 3.1737e+03	 1.2029e+04	 1.0361e+00	 4.5533e-03	 8.0355e-12	-6.3677e-11	 1.2999e-11	 8.7785e+08	 2.8815e+02	 1.2049e+04
 1.0043e+03	 1.2029e+04	 1.0401e+00	 9.5442e-03	 5.3302e-12	-2.2375e-11	 1.3049e-11	 1.3234e+09	 2.8815e+02	 1.2051e+04
 3.1783e+02	 1.2029e+04	 1.0464e+00	 1.7568e-02	 3.1049e-12	-8.1979e-12	 1.3128e-11	 2.2719e+09	 2.8815e+02	 1.2054e+04
 1.0058e+02	 1.2029e+04	 1.0531e+00	 3.6639e-02	 2.0491e-12	-2.9693e-12	 1.3212e-11	 3.4424e+09	 2.8815e+02	 1.2056e+04
 3.1829e+01	 1.2029e+04	 1.0593e+00	 1.0062e-01	 1.7809e-12	-1.0503e-12	 1.3291e-11	 3.9610e+09	 2.8814e+02	 1.2059e+04
 1.0072e+01	 1.2029e+04	 1.0890e+00	 2.9585e-01	 1.6570e-12	-4.9861e-13	 1.3663e-11	 4.2570e+09	 2.8814e+02	 1.2062e+04
 3.1874e+00	 1.2029e+04	 1.2025e+00	 8.3755e-01	 1.4845e-12	-3.5893e-13	 1.5087e-11	 4.7518e+09	 2.8814e+02	 1.2068e+04
 1.0087e+00	 1.2029e+04	 1.5117e+00	 2.3398e+00	 1.3124e-12	-2.8699e-13	 1.8966e-11	 5.3749e+09	 2.8814e+02	 1.2078e+04
 1.0000e+06	 1.2075e+04	 1.0351e+00	-7.2915e-04	-4.0545e-10	-1.9537e-08	 1.2987e-11	-1.7398e+07	 2.8814e+02	 1.2082e+04
 3.1646e+05	 1.2075e+04	 1.0341e+00	 4.8615e-05	 8.5548e-12	-6.0068e-09	 1.2974e-11	 8.2456e+08	 2.8814e+02	 1.2084e+04
 1.0014e+05	 1.2075e+04	 1.0344e+00	 6.4433e-04	 3.5880e-11	-1.9141e-09	 1.2977e-11	 1.9660e+08	 2.8814e+02	 1.2087e+04
 3.1691e+04	 1.2075e+04	 1.0343e+00	 8.5963e-04	 1.5149e-11	-6.0522e-10	 1.2977e-11	 4.6565e+08	 2.8815e+02	 1.2090e+04
 1.0029e+04	 1.2075e+04	 1.0350e+00	 1.9311e-03	 1.0769e-11	-1.9539e-10	 1.2986e-11	 6.5503e+08	 2.8815e+02	 1.2092e+04
 3.1737e+03	 1.2075e+04	 1.0360e+00	 4.4110e-03	 7.7845e-12	-6.3476e-11	 1.2997e-11	 9.0616e+08	 2.8815e+02	 1.2095e+04
 1.0043e+03	 1.2075e+04	 1.0398e+00	 9.3157e-03	 5.2026e-12	-2.2244e-11	 1.3046e-11	 1.3559e+09	 2.8815e+02	 1.2098e+04
 3.1783e+02	 1.2075e+04	 1.0461e+00	 1.7249e-02	 3.0484e-12	-8.1553e-12	 1.3125e-11	 2.3140e+09	 2.8815e+02	 1.2100e+04
 1.0058e+02	 1.2075e+04	 1.0528e+00	 3.5551e-02	 1.9883e-12	-2.9511e-12	 1.3208e-11	 3.5478e+09	 2.8815e+02	 1.2103e+04
 3.1829e+01	 1.2075e+04	 1.0588e+00	 9.6841e-02	 1.7139e-12	-1.0408e-12	 1.3284e-11	 4.1156e+09	 2.8815e+02	 1.2106e+04
 1.0072e+01	 1.2075e+04	 1.0869e+00	 2.8504e-01	 1.5964e-12	-4.8650e-13	 1.3636e-11	 4.4186e+09	 2.8815e+02	 1.2109e+04
 3.1874e+00	 1.2075e+04	 1.1941e+00	 8.0835e-01	 1.4327e-12	-3.4407e-13	 1.4982e-11	 4.9234e+09	 2.8815e+02	 1.2114e+04
 1.0087e+00	 1.2075e+04	 1.4969e+00	 2.2573e+00	 1.2661e-12	-2.7871e-13	 1.8780e-11	 5.5715e+09	 2.8815e+02	 1.2119e+04
 1.0000e+06	 1.2117e+04	 1.0351e+00	-6.5164e-04	-3.6235e-10	-1.9538e-08	 1.2987e-11	-1.9467e+07	 2.8815e+02	 1.2123e+04
 3.1646e+05	 1.2117e+04	 1.0340e+00	 1.0282e-05	 1.8093e-12	-5.9897e-09	 1.2973e-11	 3.8988e+09	 2.8815e+02	 1.2126e+04
 1.0014e+05	 1.2117e+04	 1.0344e+00	 6.4804e-04	 3.6087e-11	-1.9141e-09	 1.2977e-11	 1.9547e+08	 2.8816e+02	 1.2128e+04
 3.1691e+04	 1.2117e+04	 1.0343e+00	 8.4146e-04	 1.4828e-11	-6.0430e-10	 1.2976e-11	 4.7570e+08	 2.8815e+02	 1.2131e+04
 1.0029e+04	 1.2117e+04	 1.0350e+00	 1.8968e-03	 1.0578e-11	-1.9512e-10	 1.2985e-11	 6.6686e+08	 2.8815e+02	 1.2134e+04
 3.1737e+03	 1.2117e+04	 1.0359e+00	 4.2989e-03	 7.5866e-12	-6.3315e-11	 1.2996e-11	 9.2979e+08	 2.8815e+02	 1.2136e+04
 1.0043e+03	 1.2117e+04	 1.0396e+00	 9.1210e-03	 5.0938e-12	-2.2137e-11	 1.3043e-11	 1.3848e+09	 2.8816e+02	 1.2139e+04
 3.1783e+02	 1.2117e+04	 1.0458e+00	 1.6876e-02	 2.9825e-12	-8.0996e-12	 1.3121e-11	 2.3651e+09	 2.8815e+02	 1.2142e+04
 1.0058e+02	 1.2117e+04	 1.0526e+00	 3.4535e-02	 1.9315e-12	-2.9410e-12	 1.3206e-11	 3.6521e+09	 2.8815e+02	 1.2144e+04
 3.1829e+01	 1.2117e+04	 1.0585e+00	 9.3682e-02	 1.6580e-12	-1.0359e-12	 1.3281e-11	 4.2544e+09	 2.8815e+02	 1.2147e+04
 1.0072e+01	 1.2117e+04	 1.0855e+00	 2.7577e-01	 1.5445e-12	-4.7880e-13	 1.3619e-11	 4.5670e+09	 2.8815e+02	 1.2150e+04
 3.1874e+00	 1.2117e+04	 1.1892e+00	 7.8285e-01	 1.3875e-12	-3.3539e-13	 1.4920e-11	 5.0838e+09	 2.8815e+02	 1.2156e+04
 1.0087e+00	 1.2117e+04	 1.4793e+00	 2.1856e+00	 1.2259e-12	-2.6886e-13	 1.8560e-11	 5.7542e+09	 2.8815e+02	 1.2161e+04
 1.0000e+06	 1.2158e+04	 1.0351e+00	-7.3311e-04	-4.0765e-10	-1.9513e-08	 1.2986e-11	-1.7304e+07	 2.8815e+02	 1.2164e+04
 3.1646e+05	 1.2158e+04	 1.0341e+00	-7.5486e-06	-1.3283e-12	-5.9950e-09	 1.2974e-11	-5.3104e+09	 2.8815e+02	 1.2167e+04
 1.0014e+05	 1.2158e+04	 1.0343e+00	 5.8622e-04	 3.2644e-11	-1.9117e-09	 1.2977e-11	 2.1608e+08	 2.8815e+02	 1.2170e+04
 3.1691e+04	 1.2158e+04	 1.0343e+00	 8.0757e-04	 1.4231e-11	-6.0443e-10	 1.2976e-11	 4.9567e+08	 2.8815e+02	 1.2172e+04
 1.0029e+04	 1.2158e+04	 1.0349e+00	 1.8479e-03	 1.0305e-11	-1.9488e-10	 1.2985e-11	 6.8452e+08	 2.8815e+02	 1.2175e+04
 3.1737e+03	 1.2158e+04	 1.0358e+00	 4.1675e-03	 7.3546e-12	-6.3161e-11	 1.2995e-11	 9.5912e+08	 2.8814e+02	 1.2178e+04
 1.0043e+03	 1.2158e+04	 1.0395e+00	 8.9492e-03	 4.9979e-12	-2.2063e-11	 1.3042e-11	 1.4114e+09	 2.8815e+02	 1.2180e+04
 3.1783e+02	 1.2158e+04	 1.0456e+00	 1.6544e-02	 2.9238e-12	-8.0626e-12	 1.3119e-11	 2.4126e+09	 2.8815e+02	 1.2183e+04
 1.0058e+02	 1.2158e+04	 1.0523e+00	 3.3618e-02	 1.8802e-12	-2.9266e-12	 1.3203e-11	 3.7518e+09	 2.8814e+02	 1.2185e+04
 3.1829e+01	 1.2158e+04	 1.0581e+00	 9.0670e-02	 1.6047e-12	-1.0291e-12	 1.3276e-11	 4.3957e+09	 2.8815e+02	 1.2188e+04
 1.0072e+01	 1.2158e+04	 1.0835e+00	 2.6694e-01	 1.4951e-12	-4.6794e-13	 1.3594e-11	 4.7181e+09	 2.8815e+02	 1.2191e+04
 3.1874e+00	 1.2158e+04	 1.1843e+00	 7.5917e-01	 1.3456e-12	-3.2665e-13	 1.4858e-11	 5.2424e+09	 2.8815e+02	 1.2197e+04
 1.0087e+00	 1.2158e+04	 1.4630e+00	 2.1131e+00	 1.1852e-12	-2.5968e-13	 1.8355e-11	 5.9516e+09	 2.8814e+02	 1.2202e+04
 1.0000e+06	 1.2199e+04	 1.0351e+00	-6.3177e-04	-3.5130e-10	-1.9521e-08	 1.2987e-11	-2.0079e+07	 2.8815e+02	 1.2206e+04
 3.1646e+05	 1.2199e+04	 1.0340e+00	 6.3517e-05	 1.1177e-11	-5.9818e-09	 1.2973e-11	 6.3112e+08	 2.8814e+02	 1.2208e+04
 1.0014e+05	 1.2199e+04	 1.0343e+00	 6.1769e-04	 3.4397e-11	-1.9112e-09	 1.2977e-11	 2.0508e+08	 2.8815e+02	 1.2211e+04
 3.1691e+04	 1.2199e+04	 1.0342e+00	 8.0242e-04	 1.4140e-11	-6.0352e-10	 1.2976e-11	 4.9885e+08	 2.8815e+02	 1.2214e+04
 1.0029e+04	 1.2199e+04	 1.0349e+00	 1.7862e-03	 9.9612e-12	-1.9470e-10	 1.2984e-11	 7.0815e+08	 2.8815e+02	 1.2216e+04
 3.1737e+03	 1.2199e+04	 1.0357e+00	 4.1028e-03	 7.2405e-12	-6.3052e-11	 1.2994e-11	 9.7424e+08	 2.8815e+02	 1.2219e+04
 1.0043e+03	 1.2199e+04	 1.0393e+00	 8.7641e-03	 4.8945e-12	-2.1975e-11	 1.3040e-11	 1.4412e+09	 2.8815e+02	 1.2222e+04
 3.1783e+02	 1.2199e+04	 1.0454e+00	 1.6288e-02	 2.8786e-12	-8.0182e-12	 1.3115e-11	 2.4505e+09	 2.8815e+02	 1.2224e+04
 1.0058e+02	 1.2199e+04	 1.0522e+00	 3.2769e-02	 1.8327e-12	-2.9182e-12	 1.3201e-11	 3.8490e+09	 2.8815e+02	 1.2227e+04
 3.1829e+01	 1.2199e+04	 1.0578e+00	 8.7740e-02	 1.5529e-12	-1.0221e-12	 1.3271e-11	 4.5425e+09	 2.8815e+02	 1.2229e+04
 1.0072e+01	 1.2199e+04	 1.0822e+00	 2.5834e-01	 1.4469e-12	-4.6063e-13	 1.3578e-11	 4.8752e+09	 2.8815e+02	 1.2233e+04
 3.1874e+00	 1.2199e+04	 1.1788e+00	 7.3575e-01	 1.3041e-12	-3.1692e-13	 1.4790e-11	 5.4093e+09	 2.8815e+02	 1.2238e+04
 1.0087e+00	 1.2199e+04	 1.4500e+00	 2.0417e+00	 1.1452e-12	-2.5238e-13	 1.8191e-11	 6.1596e+09	 2.8815e+02	 1.2243e+04
 1.0000e+06	 1.2241e+04	 1.0351e+00	-7.3249e-04	-4.0731e-10	-1.9518e-08	 1.2987e-11	-1.7318e+07	 2.8815e+02	 1.2247e+04
 3.1646e+05	 1.2241e+04	 1.0340e+00	 4.7615e-05	 8.3787e-12	-5.9903e-09	 1.2973e-11	 8.4189e+08	 2.8815e+02	 1.2249e+04
 1.0014e+05	 1.2241e+04	 1.0343e+00	 5.6182e-04	 3.1286e-11	-1.9095e-09	 1.2976e-11	 2.2547e+08	 2.8814e+02	 1.2252e+04
 3.1691e+04	 1.2241e+04	 1.0342e+00	 7.7209e-04	 1.3606e-11	-6.0304e-10	 1.2975e-11	 5.1845e+08	 2.8815e+02	 1.2255e+04
 1.0029e+04	 1.2241e+04	 1.0349e+00	 1.7479e-03	 9.7473e-12	-1.9442e-10	 1.2984e-11	 7.2368e+08	 2.8814e+02	 1.2257e+04
 3.1737e+03	 1.2241e+04	 1.0357e+00	 3.9590e-03	 6.9868e-12	-6.2953e-11	 1.2994e-11	 1.0096e+09	 2.8815e+02	 1.2260e+04
 1.0043e+03	 1.2241e+04	 1.0392e+00	 8.5809e-03	 4.7922e-12	-2.1883e-11	 1.3038e-11	 1.4720e+09	 2.8815e+02	 1.2262e+04
 3.1783e+02	 1.2241e+04	 1.0451e+00	 1.5999e-02	 2.8275e-12	-7.9768e-12	 1.3112e-11	 2.4948e+09	 2.8815e+02	 1.2265e+04
 1.0058e+02	 1.2241e+04	 1.0520e+00	 3.1974e-02	 1.7882e-12	-2.9080e-12	 1.3198e-11	 3.9447e+09	 2.8815e+02	 1.2268e+04
 3.1829e+01	 1.2241e+04	 1.0575e+00	 8.4960e-02	 1.5037e-12	-1.0173e-12	 1.3267e-11	 4.6911e+09	 2.8815e+02	 1.2271e+04
 1.0072e+01	 1.2241e+04	 1.0807e+00	 2.5009e-01	 1.4007e-12	-4.5205e-13	 1.3559e-11	 5.0359e+09	 2.8815e+02	 1.2274e+04
 3.1874e+00	 1.2241e+04	 1.1743e+00	 7.1410e-01	 1.2657e-12	-3.0895e-13	 1.4733e-11	 5.5733e+09	 2.8814e+02	 1.2279e+04
 1.0087e+00	 1.2241e+04	 1.4419e+00	 1.9903e+00	 1.1163e-12	-2.4785e-13	 1.8090e-11	 6.3188e+09	 2.8815e+02	 1.2284e+04
 1.0000e+06	 1.2282e+04	 1.0351e+00	-7.2821e-04	-4.0493e-10	-1.9524e-08	 1.2987e-11	-1.7420e+07	 2.8814e+02	 1.2288e+04
 3.1646e+05	 1.2282e+04	 1.0340e+00	 7.4488e-05	 1.3108e-11	-5.9880e-09	 1.2973e-11	 5.3816e+08	 2.8815e+02	 1.2290e+04
 1.0014e+05	 1.2282e+04	 1.0343e+00	 5.5444e-04	 3.0874e-11	-1.9074e-09	 1.2976e-11	 2.2847e+08	 2.8815e+02	 1.2293e+04
 3.1691e+04	 1.2282e+04	 1.0342e+00	 7.5314e-04	 1.3272e-11	-6.0242e-10	 1.2975e-11	 5.3149e+08	 2.8814e+02	 1.2296e+04
 1.0029e+04	 1.2282e+04	 1.0348e+00	 1.7095e-03	 9.5331e-12	-1.9423e-10	 1.2983e-11	 7.3994e+08	 2.8815e+02	 1.2298e+04
 3.1737e+03	 1.2282e+04	 1.0356e+00	 3.9399e-03	 6.9531e-12	-6.2814e-11	 1.2993e-11	 1.0145e+09	 2.8815e+02	 1.2301e+04
 1.0043e+03	 1.2282e+04	 1.0390e+00	 8.3962e-03	 4.6890e-12	-2.1793e-11	 1.3036e-11	 1.5043e+09	 2.8814e+02	 1.2304e+04
 3.1783e+02	 1.2282e+04	 1.0449e+00	 1.5690e-02	 2.7729e-12	-7.9323e-12	 1.3109e-11	 2.5439e+09	 2.8815e+02	 1.2306e+04
 1.0058e+02	 1.2282e+04	 1.0520e+00	 3.1094e-02	 1.7390e-12	-2.9071e-12	 1.3198e-11	 4.0563e+09	 2.8814e+02	 1.2309e+04
 3.1829e+01	 1.2282e+04	 1.0572e+00	 8.2313e-02	 1.4568e-12	-1.0122e-12	 1.3264e-11	 4.8420e+09	 2.8815e+02	 1.2312e+04
 1.0072e+01	 1.2282e+04	 1.0790e+00	 2.4225e-01	 1.3568e-12	-4.4257e-13	 1.3538e-11	 5.1989e+09	 2.8815e+02	 1.2315e+04
 3.1874e+00	 1.2282e+04	 1.1671e+00	 6.9339e-01	 1.2290e-12	-2.9618e-13	 1.4643e-11	 5.7397e+09	 2.8815e+02	 1.2321e+04
 1.0087e+00	 1.2282e+04	 1.4200e+00	 1.9377e+00	 1.0868e-12	-2.3558e-13	 1.7816e-11	 6.4904e+09	 2.8815e+02	 1.2326e+04
 1.0000e+06	 1.2323e+04	 1.0351e+00	-6.4660e-04	-3.5955e-10	-1.9493e-08	 1.2986e-11	-1.9619e+07	 2.8815e+02	 1.2329e+04
 3.1646e+05	 1.2323e+04	 1.0339e+00	 6.1702e-05	 1.0858e-11	-5.9717e-09	 1.2972e-11	 6.4968e+08	 2.8816e+02	 1.2332e+04
 1.0014e+05	 1.2323e+04	 1.0343e+00	 6.1374e-04	 3.4177e-11	-1.9083e-09	 1.2976e-11	 2.0639e+08	 2.8815e+02	 1.2335e+04
 3.1691e+04	 1.2323e+04	 1.0342e+00	 7.5002e-04	 1.3217e-11	-6.0200e-10	 1.2975e-11	 5.3370e+08	 2.8815e+02	 1.2337e+04
 1.0029e+04	 1.2323e+04	 1.0348e+00	 1.6586e-03	 9.2496e-12	-1.9400e-10	 1.2983e-11	 7.6262e+08	 2.8816e+02	 1.2340e+04
 3.1737e+03	 1.2323e+04	 1.0355e+00	 3.7673e-03	 6.6485e-12	-6.2676e-11	 1.2992e-11	 1.0610e+09	 2.8815e+02	 1.2342e+04
 1.0043e+03	 1.2323e+04	 1.0389e+00	 8.2258e-03	 4.5939e-12	-2.1709e-11	 1.3034e-11	 1.5355e+09	 2.8816e+02	 1.2345e+04
 3.1783e+02	 1.2323e+04	 1.0446e+00	 1.5453e-02	 2.7311e-12	-7.8895e-12	 1.3106e-11	 2.5828e+09	 2.8815e+02	 1.2348e+04
 1.0058e+02	 1.2323e+04	 1.0517e+00	 3.0166e-02	 1.6871e-12	-2.8890e-12	 1.3194e-11	 4.1811e+09	 2.8815e+02	 1.2350e+04
 3.1829e+01	 1.2323e+04	 1.0569e+00	 7.9752e-02	 1.4115e-12	-1.0063e-12	 1.3259e-11	 4.9975e+09	 2.8815e+02	 1.2353e+04
 1.0072e+01	 1.2323e+04	 1.0777e+00	 2.3486e-01	 1.3154e-12	-4.3543e-13	 1.3522e-11	 5.3625e+09	 2.8815e+02	 1.2356e+04
 3.1874e+00	 1.2323e+04	 1.1639e+00	 6.7151e-01	 1.1902e-12	-2.9055e-13	 1.4603e-11	 5.9267e+09	 2.8815e+02	 1.2362e+04
 1.0087e+00	 1.2323e+04	 1.4124e+00	 1.8783e+00	 1.0535e-12	-2.3132e-13	 1.7720e-11	 6.6956e+09	 2.8815e+02	 1.2367e+04
 1.0000e+06	 1.2364e+04	 1.0350e+00	-6.2985e-04	-3.5023e-10	-1.9473e-08	 1.2986e-11	-2.0141e+07	 2.8814e+02	 1.2371e+04
 3.1646e+05	 1.2364e+04	 1.0339e+00	 6.2755e-05	 1.1043e-11	-5.9686e-09	 1.2972e-11	 6.3878e+08	 2.8815e+02	 1.2374e+04
 1.0014e+05	 1.2364e+04	 1.0342e+00	 5.8031e-04	 3.2316e-11	-1.9045e-09	 1.2975e-11	 2.1828e+08	 2.8815e+02	 1.2376e+04
 3.1691e+04	 1.2364e+04	 1.0341e+00	 7.1595e-04	 1.2617e-11	-6.0147e-10	 1.2974e-11	 5.5910e+08	 2.8815e+02	 1.2379e+04
 1.0029e+04	 1.2364e+04	 1.0347e+00	 1.6281e-03	 9.0794e-12	-1.9370e-10	 1.2982e-11	 7.7692e+08	 2.8815e+02	 1.2381e+04
 3.1737e+03	 1.2364e+04	 1.0354e+00	 3.7718e-03	 6.6563e-12	-6.2515e-11	 1.2991e-11	 1.0597e+09	 2.8815e+02	 1.2384e+04
 1.0043e+03	 1.2364e+04	 1.0387e+00	 8.0620e-03	 4.5024e-12	-2.1628e-11	 1.3032e-11	 1.5667e+09	 2.8815e+02	 1.2387e+04
 3.1783e+02	 1.2364e+04	 1.0444e+00	 1.5131e-02	 2.6742e-12	-7.8525e-12	 1.3104e-11	 2.6378e+09	 2.8815e+02	 1.2389e+04
 1.0058e+02	 1.2364e+04	 1.0514e+00	 2.9455e-02	 1.6474e-12	-2.8740e-12	 1.3191e-11	 4.2820e+09	 2.8815e+02	 1.2392e+04
 3.1829e+01	 1.2364e+04	 1.0565e+00	 7.7263e-02	 1.3674e-12	-1.0008e-12	 1.3256e-11	 5.1585e+09	 2.8815e+02	 1.2394e+04
 1.0072e+01	 1.2364e+04	 1.0766e+00	 2.2773e-01	 1.2755e-12	-4.2886e-13	 1.3507e-11	 5.5304e+09	 2.8815e+02	 1.2398e+04
 3.1874e+00	 1.2364e+04	 1.1585e+00	 6.5275e-01	 1.1570e-12	-2.8100e-13	 1.4535e-11	 6.0970e+09	 2.8815e+02	 1.2403e+04
 1.0087e+00	 1.2364e+04	 1.4022e+00	 1.8198e+00	 1.0207e-12	-2.2559e-13	 1.7592e-11	 6.9107e+09	 2.8815e+02	 1.2408e+04
 1.0000e+06	 1.2406e+04	 1.0350e+00	-6.9349e-04	-3.8563e-10	-1.9460e-08	 1.2985e-11	-1.8292e+07	 2.8815e+02	 1.2412e+04
 3.1646e+05	 1.2406e+04	 1.0339e+00	-2.4014e-05	-4.2257e-12	-5.9626e-09	 1.2971e-11	-1.6693e+09	 2.8814e+02	 1.2414e+04
 1.0014e+05	 1.2406e+04	 1.0342e+00	 5.6467e-04	 3.1444e-11	-1.9044e-09	 1.2975e-11	 2.2433e+08	 2.8815e+02	 1.2417e+04
 3.1691e+04	 1.2406e+04	 1.0341e+00	 6.9512e-04	 1.2250e-11	-6.0117e-10	 1.2974e-11	 5.7585e+08	 2.8814e+02	 1.2420e+04
 1.0029e+04	 1.2406e+04	 1.0347e+00	 1.5867e-03	 8.8486e-12	-1.9360e-10	 1.2982e-11	 7.9719e+08	 2.8815e+02	 1.2422e+04
 3.1737e+03	 1.2406e+04	 1.0354e+00	 3.6182e-03	 6.3853e-12	-6.2435e-11	 1.2990e-11	 1.1047e+09	 2.8816e+02	 1.2425e+04
 1.0043e+03	 1.2406e+04	 1.0386e+00	 7.9043e-03	 4.4143e-12	-2.1543e-11	 1.3030e-11	 1.5980e+09	 2.8815e+02	 1.2427e+04
 3.1783e+02	 1.2406e+04	 1.0442e+00	 1.4895e-02	 2.6325e-12	-7.8125e-12	 1.3101e-11	 2.6796e+09	 2.8815e+02	 1.2430e+04
 1.0058e+02	 1.2406e+04	 1.0514e+00	 2.8930e-02	 1.6180e-12	-2.8748e-12	 1.3191e-11	 4.3597e+09	 2.8816e+02	 1.2433e+04
 3.1829e+01	 1.2406e+04	 1.0564e+00	 7.4929e-02	 1.3261e-12	-9.9743e-13	 1.3253e-11	 5.3192e+09	 2.8816e+02	 1.2436e+04
 1.0072e+01	 1.2406e+04	 1.0755e+00	 2.2062e-01	 1.2357e-12	-4.2261e-13	 1.3493e-11	 5.7086e+09	 2.8816e+02	 1.2439e+04
 3.1874e+00	 1.2406e+04	 1.1551e+00	 6.3225e-01	 1.1206e-12	-2.7486e-13	 1.4492e-11	 6.2947e+09	 2.8815e+02	 1.2444e+04
 1.0087e+00	 1.2406e+04	 1.3886e+00	 1.7667e+00	 9.9090e-13	-2.1797e-13	 1.7422e-11	 7.1187e+09	 2.8815e+02	 1.2449e+04
 1.0000e+06	 1.2447e+04	 1.0350e+00	-7.4654e-04	-4.1512e-10	-1.9454e-08	 1.2985e-11	-1.6993e+07	 2.8815e+02	 1.2453e+04
 3.1646e+05	 1.2447e+04	 1.0339e+00	-3.9850e-05	-7.0123e-12	-5.9653e-09	 1.2971e-11	-1.0059e+09	 2.8815e+02	 1.2456e+04
 1.0014e+05	 1.2447e+04	 1.0342e+00	 5.4169e-04	 3.0165e-11	-1.9042e-09	 1.2975e-11	 2.3385e+08	 2.8815e+02	 1.2458e+04
 3.1691e+04	 1.2447e+04	 1.0341e+00	 6.7563e-04	 1.1906e-11	-6.0042e-10	 1.2974e-11	 5.9246e+08	 2.8816e+02	 1.2461e+04
 1.0029e+04	 1.2447e+04	 1.0347e+00	 1.5592e-03	 8.6953e-12	-1.9340e-10	 1.2981e-11	 8.1124e+08	 2.8815e+02	 1.2463e+04
 3.1737e+03	 1.2447e+04	 1.0353e+00	 3.5654e-03	 6.2921e-12	-6.2380e-11	 1.2990e-11	 1.1211e+09	 2.8815e+02	 1.2466e+04
 1.0043e+03	 1.2447e+04	 1.0384e+00	 7.7392e-03	 4.3221e-12	-2.1471e-11	 1.3029e-11	 1.6321e+09	 2.8816e+02	 1.2469e+04
 3.1783e+02	 1.2447e+04	 1.0440e+00	 1.4677e-02	 2.5940e-12	-7.7776e-12	 1.3098e-11	 2.7194e+09	 2.8815e+02	 1.2471e+04
 1.0058e+02	 1.2447e+04	 1.0512e+00	 2.8261e-02	 1.5806e-12	-2.8618e-12	 1.3188e-11	 4.4630e+09	 2.8815e+02	 1.2474e+04
 3.1829e+01	 1.2447e+04	 1.0560e+00	 7.2775e-02	 1.2880e-12	-9.9198e-13	 1.3249e-11	 5.4766e+09	 2.8816e+02	 1.2477e+04
 1.0072e+01	 1.2447e+04	 1.0741e+00	 2.1401e-01	 1.1987e-12	-4.1477e-13	 1.3475e-11	 5.8849e+09	 2.8816e+02	 1.2480e+04
 3.1874e+00	 1.2447e+04	 1.1492e+00	 6.1509e-01	 1.0902e-12	-2.6446e-13	 1.4418e-11	 6.4703e+09	 2.8815e+02	 1.2485e+04
 1.0087e+00	 1.2447e+04	 1.3767e+00	 1.7234e+00	 9.6663e-13	-2.1131e-13	 1.7273e-11	 7.2974e+09	 2.8815e+02	 1.2490e+04
 1.0000e+06	 1.2488e+04	 1.0350e+00	-7.3561e-04	-4.0904e-10	-1.9441e-08	 1.2985e-11	-1.7245e+07	 2.8815e+02	 1.2494e+04
 3.1646e+05	 1.2488e+04	 1.0339e+00	-3.9868e-05	-7.0154e-12	-5.9648e-09	 1.2971e-11	-1.0055e+09	 2.8815e+02	 1.2496e+04
 1.0014e+05	 1.2488e+04	 1.0341e+00	 5.4110e-04	 3.0132e-11	-1.9017e-09	 1.2975e-11	 2.3410e+08	 2.8815e+02	 1.2499e+04
 3.1691e+04	 1.2488e+04	 1.0341e+00	 6.6136e-04	 1.1655e-11	-6.0005e-10	 1.2973e-11	 6.0524e+08	 2.8815e+02	 1.2502e+04
 1.0029e+04	 1.2488e+04	 1.0346e+00	 1.5136e-03	 8.4406e-12	-1.9322e-10	 1.2981e-11	 8.3572e+08	 2.8815e+02	 1.2504e+04
 3.1737e+03	 1.2488e+04	 1.0352e+00	 3.4300e-03	 6.0531e-12	-6.2192e-11	 1.2988e-11	 1.1653e+09	 2.8814e+02	 1.2507e+04
 1.0043e+03	 1.2488e+04	 1.0383e+00	 7.5839e-03	 4.2354e-12	-2.1378e-11	 1.3026e-11	 1.6655e+09	 2.8815e+02	 1.2510e+04
 3.1783e+02	 1.2488e+04	 1.0438e+00	 1.4399e-02	 2.5447e-12	-7.7332e-12	 1.3095e-11	 2.7720e+09	 2.8815e+02	 1.2512e+04
 1.0058e+02	 1.2488e+04	 1.0509e+00	 2.7458e-02	 1.5356e-12	-2.8475e-12	 1.3185e-11	 4.5935e+09	 2.8815e+02	 1.2515e+04
 3.1829e+01	 1.2488e+04	 1.0557e+00	 7.0546e-02	 1.2486e-12	-9.8651e-13	 1.3245e-11	 5.6497e+09	 2.8815e+02	 1.2518e+04
 1.0072e+01	 1.2488e+04	 1.0731e+00	 2.0722e-01	 1.1606e-12	-4.0926e-13	 1.3463e-11	 6.0778e+09	 2.8815e+02	 1.2521e+04
 3.1874e+00	 1.2488e+04	 1.1458e+00	 5.9713e-01	 1.0584e-12	-2.5844e-13	 1.4376e-11	 6.6649e+09	 2.8815e+02	 1.2526e+04
 1.0087e+00	 1.2488e+04	 1.3638e+00	 1.6693e+00	 9.3632e-13	-2.0403e-13	 1.7110e-11	 7.5337e+09	 2.8815e+02	 1.2531e+04
 1.0000e+06	 1.2529e+04	 1.0349e+00	-7.8595e-04	-4.3704e-10	-1.9428e-08	 1.2984e-11	-1.6140e+07	 2.8815e+02	 1.2535e+04
 3.1646e+05	 1.2529e+04	 1.0339e+00	-3.3601e-05	-5.9127e-12	-5.9624e-09	 1.2971e-11	-1.1930e+09	 2.8815e+02	 1.2538e+04
 1.0014e+05	 1.2529e+04	 1.0341e+00	 5.0589e-04	 2.8171e-11	-1.8987e-09	 1.2974e-11	 2.5040e+08	 2.8815e+02	 1.2540e+04
 3.1691e+04	 1.2529e+04	 1.0340e+00	 6.4622e-04	 1.1388e-11	-5.9957e-10	 1.2973e-11	 6.1943e+08	 2.8815e+02	 1.2543e+04
 1.0029e+04	 1.2529e+04	 1.0346e+00	 1.5015e-03	 8.3732e-12	-1.9293e-10	 1.2980e-11	 8.4244e+08	 2.8815e+02	 1.2546e+04
 3.1737e+03	 1.2529e+04	 1.0352e+00	 3.4296e-03	 6.0524e-12	-6.2045e-11	 1.2987e-11	 1.1655e+09	 2.8816e+02	 1.2548e+04
 1.0043e+03	 1.2529e+04	 1.0382e+00	 7.4150e-03	 4.1410e-12	-2.1312e-11	 1.3025e-11	 1.7034e+09	 2.8815e+02	 1.2551e+04
 3.1783e+02	 1.2529e+04	 1.0435e+00	 1.4201e-02	 2.5097e-12	-7.6919e-12	 1.3092e-11	 2.8107e+09	 2.8816e+02	 1.2553e+04
 1.0058e+02	 1.2529e+04	 1.0508e+00	 2.6960e-02	 1.5078e-12	-2.8425e-12	 1.3184e-11	 4.6782e+09	 2.8815e+02	 1.2556e+04
 3.1829e+01	 1.2529e+04	 1.0556e+00	 6.8446e-02	 1.2114e-12	-9.8379e-13	 1.3244e-11	 5.8230e+09	 2.8815e+02	 1.2559e+04
 1.0072e+01	 1.2529e+04	 1.0719e+00	 2.0085e-01	 1.1249e-12	-4.0275e-13	 1.3448e-11	 6.2707e+09	 2.8814e+02	 1.2562e+04
 3.1874e+00	 1.2529e+04	 1.1413e+00	 5.8033e-01	 1.0286e-12	-2.5047e-13	 1.4319e-11	 6.8579e+09	 2.8815e+02	 1.2567e+04
 1.0087e+00	 1.2529e+04	 1.3529e+00	 1.6274e+00	 9.1281e-13	-1.9794e-13	 1.6974e-11	 7.7277e+09	 2.8815e+02	 1.2573e+04
 1.0000e+06	 1.2570e+04	 1.0349e+00	-6.8761e-04	-3.8235e-10	-1.9433e-08	 1.2985e-11	-1.8449e+07	 2.8815e+02	 1.2576e+04
 3.1646e+05	 1.2570e+04	 1.0338e+00	 9.5904e-06	 1.6876e-12	-5.9477e-09	 1.2970e-11	 4.1798e+09	 2.8815e+02	 1.2579e+04
 1.0014e+05	 1.2570e+04	 1.0341e+00	 5.8659e-04	 3.2665e-11	-1.8988e-09	 1.2974e-11	 2.1595e+08	 2.8815e+02	 1.2582e+04
 3.1691e+04	 1.2570e+04	 1.0340e+00	 6.3149e-04	 1.1128e-11	-5.9889e-10	 1.2973e-11	 6.3388e+08	 2.8814e+02	 1.2584e+04
 1.0029e+04	 1.2570e+04	 1.0346e+00	 1.4507e-03	 8.0899e-12	-1.9268e-10	 1.2980e-11	 8.7195e+08	 2.8815e+02	 1.2587e+04
 3.1737e+03	 1.2570e+04	 1.0351e+00	 3.3316e-03	 5.8795e-12	-6.1970e-11	 1.2987e-11	 1.1998e+09	 2.8815e+02	 1.2590e+04
 1.0043e+03	 1.2570e+04	 1.0380e+00	 7.2625e-03	 4.0559e-12	-2.1237e-11	 1.3023e-11	 1.7392e+09	 2.8815e+02	 1.2592e+04
 3.1783e+02	 1.2570e+04	 1.0433e+00	 1.3968e-02	 2.4686e-12	-7.6599e-12	 1.3090e-11	 2.8575e+09	 2.8814e+02	 1.2595e+04
 1.0058e+02	 1.2570e+04	 1.0505e+00	 2.6323e-02	 1.4722e-12	-2.8246e-12	 1.3180e-11	 4.7914e+09	 2.8815e+02	 1.2598e+04
 3.1829e+01	 1.2570e+04	 1.0553e+00	 6.6437e-02	 1.1758e-12	-9.7856e-13	 1.3240e-11	 5.9991e+09	 2.8815e+02	 1.2601e+04
 1.0072e+01	 1.2570e+04	 1.0711e+00	 1.9492e-01	 1.0917e-12	-3.9824e-13	 1.3438e-11	 6.4614e+09	 2.8815e+02	 1.2604e+04
 3.1874e+00	 1.2570e+04	 1.1375e+00	 5.6308e-01	 9.9800e-13	-2.4371e-13	 1.4271e-11	 7.0681e+09	 2.8815e+02	 1.2609e+04
 1.0087e+00	 1.2570e+04	 1.3443e+00	 1.5728e+00	 8.8218e-13	-1.9314e-13	 1.6866e-11	 7.9961e+09	 2.8815e+02	 1.2614e+04
 1.0000e+06	 1.2612e+04	 1.0349e+00	-6.8812e-04	-3.8264e-10	-1.9415e-08	 1.2984e-11	-1.8435e+07	 2.8815e+02	 1.2618e+04
 3.1646e+05	 1.2612e+04	 1.0338e+00	 2.0280e-06	 3.5687e-13	-5.9443e-09	 1.2970e-11	 1.9766e+10	 2.8815e+02	 1.2621e+04
 1.0014e+05	 1.2612e+04	 1.0341e+00	 5.5324e-04	 3.0808e-11	-1.8964e-09	 1.2973e-11	 2.2897e+08	 2.8815e+02	 1.2623e+04
 3.1691e+04	 1.2612e+04	 1.0340e+00	 6.3093e-04	 1.1118e-11	-5.9854e-10	 1.2972e-11	 6.3443e+08	 2.8815e+02	 1.2626e+04
 1.0029e+04	 1.2612e+04	 1.0345e+00	 1.4160e-03	 7.8966e-12	-1.9246e-10	 1.2979e-11	 8.9329e+08	 2.8815e+02	 1.2628e+04
 3.1737e+03	 1.2612e+04	 1.0351e+00	 3.2308e-03	 5.7015e-12	-6.1863e-11	 1.2986e-11	 1.2372e+09	 2.8815e+02	 1.2631e+04
 1.0043e+03	 1.2612e+04	 1.0379e+00	 7.1224e-03	 3.9776e-12	-2.1167e-11	 1.3022e-11	 1.7734e+09	 2.8815e+02	 1.2633e+04
 3.1783e+02	 1.2612e+04	 1.0431e+00	 1.3712e-02	 2.4233e-12	-7.6103e-12	 1.3086e-11	 2.9109e+09	 2.8815e+02	 1.2636e+04
 1.0058e+02	 1.2612e+04	 1.0504e+00	 2.5779e-02	 1.4418e-12	-2.8182e-12	 1.3178e-11	 4.8926e+09	 2.8815e+02	 1.2639e+04
 3.1829e+01	 1.2612e+04	 1.0551e+00	 6.4485e-02	 1.1413e-12	-9.7568e-13	 1.3238e-11	 6.1806e+09	 2.8815e+02	 1.2641e+04
 1.0072e+01	 1.2612e+04	 1.0700e+00	 1.8910e-01	 1.0591e-12	-3.9213e-13	 1.3425e-11	 6.6602e+09	 2.8815e+02	 1.2645e+04
 3.1874e+00	 1.2612e+04	 1.1345e+00	 5.4715e-01	 9.6977e-13	-2.3833e-13	 1.4233e-11	 7.2739e+09	 2.8815e+02	 1.2650e+04
 1.0087e+00	 1.2612e+04	 1.3380e+00	 1.5319e+00	 8.5924e-13	-1.8957e-13	 1.6786e-11	 8.2095e+09	 2.8815e+02	 1.2655e+04
 1.0000e+06	 1.2653e+04	 1.0349e+00	-7.3705e-04	-4.0985e-10	-1.9389e-08	 1.2984e-11	-1.7211e+07	 2.8814e+02	 1.2659e+04
 3.1646e+05	 1.2653e+04	 1.0338e+00	-4.8229e-05	-8.4869e-12	-5.9490e-09	 1.2970e-11	-8.3116e+08	 2.8815e+02	 1.2662e+04
 1.0014e+05	 1.2653e+04	 1.0340e+00	 5.0043e-04	 2.7867e-11	-1.8958e-09	 1.2973e-11	 2.5313e+08	 2.8814e+02	 1.2664e+04
 3.1691e+04	 1.2653e+04	 1.0339e+00	 6.0587e-04	 1.0677e-11	-5.9801e-10	 1.2972e-11	 6.6068e+08	 2.8815e+02	 1.2667e+04
 1.0029e+04	 1.2653e+04	 1.0345e+00	 1.3728e-03	 7.6554e-12	-1.9234e-10	 1.2979e-11	 9.2143e+08	 2.8815e+02	 1.2670e+04
 3.1737e+03	 1.2653e+04	 1.0350e+00	 3.2264e-03	 5.6938e-12	-6.1743e-11	 1.2985e-11	 1.2389e+09	 2.8815e+02	 1.2672e+04
 1.0043e+03	 1.2653e+04	 1.0378e+00	 6.9622e-03	 3.8882e-12	-2.1088e-11	 1.3020e-11	 1.8142e+09	 2.8814e+02	 1.2675e+04
 3.1783e+02	 1.2653e+04	 1.0429e+00	 1.3461e-02	 2.3790e-12	-7.5835e-12	 1.3084e-11	 2.9651e+09	 2.8815e+02	 1.2678e+04
 1.0058e+02	 1.2653e+04	 1.0501e+00	 2.5202e-02	 1.4095e-12	-2.8020e-12	 1.3175e-11	 5.0046e+09	 2.8814e+02	 1.2680e+04