empty silica, 22.11.2024, 14:13
Diameter[mm] 1.900e+01  Thickness[mm] 2.000e-01  Spacer Capacity[pF] 0.000e+00  Spacer Area[mm^2] 0.000e+00
Fixed value(s) : 
 Freq. [Hz]	 Time  [s]	 Eps'   	 Eps''  	 Sig' [S/cm]	 Sig'' [S/cm]	  Cp' [F]	 Zp' [Ohms]	M Temp [K]	M Time M[s]
 1.0000e+06	 0.0000e+00	 1.7820e+00	 7.2439e-04	 4.0281e-10	-4.3484e-07	 2.2357e-11	 1.7512e+07	 2.8824e+02	 1.2560e+01
 3.1646e+05	 0.0000e+00	 1.7825e+00	 2.0230e-03	 3.5599e-10	-1.3770e-07	 2.2364e-11	 1.9815e+07	 2.8823e+02	 1.5250e+01
 1.0014e+05	 0.0000e+00	 1.7837e+00	 3.7147e-03	 2.0686e-10	-4.3640e-08	 2.2378e-11	 3.4101e+07	 2.8823e+02	 1.7690e+01
 3.1691e+04	 0.0000e+00	 1.7861e+00	 7.8133e-03	 1.3769e-10	-1.3853e-08	 2.2409e-11	 5.1231e+07	 2.8822e+02	 2.0270e+01
 1.0029e+04	 0.0000e+00	 1.7924e+00	 1.6869e-02	 9.4073e-11	-4.4187e-09	 2.2487e-11	 7.4984e+07	 2.8821e+02	 2.2880e+01
 3.1737e+03	 0.0000e+00	 1.8084e+00	 3.0116e-02	 5.3148e-11	-1.4267e-09	 2.2689e-11	 1.3272e+08	 2.8821e+02	 2.5310e+01
 1.0043e+03	 0.0000e+00	 1.8299e+00	 4.3389e-02	 2.4231e-11	-4.6349e-10	 2.2959e-11	 2.9111e+08	 2.8820e+02	 2.8000e+01
 3.1783e+02	 0.0000e+00	 1.8449e+00	 8.3977e-02	 1.4841e-11	-1.4933e-10	 2.3147e-11	 4.7529e+08	 2.8819e+02	 3.0500e+01
 1.0058e+02	 0.0000e+00	 1.8687e+00	 2.2594e-01	 1.2636e-11	-4.8582e-11	 2.3445e-11	 5.5823e+08	 2.8818e+02	 3.3160e+01
 3.1829e+01	 0.0000e+00	 1.9500e+00	 6.4262e-01	 1.1374e-11	-1.6814e-11	 2.4465e-11	 6.2021e+08	 2.8817e+02	 3.6030e+01
 1.0072e+01	 0.0000e+00	 2.2012e+00	 1.8083e+00	 1.0128e-11	-6.7277e-12	 2.7616e-11	 6.9649e+08	 2.8816e+02	 3.9140e+01
 3.1874e+00	 0.0000e+00	 2.8324e+00	 5.0344e+00	 8.9230e-12	-3.2477e-12	 3.5535e-11	 7.9054e+08	 2.8815e+02	 4.4690e+01
 1.0087e+00	 0.0000e+00	 4.4122e+00	 1.4055e+01	 7.8836e-12	-1.9139e-12	 5.5356e-11	 8.9477e+08	 2.8813e+02	 5.0440e+01
 1.0000e+06	 4.7700e+01	 1.7821e+00	 6.9410e-04	 3.8596e-10	-4.3488e-07	 2.2358e-11	 1.8276e+07	 2.8811e+02	 5.8310e+01
 3.1646e+05	 4.7700e+01	 1.7858e+00	 9.8226e-04	 1.7285e-10	-1.3827e-07	 2.2405e-11	 4.0810e+07	 2.8811e+02	 6.1020e+01
 1.0014e+05	 4.7700e+01	 1.7875e+00	 3.4557e-03	 1.9244e-10	-4.3851e-08	 2.2426e-11	 3.6656e+07	 2.8810e+02	 6.3440e+01
 3.1691e+04	 4.7700e+01	 1.7870e+00	 7.1180e-03	 1.2544e-10	-1.3868e-08	 2.2420e-11	 5.6236e+07	 2.8809e+02	 6.6030e+01
 1.0029e+04	 4.7700e+01	 1.7937e+00	 1.5087e-02	 8.4133e-11	-4.4263e-09	 2.2504e-11	 8.3843e+07	 2.8808e+02	 6.8630e+01
 3.1737e+03	 4.7700e+01	 1.8089e+00	 2.8730e-02	 5.0702e-11	-1.4275e-09	 2.2694e-11	 1.3912e+08	 2.8808e+02	 7.1190e+01
 1.0043e+03	 4.7700e+01	 1.8304e+00	 4.2128e-02	 2.3527e-11	-4.6377e-10	 2.2965e-11	 2.9982e+08	 2.8808e+02	 7.3810e+01
 3.1783e+02	 4.7700e+01	 1.8456e+00	 8.2413e-02	 1.4565e-11	-1.4945e-10	 2.3155e-11	 4.8431e+08	 2.8807e+02	 7.6310e+01
 1.0058e+02	 4.7700e+01	 1.8726e+00	 2.1935e-01	 1.2268e-11	-4.8803e-11	 2.3494e-11	 5.7500e+08	 2.8806e+02	 7.9090e+01
 3.1829e+01	 4.7700e+01	 1.9598e+00	 6.1067e-01	 1.0808e-11	-1.6988e-11	 2.4588e-11	 6.5266e+08	 2.8805e+02	 8.2090e+01
 1.0072e+01	 4.7700e+01	 2.2037e+00	 1.7101e+00	 9.5779e-12	-6.7420e-12	 2.7649e-11	 7.3648e+08	 2.8805e+02	 8.5060e+01
 3.1874e+00	 4.7700e+01	 2.8245e+00	 4.7825e+00	 8.4766e-12	-3.2338e-12	 3.5437e-11	 8.3217e+08	 2.8804e+02	 9.0330e+01
 1.0087e+00	 4.7700e+01	 4.3664e+00	 1.3373e+01	 7.5008e-12	-1.8882e-12	 5.4781e-11	 9.4042e+08	 2.8802e+02	 9.6190e+01
 1.0000e+06	 9.3500e+01	 1.7857e+00	 9.0985e-04	 5.0593e-10	-4.3687e-07	 2.2403e-11	 1.3942e+07	 2.8801e+02	 1.0452e+02
 3.1646e+05	 9.3500e+01	 1.7863e+00	 2.0797e-03	 3.6597e-10	-1.3836e-07	 2.2411e-11	 1.9275e+07	 2.8800e+02	 1.0706e+02
 1.0014e+05	 9.3500e+01	 1.7875e+00	 3.7882e-03	 2.1095e-10	-4.3855e-08	 2.2427e-11	 3.3439e+07	 2.8800e+02	 1.0950e+02
 3.1691e+04	 9.3500e+01	 1.7900e+00	 7.4426e-03	 1.3115e-10	-1.3921e-08	 2.2457e-11	 5.3783e+07	 2.8799e+02	 1.1202e+02
 1.0029e+04	 9.3500e+01	 1.7951e+00	 1.4958e-02	 8.3417e-11	-4.4339e-09	 2.2521e-11	 8.4562e+07	 2.8799e+02	 1.1444e+02
 3.1737e+03	 9.3500e+01	 1.8082e+00	 2.9886e-02	 5.2743e-11	-1.4263e-09	 2.2686e-11	 1.3374e+08	 2.8799e+02	 1.1703e+02
 1.0043e+03	 9.3500e+01	 1.8299e+00	 4.2948e-02	 2.3985e-11	-4.6348e-10	 2.2958e-11	 2.9410e+08	 2.8798e+02	 1.1969e+02
 3.1783e+02	 9.3500e+01	 1.8457e+00	 8.1791e-02	 1.4455e-11	-1.4946e-10	 2.3157e-11	 4.8799e+08	 2.8798e+02	 1.2219e+02
 1.0058e+02	 9.3500e+01	 1.8741e+00	 2.1637e-01	 1.2101e-11	-4.8886e-11	 2.3513e-11	 5.8293e+08	 2.8797e+02	 1.2478e+02
 3.1829e+01	 9.3500e+01	 1.9668e+00	 5.9575e-01	 1.0544e-11	-1.7111e-11	 2.4676e-11	 6.6901e+08	 2.8796e+02	 1.2778e+02
 1.0072e+01	 9.3500e+01	 2.2055e+00	 1.6422e+00	 9.1977e-12	-6.7516e-12	 2.7670e-11	 7.6693e+08	 2.8796e+02	 1.3075e+02
 3.1874e+00	 9.3500e+01	 2.8180e+00	 4.6073e+00	 8.1660e-12	-3.2222e-12	 3.5355e-11	 8.6382e+08	 2.8796e+02	 1.3628e+02
 1.0087e+00	 9.3500e+01	 4.3468e+00	 1.2883e+01	 7.2258e-12	-1.8772e-12	 5.4536e-11	 9.7621e+08	 2.8794e+02	 1.4200e+02
 1.0000e+06	 1.3930e+02	 1.7825e+00	-1.7873e-04	-9.9383e-11	-4.3515e-07	 2.2364e-11	-7.0978e+07	 2.8793e+02	 1.4969e+02
 3.1646e+05	 1.3930e+02	 1.7828e+00	 1.6533e-03	 2.9094e-10	-1.3774e-07	 2.2367e-11	 2.4246e+07	 2.8792e+02	 1.5238e+02
 1.0014e+05	 1.3930e+02	 1.7839e+00	 3.4908e-03	 1.9439e-10	-4.3655e-08	 2.2382e-11	 3.6287e+07	 2.8792e+02	 1.5481e+02
 3.1691e+04	 1.3930e+02	 1.7862e+00	 7.6412e-03	 1.3465e-10	-1.3855e-08	 2.2410e-11	 5.2385e+07	 2.8791e+02	 1.5725e+02
 1.0029e+04	 1.3930e+02	 1.7923e+00	 1.6550e-02	 9.2295e-11	-4.4183e-09	 2.2486e-11	 7.6428e+07	 2.8791e+02	 1.5975e+02
 3.1737e+03	 1.3930e+02	 1.8081e+00	 2.9626e-02	 5.2283e-11	-1.4261e-09	 2.2685e-11	 1.3492e+08	 2.8791e+02	 1.6225e+02
 1.0043e+03	 1.3930e+02	 1.8299e+00	 4.2815e-02	 2.3911e-11	-4.6345e-10	 2.2958e-11	 2.9501e+08	 2.8790e+02	 1.6484e+02
 3.1783e+02	 1.3930e+02	 1.8457e+00	 8.1237e-02	 1.4357e-11	-1.4947e-10	 2.3157e-11	 4.9132e+08	 2.8790e+02	 1.6731e+02
 1.0058e+02	 1.3930e+02	 1.8749e+00	 2.1442e-01	 1.1992e-11	-4.8929e-11	 2.3522e-11	 5.8822e+08	 2.8789e+02	 1.6977e+02
 3.1829e+01	 1.3930e+02	 1.9723e+00	 5.8630e-01	 1.0377e-11	-1.7208e-11	 2.4745e-11	 6.7978e+08	 2.8788e+02	 1.7270e+02
 1.0072e+01	 1.3930e+02	 2.2147e+00	 1.5965e+00	 8.9415e-12	-6.8032e-12	 2.7786e-11	 7.8890e+08	 2.8788e+02	 1.7570e+02
 3.1874e+00	 1.3930e+02	 2.8193e+00	 4.4595e+00	 7.9041e-12	-3.2246e-12	 3.5371e-11	 8.9245e+08	 2.8787e+02	 1.8100e+02
 1.0087e+00	 1.3930e+02	 4.3367e+00	 1.2539e+01	 7.0330e-12	-1.8715e-12	 5.4409e-11	 1.0030e+09	 2.8786e+02	 1.8675e+02
 1.0000e+06	 1.8400e+02	 1.7823e+00	 6.7839e-04	 3.7723e-10	-4.3502e-07	 2.2361e-11	 1.8699e+07	 2.8785e+02	 1.9475e+02
 3.1646e+05	 1.8400e+02	 1.7864e+00	 2.0630e-03	 3.6303e-10	-1.3838e-07	 2.2413e-11	 1.9431e+07	 2.8784e+02	 1.9719e+02
 1.0014e+05	 1.8400e+02	 1.7877e+00	 3.6909e-03	 2.0553e-10	-4.3866e-08	 2.2429e-11	 3.4321e+07	 2.8783e+02	 2.0000e+02
 3.1691e+04	 1.8400e+02	 1.7902e+00	 7.4831e-03	 1.3187e-10	-1.3925e-08	 2.2460e-11	 5.3492e+07	 2.8783e+02	 2.0244e+02
 1.0029e+04	 1.8400e+02	 1.7962e+00	 1.5747e-02	 8.7818e-11	-4.4402e-09	 2.2535e-11	 8.0325e+07	 2.8783e+02	 2.0503e+02
 3.1737e+03	 1.8400e+02	 1.8108e+00	 2.7770e-02	 4.9008e-11	-1.4309e-09	 2.2719e-11	 1.4394e+08	 2.8783e+02	 2.0770e+02
 1.0043e+03	 1.8400e+02	 1.8308e+00	 4.1095e-02	 2.2950e-11	-4.6399e-10	 2.2970e-11	 3.0736e+08	 2.8782e+02	 2.1019e+02
 3.1783e+02	 1.8400e+02	 1.8462e+00	 7.9832e-02	 1.4109e-11	-1.4954e-10	 2.3162e-11	 4.9997e+08	 2.8782e+02	 2.1281e+02
 1.0058e+02	 1.8400e+02	 1.8753e+00	 2.1225e-01	 1.1871e-11	-4.8951e-11	 2.3527e-11	 5.9423e+08	 2.8781e+02	 2.1527e+02
 3.1829e+01	 1.8400e+02	 1.9766e+00	 5.7893e-01	 1.0246e-11	-1.7284e-11	 2.4798e-11	 6.8844e+08	 2.8781e+02	 2.1816e+02
 1.0072e+01	 1.8400e+02	 2.2222e+00	 1.5623e+00	 8.7501e-12	-6.8452e-12	 2.7880e-11	 8.0616e+08	 2.8780e+02	 2.2125e+02
 3.1874e+00	 1.8400e+02	 2.8231e+00	 4.3490e+00	 7.7082e-12	-3.2313e-12	 3.5419e-11	 9.1512e+08	 2.8779e+02	 2.2663e+02
 1.0087e+00	 1.8400e+02	 4.2980e+00	 1.2261e+01	 6.8771e-12	-1.8498e-12	 5.3923e-11	 1.0257e+09	 2.8778e+02	 2.3231e+02
 1.0000e+06	 2.2960e+02	 1.7860e+00	 9.6741e-04	 5.3794e-10	-4.3704e-07	 2.2407e-11	 1.3113e+07	 2.8777e+02	 2.4009e+02
 3.1646e+05	 2.2960e+02	 1.7865e+00	 2.0994e-03	 3.6943e-10	-1.3840e-07	 2.2414e-11	 1.9094e+07	 2.8776e+02	 2.4269e+02
 1.0014e+05	 2.2960e+02	 1.7878e+00	 3.7003e-03	 2.0605e-10	-4.3870e-08	 2.2430e-11	 3.4234e+07	 2.8776e+02	 2.4519e+02
 3.1691e+04	 2.2960e+02	 1.7902e+00	 7.3010e-03	 1.2866e-10	-1.3925e-08	 2.2460e-11	 5.4826e+07	 2.8776e+02	 2.4788e+02
 1.0029e+04	 2.2960e+02	 1.7958e+00	 1.5102e-02	 8.4219e-11	-4.4380e-09	 2.2531e-11	 8.3757e+07	 2.8775e+02	 2.5031e+02
 3.1737e+03	 2.2960e+02	 1.8098e+00	 2.7644e-02	 4.8786e-11	-1.4292e-09	 2.2707e-11	 1.4459e+08	 2.8775e+02	 2.5275e+02
 1.0043e+03	 2.2960e+02	 1.8320e+00	 4.0581e-02	 2.2663e-11	-4.6463e-10	 2.2984e-11	 3.1125e+08	 2.8774e+02	 2.5519e+02
 3.1783e+02	 2.2960e+02	 1.8470e+00	 7.8478e-02	 1.3869e-11	-1.4970e-10	 2.3173e-11	 5.0860e+08	 2.8774e+02	 2.5770e+02
 1.0058e+02	 2.2960e+02	 1.8759e+00	 2.0980e-01	 1.1734e-11	-4.8986e-11	 2.3535e-11	 6.0117e+08	 2.8774e+02	 2.6034e+02
 3.1829e+01	 2.2960e+02	 1.9790e+00	 5.7122e-01	 1.0110e-11	-1.7327e-11	 2.4829e-11	 6.9774e+08	 2.8773e+02	 2.6322e+02
 1.0072e+01	 2.2960e+02	 2.2241e+00	 1.5321e+00	 8.5811e-12	-6.8558e-12	 2.7904e-11	 8.2204e+08	 2.8773e+02	 2.6619e+02
 3.1874e+00	 2.2960e+02	 2.8103e+00	 4.2622e+00	 7.5544e-12	-3.2085e-12	 3.5258e-11	 9.3376e+08	 2.8772e+02	 2.7150e+02
 1.0087e+00	 2.2960e+02	 4.2530e+00	 1.1996e+01	 6.7286e-12	-1.8246e-12	 5.3358e-11	 1.0484e+09	 2.8771e+02	 2.7719e+02
 1.0000e+06	 2.7460e+02	 1.7861e+00	 8.7681e-04	 4.8756e-10	-4.3711e-07	 2.2408e-11	 1.4468e+07	 2.8770e+02	 2.8525e+02
 3.1646e+05	 2.7460e+02	 1.7866e+00	 2.1032e-03	 3.7010e-10	-1.3842e-07	 2.2415e-11	 1.9060e+07	 2.8770e+02	 2.8777e+02
 1.0014e+05	 2.7460e+02	 1.7879e+00	 3.8502e-03	 2.1440e-10	-4.3875e-08	 2.2431e-11	 3.2900e+07	 2.8769e+02	 2.9031e+02
 3.1691e+04	 2.7460e+02	 1.7903e+00	 7.7566e-03	 1.3669e-10	-1.3927e-08	 2.2462e-11	 5.1606e+07	 2.8769e+02	 2.9275e+02
 1.0029e+04	 2.7460e+02	 1.7965e+00	 1.6404e-02	 9.1481e-11	-4.4418e-09	 2.2539e-11	 7.7109e+07	 2.8768e+02	 2.9534e+02
 3.1737e+03	 2.7460e+02	 1.8124e+00	 2.9087e-02	 5.1332e-11	-1.4336e-09	 2.2738e-11	 1.3742e+08	 2.8767e+02	 2.9781e+02
 1.0043e+03	 2.7460e+02	 1.8339e+00	 4.1151e-02	 2.2982e-11	-4.6571e-10	 2.3008e-11	 3.0694e+08	 2.8768e+02	 3.0031e+02
 3.1783e+02	 2.7460e+02	 1.8480e+00	 7.7711e-02	 1.3734e-11	-1.4987e-10	 2.3185e-11	 5.1362e+08	 2.8767e+02	 3.0300e+02
 1.0058e+02	 2.7460e+02	 1.8762e+00	 2.0854e-01	 1.1663e-11	-4.9002e-11	 2.3539e-11	 6.0481e+08	 2.8766e+02	 3.0556e+02
 3.1829e+01	 2.7460e+02	 1.9814e+00	 5.6644e-01	 1.0025e-11	-1.7370e-11	 2.4859e-11	 7.0362e+08	 2.8767e+02	 3.0839e+02
 1.0072e+01	 2.7460e+02	 2.2314e+00	 1.5138e+00	 8.4784e-12	-6.8971e-12	 2.7996e-11	 8.3199e+08	 2.8766e+02	 3.1152e+02
 3.1874e+00	 2.7460e+02	 2.8176e+00	 4.1907e+00	 7.4277e-12	-3.2216e-12	 3.5351e-11	 9.4969e+08	 2.8765e+02	 3.1683e+02
 1.0087e+00	 2.7460e+02	 4.2240e+00	 1.1787e+01	 6.6110e-12	-1.8083e-12	 5.2995e-11	 1.0670e+09	 2.8764e+02	 3.2250e+02
 1.0000e+06	 3.1980e+02	 1.7861e+00	 9.0846e-04	 5.0516e-10	-4.3714e-07	 2.2409e-11	 1.3964e+07	 2.8763e+02	 3.3033e+02
 3.1646e+05	 3.1980e+02	 1.7867e+00	 2.1944e-03	 3.8614e-10	-1.3844e-07	 2.2417e-11	 1.8268e+07	 2.8763e+02	 3.3294e+02
 1.0014e+05	 3.1980e+02	 1.7880e+00	 3.7301e-03	 2.0771e-10	-4.3879e-08	 2.2432e-11	 3.3960e+07	 2.8762e+02	 3.3544e+02
 3.1691e+04	 3.1980e+02	 1.7904e+00	 7.7552e-03	 1.3666e-10	-1.3928e-08	 2.2462e-11	 5.1615e+07	 2.8762e+02	 3.3800e+02
 1.0029e+04	 3.1980e+02	 1.7965e+00	 1.6489e-02	 9.1956e-11	-4.4420e-09	 2.2539e-11	 7.6710e+07	 2.8762e+02	 3.4044e+02
 3.1737e+03	 3.1980e+02	 1.8122e+00	 2.8982e-02	 5.1147e-11	-1.4334e-09	 2.2736e-11	 1.3791e+08	 2.8761e+02	 3.4294e+02
 1.0043e+03	 3.1980e+02	 1.8341e+00	 4.1339e-02	 2.3087e-11	-4.6584e-10	 2.3011e-11	 3.0554e+08	 2.8761e+02	 3.4556e+02
 3.1783e+02	 3.1980e+02	 1.8489e+00	 7.7364e-02	 1.3673e-11	-1.5004e-10	 2.3197e-11	 5.1592e+08	 2.8761e+02	 3.4800e+02
 1.0058e+02	 3.1980e+02	 1.8763e+00	 2.0733e-01	 1.1596e-11	-4.9007e-11	 2.3540e-11	 6.0833e+08	 2.8760e+02	 3.5078e+02
 3.1829e+01	 3.1980e+02	 1.9840e+00	 5.6505e-01	 1.0001e-11	-1.7415e-11	 2.4891e-11	 7.0536e+08	 2.8760e+02	 3.5372e+02
 1.0072e+01	 3.1980e+02	 2.2439e+00	 1.4957e+00	 8.3772e-12	-6.9668e-12	 2.8152e-11	 8.4204e+08	 2.8759e+02	 3.5677e+02
 3.1874e+00	 3.1980e+02	 2.8279e+00	 4.1096e+00	 7.2839e-12	-3.2398e-12	 3.5480e-11	 9.6843e+08	 2.8758e+02	 3.6234e+02
 1.0087e+00	 3.1980e+02	 4.2310e+00	 1.1540e+01	 6.4726e-12	-1.8123e-12	 5.3083e-11	 1.0898e+09	 2.8758e+02	 3.6802e+02
 1.0000e+06	 3.6530e+02	 1.7862e+00	 9.0615e-04	 5.0387e-10	-4.3715e-07	 2.2409e-11	 1.3999e+07	 2.8756e+02	 3.7575e+02
 3.1646e+05	 3.6530e+02	 1.7868e+00	 2.2834e-03	 4.0180e-10	-1.3846e-07	 2.2418e-11	 1.7556e+07	 2.8756e+02	 3.7838e+02
 1.0014e+05	 3.6530e+02	 1.7881e+00	 3.8054e-03	 2.1191e-10	-4.3886e-08	 2.2434e-11	 3.3288e+07	 2.8755e+02	 3.8081e+02
 3.1691e+04	 3.6530e+02	 1.7904e+00	 7.5523e-03	 1.3309e-10	-1.3929e-08	 2.2463e-11	 5.3002e+07	 2.8755e+02	 3.8325e+02
 1.0029e+04	 3.6530e+02	 1.7925e+00	 1.6212e-02	 9.0408e-11	-4.4193e-09	 2.2489e-11	 7.8024e+07	 2.8755e+02	 3.8584e+02
 3.1737e+03	 3.6530e+02	 1.8080e+00	 2.9425e-02	 5.1929e-11	-1.4260e-09	 2.2684e-11	 1.3584e+08	 2.8755e+02	 3.8831e+02
 1.0043e+03	 3.6530e+02	 1.8298e+00	 4.2410e-02	 2.3684e-11	-4.6343e-10	 2.2957e-11	 2.9783e+08	 2.8754e+02	 3.9081e+02
 3.1783e+02	 3.6530e+02	 1.8459e+00	 7.9246e-02	 1.4005e-11	-1.4951e-10	 2.3160e-11	 5.0366e+08	 2.8754e+02	 3.9350e+02
 1.0058e+02	 3.6530e+02	 1.8754e+00	 2.0776e-01	 1.1620e-11	-4.8960e-11	 2.3529e-11	 6.0707e+08	 2.8754e+02	 3.9602e+02
 3.1829e+01	 3.6530e+02	 1.9845e+00	 5.6343e-01	 9.9720e-12	-1.7424e-11	 2.4897e-11	 7.0738e+08	 2.8753e+02	 3.9895e+02
 1.0072e+01	 3.6530e+02	 2.2503e+00	 1.4761e+00	 8.2671e-12	-7.0028e-12	 2.8233e-11	 8.5325e+08	 2.8753e+02	 4.0208e+02
 3.1874e+00	 3.6530e+02	 2.8346e+00	 4.0512e+00	 7.1804e-12	-3.2516e-12	 3.5563e-11	 9.8240e+08	 2.8752e+02	 4.0739e+02
 1.0087e+00	 3.6530e+02	 4.2600e+00	 1.1417e+01	 6.4040e-12	-1.8285e-12	 5.3447e-11	 1.1015e+09	 2.8751e+02	 4.1300e+02
 1.0000e+06	 4.1030e+02	 1.7827e+00	 5.9392e-04	 3.3026e-10	-4.3525e-07	 2.2367e-11	 2.1359e+07	 2.8750e+02	 4.2075e+02
 3.1646e+05	 4.1030e+02	 1.7832e+00	 1.8556e-03	 3.2653e-10	-1.3782e-07	 2.2373e-11	 2.1603e+07	 2.8750e+02	 4.2331e+02
 1.0014e+05	 4.1030e+02	 1.7844e+00	 3.5650e-03	 1.9852e-10	-4.3680e-08	 2.2387e-11	 3.5532e+07	 2.8749e+02	 4.2575e+02
 3.1691e+04	 4.1030e+02	 1.7866e+00	 7.4566e-03	 1.3140e-10	-1.3862e-08	 2.2415e-11	 5.3683e+07	 2.8749e+02	 4.2819e+02
 1.0029e+04	 4.1030e+02	 1.7925e+00	 1.6167e-02	 9.0160e-11	-4.4195e-09	 2.2489e-11	 7.8239e+07	 2.8749e+02	 4.3081e+02
 3.1737e+03	 4.1030e+02	 1.8079e+00	 2.9372e-02	 5.1834e-11	-1.4258e-09	 2.2682e-11	 1.3609e+08	 2.8749e+02	 4.3325e+02
 1.0043e+03	 4.1030e+02	 1.8298e+00	 4.2328e-02	 2.3639e-11	-4.6344e-10	 2.2957e-11	 2.9840e+08	 2.8749e+02	 4.3569e+02
 3.1783e+02	 4.1030e+02	 1.8461e+00	 7.8863e-02	 1.3938e-11	-1.4953e-10	 2.3162e-11	 5.0611e+08	 2.8747e+02	 4.3825e+02
 1.0058e+02	 4.1030e+02	 1.8757e+00	 2.0640e-01	 1.1543e-11	-4.8978e-11	 2.3533e-11	 6.1109e+08	 2.8748e+02	 4.4069e+02
 3.1829e+01	 4.1030e+02	 1.9859e+00	 5.5701e-01	 9.8583e-12	-1.7449e-11	 2.4916e-11	 7.1554e+08	 2.8747e+02	 4.4364e+02
 1.0072e+01	 4.1030e+02	 2.2477e+00	 1.4706e+00	 8.2363e-12	-6.9884e-12	 2.8200e-11	 8.5645e+08	 2.8746e+02	 4.4656e+02
 3.1874e+00	 4.1030e+02	 2.8335e+00	 4.0083e+00	 7.1043e-12	-3.2498e-12	 3.5550e-11	 9.9292e+08	 2.8746e+02	 4.5186e+02
 1.0087e+00	 4.1030e+02	 4.2729e+00	 1.1282e+01	 6.3282e-12	-1.8357e-12	 5.3608e-11	 1.1147e+09	 2.8745e+02	 4.5750e+02
 1.0000e+06	 4.5480e+02	 1.7828e+00	 5.5969e-04	 3.1122e-10	-4.3531e-07	 2.2368e-11	 2.2665e+07	 2.8745e+02	 4.6525e+02
 3.1646e+05	 4.5480e+02	 1.7833e+00	 2.0608e-03	 3.6264e-10	-1.3783e-07	 2.2373e-11	 1.9452e+07	 2.8744e+02	 4.6800e+02
 1.0014e+05	 4.5480e+02	 1.7844e+00	 3.5705e-03	 1.9883e-10	-4.3683e-08	 2.2388e-11	 3.5478e+07	 2.8744e+02	 4.7050e+02
 3.1691e+04	 4.5480e+02	 1.7867e+00	 7.4349e-03	 1.3102e-10	-1.3863e-08	 2.2416e-11	 5.3839e+07	 2.8743e+02	 4.7309e+02
 1.0029e+04	 4.5480e+02	 1.7925e+00	 1.6130e-02	 8.9951e-11	-4.4195e-09	 2.2489e-11	 7.8420e+07	 2.8744e+02	 4.7556e+02
 3.1737e+03	 4.5480e+02	 1.8079e+00	 2.9329e-02	 5.1758e-11	-1.4258e-09	 2.2682e-11	 1.3629e+08	 2.8743e+02	 4.7800e+02
 1.0043e+03	 4.5480e+02	 1.8298e+00	 4.2254e-02	 2.3597e-11	-4.6342e-10	 2.2957e-11	 2.9893e+08	 2.8742e+02	 4.8069e+02
 3.1783e+02	 4.5480e+02	 1.8460e+00	 7.8684e-02	 1.3906e-11	-1.4952e-10	 2.3160e-11	 5.0726e+08	 2.8743e+02	 4.8331e+02
 1.0058e+02	 4.5480e+02	 1.8752e+00	 2.0608e-01	 1.1525e-11	-4.8945e-11	 2.3526e-11	 6.1203e+08	 2.8742e+02	 4.8602e+02
 3.1829e+01	 4.5480e+02	 1.9869e+00	 5.5725e-01	 9.8625e-12	-1.7466e-11	 2.4928e-11	 7.1523e+08	 2.8741e+02	 4.8889e+02
 1.0072e+01	 4.5480e+02	 2.2598e+00	 1.4520e+00	 8.1322e-12	-7.0558e-12	 2.8351e-11	 8.6741e+08	 2.8741e+02	 4.9194e+02
 3.1874e+00	 4.5480e+02	 2.8512e+00	 3.9666e+00	 7.0305e-12	-3.2812e-12	 3.5772e-11	 1.0033e+09	 2.8740e+02	 4.9725e+02
 1.0087e+00	 4.5480e+02	 4.2424e+00	 1.1208e+01	 6.2863e-12	-1.8186e-12	 5.3225e-11	 1.1221e+09	 2.8740e+02	 5.0300e+02
 1.0000e+06	 5.0030e+02	 1.7829e+00	 6.3207e-04	 3.5147e-10	-4.3532e-07	 2.2368e-11	 2.0070e+07	 2.8738e+02	 5.1075e+02
 3.1646e+05	 5.0030e+02	 1.7834e+00	 1.9293e-03	 3.3950e-10	-1.3785e-07	 2.2375e-11	 2.0777e+07	 2.8738e+02	 5.1319e+02
 1.0014e+05	 5.0030e+02	 1.7845e+00	 3.5417e-03	 1.9722e-10	-4.3688e-08	 2.2389e-11	 3.5767e+07	 2.8738e+02	 5.1575e+02
 3.1691e+04	 5.0030e+02	 1.7867e+00	 7.4416e-03	 1.3114e-10	-1.3864e-08	 2.2417e-11	 5.3791e+07	 2.8737e+02	 5.1819e+02
 1.0029e+04	 5.0030e+02	 1.7926e+00	 1.6037e-02	 8.9434e-11	-4.4200e-09	 2.2490e-11	 7.8873e+07	 2.8737e+02	 5.2070e+02
 3.1737e+03	 5.0030e+02	 1.8079e+00	 2.9299e-02	 5.1707e-11	-1.4258e-09	 2.2683e-11	 1.3642e+08	 2.8737e+02	 5.2331e+02
 1.0043e+03	 5.0030e+02	 1.8298e+00	 4.2243e-02	 2.3591e-11	-4.6345e-10	 2.2958e-11	 2.9901e+08	 2.8737e+02	 5.2581e+02
 3.1783e+02	 5.0030e+02	 1.8461e+00	 7.8486e-02	 1.3871e-11	-1.4953e-10	 2.3161e-11	 5.0854e+08	 2.8736e+02	 5.2850e+02
 1.0058e+02	 5.0030e+02	 1.8753e+00	 2.0537e-01	 1.1486e-11	-4.8954e-11	 2.3528e-11	 6.1413e+08	 2.8736e+02	 5.3102e+02
 3.1829e+01	 5.0030e+02	 1.9868e+00	 5.5685e-01	 9.8554e-12	-1.7464e-11	 2.4926e-11	 7.1574e+08	 2.8736e+02	 5.3389e+02
 1.0072e+01	 5.0030e+02	 2.2634e+00	 1.4482e+00	 8.1111e-12	-7.0760e-12	 2.8397e-11	 8.6967e+08	 2.8735e+02	 5.3700e+02
 3.1874e+00	 5.0030e+02	 2.8539e+00	 3.9472e+00	 6.9961e-12	-3.2858e-12	 3.5805e-11	 1.0083e+09	 2.8734e+02	 5.4231e+02
 1.0087e+00	 5.0030e+02	 4.2562e+00	 1.1148e+01	 6.2529e-12	-1.8264e-12	 5.3399e-11	 1.1281e+09	 2.8734e+02	 5.4800e+02
 1.0000e+06	 5.4530e+02	 1.7830e+00	 6.0089e-04	 3.3413e-10	-4.3540e-07	 2.2370e-11	 2.1111e+07	 2.8733e+02	 5.5569e+02
 3.1646e+05	 5.4530e+02	 1.7835e+00	 1.9022e-03	 3.3473e-10	-1.3787e-07	 2.2376e-11	 2.1074e+07	 2.8731e+02	 5.5825e+02
 1.0014e+05	 5.4530e+02	 1.7846e+00	 3.5458e-03	 1.9746e-10	-4.3693e-08	 2.2390e-11	 3.5724e+07	 2.8731e+02	 5.6081e+02
 3.1691e+04	 5.4530e+02	 1.7868e+00	 7.4227e-03	 1.3081e-10	-1.3866e-08	 2.2418e-11	 5.3927e+07	 2.8731e+02	 5.6348e+02
 1.0029e+04	 5.4530e+02	 1.7926e+00	 1.5999e-02	 8.9221e-11	-4.4200e-09	 2.2490e-11	 7.9062e+07	 2.8731e+02	 5.6600e+02
 3.1737e+03	 5.4530e+02	 1.8079e+00	 2.9231e-02	 5.1586e-11	-1.4258e-09	 2.2682e-11	 1.3674e+08	 2.8731e+02	 5.6844e+02
 1.0043e+03	 5.4530e+02	 1.8298e+00	 4.2206e-02	 2.3571e-11	-4.6342e-10	 2.2957e-11	 2.9927e+08	 2.8731e+02	 5.7106e+02
 3.1783e+02	 5.4530e+02	 1.8460e+00	 7.8299e-02	 1.3838e-11	-1.4952e-10	 2.3160e-11	 5.0976e+08	 2.8730e+02	 5.7350e+02
 1.0058e+02	 5.4530e+02	 1.8747e+00	 2.0520e-01	 1.1477e-11	-4.8922e-11	 2.3521e-11	 6.1464e+08	 2.8729e+02	 5.7628e+02
 3.1829e+01	 5.4530e+02	 1.9873e+00	 5.5572e-01	 9.8355e-12	-1.7473e-11	 2.4933e-11	 7.1719e+08	 2.8729e+02	 5.7914e+02
 1.0072e+01	 5.4530e+02	 2.2668e+00	 1.4395e+00	 8.0624e-12	-7.0950e-12	 2.8439e-11	 8.7492e+08	 2.8729e+02	 5.8206e+02
 3.1874e+00	 5.4530e+02	 2.8658e+00	 3.9260e+00	 6.9585e-12	-3.3069e-12	 3.5954e-11	 1.0137e+09	 2.8729e+02	 5.8738e+02
 1.0087e+00	 5.4530e+02	 4.2781e+00	 1.0910e+01	 6.1196e-12	-1.8386e-12	 5.3673e-11	 1.1527e+09	 2.8727e+02	 5.9313e+02
 1.0000e+06	 5.9060e+02	 1.7830e+00	 6.7194e-04	 3.7364e-10	-4.3539e-07	 2.2370e-11	 1.8879e+07	 2.8726e+02	 6.0125e+02
 3.1646e+05	 5.9060e+02	 1.7835e+00	 2.0706e-03	 3.6436e-10	-1.3787e-07	 2.2376e-11	 1.9360e+07	 2.8726e+02	 6.0395e+02
 1.0014e+05	 5.9060e+02	 1.7846e+00	 3.5098e-03	 1.9545e-10	-4.3691e-08	 2.2390e-11	 3.6091e+07	 2.8726e+02	 6.0644e+02
 3.1691e+04	 5.9060e+02	 1.7868e+00	 7.4323e-03	 1.3097e-10	-1.3866e-08	 2.2418e-11	 5.3858e+07	 2.8726e+02	 6.0894e+02
 1.0029e+04	 5.9060e+02	 1.7926e+00	 1.6002e-02	 8.9237e-11	-4.4202e-09	 2.2491e-11	 7.9047e+07	 2.8725e+02	 6.1144e+02
 3.1737e+03	 5.9060e+02	 1.8078e+00	 2.9124e-02	 5.1397e-11	-1.4256e-09	 2.2681e-11	 1.3724e+08	 2.8725e+02	 6.1400e+02
 1.0043e+03	 5.9060e+02	 1.8298e+00	 4.2155e-02	 2.3542e-11	-4.6343e-10	 2.2957e-11	 2.9963e+08	 2.8724e+02	 6.1675e+02
 3.1783e+02	 5.9060e+02	 1.8461e+00	 7.8030e-02	 1.3790e-11	-1.4953e-10	 2.3161e-11	 5.1151e+08	 2.8724e+02	 6.1919e+02
 1.0058e+02	 5.9060e+02	 1.8749e+00	 2.0409e-01	 1.1414e-11	-4.8929e-11	 2.3522e-11	 6.1799e+08	 2.8724e+02	 6.2164e+02
 3.1829e+01	 5.9060e+02	 1.9875e+00	 5.5329e-01	 9.7926e-12	-1.7478e-11	 2.4936e-11	 7.2034e+08	 2.8724e+02	 6.2456e+02
 1.0072e+01	 5.9060e+02	 2.2699e+00	 1.4324e+00	 8.0228e-12	-7.1127e-12	 2.8479e-11	 8.7924e+08	 2.8723e+02	 6.2750e+02
 3.1874e+00	 5.9060e+02	 2.8638e+00	 3.8859e+00	 6.8875e-12	-3.3035e-12	 3.5930e-11	 1.0242e+09	 2.8723e+02	 6.3294e+02
 1.0087e+00	 5.9060e+02	 4.2168e+00	 1.0912e+01	 6.1202e-12	-1.8043e-12	 5.2904e-11	 1.1526e+09	 2.8723e+02	 6.3856e+02
 1.0000e+06	 6.3590e+02	 1.7830e+00	 5.8516e-04	 3.2539e-10	-4.3541e-07	 2.2370e-11	 2.1679e+07	 2.8721e+02	 6.4656e+02
 3.1646e+05	 6.3590e+02	 1.7836e+00	 2.0437e-03	 3.5962e-10	-1.3789e-07	 2.2377e-11	 1.9615e+07	 2.8721e+02	 6.4900e+02
 1.0014e+05	 6.3590e+02	 1.7847e+00	 3.5260e-03	 1.9635e-10	-4.3698e-08	 2.2391e-11	 3.5926e+07	 2.8721e+02	 6.5152e+02
 3.1691e+04	 6.3590e+02	 1.7869e+00	 7.3356e-03	 1.2927e-10	-1.3867e-08	 2.2419e-11	 5.4568e+07	 2.8720e+02	 6.5406e+02
 1.0029e+04	 6.3590e+02	 1.7927e+00	 1.5975e-02	 8.9085e-11	-4.4205e-09	 2.2491e-11	 7.9182e+07	 2.8720e+02	 6.5650e+02
 3.1737e+03	 6.3590e+02	 1.8079e+00	 2.9079e-02	 5.1318e-11	-1.4257e-09	 2.2682e-11	 1.3745e+08	 2.8719e+02	 6.5909e+02
 1.0043e+03	 6.3590e+02	 1.8298e+00	 4.2090e-02	 2.3506e-11	-4.6343e-10	 2.2957e-11	 3.0009e+08	 2.8720e+02	 6.6156e+02
 3.1783e+02	 6.3590e+02	 1.8462e+00	 7.7789e-02	 1.3748e-11	-1.4954e-10	 2.3162e-11	 5.1310e+08	 2.8719e+02	 6.6400e+02
 1.0058e+02	 6.3590e+02	 1.8750e+00	 2.0338e-01	 1.1374e-11	-4.8936e-11	 2.3524e-11	 6.2016e+08	 2.8719e+02	 6.6669e+02
 3.1829e+01	 6.3590e+02	 1.9882e+00	 5.5033e-01	 9.7401e-12	-1.7489e-11	 2.4944e-11	 7.2422e+08	 2.8719e+02	 6.6981e+02
 1.0072e+01	 6.3590e+02	 2.2745e+00	 1.4201e+00	 7.9538e-12	-7.1382e-12	 2.8536e-11	 8.8686e+08	 2.8719e+02	 6.7275e+02
 3.1874e+00	 6.3590e+02	 2.8663e+00	 3.8415e+00	 6.8087e-12	-3.3078e-12	 3.5961e-11	 1.0360e+09	 2.8718e+02	 6.7806e+02
 1.0087e+00	 6.3590e+02	 4.2538e+00	 1.0816e+01	 6.0664e-12	-1.8251e-12	 5.3369e-11	 1.1628e+09	 2.8717e+02	 6.8388e+02
 1.0000e+06	 6.8120e+02	 1.7831e+00	 6.0630e-04	 3.3714e-10	-4.3544e-07	 2.2371e-11	 2.0923e+07	 2.8716e+02	 6.9169e+02
 3.1646e+05	 6.8120e+02	 1.7836e+00	 1.8982e-03	 3.3403e-10	-1.3788e-07	 2.2377e-11	 2.1118e+07	 2.8716e+02	 6.9430e+02
 1.0014e+05	 6.8120e+02	 1.7848e+00	 3.5440e-03	 1.9735e-10	-4.3702e-08	 2.2392e-11	 3.5743e+07	 2.8716e+02	 6.9675e+02
 3.1691e+04	 6.8120e+02	 1.7869e+00	 7.3627e-03	 1.2975e-10	-1.3868e-08	 2.2419e-11	 5.4367e+07	 2.8716e+02	 6.9919e+02
 1.0029e+04	 6.8120e+02	 1.7927e+00	 1.5908e-02	 8.8712e-11	-4.4205e-09	 2.2491e-11	 7.9516e+07	 2.8715e+02	 7.0188e+02
 3.1737e+03	 6.8120e+02	 1.8079e+00	 2.9096e-02	 5.1348e-11	-1.4258e-09	 2.2682e-11	 1.3737e+08	 2.8716e+02	 7.0431e+02
 1.0043e+03	 6.8120e+02	 1.8298e+00	 4.2055e-02	 2.3487e-11	-4.6341e-10	 2.2957e-11	 3.0034e+08	 2.8715e+02	 7.0675e+02
 3.1783e+02	 6.8120e+02	 1.8461e+00	 7.7712e-02	 1.3734e-11	-1.4953e-10	 2.3161e-11	 5.1361e+08	 2.8715e+02	 7.0931e+02
 1.0058e+02	 6.8120e+02	 1.8745e+00	 2.0337e-01	 1.1374e-11	-4.8906e-11	 2.3517e-11	 6.2017e+08	 2.8714e+02	 7.1175e+02
 3.1829e+01	 6.8120e+02	 1.9874e+00	 5.5168e-01	 9.7640e-12	-1.7475e-11	 2.4934e-11	 7.2245e+08	 2.8715e+02	 7.1470e+02
 1.0072e+01	 6.8120e+02	 2.2784e+00	 1.4156e+00	 7.9284e-12	-7.1598e-12	 2.8585e-11	 8.8971e+08	 2.8714e+02	 7.1781e+02
 3.1874e+00	 6.8120e+02	 2.8727e+00	 3.8066e+00	 6.7468e-12	-3.3192e-12	 3.6041e-11	 1.0455e+09	 2.8713e+02	 7.2325e+02
 1.0087e+00	 6.8120e+02	 4.2653e+00	 1.0703e+01	 6.0030e-12	-1.8315e-12	 5.3513e-11	 1.1751e+09	 2.8713e+02	 7.2894e+02
 1.0000e+06	 7.2620e+02	 1.7832e+00	 5.9084e-04	 3.2854e-10	-4.3550e-07	 2.2372e-11	 2.1470e+07	 2.8712e+02	 7.3700e+02
 3.1646e+05	 7.2620e+02	 1.7837e+00	 2.0438e-03	 3.5965e-10	-1.3791e-07	 2.2379e-11	 1.9614e+07	 2.8711e+02	 7.3944e+02
 1.0014e+05	 7.2620e+02	 1.7848e+00	 3.5570e-03	 1.9808e-10	-4.3704e-08	 2.2393e-11	 3.5613e+07	 2.8711e+02	 7.4200e+02
 3.1691e+04	 7.2620e+02	 1.7870e+00	 7.3591e-03	 1.2968e-10	-1.3869e-08	 2.2420e-11	 5.4393e+07	 2.8711e+02	 7.4444e+02
 1.0029e+04	 7.2620e+02	 1.7927e+00	 1.5866e-02	 8.8482e-11	-4.4208e-09	 2.2492e-11	 7.9722e+07	 2.8711e+02	 7.4695e+02
 3.1737e+03	 7.2620e+02	 1.8079e+00	 2.8956e-02	 5.1101e-11	-1.4257e-09	 2.2682e-11	 1.3804e+08	 2.8711e+02	 7.4963e+02
 1.0043e+03	 7.2620e+02	 1.8298e+00	 4.2006e-02	 2.3459e-11	-4.6342e-10	 2.2957e-11	 3.0069e+08	 2.8711e+02	 7.5206e+02
 3.1783e+02	 7.2620e+02	 1.8461e+00	 7.7573e-02	 1.3710e-11	-1.4953e-10	 2.3161e-11	 5.1453e+08	 2.8710e+02	 7.5450e+02
 1.0058e+02	 7.2620e+02	 1.8744e+00	 2.0293e-01	 1.1350e-11	-4.8903e-11	 2.3517e-11	 6.2152e+08	 2.8709e+02	 7.5702e+02
 3.1829e+01	 7.2620e+02	 1.9874e+00	 5.5063e-01	 9.7454e-12	-1.7476e-11	 2.4934e-11	 7.2383e+08	 2.8710e+02	 7.5989e+02
 1.0072e+01	 7.2620e+02	 2.2810e+00	 1.4118e+00	 7.9072e-12	-7.1748e-12	 2.8618e-11	 8.9210e+08	 2.8709e+02	 7.6288e+02
 3.1874e+00	 7.2620e+02	 2.8789e+00	 3.7936e+00	 6.7238e-12	-3.3302e-12	 3.6119e-11	 1.0491e+09	 2.8708e+02	 7.6861e+02
 1.0087e+00	 7.2620e+02	 4.2451e+00	 1.0625e+01	 5.9593e-12	-1.8201e-12	 5.3259e-11	 1.1837e+09	 2.8708e+02	 7.7431e+02
 1.0000e+06	 7.7160e+02	 1.7832e+00	 6.3017e-04	 3.5041e-10	-4.3552e-07	 2.2373e-11	 2.0131e+07	 2.8707e+02	 7.8200e+02
 3.1646e+05	 7.7160e+02	 1.7837e+00	 1.8982e-03	 3.3403e-10	-1.3790e-07	 2.2378e-11	 2.1118e+07	 2.8707e+02	 7.8469e+02
 1.0014e+05	 7.7160e+02	 1.7849e+00	 3.4769e-03	 1.9362e-10	-4.3708e-08	 2.2394e-11	 3.6433e+07	 2.8707e+02	 7.8713e+02
 3.1691e+04	 7.7160e+02	 1.7870e+00	 7.3130e-03	 1.2887e-10	-1.3869e-08	 2.2420e-11	 5.4736e+07	 2.8707e+02	 7.8956e+02
 1.0029e+04	 7.7160e+02	 1.7928e+00	 1.5852e-02	 8.8403e-11	-4.4210e-09	 2.2492e-11	 7.9793e+07	 2.8707e+02	 7.9200e+02
 3.1737e+03	 7.7160e+02	 1.8079e+00	 2.8923e-02	 5.1042e-11	-1.4258e-09	 2.2682e-11	 1.3820e+08	 2.8706e+02	 7.9444e+02
 1.0043e+03	 7.7160e+02	 1.8298e+00	 4.2011e-02	 2.3462e-11	-4.6343e-10	 2.2957e-11	 3.0066e+08	 2.8706e+02	 7.9702e+02
 3.1783e+02	 7.7160e+02	 1.8461e+00	 7.7414e-02	 1.3681e-11	-1.4953e-10	 2.3161e-11	 5.1559e+08	 2.8705e+02	 7.9963e+02
 1.0058e+02	 7.7160e+02	 1.8743e+00	 2.0235e-01	 1.1317e-11	-4.8899e-11	 2.3516e-11	 6.2332e+08	 2.8706e+02	 8.0208e+02
 3.1829e+01	 7.7160e+02	 1.9883e+00	 5.4867e-01	 9.7106e-12	-1.7492e-11	 2.4946e-11	 7.2642e+08	 2.8705e+02	 8.0489e+02
 1.0072e+01	 7.7160e+02	 2.2844e+00	 1.4030e+00	 7.8579e-12	-7.1939e-12	 2.8661e-11	 8.9768e+08	 2.8705e+02	 8.0802e+02
 3.1874e+00	 7.7160e+02	 2.8819e+00	 3.7434e+00	 6.6349e-12	-3.3356e-12	 3.6157e-11	 1.0632e+09	 2.8704e+02	 8.1358e+02
 1.0087e+00	 7.7160e+02	 4.2701e+00	 1.0479e+01	 5.8778e-12	-1.8342e-12	 5.3573e-11	 1.2001e+09	 2.8704e+02	 8.1919e+02
 1.0000e+06	 8.1650e+02	 1.7832e+00	 6.5525e-04	 3.6436e-10	-4.3553e-07	 2.2373e-11	 1.9360e+07	 2.8703e+02	 8.2708e+02
 3.1646e+05	 8.1650e+02	 1.7837e+00	 2.0447e-03	 3.5980e-10	-1.3791e-07	 2.2379e-11	 1.9605e+07	 2.8703e+02	 8.2969e+02
 1.0014e+05	 8.1650e+02	 1.7849e+00	 3.5136e-03	 1.9566e-10	-4.3708e-08	 2.2394e-11	 3.6053e+07	 2.8702e+02	 8.3219e+02
 3.1691e+04	 8.1650e+02	 1.7871e+00	 7.3023e-03	 1.2868e-10	-1.3870e-08	 2.2421e-11	 5.4817e+07	 2.8702e+02	 8.3461e+02
 1.0029e+04	 8.1650e+02	 1.7928e+00	 1.5812e-02	 8.8179e-11	-4.4210e-09	 2.2492e-11	 7.9996e+07	 2.8702e+02	 8.3713e+02
 3.1737e+03	 8.1650e+02	 1.8079e+00	 2.9000e-02	 5.1179e-11	-1.4258e-09	 2.2682e-11	 1.3783e+08	 2.8702e+02	 8.3956e+02
 1.0043e+03	 8.1650e+02	 1.8299e+00	 4.1940e-02	 2.3422e-11	-4.6345e-10	 2.2958e-11	 3.0117e+08	 2.8701e+02	 8.4200e+02
 3.1783e+02	 8.1650e+02	 1.8462e+00	 7.7180e-02	 1.3640e-11	-1.4954e-10	 2.3162e-11	 5.1715e+08	 2.8701e+02	 8.4444e+02
 1.0058e+02	 8.1650e+02	 1.8744e+00	 2.0171e-01	 1.1281e-11	-4.8902e-11	 2.3516e-11	 6.2530e+08	 2.8701e+02	 8.4689e+02
 3.1829e+01	 8.1650e+02	 1.9882e+00	 5.4741e-01	 9.6883e-12	-1.7489e-11	 2.4944e-11	 7.2809e+08	 2.8700e+02	 8.4991e+02
 1.0072e+01	 8.1650e+02	 2.2877e+00	 1.3948e+00	 7.8119e-12	-7.2124e-12	 2.8702e-11	 9.0298e+08	 2.8700e+02	 8.5300e+02
 3.1874e+00	 8.1650e+02	 2.8908e+00	 3.7275e+00	 6.6067e-12	-3.3513e-12	 3.6269e-11	 1.0677e+09	 2.8700e+02	 8.5838e+02
 1.0087e+00	 8.1650e+02	 4.2335e+00	 1.0386e+01	 5.8256e-12	-1.8136e-12	 5.3114e-11	 1.2109e+09	 2.8700e+02	 8.6413e+02
 1.0000e+06	 8.6140e+02	 1.7869e+00	 8.5747e-04	 4.7680e-10	-4.3754e-07	 2.2418e-11	 1.4794e+07	 2.8699e+02	 8.7194e+02
 3.1646e+05	 8.6140e+02	 1.7874e+00	 2.1167e-03	 3.7248e-10	-1.3856e-07	 2.2425e-11	 1.8938e+07	 2.8699e+02	 8.7444e+02
 1.0014e+05	 8.6140e+02	 1.7886e+00	 3.7128e-03	 2.0675e-10	-4.3917e-08	 2.2441e-11	 3.4118e+07	 2.8698e+02	 8.7719e+02
 3.1691e+04	 8.6140e+02	 1.7910e+00	 7.4952e-03	 1.3208e-10	-1.3939e-08	 2.2470e-11	 5.3406e+07	 2.8698e+02	 8.7969e+02
 1.0029e+04	 8.6140e+02	 1.7969e+00	 1.5963e-02	 8.9023e-11	-4.4439e-09	 2.2544e-11	 7.9238e+07	 2.8698e+02	 8.8244e+02
 3.1737e+03	 8.6140e+02	 1.8122e+00	 2.8622e-02	 5.0511e-11	-1.4334e-09	 2.2736e-11	 1.3965e+08	 2.8698e+02	 8.8488e+02
 1.0043e+03	 8.6140e+02	 1.8340e+00	 4.0769e-02	 2.2768e-11	-4.6577e-10	 2.3010e-11	 3.0982e+08	 2.8698e+02	 8.8731e+02
 3.1783e+02	 8.6140e+02	 1.8487e+00	 7.4827e-02	 1.3224e-11	-1.5000e-10	 2.3195e-11	 5.3341e+08	 2.8697e+02	 8.9000e+02
 1.0058e+02	 8.6140e+02	 1.8757e+00	 1.9917e-01	 1.1139e-11	-4.8977e-11	 2.3533e-11	 6.3326e+08	 2.8697e+02	 8.9245e+02
 3.1829e+01	 8.6140e+02	 1.9901e+00	 5.4103e-01	 9.5754e-12	-1.7524e-11	 2.4968e-11	 7.3667e+08	 2.8696e+02	 8.9547e+02
 1.0072e+01	 8.6140e+02	 2.2897e+00	 1.3790e+00	 7.7236e-12	-7.2231e-12	 2.8726e-11	 9.1330e+08	 2.8696e+02	 8.9856e+02
 3.1874e+00	 8.6140e+02	 2.8946e+00	 3.6781e+00	 6.5192e-12	-3.3580e-12	 3.6316e-11	 1.0820e+09	 2.8696e+02	 9.0394e+02
 1.0087e+00	 8.6140e+02	 4.2271e+00	 1.0263e+01	 5.7563e-12	-1.8100e-12	 5.3033e-11	 1.2254e+09	 2.8695e+02	 9.0963e+02
 1.0000e+06	 9.0690e+02	 1.7868e+00	 8.7393e-04	 4.8596e-10	-4.3754e-07	 2.2418e-11	 1.4515e+07	 2.8694e+02	 9.1755e+02
 3.1646e+05	 9.0690e+02	 1.7875e+00	 2.2267e-03	 3.9183e-10	-1.3858e-07	 2.2426e-11	 1.8003e+07	 2.8695e+02	 9.2000e+02
 1.0014e+05	 9.0690e+02	 1.7887e+00	 3.7203e-03	 2.0717e-10	-4.3921e-08	 2.2442e-11	 3.4049e+07	 2.8694e+02	 9.2250e+02
 3.1691e+04	 9.0690e+02	 1.7910e+00	 7.4848e-03	 1.3190e-10	-1.3939e-08	 2.2470e-11	 5.3480e+07	 2.8694e+02	 9.2506e+02
 1.0029e+04	 9.0690e+02	 1.7969e+00	 1.5939e-02	 8.8886e-11	-4.4441e-09	 2.2544e-11	 7.9359e+07	 2.8694e+02	 9.2750e+02
 3.1737e+03	 9.0690e+02	 1.8121e+00	 2.8856e-02	 5.0924e-11	-1.4333e-09	 2.2735e-11	 1.3852e+08	 2.8694e+02	 9.2994e+02
 1.0043e+03	 9.0690e+02	 1.8340e+00	 4.0734e-02	 2.2749e-11	-4.6579e-10	 2.3010e-11	 3.1008e+08	 2.8693e+02	 9.3256e+02
 3.1783e+02	 9.0690e+02	 1.8488e+00	 7.4643e-02	 1.3192e-11	-1.5001e-10	 2.3195e-11	 5.3473e+08	 2.8693e+02	 9.3500e+02
 1.0058e+02	 9.0690e+02	 1.8762e+00	 1.9840e-01	 1.1096e-11	-4.9002e-11	 2.3539e-11	 6.3572e+08	 2.8693e+02	 9.3745e+02
 3.1829e+01	 9.0690e+02	 1.9909e+00	 5.3864e-01	 9.5333e-12	-1.7537e-11	 2.4978e-11	 7.3993e+08	 2.8693e+02	 9.4044e+02
 1.0072e+01	 9.0690e+02	 2.2934e+00	 1.3663e+00	 7.6526e-12	-7.2439e-12	 2.8773e-11	 9.2178e+08	 2.8693e+02	 9.4352e+02
 3.1874e+00	 9.0690e+02	 2.8973e+00	 3.6323e+00	 6.4380e-12	-3.3628e-12	 3.6350e-11	 1.0957e+09	 2.8692e+02	 9.4900e+02
 1.0087e+00	 9.0690e+02	 4.2133e+00	 1.0156e+01	 5.6965e-12	-1.8023e-12	 5.2861e-11	 1.2383e+09	 2.8692e+02	 9.5486e+02
 1.0000e+06	 9.5210e+02	 1.7869e+00	 8.4407e-04	 4.6936e-10	-4.3756e-07	 2.2419e-11	 1.5029e+07	 2.8691e+02	 9.6275e+02
 3.1646e+05	 9.5210e+02	 1.7875e+00	 2.1943e-03	 3.8612e-10	-1.3857e-07	 2.2426e-11	 1.8269e+07	 2.8691e+02	 9.6519e+02
 1.0014e+05	 9.5210e+02	 1.7887e+00	 3.6775e-03	 2.0478e-10	-4.3922e-08	 2.2442e-11	 3.4446e+07	 2.8691e+02	 9.6775e+02
 3.1691e+04	 9.5210e+02	 1.7911e+00	 7.4656e-03	 1.3156e-10	-1.3940e-08	 2.2471e-11	 5.3618e+07	 2.8691e+02	 9.7019e+02
 1.0029e+04	 9.5210e+02	 1.7969e+00	 1.5902e-02	 8.8680e-11	-4.4441e-09	 2.2544e-11	 7.9544e+07	 2.8690e+02	 9.7295e+02
 3.1737e+03	 9.5210e+02	 1.8122e+00	 2.8770e-02	 5.0772e-11	-1.4333e-09	 2.2736e-11	 1.3893e+08	 2.8690e+02	 9.7544e+02
 1.0043e+03	 9.5210e+02	 1.8340e+00	 4.0577e-02	 2.2661e-11	-4.6576e-10	 2.3010e-11	 3.1128e+08	 2.8690e+02	 9.7794e+02
 3.1783e+02	 9.5210e+02	 1.8487e+00	 7.4553e-02	 1.3176e-11	-1.4999e-10	 2.3194e-11	 5.3537e+08	 2.8689e+02	 9.8044e+02
 1.0058e+02	 9.5210e+02	 1.8760e+00	 1.9814e-01	 1.1081e-11	-4.8993e-11	 2.3537e-11	 6.3656e+08	 2.8690e+02	 9.8295e+02
 3.1829e+01	 9.5210e+02	 1.9920e+00	 5.3694e-01	 9.5031e-12	-1.7557e-11	 2.4992e-11	 7.4228e+08	 2.8689e+02	 9.8595e+02
 1.0072e+01	 9.5210e+02	 2.2955e+00	 1.3582e+00	 7.6070e-12	-7.2557e-12	 2.8799e-11	 9.2729e+08	 2.8689e+02	 9.8894e+02
 3.1874e+00	 9.5210e+02	 2.8990e+00	 3.6147e+00	 6.4067e-12	-3.3659e-12	 3.6372e-11	 1.1010e+09	 2.8688e+02	 9.9425e+02
 1.0087e+00	 9.5210e+02	 4.2413e+00	 1.0181e+01	 5.7106e-12	-1.8180e-12	 5.3213e-11	 1.2352e+09	 2.8688e+02	 9.9994e+02
 1.0000e+06	 9.9720e+02	 1.7870e+00	 8.3677e-04	 4.6530e-10	-4.3761e-07	 2.2420e-11	 1.5160e+07	 2.8687e+02	 1.0080e+03
 3.1646e+05	 9.9720e+02	 1.7875e+00	 2.0521e-03	 3.6111e-10	-1.3858e-07	 2.2427e-11	 1.9534e+07	 2.8687e+02	 1.0104e+03
 1.0014e+05	 9.9720e+02	 1.7887e+00	 3.6134e-03	 2.0122e-10	-4.3922e-08	 2.2442e-11	 3.5056e+07	 2.8687e+02	 1.0129e+03
 3.1691e+04	 9.9720e+02	 1.7911e+00	 7.4631e-03	 1.3152e-10	-1.3941e-08	 2.2471e-11	 5.3635e+07	 2.8687e+02	 1.0156e+03
 1.0029e+04	 9.9720e+02	 1.7969e+00	 1.5874e-02	 8.8526e-11	-4.4443e-09	 2.2545e-11	 7.9682e+07	 2.8687e+02	 1.0180e+03
 3.1737e+03	 9.9720e+02	 1.8122e+00	 2.8727e-02	 5.0697e-11	-1.4334e-09	 2.2736e-11	 1.3914e+08	 2.8687e+02	 1.0204e+03
 1.0043e+03	 9.9720e+02	 1.8340e+00	 4.0627e-02	 2.2689e-11	-4.6575e-10	 2.3009e-11	 3.1090e+08	 2.8686e+02	 1.0229e+03
 3.1783e+02	 9.9720e+02	 1.8485e+00	 7.4495e-02	 1.3166e-11	-1.4995e-10	 2.3191e-11	 5.3579e+08	 2.8686e+02	 1.0254e+03
 1.0058e+02	 9.9720e+02	 1.8752e+00	 1.9824e-01	 1.1087e-11	-4.8949e-11	 2.3527e-11	 6.3624e+08	 2.8686e+02	 1.0281e+03
 3.1829e+01	 9.9720e+02	 1.9902e+00	 5.3929e-01	 9.5447e-12	-1.7525e-11	 2.4969e-11	 7.3905e+08	 2.8685e+02	 1.0309e+03
 1.0072e+01	 9.9720e+02	 2.2963e+00	 1.3616e+00	 7.6262e-12	-7.2601e-12	 2.8809e-11	 9.2496e+08	 2.8685e+02	 1.0340e+03
 3.1874e+00	 9.9720e+02	 2.9018e+00	 3.6089e+00	 6.3965e-12	-3.3709e-12	 3.6407e-11	 1.1028e+09	 2.8685e+02	 1.0394e+03
 1.0087e+00	 9.9720e+02	 4.2055e+00	 1.0019e+01	 5.6194e-12	-1.7980e-12	 5.2763e-11	 1.2553e+09	 2.8684e+02	 1.0452e+03
 1.0000e+06	 1.0425e+03	 1.7870e+00	 9.0009e-04	 5.0050e-10	-4.3763e-07	 2.2420e-11	 1.4094e+07	 2.8683e+02	 1.0530e+03
 3.1646e+05	 1.0425e+03	 1.7876e+00	 2.2318e-03	 3.9273e-10	-1.3859e-07	 2.2427e-11	 1.7961e+07	 2.8684e+02	 1.0554e+03
 1.0014e+05	 1.0425e+03	 1.7888e+00	 3.7219e-03	 2.0726e-10	-4.3926e-08	 2.2443e-11	 3.4034e+07	 2.8683e+02	 1.0580e+03
 3.1691e+04	 1.0425e+03	 1.7911e+00	 7.4882e-03	 1.3196e-10	-1.3942e-08	 2.2472e-11	 5.3456e+07	 2.8684e+02	 1.0605e+03
 1.0029e+04	 1.0425e+03	 1.7970e+00	 1.5894e-02	 8.8634e-11	-4.4445e-09	 2.2545e-11	 7.9585e+07	 2.8683e+02	 1.0630e+03
 3.1737e+03	 1.0425e+03	 1.8122e+00	 2.8694e-02	 5.0639e-11	-1.4333e-09	 2.2736e-11	 1.3930e+08	 2.8683e+02	 1.0656e+03
 1.0043e+03	 1.0425e+03	 1.8341e+00	 4.0664e-02	 2.2710e-11	-4.6582e-10	 2.3011e-11	 3.1061e+08	 2.8682e+02	 1.0681e+03
 3.1783e+02	 1.0425e+03	 1.8490e+00	 7.4279e-02	 1.3127e-11	-1.5004e-10	 2.3197e-11	 5.3735e+08	 2.8682e+02	 1.0708e+03
 1.0058e+02	 1.0425e+03	 1.8762e+00	 1.9706e-01	 1.1021e-11	-4.9003e-11	 2.3539e-11	 6.4005e+08	 2.8682e+02	 1.0733e+03
 3.1829e+01	 1.0425e+03	 1.9925e+00	 5.3379e-01	 9.4474e-12	-1.7566e-11	 2.4998e-11	 7.4666e+08	 2.8682e+02	 1.0763e+03
 1.0072e+01	 1.0425e+03	 2.3020e+00	 1.3483e+00	 7.5514e-12	-7.2920e-12	 2.8881e-11	 9.3412e+08	 2.8682e+02	 1.0793e+03
 3.1874e+00	 1.0425e+03	 2.9004e+00	 3.5757e+00	 6.3376e-12	-3.3683e-12	 3.6389e-11	 1.1130e+09	 2.8682e+02	 1.0849e+03
 1.0087e+00	 1.0425e+03	 4.2385e+00	 1.0003e+01	 5.6108e-12	-1.8164e-12	 5.3177e-11	 1.2572e+09	 2.8681e+02	 1.0906e+03
 1.0000e+06	 1.0878e+03	 1.7870e+00	 8.8769e-04	 4.9361e-10	-4.3763e-07	 2.2420e-11	 1.4291e+07	 2.8681e+02	 1.0985e+03
 3.1646e+05	 1.0878e+03	 1.7876e+00	 2.1880e-03	 3.8502e-10	-1.3859e-07	 2.2427e-11	 1.8321e+07	 2.8680e+02	 1.1009e+03
 1.0014e+05	 1.0878e+03	 1.7888e+00	 3.7111e-03	 2.0666e-10	-4.3927e-08	 2.2443e-11	 3.4133e+07	 2.8680e+02	 1.1035e+03
 3.1691e+04	 1.0878e+03	 1.7912e+00	 7.4213e-03	 1.3078e-10	-1.3942e-08	 2.2472e-11	 5.3938e+07	 2.8680e+02	 1.1061e+03
 1.0029e+04	 1.0878e+03	 1.7970e+00	 1.5820e-02	 8.8223e-11	-4.4444e-09	 2.2545e-11	 7.9956e+07	 2.8679e+02	 1.1085e+03
 3.1737e+03	 1.0878e+03	 1.8122e+00	 2.8610e-02	 5.0491e-11	-1.4334e-09	 2.2736e-11	 1.3971e+08	 2.8680e+02	 1.1111e+03
 1.0043e+03	 1.0878e+03	 1.8340e+00	 4.0602e-02	 2.2675e-11	-4.6576e-10	 2.3010e-11	 3.1109e+08	 2.8679e+02	 1.1136e+03
 3.1783e+02	 1.0878e+03	 1.8486e+00	 7.4241e-02	 1.3121e-11	-1.4997e-10	 2.3193e-11	 5.3762e+08	 2.8679e+02	 1.1160e+03
 1.0058e+02	 1.0878e+03	 1.8755e+00	 1.9737e-01	 1.1038e-11	-4.8962e-11	 2.3530e-11	 6.3903e+08	 2.8679e+02	 1.1187e+03
 3.1829e+01	 1.0878e+03	 1.9911e+00	 5.3540e-01	 9.4758e-12	-1.7541e-11	 2.4981e-11	 7.4442e+08	 2.8679e+02	 1.1216e+03
 1.0072e+01	 1.0878e+03	 2.3014e+00	 1.3472e+00	 7.5457e-12	-7.2889e-12	 2.8874e-11	 9.3483e+08	 2.8679e+02	 1.1247e+03
 3.1874e+00	 1.0878e+03	 2.9112e+00	 3.5541e+00	 6.2994e-12	-3.3874e-12	 3.6524e-11	 1.1198e+09	 2.8678e+02	 1.1303e+03
 1.0087e+00	 1.0878e+03	 4.2423e+00	 9.9512e+00	 5.5816e-12	-1.8186e-12	 5.3224e-11	 1.2638e+09	 2.8679e+02	 1.1361e+03
 1.0000e+06	 1.1334e+03	 1.7870e+00	 8.9384e-04	 4.9703e-10	-4.3764e-07	 2.2420e-11	 1.4192e+07	 2.8678e+02	 1.1438e+03
 3.1646e+05	 1.1334e+03	 1.7877e+00	 2.0427e-03	 3.5945e-10	-1.3860e-07	 2.2428e-11	 1.9624e+07	 2.8677e+02	 1.1465e+03
 1.0014e+05	 1.1334e+03	 1.7889e+00	 3.7010e-03	 2.0610e-10	-4.3929e-08	 2.2443e-11	 3.4226e+07	 2.8677e+02	 1.1489e+03
 3.1691e+04	 1.1334e+03	 1.7912e+00	 7.4141e-03	 1.3065e-10	-1.3943e-08	 2.2473e-11	 5.3990e+07	 2.8677e+02	 1.1515e+03
 1.0029e+04	 1.1334e+03	 1.7970e+00	 1.5802e-02	 8.8121e-11	-4.4446e-09	 2.2545e-11	 8.0048e+07	 2.8676e+02	 1.1540e+03
 3.1737e+03	 1.1334e+03	 1.8121e+00	 2.8618e-02	 5.0505e-11	-1.4331e-09	 2.2735e-11	 1.3967e+08	 2.8676e+02	 1.1564e+03
 1.0043e+03	 1.1334e+03	 1.8339e+00	 4.0434e-02	 2.2581e-11	-4.6572e-10	 2.3009e-11	 3.1238e+08	 2.8676e+02	 1.1591e+03
 3.1783e+02	 1.1334e+03	 1.8485e+00	 7.4181e-02	 1.3110e-11	-1.4996e-10	 2.3192e-11	 5.3806e+08	 2.8676e+02	 1.1616e+03
 1.0058e+02	 1.1334e+03	 1.8754e+00	 1.9710e-01	 1.1023e-11	-4.8958e-11	 2.3529e-11	 6.3992e+08	 2.8676e+02	 1.1640e+03
 3.1829e+01	 1.1334e+03	 1.9906e+00	 5.3562e-01	 9.4797e-12	-1.7532e-11	 2.4974e-11	 7.4411e+08	 2.8675e+02	 1.1669e+03
 1.0072e+01	 1.1334e+03	 2.3008e+00	 1.3488e+00	 7.5545e-12	-7.2853e-12	 2.8866e-11	 9.3374e+08	 2.8675e+02	 1.1699e+03
 3.1874e+00	 1.1334e+03	 2.9106e+00	 3.5685e+00	 6.3249e-12	-3.3864e-12	 3.6517e-11	 1.1153e+09	 2.8675e+02	 1.1754e+03
 1.0087e+00	 1.1334e+03	 4.2389e+00	 1.0007e+01	 5.6126e-12	-1.8167e-12	 5.3182e-11	 1.2568e+09	 2.8674e+02	 1.1811e+03
 1.0000e+06	 1.1784e+03	 1.7871e+00	 8.6943e-04	 4.8346e-10	-4.3765e-07	 2.2421e-11	 1.4591e+07	 2.8674e+02	 1.1888e+03
 3.1646e+05	 1.1784e+03	 1.7877e+00	 2.0027e-03	 3.5242e-10	-1.3860e-07	 2.2428e-11	 2.0016e+07	 2.8674e+02	 1.1912e+03
 1.0014e+05	 1.1784e+03	 1.7889e+00	 3.6142e-03	 2.0126e-10	-4.3931e-08	 2.2444e-11	 3.5048e+07	 2.8673e+02	 1.1938e+03
 3.1691e+04	 1.1784e+03	 1.7912e+00	 7.4564e-03	 1.3140e-10	-1.3943e-08	 2.2473e-11	 5.3684e+07	 2.8674e+02	 1.1963e+03
 1.0029e+04	 1.1784e+03	 1.7970e+00	 1.5783e-02	 8.8018e-11	-4.4447e-09	 2.2546e-11	 8.0142e+07	 2.8673e+02	 1.1988e+03
 3.1737e+03	 1.1784e+03	 1.8121e+00	 2.8549e-02	 5.0382e-11	-1.4332e-09	 2.2735e-11	 1.4001e+08	 2.8674e+02	 1.2016e+03
 1.0043e+03	 1.1784e+03	 1.8339e+00	 4.0408e-02	 2.2566e-11	-4.6571e-10	 2.3008e-11	 3.1259e+08	 2.8673e+02	 1.2040e+03
 3.1783e+02	 1.1784e+03	 1.8485e+00	 7.4128e-02	 1.3101e-11	-1.4995e-10	 2.3191e-11	 5.3844e+08	 2.8672e+02	 1.2064e+03
 1.0058e+02	 1.1784e+03	 1.8751e+00	 1.9704e-01	 1.1020e-11	-4.8940e-11	 2.3525e-11	 6.4009e+08	 2.8673e+02	 1.2091e+03
 3.1829e+01	 1.1784e+03	 1.9902e+00	 5.3619e-01	 9.4897e-12	-1.7525e-11	 2.4969e-11	 7.4332e+08	 2.8673e+02	 1.2122e+03
 1.0072e+01	 1.1784e+03	 2.3026e+00	 1.3480e+00	 7.5500e-12	-7.2956e-12	 2.8889e-11	 9.3429e+08	 2.8672e+02	 1.2151e+03
 3.1874e+00	 1.1784e+03	 2.9099e+00	 3.5526e+00	 6.2966e-12	-3.3852e-12	 3.6509e-11	 1.1203e+09	 2.8672e+02	 1.2206e+03
 1.0087e+00	 1.1784e+03	 4.2248e+00	 9.9322e+00	 5.5709e-12	-1.8088e-12	 5.3005e-11	 1.2662e+09	 2.8672e+02	 1.2265e+03
 1.0000e+06	 1.2238e+03	 1.7871e+00	 8.5037e-04	 4.7286e-10	-4.3770e-07	 2.2422e-11	 1.4918e+07	 2.8671e+02	 1.2342e+03
 3.1646e+05	 1.2238e+03	 1.7877e+00	 2.1257e-03	 3.7405e-10	-1.3861e-07	 2.2429e-11	 1.8858e+07	 2.8671e+02	 1.2368e+03
 1.0014e+05	 1.2238e+03	 1.7890e+00	 3.6601e-03	 2.0382e-10	-4.3935e-08	 2.2445e-11	 3.4609e+07	 2.8671e+02	 1.2392e+03
 3.1691e+04	 1.2238e+03	 1.7913e+00	 7.4060e-03	 1.3051e-10	-1.3944e-08	 2.2473e-11	 5.4049e+07	 2.8671e+02	 1.2417e+03
 1.0029e+04	 1.2238e+03	 1.7970e+00	 1.5744e-02	 8.7802e-11	-4.4447e-09	 2.2546e-11	 8.0340e+07	 2.8671e+02	 1.2442e+03
 3.1737e+03	 1.2238e+03	 1.8122e+00	 2.8446e-02	 5.0201e-11	-1.4333e-09	 2.2736e-11	 1.4051e+08	 2.8671e+02	 1.2468e+03
 1.0043e+03	 1.2238e+03	 1.8338e+00	 4.0355e-02	 2.2537e-11	-4.6568e-10	 2.3008e-11	 3.1300e+08	 2.8670e+02	 1.2496e+03
 3.1783e+02	 1.2238e+03	 1.8485e+00	 7.4020e-02	 1.3082e-11	-1.4996e-10	 2.3192e-11	 5.3923e+08	 2.8670e+02	 1.2521e+03
 1.0058e+02	 1.2238e+03	 1.8754e+00	 1.9656e-01	 1.0993e-11	-4.8957e-11	 2.3529e-11	 6.4167e+08	 2.8670e+02	 1.2548e+03
 3.1829e+01	 1.2238e+03	 1.9909e+00	 5.3382e-01	 9.4479e-12	-1.7538e-11	 2.4978e-11	 7.4662e+08	 2.8670e+02	 1.2576e+03
 1.0072e+01	 1.2238e+03	 2.3064e+00	 1.3420e+00	 7.5161e-12	-7.3167e-12	 2.8936e-11	 9.3851e+08	 2.8670e+02	 1.2608e+03
 3.1874e+00	 1.2238e+03	 2.9189e+00	 3.5454e+00	 6.2840e-12	-3.4010e-12	 3.6621e-11	 1.1225e+09	 2.8670e+02	 1.2663e+03
 1.0087e+00	 1.2238e+03	 4.2286e+00	 9.8745e+00	 5.5385e-12	-1.8109e-12	 5.3053e-11	 1.2736e+09	 2.8669e+02	 1.2719e+03
 1.0000e+06	 1.2692e+03	 1.7872e+00	 8.5468e-04	 4.7526e-10	-4.3771e-07	 2.2422e-11	 1.4842e+07	 2.8669e+02	 1.2797e+03
 3.1646e+05	 1.2692e+03	 1.7877e+00	 2.0396e-03	 3.5890e-10	-1.3862e-07	 2.2429e-11	 1.9654e+07	 2.8668e+02	 1.2824e+03
 1.0014e+05	 1.2692e+03	 1.7890e+00	 3.6128e-03	 2.0118e-10	-4.3939e-08	 2.2446e-11	 3.5062e+07	 2.8668e+02	 1.2849e+03
 3.1691e+04	 1.2692e+03	 1.7913e+00	 7.3627e-03	 1.2975e-10	-1.3944e-08	 2.2474e-11	 5.4367e+07	 2.8668e+02	 1.2876e+03
 1.0029e+04	 1.2692e+03	 1.7970e+00	 1.5722e-02	 8.7678e-11	-4.4448e-09	 2.2546e-11	 8.0453e+07	 2.8668e+02	 1.2900e+03
 3.1737e+03	 1.2692e+03	 1.8121e+00	 2.8397e-02	 5.0114e-11	-1.4332e-09	 2.2735e-11	 1.4076e+08	 2.8668e+02	 1.2925e+03
 1.0043e+03	 1.2692e+03	 1.8338e+00	 4.0311e-02	 2.2512e-11	-4.6566e-10	 2.3007e-11	 3.1334e+08	 2.8668e+02	 1.2952e+03
 3.1783e+02	 1.2692e+03	 1.8485e+00	 7.3937e-02	 1.3067e-11	-1.4996e-10	 2.3192e-11	 5.3983e+08	 2.8668e+02	 1.2977e+03
 1.0058e+02	 1.2692e+03	 1.8756e+00	 1.9612e-01	 1.0968e-11	-4.8969e-11	 2.3531e-11	 6.4312e+08	 2.8667e+02	 1.3004e+03
 3.1829e+01	 1.2692e+03	 1.9921e+00	 5.3141e-01	 9.4053e-12	-1.7559e-11	 2.4994e-11	 7.5000e+08	 2.8667e+02	 1.3033e+03
 1.0072e+01	 1.2692e+03	 2.3109e+00	 1.3343e+00	 7.4731e-12	-7.3419e-12	 2.8992e-11	 9.4391e+08	 2.8667e+02	 1.3062e+03
 3.1874e+00	 1.2692e+03	 2.9243e+00	 3.5338e+00	 6.2634e-12	-3.4106e-12	 3.6688e-11	 1.1262e+09	 2.8666e+02	 1.3117e+03
 1.0087e+00	 1.2692e+03	 4.2617e+00	 9.9069e+00	 5.5567e-12	-1.8295e-12	 5.3468e-11	 1.2694e+09	 2.8666e+02	 1.3173e+03
 1.0000e+06	 1.3147e+03	 1.7872e+00	 8.1454e-04	 4.5293e-10	-4.3774e-07	 2.2423e-11	 1.5574e+07	 2.8666e+02	 1.3252e+03
 3.1646e+05	 1.3147e+03	 1.7878e+00	 1.9913e-03	 3.5041e-10	-1.3863e-07	 2.2430e-11	 2.0131e+07	 2.8666e+02	 1.3277e+03
 1.0014e+05	 1.3147e+03	 1.7890e+00	 3.6499e-03	 2.0325e-10	-4.3937e-08	 2.2445e-11	 3.4706e+07	 2.8665e+02	 1.3302e+03
 3.1691e+04	 1.3147e+03	 1.7913e+00	 7.3957e-03	 1.3033e-10	-1.3945e-08	 2.2474e-11	 5.4124e+07	 2.8666e+02	 1.3327e+03
 1.0029e+04	 1.3147e+03	 1.7971e+00	 1.5675e-02	 8.7412e-11	-4.4450e-09	 2.2546e-11	 8.0698e+07	 2.8665e+02	 1.3354e+03
 3.1737e+03	 1.3147e+03	 1.8120e+00	 2.8354e-02	 5.0039e-11	-1.4331e-09	 2.2734e-11	 1.4097e+08	 2.8665e+02	 1.3379e+03
 1.0043e+03	 1.3147e+03	 1.8338e+00	 4.0250e-02	 2.2479e-11	-4.6563e-10	 2.3007e-11	 3.1381e+08	 2.8664e+02	 1.3404e+03
 3.1783e+02	 1.3147e+03	 1.8483e+00	 7.3958e-02	 1.3071e-11	-1.4993e-10	 2.3189e-11	 5.3968e+08	 2.8664e+02	 1.3431e+03
 1.0058e+02	 1.3147e+03	 1.8750e+00	 1.9645e-01	 1.0987e-11	-4.8934e-11	 2.3523e-11	 6.4204e+08	 2.8665e+02	 1.3457e+03
 3.1829e+01	 1.3147e+03	 1.9901e+00	 5.3423e-01	 9.4552e-12	-1.7524e-11	 2.4969e-11	 7.4604e+08	 2.8665e+02	 1.3486e+03
 1.0072e+01	 1.3147e+03	 2.3072e+00	 1.3408e+00	 7.5098e-12	-7.3215e-12	 2.8947e-11	 9.3930e+08	 2.8664e+02	 1.3516e+03
 3.1874e+00	 1.3147e+03	 2.9278e+00	 3.5168e+00	 6.2331e-12	-3.4169e-12	 3.6733e-11	 1.1317e+09	 2.8664e+02	 1.3571e+03
 1.0087e+00	 1.3147e+03	 4.2213e+00	 9.7665e+00	 5.4779e-12	-1.8068e-12	 5.2961e-11	 1.2877e+09	 2.8664e+02	 1.3628e+03
 1.0000e+06	 1.3600e+03	 1.7873e+00	 8.7136e-04	 4.8453e-10	-4.3777e-07	 2.2423e-11	 1.4558e+07	 2.8663e+02	 1.3707e+03
 3.1646e+05	 1.3600e+03	 1.7878e+00	 2.0573e-03	 3.6203e-10	-1.3863e-07	 2.2430e-11	 1.9485e+07	 2.8663e+02	 1.3732e+03
 1.0014e+05	 1.3600e+03	 1.7891e+00	 3.6021e-03	 2.0059e-10	-4.3941e-08	 2.2446e-11	 3.5167e+07	 2.8663e+02	 1.3759e+03
 3.1691e+04	 1.3600e+03	 1.7914e+00	 7.3492e-03	 1.2951e-10	-1.3945e-08	 2.2475e-11	 5.4466e+07	 2.8663e+02	 1.3784e+03
 1.0029e+04	 1.3600e+03	 1.7971e+00	 1.5679e-02	 8.7434e-11	-4.4451e-09	 2.2547e-11	 8.0678e+07	 2.8663e+02	 1.3808e+03
 3.1737e+03	 1.3600e+03	 1.8121e+00	 2.8536e-02	 5.0359e-11	-1.4332e-09	 2.2735e-11	 1.4007e+08	 2.8663e+02	 1.3834e+03
 1.0043e+03	 1.3600e+03	 1.8338e+00	 4.0275e-02	 2.2493e-11	-4.6567e-10	 2.3008e-11	 3.1361e+08	 2.8663e+02	 1.3859e+03
 3.1783e+02	 1.3600e+03	 1.8485e+00	 7.3798e-02	 1.3042e-11	-1.4996e-10	 2.3192e-11	 5.4085e+08	 2.8662e+02	 1.3884e+03
 1.0058e+02	 1.3600e+03	 1.8756e+00	 1.9543e-01	 1.0930e-11	-4.8971e-11	 2.3532e-11	 6.4537e+08	 2.8662e+02	 1.3909e+03
 3.1829e+01	 1.3600e+03	 1.9923e+00	 5.2959e-01	 9.3731e-12	-1.7562e-11	 2.4996e-11	 7.5258e+08	 2.8662e+02	 1.3938e+03
 1.0072e+01	 1.3600e+03	 2.3136e+00	 1.3277e+00	 7.4365e-12	-7.3572e-12	 2.9027e-11	 9.4856e+08	 2.8661e+02	 1.3968e+03
 3.1874e+00	 1.3600e+03	 2.9323e+00	 3.4880e+00	 6.1822e-12	-3.4248e-12	 3.6789e-11	 1.1410e+09	 2.8662e+02	 1.4024e+03
 1.0087e+00	 1.3600e+03	 4.2401e+00	 9.6982e+00	 5.4396e-12	-1.8173e-12	 5.3197e-11	 1.2968e+09	 2.8661e+02	 1.4081e+03
 1.0000e+06	 1.4054e+03	 1.7873e+00	 8.4499e-04	 4.6987e-10	-4.3780e-07	 2.2424e-11	 1.5013e+07	 2.8660e+02	 1.4159e+03
 3.1646e+05	 1.4054e+03	 1.7879e+00	 1.9933e-03	 3.5077e-10	-1.3864e-07	 2.2431e-11	 2.0110e+07	 2.8660e+02	 1.4186e+03
 1.0014e+05	 1.4054e+03	 1.7891e+00	 3.6256e-03	 2.0189e-10	-4.3943e-08	 2.2447e-11	 3.4939e+07	 2.8660e+02	 1.4210e+03
 3.1691e+04	 1.4054e+03	 1.7914e+00	 7.3469e-03	 1.2947e-10	-1.3946e-08	 2.2475e-11	 5.4484e+07	 2.8660e+02	 1.4234e+03
 1.0029e+04	 1.4054e+03	 1.7971e+00	 1.5685e-02	 8.7469e-11	-4.4453e-09	 2.2547e-11	 8.0646e+07	 2.8660e+02	 1.4261e+03
 3.1737e+03	 1.4054e+03	 1.8122e+00	 2.8425e-02	 5.0163e-11	-1.4333e-09	 2.2736e-11	 1.4062e+08	 2.8660e+02	 1.4286e+03
 1.0043e+03	 1.4054e+03	 1.8338e+00	 4.0290e-02	 2.2501e-11	-4.6567e-10	 2.3007e-11	 3.1350e+08	 2.8660e+02	 1.4311e+03
 3.1783e+02	 1.4054e+03	 1.8486e+00	 7.3711e-02	 1.3027e-11	-1.4998e-10	 2.3193e-11	 5.4149e+08	 2.8660e+02	 1.4338e+03
 1.0058e+02	 1.4054e+03	 1.8756e+00	 1.9524e-01	 1.0919e-11	-4.8969e-11	 2.3531e-11	 6.4600e+08	 2.8659e+02	 1.4363e+03
 3.1829e+01	 1.4054e+03	 1.9921e+00	 5.2931e-01	 9.3681e-12	-1.7558e-11	 2.4993e-11	 7.5298e+08	 2.8659e+02	 1.4393e+03
 1.0072e+01	 1.4054e+03	 2.3147e+00	 1.3244e+00	 7.4177e-12	-7.3636e-12	 2.9041e-11	 9.5097e+08	 2.8659e+02	 1.4423e+03
 3.1874e+00	 1.4054e+03	 2.9379e+00	 3.4719e+00	 6.1536e-12	-3.4347e-12	 3.6859e-11	 1.1463e+09	 2.8659e+02	 1.4479e+03
 1.0087e+00	 1.4054e+03	 4.2796e+00	 9.6890e+00	 5.4344e-12	-1.8395e-12	 5.3692e-11	 1.2980e+09	 2.8658e+02	 1.4536e+03
 1.0000e+06	 1.4509e+03	 1.7873e+00	 8.1265e-04	 4.5188e-10	-4.3779e-07	 2.2424e-11	 1.5610e+07	 2.8659e+02	 1.4615e+03
 3.1646e+05	 1.4509e+03	 1.7879e+00	 2.0599e-03	 3.6248e-10	-1.3865e-07	 2.2431e-11	 1.9460e+07	 2.8658e+02	 1.4642e+03
 1.0014e+05	 1.4509e+03	 1.7891e+00	 3.5856e-03	 1.9967e-10	-4.3943e-08	 2.2447e-11	 3.5329e+07	 2.8657e+02	 1.4666e+03
 3.1691e+04	 1.4509e+03	 1.7914e+00	 7.3606e-03	 1.2971e-10	-1.3947e-08	 2.2475e-11	 5.4382e+07	 2.8658e+02	 1.4691e+03
 1.0029e+04	 1.4509e+03	 1.7972e+00	 1.5653e-02	 8.7291e-11	-4.4455e-09	 2.2547e-11	 8.0810e+07	 2.8657e+02	 1.4718e+03
 3.1737e+03	 1.4509e+03	 1.8121e+00	 2.8472e-02	 5.0247e-11	-1.4332e-09	 2.2735e-11	 1.4039e+08	 2.8657e+02	 1.4742e+03
 1.0043e+03	 1.4509e+03	 1.8338e+00	 4.0186e-02	 2.2443e-11	-4.6563e-10	 2.3007e-11	 3.1431e+08	 2.8657e+02	 1.4767e+03
 3.1783e+02	 1.4509e+03	 1.8484e+00	 7.3698e-02	 1.3025e-11	-1.4993e-10	 2.3190e-11	 5.4158e+08	 2.8657e+02	 1.4792e+03
 1.0058e+02	 1.4509e+03	 1.8751e+00	 1.9524e-01	 1.0920e-11	-4.8940e-11	 2.3525e-11	 6.4599e+08	 2.8657e+02	 1.4817e+03
 3.1829e+01	 1.4509e+03	 1.9909e+00	 5.2992e-01	 9.3788e-12	-1.7537e-11	 2.4978e-11	 7.5212e+08	 2.8656e+02	 1.4847e+03
 1.0072e+01	 1.4509e+03	 2.3149e+00	 1.3247e+00	 7.4192e-12	-7.3643e-12	 2.9043e-11	 9.5077e+08	 2.8656e+02	 1.4878e+03
 3.1874e+00	 1.4509e+03	 2.9354e+00	 3.4618e+00	 6.1357e-12	-3.4303e-12	 3.6828e-11	 1.1497e+09	 2.8656e+02	 1.4934e+03
 1.0087e+00	 1.4509e+03	 4.2594e+00	 9.6244e+00	 5.3982e-12	-1.8282e-12	 5.3439e-11	 1.3067e+09	 2.8655e+02	 1.4991e+03
 1.0000e+06	 1.4964e+03	 1.7873e+00	 8.4088e-04	 4.6758e-10	-4.3782e-07	 2.2424e-11	 1.5086e+07	 2.8655e+02	 1.5070e+03
 3.1646e+05	 1.4964e+03	 1.7879e+00	 2.0662e-03	 3.6358e-10	-1.3865e-07	 2.2432e-11	 1.9401e+07	 2.8655e+02	 1.5094e+03
 1.0014e+05	 1.4964e+03	 1.7891e+00	 3.5865e-03	 1.9972e-10	-4.3943e-08	 2.2447e-11	 3.5320e+07	 2.8655e+02	 1.5122e+03
 3.1691e+04	 1.4964e+03	 1.7915e+00	 7.3404e-03	 1.2935e-10	-1.3947e-08	 2.2476e-11	 5.4532e+07	 2.8655e+02	 1.5147e+03
 1.0029e+04	 1.4964e+03	 1.7972e+00	 1.5610e-02	 8.7051e-11	-4.4455e-09	 2.2547e-11	 8.1032e+07	 2.8655e+02	 1.5172e+03
 3.1737e+03	 1.4964e+03	 1.8121e+00	 2.8255e-02	 4.9864e-11	-1.4331e-09	 2.2734e-11	 1.4146e+08	 2.8654e+02	 1.5197e+03
 1.0043e+03	 1.4964e+03	 1.8337e+00	 4.0130e-02	 2.2411e-11	-4.6560e-10	 2.3006e-11	 3.1475e+08	 2.8654e+02	 1.5222e+03
 3.1783e+02	 1.4964e+03	 1.8483e+00	 7.3589e-02	 1.3006e-11	-1.4993e-10	 2.3189e-11	 5.4238e+08	 2.8654e+02	 1.5248e+03
 1.0058e+02	 1.4964e+03	 1.8751e+00	 1.9507e-01	 1.0910e-11	-4.8941e-11	 2.3525e-11	 6.4657e+08	 2.8654e+02	 1.5273e+03
 3.1829e+01	 1.4964e+03	 1.9902e+00	 5.3085e-01	 9.3953e-12	-1.7524e-11	 2.4969e-11	 7.5080e+08	 2.8654e+02	 1.5302e+03
 1.0072e+01	 1.4964e+03	 2.3133e+00	 1.3212e+00	 7.3999e-12	-7.3553e-12	 2.9022e-11	 9.5325e+08	 2.8653e+02	 1.5332e+03
 3.1874e+00	 1.4964e+03	 2.9303e+00	 3.4460e+00	 6.1077e-12	-3.4213e-12	 3.6764e-11	 1.1549e+09	 2.8654e+02	 1.5386e+03
 1.0087e+00	 1.4964e+03	 4.2440e+00	 9.5988e+00	 5.3839e-12	-1.8195e-12	 5.3246e-11	 1.3102e+09	 2.8653e+02	 1.5444e+03
 1.0000e+06	 1.5417e+03	 1.7874e+00	 8.1080e-04	 4.5085e-10	-4.3783e-07	 2.2425e-11	 1.5646e+07	 2.8653e+02	 1.5526e+03
 3.1646e+05	 1.5417e+03	 1.7879e+00	 2.0613e-03	 3.6273e-10	-1.3865e-07	 2.2432e-11	 1.9447e+07	 2.8652e+02	 1.5551e+03
 1.0014e+05	 1.5417e+03	 1.7892e+00	 3.6712e-03	 2.0444e-10	-4.3947e-08	 2.2447e-11	 3.4504e+07	 2.8652e+02	 1.5577e+03
 3.1691e+04	 1.5417e+03	 1.7915e+00	 7.3721e-03	 1.2991e-10	-1.3948e-08	 2.2476e-11	 5.4298e+07	 2.8652e+02	 1.5602e+03
 1.0029e+04	 1.5417e+03	 1.7972e+00	 1.5603e-02	 8.7015e-11	-4.4455e-09	 2.2548e-11	 8.1066e+07	 2.8652e+02	 1.5626e+03
 3.1737e+03	 1.5417e+03	 1.8121e+00	 2.8275e-02	 4.9899e-11	-1.4331e-09	 2.2735e-11	 1.4136e+08	 2.8652e+02	 1.5652e+03
 1.0043e+03	 1.5417e+03	 1.8337e+00	 4.0102e-02	 2.2396e-11	-4.6561e-10	 2.3006e-11	 3.1497e+08	 2.8652e+02	 1.5677e+03
 3.1783e+02	 1.5417e+03	 1.8484e+00	 7.3441e-02	 1.2979e-11	-1.4994e-10	 2.3190e-11	 5.4348e+08	 2.8651e+02	 1.5704e+03
 1.0058e+02	 1.5417e+03	 1.8752e+00	 1.9450e-01	 1.0878e-11	-4.8949e-11	 2.3527e-11	 6.4845e+08	 2.8652e+02	 1.5729e+03
 3.1829e+01	 1.5417e+03	 1.9915e+00	 5.2716e-01	 9.3300e-12	-1.7547e-11	 2.4985e-11	 7.5605e+08	 2.8652e+02	 1.5758e+03
 1.0072e+01	 1.5417e+03	 2.3182e+00	 1.3129e+00	 7.3534e-12	-7.3828e-12	 2.9084e-11	 9.5928e+08	 2.8650e+02	 1.5788e+03
 3.1874e+00	 1.5417e+03	 2.9307e+00	 3.4082e+00	 6.0407e-12	-3.4221e-12	 3.6769e-11	 1.1677e+09	 2.8651e+02	 1.5843e+03
 1.0087e+00	 1.5417e+03	 4.2387e+00	 9.5052e+00	 5.3314e-12	-1.8165e-12	 5.3179e-11	 1.3231e+09	 2.8651e+02	 1.5900e+03
 1.0000e+06	 1.5873e+03	 1.7874e+00	 8.7834e-04	 4.8841e-10	-4.3784e-07	 2.2425e-11	 1.4443e+07	 2.8650e+02	 1.5978e+03
 3.1646e+05	 1.5873e+03	 1.7880e+00	 2.0182e-03	 3.5514e-10	-1.3866e-07	 2.2432e-11	 1.9863e+07	 2.8650e+02	 1.6004e+03
 1.0014e+05	 1.5873e+03	 1.7893e+00	 3.5889e-03	 1.9985e-10	-4.3951e-08	 2.2448e-11	 3.5296e+07	 2.8650e+02	 1.6029e+03
 3.1691e+04	 1.5873e+03	 1.7915e+00	 7.3212e-03	 1.2902e-10	-1.3948e-08	 2.2477e-11	 5.4675e+07	 2.8650e+02	 1.6055e+03
 1.0029e+04	 1.5873e+03	 1.7972e+00	 1.5571e-02	 8.6832e-11	-4.4456e-09	 2.2548e-11	 8.1237e+07	 2.8650e+02	 1.6080e+03
 3.1737e+03	 1.5873e+03	 1.8121e+00	 2.8156e-02	 4.9688e-11	-1.4332e-09	 2.2735e-11	 1.4196e+08	 2.8650e+02	 1.6104e+03
 1.0043e+03	 1.5873e+03	 1.8337e+00	 4.0042e-02	 2.2362e-11	-4.6559e-10	 2.3006e-11	 3.1544e+08	 2.8649e+02	 1.6131e+03
 3.1783e+02	 1.5873e+03	 1.8484e+00	 7.3418e-02	 1.2975e-11	-1.4995e-10	 2.3191e-11	 5.4364e+08	 2.8649e+02	 1.6155e+03
 1.0058e+02	 1.5873e+03	 1.8758e+00	 1.9394e-01	 1.0847e-11	-4.8979e-11	 2.3534e-11	 6.5034e+08	 2.8649e+02	 1.6184e+03
 3.1829e+01	 1.5873e+03	 1.9933e+00	 5.2500e-01	 9.2918e-12	-1.7579e-11	 2.5008e-11	 7.5916e+08	 2.8649e+02	 1.6212e+03
 1.0072e+01	 1.5873e+03	 2.3211e+00	 1.3068e+00	 7.3191e-12	-7.3993e-12	 2.9121e-11	 9.6377e+08	 2.8648e+02	 1.6242e+03
 3.1874e+00	 1.5873e+03	 2.9362e+00	 3.4164e+00	 6.0552e-12	-3.4317e-12	 3.6837e-11	 1.1649e+09	 2.8649e+02	 1.6296e+03
 1.0087e+00	 1.5873e+03	 4.2415e+00	 9.5085e+00	 5.3332e-12	-1.8181e-12	 5.3215e-11	 1.3226e+09	 2.8649e+02	 1.6354e+03
 1.0000e+06	 1.6327e+03	 1.7874e+00	 8.7561e-04	 4.8689e-10	-4.3786e-07	 2.2425e-11	 1.4488e+07	 2.8648e+02	 1.6432e+03
 3.1646e+05	 1.6327e+03	 1.7880e+00	 1.9686e-03	 3.4642e-10	-1.3867e-07	 2.2433e-11	 2.0363e+07	 2.8648e+02	 1.6460e+03
 1.0014e+05	 1.6327e+03	 1.7892e+00	 3.5692e-03	 1.9876e-10	-4.3950e-08	 2.2448e-11	 3.5491e+07	 2.8648e+02	 1.6486e+03
 3.1691e+04	 1.6327e+03	 1.7915e+00	 7.3263e-03	 1.2911e-10	-1.3949e-08	 2.2477e-11	 5.4637e+07	 2.8648e+02	 1.6513e+03
 1.0029e+04	 1.6327e+03	 1.7972e+00	 1.5539e-02	 8.6658e-11	-4.4457e-09	 2.2548e-11	 8.1400e+07	 2.8648e+02	 1.6539e+03
 3.1737e+03	 1.6327e+03	 1.8122e+00	 2.8213e-02	 4.9789e-11	-1.4334e-09	 2.2736e-11	 1.4168e+08	 2.8647e+02	 1.6563e+03
 1.0043e+03	 1.6327e+03	 1.8338e+00	 4.0119e-02	 2.2405e-11	-4.6566e-10	 2.3007e-11	 3.1483e+08	 2.8647e+02	 1.6588e+03
 3.1783e+02	 1.6327e+03	 1.8485e+00	 7.3357e-02	 1.2965e-11	-1.4995e-10	 2.3191e-11	 5.4410e+08	 2.8647e+02	 1.6612e+03
 1.0058e+02	 1.6327e+03	 1.8758e+00	 1.9377e-01	 1.0837e-11	-4.8980e-11	 2.3534e-11	 6.5089e+08	 2.8648e+02	 1.6638e+03
 3.1829e+01	 1.6327e+03	 1.9933e+00	 5.2411e-01	 9.2760e-12	-1.7579e-11	 2.5008e-11	 7.6045e+08	 2.8647e+02	 1.6666e+03
 1.0072e+01	 1.6327e+03	 2.3227e+00	 1.3036e+00	 7.3011e-12	-7.4081e-12	 2.9141e-11	 9.6615e+08	 2.8647e+02	 1.6698e+03
 3.1874e+00	 1.6327e+03	 2.9428e+00	 3.3927e+00	 6.0132e-12	-3.4434e-12	 3.6921e-11	 1.1731e+09	 2.8647e+02	 1.6752e+03
 1.0087e+00	 1.6327e+03	 4.2266e+00	 9.4354e+00	 5.2922e-12	-1.8098e-12	 5.3028e-11	 1.3329e+09	 2.8647e+02	 1.6810e+03
 1.0000e+06	 1.6783e+03	 1.7875e+00	 9.5173e-04	 5.2922e-10	-4.3789e-07	 2.2426e-11	 1.3329e+07	 2.8646e+02	 1.6890e+03
 3.1646e+05	 1.6783e+03	 1.7881e+00	 1.9879e-03	 3.4981e-10	-1.3868e-07	 2.2433e-11	 2.0165e+07	 2.8646e+02	 1.6915e+03
 1.0014e+05	 1.6783e+03	 1.7893e+00	 3.6098e-03	 2.0102e-10	-4.3953e-08	 2.2449e-11	 3.5091e+07	 2.8645e+02	 1.6941e+03
 3.1691e+04	 1.6783e+03	 1.7915e+00	 7.3164e-03	 1.2893e-10	-1.3948e-08	 2.2477e-11	 5.4711e+07	 2.8646e+02	 1.6965e+03
 1.0029e+04	 1.6783e+03	 1.7972e+00	 1.5549e-02	 8.6713e-11	-4.4459e-09	 2.2548e-11	 8.1348e+07	 2.8646e+02	 1.6989e+03
 3.1737e+03	 1.6783e+03	 1.8121e+00	 2.8345e-02	 5.0023e-11	-1.4331e-09	 2.2734e-11	 1.4102e+08	 2.8645e+02	 1.7016e+03
 1.0043e+03	 1.6783e+03	 1.8339e+00	 4.0219e-02	 2.2461e-11	-4.6574e-10	 2.3009e-11	 3.1405e+08	 2.8645e+02	 1.7041e+03
 3.1783e+02	 1.6783e+03	 1.8488e+00	 7.3173e-02	 1.2932e-11	-1.5001e-10	 2.3195e-11	 5.4547e+08	 2.8645e+02	 1.7067e+03
 1.0058e+02	 1.6783e+03	 1.8757e+00	 1.9357e-01	 1.0826e-11	-4.8973e-11	 2.3532e-11	 6.5160e+08	 2.8646e+02	 1.7092e+03
 3.1829e+01	 1.6783e+03	 1.9934e+00	 5.2403e-01	 9.2746e-12	-1.7581e-11	 2.5009e-11	 7.6057e+08	 2.8645e+02	 1.7121e+03
 1.0072e+01	 1.6783e+03	 2.3226e+00	 1.3033e+00	 7.2998e-12	-7.4074e-12	 2.9139e-11	 9.6632e+08	 2.8645e+02	 1.7151e+03
 3.1874e+00	 1.6783e+03	 2.9427e+00	 3.3902e+00	 6.0088e-12	-3.4433e-12	 3.6920e-11	 1.1739e+09	 2.8645e+02	 1.7206e+03
 1.0087e+00	 1.6783e+03	 4.2414e+00	 9.4156e+00	 5.2811e-12	-1.8181e-12	 5.3213e-11	 1.3357e+09	 2.8644e+02	 1.7262e+03
 1.0000e+06	 1.7235e+03	 1.7875e+00	 8.9756e-04	 4.9910e-10	-4.3788e-07	 2.2426e-11	 1.4133e+07	 2.8645e+02	 1.7343e+03
 3.1646e+05	 1.7235e+03	 1.7881e+00	 2.0671e-03	 3.6374e-10	-1.3867e-07	 2.2433e-11	 1.9393e+07	 2.8644e+02	 1.7368e+03
 1.0014e+05	 1.7235e+03	 1.7893e+00	 3.5628e-03	 1.9840e-10	-4.3953e-08	 2.2449e-11	 3.5554e+07	 2.8644e+02	 1.7392e+03
 3.1691e+04	 1.7235e+03	 1.7916e+00	 7.3482e-03	 1.2949e-10	-1.3950e-08	 2.2478e-11	 5.4474e+07	 2.8644e+02	 1.7416e+03
 1.0029e+04	 1.7235e+03	 1.7973e+00	 1.5601e-02	 8.7002e-11	-4.4461e-09	 2.2549e-11	 8.1079e+07	 2.8644e+02	 1.7441e+03
 3.1737e+03	 1.7235e+03	 1.8122e+00	 2.8531e-02	 5.0350e-11	-1.4333e-09	 2.2736e-11	 1.4010e+08	 2.8644e+02	 1.7466e+03
 1.0043e+03	 1.7235e+03	 1.8342e+00	 4.0446e-02	 2.2588e-11	-4.6586e-10	 2.3012e-11	 3.1229e+08	 2.8644e+02	 1.7491e+03
 3.1783e+02	 1.7235e+03	 1.8490e+00	 7.3138e-02	 1.2926e-11	-1.5004e-10	 2.3198e-11	 5.4573e+08	 2.8644e+02	 1.7517e+03
 1.0058e+02	 1.7235e+03	 1.8757e+00	 1.9338e-01	 1.0815e-11	-4.8976e-11	 2.3533e-11	 6.5222e+08	 2.8643e+02	 1.7545e+03
 3.1829e+01	 1.7235e+03	 1.9926e+00	 5.2477e-01	 9.2878e-12	-1.7567e-11	 2.4999e-11	 7.5949e+08	 2.8644e+02	 1.7573e+03
 1.0072e+01	 1.7235e+03	 2.3212e+00	 1.3057e+00	 7.3128e-12	-7.4000e-12	 2.9123e-11	 9.6460e+08	 2.8643e+02	 1.7604e+03
 3.1874e+00	 1.7235e+03	 2.9387e+00	 3.3836e+00	 5.9972e-12	-3.4362e-12	 3.6869e-11	 1.1762e+09	 2.8643e+02	 1.7660e+03
 1.0087e+00	 1.7235e+03	 4.2482e+00	 9.4269e+00	 5.2875e-12	-1.8219e-12	 5.3299e-11	 1.3341e+09	 2.8643e+02	 1.7718e+03
 1.0000e+06	 1.7691e+03	 1.7875e+00	 8.0984e-04	 4.5032e-10	-4.3789e-07	 2.2426e-11	 1.5664e+07	 2.8643e+02	 1.7794e+03
 3.1646e+05	 1.7691e+03	 1.7881e+00	 2.0405e-03	 3.5906e-10	-1.3869e-07	 2.2434e-11	 1.9646e+07	 2.8642e+02	 1.7822e+03
 1.0014e+05	 1.7691e+03	 1.7893e+00	 3.6008e-03	 2.0052e-10	-4.3956e-08	 2.2449e-11	 3.5179e+07	 2.8642e+02	 1.7847e+03
 3.1691e+04	 1.7691e+03	 1.7916e+00	 7.3159e-03	 1.2892e-10	-1.3950e-08	 2.2478e-11	 5.4715e+07	 2.8642e+02	 1.7873e+03
 1.0029e+04	 1.7691e+03	 1.7973e+00	 1.5601e-02	 8.7002e-11	-4.4460e-09	 2.2549e-11	 8.1079e+07	 2.8642e+02	 1.7898e+03
 3.1737e+03	 1.7691e+03	 1.8122e+00	 2.8535e-02	 5.0358e-11	-1.4334e-09	 2.2737e-11	 1.4008e+08	 2.8642e+02	 1.7922e+03
 1.0043e+03	 1.7691e+03	 1.8342e+00	 4.0511e-02	 2.2624e-11	-4.6588e-10	 2.3012e-11	 3.1179e+08	 2.8642e+02	 1.7948e+03
 3.1783e+02	 1.7691e+03	 1.8492e+00	 7.3065e-02	 1.2913e-11	-1.5008e-10	 2.3200e-11	 5.4627e+08	 2.8642e+02	 1.7973e+03
 1.0058e+02	 1.7691e+03	 1.8755e+00	 1.9337e-01	 1.0814e-11	-4.8965e-11	 2.3530e-11	 6.5227e+08	 2.8642e+02	 1.7998e+03
 3.1829e+01	 1.7691e+03	 1.9923e+00	 5.2475e-01	 9.2873e-12	-1.7563e-11	 2.4996e-11	 7.5953e+08	 2.8642e+02	 1.8027e+03
 1.0072e+01	 1.7691e+03	 2.3247e+00	 1.3022e+00	 7.2933e-12	-7.4193e-12	 2.9166e-11	 9.6718e+08	 2.8642e+02	 1.8057e+03
 3.1874e+00	 1.7691e+03	 2.9445e+00	 3.3711e+00	 5.9750e-12	-3.4465e-12	 3.6943e-11	 1.1806e+09	 2.8642e+02	 1.8112e+03
 1.0087e+00	 1.7691e+03	 4.2548e+00	 9.3810e+00	 5.2617e-12	-1.8256e-12	 5.3382e-11	 1.3406e+09	 2.8641e+02	 1.8168e+03
 1.0000e+06	 1.8141e+03	 1.7875e+00	 8.1984e-04	 4.5588e-10	-4.3789e-07	 2.2426e-11	 1.5473e+07	 2.8641e+02	 1.8248e+03
 3.1646e+05	 1.8141e+03	 1.7881e+00	 2.0465e-03	 3.6012e-10	-1.3869e-07	 2.2434e-11	 1.9588e+07	 2.8641e+02	 1.8272e+03
 1.0014e+05	 1.8141e+03	 1.7893e+00	 3.6626e-03	 2.0396e-10	-4.3954e-08	 2.2449e-11	 3.4585e+07	 2.8641e+02	 1.8298e+03
 3.1691e+04	 1.8141e+03	 1.7916e+00	 7.3181e-03	 1.2896e-10	-1.3950e-08	 2.2478e-11	 5.4698e+07	 2.8641e+02	 1.8323e+03
 1.0029e+04	 1.8141e+03	 1.7973e+00	 1.5575e-02	 8.6856e-11	-4.4463e-09	 2.2549e-11	 8.1215e+07	 2.8640e+02	 1.8348e+03
 3.1737e+03	 1.8141e+03	 1.8122e+00	 2.8369e-02	 5.0065e-11	-1.4334e-09	 2.2736e-11	 1.4090e+08	 2.8640e+02	 1.8375e+03
 1.0043e+03	 1.8141e+03	 1.8342e+00	 4.0433e-02	 2.2581e-11	-4.6587e-10	 2.3012e-11	 3.1239e+08	 2.8641e+02	 1.8399e+03
 3.1783e+02	 1.8141e+03	 1.8492e+00	 7.3007e-02	 1.2903e-11	-1.5008e-10	 2.3200e-11	 5.4671e+08	 2.8640e+02	 1.8426e+03
 1.0058e+02	 1.8141e+03	 1.8760e+00	 1.9287e-01	 1.0787e-11	-4.8990e-11	 2.3536e-11	 6.5395e+08	 2.8640e+02	 1.8451e+03
 3.1829e+01	 1.8141e+03	 1.9935e+00	 5.2227e-01	 9.2435e-12	-1.7583e-11	 2.5011e-11	 7.6313e+08	 2.8639e+02	 1.8479e+03
 1.0072e+01	 1.8141e+03	 2.3253e+00	 1.2958e+00	 7.2575e-12	-7.4230e-12	 2.9174e-11	 9.7196e+08	 2.8640e+02	 1.8509e+03
 3.1874e+00	 1.8141e+03	 2.9504e+00	 3.3666e+00	 5.9670e-12	-3.4570e-12	 3.7017e-11	 1.1822e+09	 2.8640e+02	 1.8564e+03
 1.0087e+00	 1.8141e+03	 4.2898e+00	 9.4153e+00	 5.2809e-12	-1.8452e-12	 5.3821e-11	 1.3357e+09	 2.8639e+02	 1.8621e+03
 1.0000e+06	 1.8594e+03	 1.7876e+00	 8.3961e-04	 4.6687e-10	-4.3795e-07	 2.2427e-11	 1.5109e+07	 2.8640e+02	 1.8698e+03
 3.1646e+05	 1.8594e+03	 1.7882e+00	 2.1664e-03	 3.8121e-10	-1.3869e-07	 2.2435e-11	 1.8504e+07	 2.8639e+02	 1.8725e+03
 1.0014e+05	 1.8594e+03	 1.7893e+00	 3.5994e-03	 2.0044e-10	-4.3955e-08	 2.2449e-11	 3.5193e+07	 2.8639e+02	 1.8749e+03
 3.1691e+04	 1.8594e+03	 1.7916e+00	 7.2983e-03	 1.2861e-10	-1.3950e-08	 2.2478e-11	 5.4846e+07	 2.8639e+02	 1.8775e+03
 1.0029e+04	 1.8594e+03	 1.7973e+00	 1.5572e-02	 8.6842e-11	-4.4463e-09	 2.2549e-11	 8.1227e+07	 2.8638e+02	 1.8801e+03
 3.1737e+03	 1.8594e+03	 1.8122e+00	 2.8407e-02	 5.0131e-11	-1.4333e-09	 2.2736e-11	 1.4071e+08	 2.8638e+02	 1.8826e+03
 1.0043e+03	 1.8594e+03	 1.8341e+00	 4.0362e-02	 2.2541e-11	-4.6583e-10	 2.3011e-11	 3.1294e+08	 2.8638e+02	 1.8852e+03
 3.1783e+02	 1.8594e+03	 1.8489e+00	 7.2998e-02	 1.2901e-11	-1.5004e-10	 2.3197e-11	 5.4678e+08	 2.8638e+02	 1.8877e+03
 1.0058e+02	 1.8594e+03	 1.8752e+00	 1.9311e-01	 1.0800e-11	-4.8948e-11	 2.3527e-11	 6.5312e+08	 2.8638e+02	 1.8902e+03
 3.1829e+01	 1.8594e+03	 1.9908e+00	 5.2446e-01	 9.2822e-12	-1.7536e-11	 2.4977e-11	 7.5995e+08	 2.8638e+02	 1.8931e+03
 1.0072e+01	 1.8594e+03	 2.3214e+00	 1.3042e+00	 7.3045e-12	-7.4009e-12	 2.9125e-11	 9.6570e+08	 2.8638e+02	 1.8962e+03
 3.1874e+00	 1.8594e+03	 2.9381e+00	 3.3604e+00	 5.9561e-12	-3.4350e-12	 3.6861e-11	 1.1843e+09	 2.8637e+02	 1.9016e+03
 1.0087e+00	 1.8594e+03	 4.2480e+00	 9.3680e+00	 5.2544e-12	-1.8218e-12	 5.3296e-11	 1.3425e+09	 2.8637e+02	 1.9075e+03
 1.0000e+06	 1.9048e+03	 1.7875e+00	 9.2031e-04	 5.1175e-10	-4.3791e-07	 2.2426e-11	 1.3784e+07	 2.8637e+02	 1.9153e+03
 3.1646e+05	 1.9048e+03	 1.7882e+00	 2.0926e-03	 3.6822e-10	-1.3870e-07	 2.2435e-11	 1.9157e+07	 2.8637e+02	 1.9180e+03
 1.0014e+05	 1.9048e+03	 1.7894e+00	 3.5423e-03	 1.9726e-10	-4.3958e-08	 2.2450e-11	 3.5760e+07	 2.8637e+02	 1.9204e+03
 3.1691e+04	 1.9048e+03	 1.7917e+00	 7.2832e-03	 1.2835e-10	-1.3951e-08	 2.2479e-11	 5.4960e+07	 2.8636e+02	 1.9229e+03
 1.0029e+04	 1.9048e+03	 1.7973e+00	 1.5539e-02	 8.6655e-11	-4.4463e-09	 2.2549e-11	 8.1402e+07	 2.8636e+02	 1.9256e+03
 3.1737e+03	 1.9048e+03	 1.8122e+00	 2.8413e-02	 5.0143e-11	-1.4334e-09	 2.2736e-11	 1.4068e+08	 2.8636e+02	 1.9281e+03
 1.0043e+03	 1.9048e+03	 1.8342e+00	 4.0441e-02	 2.2585e-11	-4.6587e-10	 2.3012e-11	 3.1233e+08	 2.8636e+02	 1.9309e+03
 3.1783e+02	 1.9048e+03	 1.8492e+00	 7.2931e-02	 1.2889e-11	-1.5007e-10	 2.3200e-11	 5.4728e+08	 2.8636e+02	 1.9335e+03
 1.0058e+02	 1.9048e+03	 1.8753e+00	 1.9292e-01	 1.0790e-11	-4.8951e-11	 2.3527e-11	 6.5377e+08	 2.8636e+02	 1.9362e+03
 3.1829e+01	 1.9048e+03	 1.9907e+00	 5.2420e-01	 9.2776e-12	-1.7534e-11	 2.4976e-11	 7.6032e+08	 2.8636e+02	 1.9391e+03
 1.0072e+01	 1.9048e+03	 2.3216e+00	 1.3022e+00	 7.2933e-12	-7.4019e-12	 2.9127e-11	 9.6719e+08	 2.8636e+02	 1.9421e+03
 3.1874e+00	 1.9048e+03	 2.9415e+00	 3.3585e+00	 5.9526e-12	-3.4412e-12	 3.6905e-11	 1.1850e+09	 2.8635e+02	 1.9476e+03
 1.0087e+00	 1.9048e+03	 4.2170e+00	 9.2934e+00	 5.2126e-12	-1.8044e-12	 5.2907e-11	 1.3533e+09	 2.8636e+02	 1.9532e+03
 1.0000e+06	 1.9505e+03	 1.7876e+00	 8.7717e-04	 4.8776e-10	-4.3795e-07	 2.2427e-11	 1.4462e+07	 2.8635e+02	 1.9611e+03
 3.1646e+05	 1.9505e+03	 1.7882e+00	 1.9704e-03	 3.4672e-10	-1.3870e-07	 2.2435e-11	 2.0345e+07	 2.8635e+02	 1.9638e+03
 1.0014e+05	 1.9505e+03	 1.7894e+00	 3.6041e-03	 2.0070e-10	-4.3961e-08	 2.2451e-11	 3.5147e+07	 2.8636e+02	 1.9662e+03
 3.1691e+04	 1.9505e+03	 1.7917e+00	 7.3213e-03	 1.2902e-10	-1.3951e-08	 2.2479e-11	 5.4675e+07	 2.8635e+02	 1.9687e+03
 1.0029e+04	 1.9505e+03	 1.7973e+00	 1.5510e-02	 8.6496e-11	-4.4464e-09	 2.2549e-11	 8.1552e+07	 2.8635e+02	 1.9714e+03
 3.1737e+03	 1.9505e+03	 1.8122e+00	 2.8343e-02	 5.0018e-11	-1.4333e-09	 2.2736e-11	 1.4103e+08	 2.8634e+02	 1.9739e+03
 1.0043e+03	 1.9505e+03	 1.8341e+00	 4.0290e-02	 2.2501e-11	-4.6581e-10	 2.3011e-11	 3.1349e+08	 2.8635e+02	 1.9768e+03
 3.1783e+02	 1.9505e+03	 1.8493e+00	 7.2837e-02	 1.2873e-11	-1.5009e-10	 2.3201e-11	 5.4799e+08	 2.8635e+02	 1.9792e+03
 1.0058e+02	 1.9505e+03	 1.8759e+00	 1.9215e-01	 1.0747e-11	-4.8987e-11	 2.3535e-11	 6.5639e+08	 2.8635e+02	 1.9819e+03
 3.1829e+01	 1.9505e+03	 1.9928e+00	 5.2061e-01	 9.2141e-12	-1.7571e-11	 2.5002e-11	 7.6556e+08	 2.8635e+02	 1.9849e+03
 1.0072e+01	 1.9505e+03	 2.3258e+00	 1.2935e+00	 7.2444e-12	-7.4255e-12	 2.9180e-11	 9.7371e+08	 2.8634e+02	 1.9881e+03
 3.1874e+00	 1.9505e+03	 2.9509e+00	 3.3436e+00	 5.9263e-12	-3.4578e-12	 3.7023e-11	 1.1903e+09	 2.8634e+02	 1.9936e+03
 1.0087e+00	 1.9505e+03	 4.2536e+00	 9.2889e+00	 5.2100e-12	-1.8249e-12	 5.3366e-11	 1.3539e+09	 2.8634e+02	 1.9992e+03
 1.0000e+06	 1.9966e+03	 1.7876e+00	 8.5333e-04	 4.7450e-10	-4.3796e-07	 2.2428e-11	 1.4866e+07	 2.8634e+02	 2.0071e+03
 3.1646e+05	 1.9966e+03	 1.7882e+00	 2.0341e-03	 3.5794e-10	-1.3870e-07	 2.2435e-11	 1.9707e+07	 2.8634e+02	 2.0097e+03
 1.0014e+05	 1.9966e+03	 1.7894e+00	 3.6335e-03	 2.0234e-10	-4.3960e-08	 2.2450e-11	 3.4863e+07	 2.8634e+02	 2.0122e+03
 3.1691e+04	 1.9966e+03	 1.7917e+00	 7.2800e-03	 1.2829e-10	-1.3951e-08	 2.2479e-11	 5.4984e+07	 2.8634e+02	 2.0149e+03
 1.0029e+04	 1.9966e+03	 1.7973e+00	 1.5488e-02	 8.6369e-11	-4.4465e-09	 2.2550e-11	 8.1672e+07	 2.8634e+02	 2.0174e+03
 3.1737e+03	 1.9966e+03	 1.8122e+00	 2.8261e-02	 4.9875e-11	-1.4333e-09	 2.2736e-11	 1.4143e+08	 2.8633e+02	 2.0199e+03
 1.0043e+03	 1.9966e+03	 1.8340e+00	 4.0149e-02	 2.2422e-11	-4.6574e-10	 2.3009e-11	 3.1460e+08	 2.8634e+02	 2.0223e+03
 3.1783e+02	 1.9966e+03	 1.8488e+00	 7.2871e-02	 1.2879e-11	-1.5000e-10	 2.3195e-11	 5.4773e+08	 2.8633e+02	 2.0248e+03
 1.0058e+02	 1.9966e+03	 1.8756e+00	 1.9222e-01	 1.0751e-11	-4.8968e-11	 2.3531e-11	 6.5614e+08	 2.8633e+02	 2.0275e+03
 3.1829e+01	 1.9966e+03	 1.9929e+00	 5.2080e-01	 9.2174e-12	-1.7574e-11	 2.5004e-11	 7.6528e+08	 2.8633e+02	 2.0303e+03
 1.0072e+01	 1.9966e+03	 2.3307e+00	 1.2888e+00	 7.2184e-12	-7.4529e-12	 2.9241e-11	 9.7722e+08	 2.8633e+02	 2.0334e+03
 3.1874e+00	 1.9966e+03	 2.9535e+00	 3.3270e+00	 5.8969e-12	-3.4625e-12	 3.7055e-11	 1.1962e+09	 2.8633e+02	 2.0388e+03
 1.0087e+00	 1.9966e+03	 4.2411e+00	 9.2600e+00	 5.1939e-12	-1.8179e-12	 5.3210e-11	 1.3581e+09	 2.8633e+02	 2.0445e+03
 1.0000e+06	 2.0418e+03	 1.7876e+00	 8.7664e-04	 4.8746e-10	-4.3797e-07	 2.2428e-11	 1.4471e+07	 2.8632e+02	 2.0524e+03
 3.1646e+05	 2.0418e+03	 1.7883e+00	 2.1722e-03	 3.8224e-10	-1.3871e-07	 2.2436e-11	 1.8454e+07	 2.8632e+02	 2.0550e+03
 1.0014e+05	 2.0418e+03	 1.7894e+00	 3.5962e-03	 2.0026e-10	-4.3960e-08	 2.2450e-11	 3.5224e+07	 2.8633e+02	 2.0575e+03
 3.1691e+04	 2.0418e+03	 1.7917e+00	 7.2563e-03	 1.2787e-10	-1.3952e-08	 2.2479e-11	 5.5164e+07	 2.8632e+02	 2.0601e+03
 1.0029e+04	 2.0418e+03	 1.7974e+00	 1.5460e-02	 8.6217e-11	-4.4466e-09	 2.2550e-11	 8.1817e+07	 2.8632e+02	 2.0626e+03
 3.1737e+03	 2.0418e+03	 1.8121e+00	 2.8146e-02	 4.9671e-11	-1.4332e-09	 2.2735e-11	 1.4201e+08	 2.8632e+02	 2.0651e+03
 1.0043e+03	 2.0418e+03	 1.8337e+00	 3.9934e-02	 2.2302e-11	-4.6558e-10	 2.3005e-11	 3.1630e+08	 2.8632e+02	 2.0678e+03
 3.1783e+02	 2.0418e+03	 1.8484e+00	 7.2934e-02	 1.2890e-11	-1.4994e-10	 2.3191e-11	 5.4726e+08	 2.8631e+02	 2.0704e+03
 1.0058e+02	 2.0418e+03	 1.8752e+00	 1.9245e-01	 1.0763e-11	-4.8949e-11	 2.3527e-11	 6.5536e+08	 2.8631e+02	 2.0729e+03
 3.1829e+01	 2.0418e+03	 1.9918e+00	 5.2210e-01	 9.2405e-12	-1.7553e-11	 2.4989e-11	 7.6337e+08	 2.8632e+02	 2.0758e+03
 1.0072e+01	 2.0418e+03	 2.3286e+00	 1.2920e+00	 7.2361e-12	-7.4415e-12	 2.9215e-11	 9.7483e+08	 2.8631e+02	 2.0789e+03
 3.1874e+00	 2.0418e+03	 2.9591e+00	 3.3279e+00	 5.8985e-12	-3.4723e-12	 3.7125e-11	 1.1959e+09	 2.8632e+02	 2.0843e+03
 1.0087e+00	 2.0418e+03	 4.2692e+00	 9.2763e+00	 5.2030e-12	-1.8337e-12	 5.3562e-11	 1.3557e+09	 2.8631e+02	 2.0900e+03
 1.0000e+06	 2.0873e+03	 1.7876e+00	 8.5957e-04	 4.7798e-10	-4.3797e-07	 2.2428e-11	 1.4758e+07	 2.8631e+02	 2.0979e+03
 3.1646e+05	 2.0873e+03	 1.7883e+00	 1.9719e-03	 3.4700e-10	-1.3871e-07	 2.2436e-11	 2.0328e+07	 2.8631e+02	 2.1004e+03
 1.0014e+05	 2.0873e+03	 1.7895e+00	 3.6376e-03	 2.0256e-10	-4.3964e-08	 2.2451e-11	 3.4824e+07	 2.8631e+02	 2.1032e+03
 3.1691e+04	 2.0873e+03	 1.7917e+00	 7.2314e-03	 1.2743e-10	-1.3952e-08	 2.2479e-11	 5.5354e+07	 2.8631e+02	 2.1057e+03
 1.0029e+04	 2.0873e+03	 1.7974e+00	 1.5477e-02	 8.6310e-11	-4.4467e-09	 2.2550e-11	 8.1728e+07	 2.8631e+02	 2.1084e+03
 3.1737e+03	 2.0873e+03	 1.8122e+00	 2.8251e-02	 4.9856e-11	-1.4333e-09	 2.2736e-11	 1.4149e+08	 2.8631e+02	 2.1108e+03
 1.0043e+03	 2.0873e+03	 1.8340e+00	 4.0201e-02	 2.2451e-11	-4.6579e-10	 2.3010e-11	 3.1419e+08	 2.8631e+02	 2.1132e+03
 3.1783e+02	 2.0873e+03	 1.8491e+00	 7.2712e-02	 1.2850e-11	-1.5006e-10	 2.3199e-11	 5.4893e+08	 2.8631e+02	 2.1159e+03
 1.0058e+02	 2.0873e+03	 1.8759e+00	 1.9183e-01	 1.0729e-11	-4.8988e-11	 2.3536e-11	 6.5748e+08	 2.8631e+02	 2.1184e+03
 3.1829e+01	 2.0873e+03	 1.9933e+00	 5.1848e-01	 9.1764e-12	-1.7580e-11	 2.5008e-11	 7.6871e+08	 2.8631e+02	 2.1214e+03
 1.0072e+01	 2.0873e+03	 2.3292e+00	 1.2833e+00	 7.1877e-12	-7.4448e-12	 2.9223e-11	 9.8139e+08	 2.8631e+02	 2.1245e+03
 3.1874e+00	 2.0873e+03	 2.9592e+00	 3.3102e+00	 5.8671e-12	-3.4726e-12	 3.7127e-11	 1.2023e+09	 2.8630e+02	 2.1298e+03
 1.0087e+00	 2.0873e+03	 4.2267e+00	 9.1784e+00	 5.1481e-12	-1.8098e-12	 5.3029e-11	 1.3702e+09	 2.8631e+02	 2.1356e+03
 1.0000e+06	 2.1329e+03	 1.7878e+00	 8.8451e-04	 4.9184e-10	-4.3804e-07	 2.2429e-11	 1.4342e+07	 2.8631e+02	 2.1436e+03
 3.1646e+05	 2.1329e+03	 1.7883e+00	 2.0394e-03	 3.5886e-10	-1.3872e-07	 2.2436e-11	 1.9656e+07	 2.8631e+02	 2.1461e+03
 1.0014e+05	 2.1329e+03	 1.7895e+00	 3.5458e-03	 1.9746e-10	-4.3965e-08	 2.2451e-11	 3.5724e+07	 2.8630e+02	 2.1488e+03
 3.1691e+04	 2.1329e+03	 1.7918e+00	 7.2754e-03	 1.2821e-10	-1.3953e-08	 2.2480e-11	 5.5019e+07	 2.8630e+02	 2.1514e+03
 1.0029e+04	 2.1329e+03	 1.7974e+00	 1.5470e-02	 8.6271e-11	-4.4466e-09	 2.2550e-11	 8.1765e+07	 2.8630e+02	 2.1539e+03
 3.1737e+03	 2.1329e+03	 1.8121e+00	 2.8089e-02	 4.9571e-11	-1.4332e-09	 2.2735e-11	 1.4230e+08	 2.8630e+02	 2.1566e+03
 1.0043e+03	 2.1329e+03	 1.8339e+00	 4.0024e-02	 2.2352e-11	-4.6572e-10	 2.3009e-11	 3.1558e+08	 2.8630e+02	 2.1594e+03
 3.1783e+02	 2.1329e+03	 1.8488e+00	 7.2758e-02	 1.2859e-11	-1.5002e-10	 2.3196e-11	 5.4858e+08	 2.8630e+02	 2.1619e+03
 1.0058e+02	 2.1329e+03	 1.8759e+00	 1.9178e-01	 1.0726e-11	-4.8989e-11	 2.3536e-11	 6.5768e+08	 2.8630e+02	 2.1643e+03
 3.1829e+01	 2.1329e+03	 1.9939e+00	 5.1901e-01	 9.1858e-12	-1.7591e-11	 2.5016e-11	 7.6792e+08	 2.8630e+02	 2.1673e+03
 1.0072e+01	 2.1329e+03	 2.3332e+00	 1.2813e+00	 7.1765e-12	-7.4672e-12	 2.9273e-11	 9.8292e+08	 2.8630e+02	 2.1702e+03
 3.1874e+00	 2.1329e+03	 2.9586e+00	 3.2972e+00	 5.8439e-12	-3.4714e-12	 3.7119e-11	 1.2071e+09	 2.8629e+02	 2.1758e+03
 1.0087e+00	 2.1329e+03	 4.2334e+00	 9.1551e+00	 5.1350e-12	-1.8136e-12	 5.3113e-11	 1.3737e+09	 2.8629e+02	 2.1814e+03
 1.0000e+06	 2.1787e+03	 1.7877e+00	 8.0748e-04	 4.4901e-10	-4.3802e-07	 2.2429e-11	 1.5710e+07	 2.8629e+02	 2.1893e+03
 3.1646e+05	 2.1787e+03	 1.7883e+00	 2.0288e-03	 3.5701e-10	-1.3872e-07	 2.2436e-11	 1.9758e+07	 2.8630e+02	 2.1918e+03
 1.0014e+05	 2.1787e+03	 1.7895e+00	 3.6067e-03	 2.0084e-10	-4.3965e-08	 2.2451e-11	 3.5122e+07	 2.8629e+02	 2.1944e+03
 3.1691e+04	 2.1787e+03	 1.7918e+00	 7.2728e-03	 1.2816e-10	-1.3953e-08	 2.2480e-11	 5.5039e+07	 2.8629e+02	 2.1968e+03
 1.0029e+04	 2.1787e+03	 1.7974e+00	 1.5453e-02	 8.6178e-11	-4.4468e-09	 2.2550e-11	 8.1854e+07	 2.8629e+02	 2.1992e+03
 3.1737e+03	 2.1787e+03	 1.8123e+00	 2.8259e-02	 4.9871e-11	-1.4334e-09	 2.2737e-11	 1.4145e+08	 2.8630e+02	 2.2019e+03
 1.0043e+03	 2.1787e+03	 1.8340e+00	 4.0149e-02	 2.2422e-11	-4.6579e-10	 2.3010e-11	 3.1460e+08	 2.8630e+02	 2.2045e+03
 3.1783e+02	 2.1787e+03	 1.8489e+00	 7.2734e-02	 1.2854e-11	-1.5003e-10	 2.3197e-11	 5.4876e+08	 2.8629e+02	 2.2071e+03
 1.0058e+02	 2.1787e+03	 1.8756e+00	 1.9191e-01	 1.0733e-11	-4.8972e-11	 2.3532e-11	 6.5722e+08	 2.8629e+02	 2.2096e+03
 3.1829e+01	 2.1787e+03	 1.9928e+00	 5.2035e-01	 9.2095e-12	-1.7572e-11	 2.5002e-11	 7.6595e+08	 2.8629e+02	 2.2125e+03
 1.0072e+01	 2.1787e+03	 2.3317e+00	 1.2869e+00	 7.2076e-12	-7.4588e-12	 2.9254e-11	 9.7868e+08	 2.8629e+02	 2.2154e+03
 3.1874e+00	 2.1787e+03	 2.9652e+00	 3.3021e+00	 5.8527e-12	-3.4832e-12	 3.7202e-11	 1.2052e+09	 2.8630e+02	 2.2211e+03
 1.0087e+00	 2.1787e+03	 4.2766e+00	 9.1878e+00	 5.1533e-12	-1.8378e-12	 5.3655e-11	 1.3688e+09	 2.8629e+02	 2.2268e+03
 1.0000e+06	 2.2241e+03	 1.7878e+00	 9.7615e-04	 5.4280e-10	-4.3807e-07	 2.2430e-11	 1.2995e+07	 2.8628e+02	 2.2349e+03
 3.1646e+05	 2.2241e+03	 1.7883e+00	 1.9954e-03	 3.5112e-10	-1.3871e-07	 2.2436e-11	 2.0090e+07	 2.8629e+02	 2.2374e+03
 1.0014e+05	 2.2241e+03	 1.7895e+00	 3.5539e-03	 1.9790e-10	-4.3967e-08	 2.2452e-11	 3.5643e+07	 2.8629e+02	 2.2398e+03
 3.1691e+04	 2.2241e+03	 1.7918e+00	 7.2449e-03	 1.2767e-10	-1.3953e-08	 2.2480e-11	 5.5251e+07	 2.8629e+02	 2.2424e+03
 1.0029e+04	 2.2241e+03	 1.7974e+00	 1.5458e-02	 8.6206e-11	-4.4469e-09	 2.2551e-11	 8.1827e+07	 2.8629e+02	 2.2451e+03
 3.1737e+03	 2.2241e+03	 1.8123e+00	 2.8314e-02	 4.9967e-11	-1.4335e-09	 2.2738e-11	 1.4117e+08	 2.8629e+02	 2.2476e+03
 1.0043e+03	 2.2241e+03	 1.8342e+00	 4.0308e-02	 2.2511e-11	-4.6585e-10	 2.3012e-11	 3.1336e+08	 2.8630e+02	 2.2500e+03
 3.1783e+02	 2.2241e+03	 1.8493e+00	 7.2692e-02	 1.2847e-11	-1.5010e-10	 2.3201e-11	 5.4908e+08	 2.8629e+02	 2.2525e+03
 1.0058e+02	 2.2241e+03	 1.8756e+00	 1.9194e-01	 1.0735e-11	-4.8970e-11	 2.3531e-11	 6.5712e+08	 2.8629e+02	 2.2552e+03
 3.1829e+01	 2.2241e+03	 1.9921e+00	 5.2145e-01	 9.2289e-12	-1.7558e-11	 2.4993e-11	 7.6433e+08	 2.8629e+02	 2.2582e+03
 1.0072e+01	 2.2241e+03	 2.3300e+00	 1.2888e+00	 7.2181e-12	-7.4489e-12	 2.9232e-11	 9.7726e+08	 2.8629e+02	 2.2612e+03
 3.1874e+00	 2.2241e+03	 2.9615e+00	 3.3141e+00	 5.8740e-12	-3.4766e-12	 3.7155e-11	 1.2009e+09	 2.8629e+02	 2.2669e+03
 1.0087e+00	 2.2241e+03	 4.2565e+00	 9.1909e+00	 5.1551e-12	-1.8265e-12	 5.3403e-11	 1.3683e+09	 2.8629e+02	 2.2726e+03
 1.0000e+06	 2.2698e+03	 1.7877e+00	 8.9465e-04	 4.9748e-10	-4.3803e-07	 2.2429e-11	 1.4179e+07	 2.8629e+02	 2.2804e+03
 3.1646e+05	 2.2698e+03	 1.7883e+00	 1.9962e-03	 3.5128e-10	-1.3872e-07	 2.2436e-11	 2.0081e+07	 2.8629e+02	 2.2829e+03
 1.0014e+05	 2.2698e+03	 1.7895e+00	 3.5748e-03	 1.9907e-10	-4.3967e-08	 2.2452e-11	 3.5435e+07	 2.8629e+02	 2.2854e+03
 3.1691e+04	 2.2698e+03	 1.7918e+00	 7.2748e-03	 1.2820e-10	-1.3954e-08	 2.2480e-11	 5.5024e+07	 2.8629e+02	 2.2879e+03
 1.0029e+04	 2.2698e+03	 1.7975e+00	 1.5448e-02	 8.6151e-11	-4.4471e-09	 2.2551e-11	 8.1879e+07	 2.8629e+02	 2.2904e+03
 3.1737e+03	 2.2698e+03	 1.8122e+00	 2.8169e-02	 4.9712e-11	-1.4334e-09	 2.2736e-11	 1.4190e+08	 2.8629e+02	 2.2929e+03
 1.0043e+03	 2.2698e+03	 1.8340e+00	 4.0143e-02	 2.2418e-11	-4.6578e-10	 2.3010e-11	 3.1465e+08	 2.8629e+02	 2.2956e+03
 3.1783e+02	 2.2698e+03	 1.8491e+00	 7.2692e-02	 1.2847e-11	-1.5007e-10	 2.3199e-11	 5.4908e+08	 2.8628e+02	 2.2981e+03
 1.0058e+02	 2.2698e+03	 1.8758e+00	 1.9180e-01	 1.0727e-11	-4.8981e-11	 2.3534e-11	 6.5760e+08	 2.8629e+02	 2.3006e+03
 3.1829e+01	 2.2698e+03	 1.9937e+00	 5.1971e-01	 9.1982e-12	-1.7587e-11	 2.5013e-11	 7.6688e+08	 2.8628e+02	 2.3034e+03
 1.0072e+01	 2.2698e+03	 2.3343e+00	 1.2846e+00	 7.1948e-12	-7.4730e-12	 2.9286e-11	 9.8043e+08	 2.8629e+02	 2.3064e+03
 3.1874e+00	 2.2698e+03	 2.9691e+00	 3.2969e+00	 5.8435e-12	-3.4901e-12	 3.7251e-11	 1.2072e+09	 2.8628e+02	 2.3118e+03
 1.0087e+00	 2.2698e+03	 4.2582e+00	 9.1649e+00	 5.1405e-12	-1.8275e-12	 5.3424e-11	 1.3722e+09	 2.8628e+02	 2.3174e+03
 1.0000e+06	 2.3147e+03	 1.7878e+00	 8.5175e-04	 4.7362e-10	-4.3805e-07	 2.2430e-11	 1.4894e+07	 2.8628e+02	 2.3255e+03
 3.1646e+05	 2.3147e+03	 1.7884e+00	 2.1906e-03	 3.8547e-10	-1.3873e-07	 2.2437e-11	 1.8300e+07	 2.8628e+02	 2.3279e+03
 1.0014e+05	 2.3147e+03	 1.7896e+00	 3.6363e-03	 2.0249e-10	-4.3971e-08	 2.2453e-11	 3.4836e+07	 2.8627e+02	 2.3307e+03
 3.1691e+04	 2.3147e+03	 1.7918e+00	 7.2430e-03	 1.2764e-10	-1.3954e-08	 2.2481e-11	 5.5266e+07	 2.8628e+02	 2.3332e+03
 1.0029e+04	 2.3147e+03	 1.7975e+00	 1.5460e-02	 8.6217e-11	-4.4472e-09	 2.2551e-11	 8.1817e+07	 2.8628e+02	 2.3357e+03
 3.1737e+03	 2.3147e+03	 1.8123e+00	 2.8216e-02	 4.9794e-11	-1.4335e-09	 2.2737e-11	 1.4166e+08	 2.8628e+02	 2.3382e+03
 1.0043e+03	 2.3147e+03	 1.8340e+00	 4.0130e-02	 2.2411e-11	-4.6578e-10	 2.3010e-11	 3.1475e+08	 2.8627e+02	 2.3408e+03
 3.1783e+02	 2.3147e+03	 1.8491e+00	 7.2716e-02	 1.2851e-11	-1.5007e-10	 2.3199e-11	 5.4889e+08	 2.8628e+02	 2.3434e+03
 1.0058e+02	 2.3147e+03	 1.8756e+00	 1.9196e-01	 1.0736e-11	-4.8968e-11	 2.3531e-11	 6.5705e+08	 2.8627e+02	 2.3459e+03
 3.1829e+01	 2.3147e+03	 1.9923e+00	 5.2125e-01	 9.2253e-12	-1.7562e-11	 2.4995e-11	 7.6463e+08	 2.8628e+02	 2.3489e+03
 1.0072e+01	 2.3147e+03	 2.3334e+00	 1.2891e+00	 7.2200e-12	-7.4680e-12	 2.9275e-11	 9.7700e+08	 2.8628e+02	 2.3521e+03
 3.1874e+00	 2.3147e+03	 2.9705e+00	 3.2993e+00	 5.8477e-12	-3.4925e-12	 3.7268e-11	 1.2063e+09	 2.8628e+02	 2.3576e+03
 1.0087e+00	 2.3147e+03	 4.2644e+00	 9.1264e+00	 5.1189e-12	-1.8310e-12	 5.3502e-11	 1.3780e+09	 2.8628e+02	 2.3633e+03
 1.0000e+06	 2.3606e+03	 1.7878e+00	 8.5078e-04	 4.7309e-10	-4.3804e-07	 2.2429e-11	 1.4910e+07	 2.8627e+02	 2.3714e+03
 3.1646e+05	 2.3606e+03	 1.7883e+00	 1.9942e-03	 3.5091e-10	-1.3873e-07	 2.2437e-11	 2.0102e+07	 2.8627e+02	 2.3738e+03
 1.0014e+05	 2.3606e+03	 1.7896e+00	 3.5802e-03	 1.9937e-10	-4.3968e-08	 2.2452e-11	 3.5382e+07	 2.8627e+02	 2.3765e+03
 3.1691e+04	 2.3606e+03	 1.7919e+00	 7.2498e-03	 1.2776e-10	-1.3954e-08	 2.2481e-11	 5.5213e+07	 2.8627e+02	 2.3789e+03
 1.0029e+04	 2.3606e+03	 1.7975e+00	 1.5465e-02	 8.6245e-11	-4.4474e-09	 2.2552e-11	 8.1789e+07	 2.8627e+02	 2.3814e+03
 3.1737e+03	 2.3606e+03	 1.8123e+00	 2.8216e-02	 4.9794e-11	-1.4335e-09	 2.2737e-11	 1.4166e+08	 2.8627e+02	 2.3839e+03
 1.0043e+03	 2.3606e+03	 1.8340e+00	 4.0113e-02	 2.2402e-11	-4.6579e-10	 2.3010e-11	 3.1488e+08	 2.8627e+02	 2.3865e+03
 3.1783e+02	 2.3606e+03	 1.8492e+00	 7.2653e-02	 1.2840e-11	-1.5009e-10	 2.3201e-11	 5.4937e+08	 2.8628e+02	 2.3892e+03
 1.0058e+02	 2.3606e+03	 1.8759e+00	 1.9161e-01	 1.0716e-11	-4.8985e-11	 2.3535e-11	 6.5825e+08	 2.8627e+02	 2.3917e+03
 3.1829e+01	 2.3606e+03	 1.9932e+00	 5.1902e-01	 9.1859e-12	-1.7578e-11	 2.5007e-11	 7.6791e+08	 2.8628e+02	 2.3947e+03
 1.0072e+01	 2.3606e+03	 2.3350e+00	 1.2816e+00	 7.1781e-12	-7.4771e-12	 2.9295e-11	 9.8271e+08	 2.8627e+02	 2.3978e+03
 3.1874e+00	 2.3606e+03	 2.9711e+00	 3.3046e+00	 5.8570e-12	-3.4936e-12	 3.7276e-11	 1.2044e+09	 2.8628e+02	 2.4034e+03
 1.0087e+00	 2.3606e+03	 4.2714e+00	 9.1883e+00	 5.1536e-12	-1.8349e-12	 5.3590e-11	 1.3687e+09	 2.8627e+02	 2.4090e+03
 1.0000e+06	 2.4063e+03	 1.7878e+00	 8.8080e-04	 4.8978e-10	-4.3806e-07	 2.2430e-11	 1.4402e+07	 2.8627e+02	 2.4171e+03
 3.1646e+05	 2.4063e+03	 1.7884e+00	 2.1693e-03	 3.8173e-10	-1.3873e-07	 2.2437e-11	 1.8479e+07	 2.8627e+02	 2.4195e+03
 1.0014e+05	 2.4063e+03	 1.7896e+00	 3.6086e-03	 2.0095e-10	-4.3970e-08	 2.2453e-11	 3.5103e+07	 2.8627e+02	 2.4222e+03
 3.1691e+04	 2.4063e+03	 1.7919e+00	 7.2750e-03	 1.2820e-10	-1.3955e-08	 2.2481e-11	 5.5022e+07	 2.8627e+02	 2.4246e+03
 1.0029e+04	 2.4063e+03	 1.7975e+00	 1.5419e-02	 8.5988e-11	-4.4474e-09	 2.2552e-11	 8.2034e+07	 2.8627e+02	 2.4271e+03
 3.1737e+03	 2.4063e+03	 1.8123e+00	 2.8266e-02	 4.9882e-11	-1.4335e-09	 2.2737e-11	 1.4141e+08	 2.8627e+02	 2.4297e+03
 1.0043e+03	 2.4063e+03	 1.8341e+00	 4.0151e-02	 2.2423e-11	-4.6581e-10	 2.3011e-11	 3.1458e+08	 2.8627e+02	 2.4322e+03
 3.1783e+02	 2.4063e+03	 1.8491e+00	 7.2697e-02	 1.2848e-11	-1.5006e-10	 2.3199e-11	 5.4904e+08	 2.8627e+02	 2.4350e+03
 1.0058e+02	 2.4063e+03	 1.8757e+00	 1.9182e-01	 1.0728e-11	-4.8973e-11	 2.3532e-11	 6.5753e+08	 2.8627e+02	 2.4374e+03
 3.1829e+01	 2.4063e+03	 1.9925e+00	 5.2058e-01	 9.2135e-12	-1.7566e-11	 2.4998e-11	 7.6561e+08	 2.8627e+02	 2.4404e+03
 1.0072e+01	 2.4063e+03	 2.3344e+00	 1.2862e+00	 7.2037e-12	-7.4736e-12	 2.9287e-11	 9.7921e+08	 2.8627e+02	 2.4433e+03
 3.1874e+00	 2.4063e+03	 2.9768e+00	 3.3054e+00	 5.8586e-12	-3.5038e-12	 3.7348e-11	 1.2040e+09	 2.8627e+02	 2.4490e+03
 1.0087e+00	 2.4063e+03	 4.3033e+00	 9.1776e+00	 5.1476e-12	-1.8528e-12	 5.3990e-11	 1.3703e+09	 2.8627e+02	 2.4547e+03
 1.0000e+06	 2.4520e+03	 1.7878e+00	 8.1054e-04	 4.5071e-10	-4.3808e-07	 2.2430e-11	 1.5651e+07	 2.8626e+02	 2.4627e+03
 3.1646e+05	 2.4520e+03	 1.7884e+00	 2.1989e-03	 3.8693e-10	-1.3873e-07	 2.2437e-11	 1.8230e+07	 2.8626e+02	 2.4652e+03
 1.0014e+05	 2.4520e+03	 1.7896e+00	 3.6077e-03	 2.0090e-10	-4.3972e-08	 2.2453e-11	 3.5112e+07	 2.8626e+02	 2.4677e+03
 3.1691e+04	 2.4520e+03	 1.7919e+00	 7.2742e-03	 1.2819e-10	-1.3955e-08	 2.2481e-11	 5.5028e+07	 2.8626e+02	 2.4702e+03
 1.0029e+04	 2.4520e+03	 1.7975e+00	 1.5473e-02	 8.6287e-11	-4.4474e-09	 2.2552e-11	 8.1750e+07	 2.8626e+02	 2.4727e+03
 3.1737e+03	 2.4520e+03	 1.8123e+00	 2.8368e-02	 5.0063e-11	-1.4334e-09	 2.2737e-11	 1.4090e+08	 2.8626e+02	 2.4754e+03
 1.0043e+03	 2.4520e+03	 1.8343e+00	 4.0358e-02	 2.2539e-11	-4.6592e-10	 2.3013e-11	 3.1297e+08	 2.8626e+02	 2.4779e+03
 3.1783e+02	 2.4520e+03	 1.8492e+00	 7.2658e-02	 1.2841e-11	-1.5007e-10	 2.3200e-11	 5.4933e+08	 2.8626e+02	 2.4803e+03
 1.0058e+02	 2.4520e+03	 1.8752e+00	 1.9199e-01	 1.0737e-11	-4.8949e-11	 2.3527e-11	 6.5696e+08	 2.8626e+02	 2.4830e+03
 3.1829e+01	 2.4520e+03	 1.9912e+00	 5.2170e-01	 9.2334e-12	-1.7542e-11	 2.4982e-11	 7.6396e+08	 2.8626e+02	 2.4861e+03
 1.0072e+01	 2.4520e+03	 2.3323e+00	 1.2879e+00	 7.2135e-12	-7.4621e-12	 2.9262e-11	 9.7788e+08	 2.8626e+02	 2.4891e+03
 3.1874e+00	 2.4520e+03	 2.9718e+00	 3.2893e+00	 5.8299e-12	-3.4949e-12	 3.7285e-11	 1.2100e+09	 2.8626e+02	 2.4946e+03
 1.0087e+00	 2.4520e+03	 4.2809e+00	 9.1435e+00	 5.1285e-12	-1.8402e-12	 5.3709e-11	 1.3754e+09	 2.8625e+02	 2.5002e+03
 1.0000e+06	 2.4975e+03	 1.7879e+00	 8.2666e-04	 4.5967e-10	-4.3811e-07	 2.2431e-11	 1.5346e+07	 2.8625e+02	 2.5081e+03
 3.1646e+05	 2.4975e+03	 1.7885e+00	 2.0343e-03	 3.5797e-10	-1.3874e-07	 2.2438e-11	 1.9705e+07	 2.8625e+02	 2.5106e+03
 1.0014e+05	 2.4975e+03	 1.7896e+00	 3.5730e-03	 1.9897e-10	-4.3973e-08	 2.2453e-11	 3.5453e+07	 2.8626e+02	 2.5131e+03
 3.1691e+04	 2.4975e+03	 1.7919e+00	 7.2637e-03	 1.2800e-10	-1.3956e-08	 2.2482e-11	 5.5108e+07	 2.8625e+02	 2.5157e+03
 1.0029e+04	 2.4975e+03	 1.7975e+00	 1.5445e-02	 8.6131e-11	-4.4474e-09	 2.2552e-11	 8.1898e+07	 2.8625e+02	 2.5182e+03
 3.1737e+03	 2.4975e+03	 1.8123e+00	 2.8376e-02	 5.0076e-11	-1.4336e-09	 2.2738e-11	 1.4086e+08	 2.8625e+02	 2.5206e+03
 1.0043e+03	 2.4975e+03	 1.8343e+00	 4.0463e-02	 2.2598e-11	-4.6596e-10	 2.3014e-11	 3.1216e+08	 2.8625e+02	 2.5232e+03
 3.1783e+02	 2.4975e+03	 1.8497e+00	 7.2528e-02	 1.2818e-11	-1.5017e-10	 2.3206e-11	 5.5032e+08	 2.8626e+02	 2.5257e+03
 1.0058e+02	 2.4975e+03	 1.8760e+00	 1.9115e-01	 1.0690e-11	-4.8990e-11	 2.3536e-11	 6.5985e+08	 2.8626e+02	 2.5282e+03
 3.1829e+01	 2.4975e+03	 1.9926e+00	 5.1899e-01	 9.1855e-12	-1.7568e-11	 2.5000e-11	 7.6795e+08	 2.8625e+02	 2.5311e+03
 1.0072e+01	 2.4975e+03	 2.3381e+00	 1.2811e+00	 7.1754e-12	-7.4944e-12	 2.9334e-11	 9.8307e+08	 2.8625e+02	 2.5340e+03
 3.1874e+00	 2.4975e+03	 2.9732e+00	 3.2792e+00	 5.8121e-12	-3.4973e-12	 3.7302e-11	 1.2137e+09	 2.8625e+02	 2.5396e+03
 1.0087e+00	 2.4975e+03	 4.2724e+00	 9.0654e+00	 5.0847e-12	-1.8355e-12	 5.3602e-11	 1.3873e+09	 2.8625e+02	 2.5452e+03
 1.0000e+06	 2.5425e+03	 1.7879e+00	 8.3614e-04	 4.6495e-10	-4.3812e-07	 2.2431e-11	 1.5172e+07	 2.8624e+02	 2.5532e+03
 3.1646e+05	 2.5425e+03	 1.7884e+00	 1.9646e-03	 3.4571e-10	-1.3874e-07	 2.2438e-11	 2.0404e+07	 2.8625e+02	 2.5557e+03
 1.0014e+05	 2.5425e+03	 1.7897e+00	 3.5316e-03	 1.9666e-10	-4.3973e-08	 2.2453e-11	 3.5869e+07	 2.8625e+02	 2.5584e+03
 3.1691e+04	 2.5425e+03	 1.7920e+00	 7.2777e-03	 1.2825e-10	-1.3956e-08	 2.2482e-11	 5.5002e+07	 2.8625e+02	 2.5609e+03
 1.0029e+04	 2.5425e+03	 1.7975e+00	 1.5424e-02	 8.6017e-11	-4.4476e-09	 2.2552e-11	 8.2007e+07	 2.8624e+02	 2.5633e+03
 3.1737e+03	 2.5425e+03	 1.8123e+00	 2.8207e-02	 4.9778e-11	-1.4335e-09	 2.2737e-11	 1.4171e+08	 2.8625e+02	 2.5660e+03
 1.0043e+03	 2.5425e+03	 1.8339e+00	 3.9988e-02	 2.2332e-11	-4.6572e-10	 2.3009e-11	 3.1586e+08	 2.8625e+02	 2.5685e+03
 3.1783e+02	 2.5425e+03	 1.8488e+00	 7.2638e-02	 1.2837e-11	-1.5001e-10	 2.3195e-11	 5.4949e+08	 2.8625e+02	 2.5712e+03
 1.0058e+02	 2.5425e+03	 1.8752e+00	 1.9172e-01	 1.0722e-11	-4.8946e-11	 2.3526e-11	 6.5788e+08	 2.8624e+02	 2.5738e+03
 3.1829e+01	 2.5425e+03	 1.9915e+00	 5.2062e-01	 9.2143e-12	-1.7548e-11	 2.4985e-11	 7.6555e+08	 2.8625e+02	 2.5766e+03
 1.0072e+01	 2.5425e+03	 2.3358e+00	 1.2857e+00	 7.2009e-12	-7.4817e-12	 2.9306e-11	 9.7960e+08	 2.8624e+02	 2.5797e+03
 3.1874e+00	 2.5425e+03	 2.9746e+00	 3.2820e+00	 5.8171e-12	-3.4999e-12	 3.7320e-11	 1.2126e+09	 2.8625e+02	 2.5852e+03
 1.0087e+00	 2.5425e+03	 4.2723e+00	 9.0918e+00	 5.0995e-12	-1.8354e-12	 5.3601e-11	 1.3833e+09	 2.8624e+02	 2.5909e+03
 1.0000e+06	 2.5882e+03	 1.7879e+00	 8.4536e-04	 4.7007e-10	-4.3813e-07	 2.2431e-11	 1.5006e+07	 2.8624e+02	 2.5991e+03
 3.1646e+05	 2.5882e+03	 1.7885e+00	 1.9635e-03	 3.4551e-10	-1.3875e-07	 2.2439e-11	 2.0416e+07	 2.8625e+02	 2.6015e+03
 1.0014e+05	 2.5882e+03	 1.7897e+00	 3.5835e-03	 1.9955e-10	-4.3974e-08	 2.2453e-11	 3.5349e+07	 2.8625e+02	 2.6042e+03
 3.1691e+04	 2.5882e+03	 1.7919e+00	 7.2393e-03	 1.2757e-10	-1.3955e-08	 2.2482e-11	 5.5293e+07	 2.8624e+02	 2.6067e+03
 1.0029e+04	 2.5882e+03	 1.7975e+00	 1.5380e-02	 8.5769e-11	-4.4476e-09	 2.2552e-11	 8.2243e+07	 2.8624e+02	 2.6092e+03
 3.1737e+03	 2.5882e+03	 1.8122e+00	 2.8010e-02	 4.9430e-11	-1.4334e-09	 2.2736e-11	 1.4270e+08	 2.8624e+02	 2.6118e+03
 1.0043e+03	 2.5882e+03	 1.8338e+00	 3.9895e-02	 2.2280e-11	-4.6564e-10	 2.3007e-11	 3.1660e+08	 2.8624e+02	 2.6142e+03
 3.1783e+02	 2.5882e+03	 1.8486e+00	 7.2643e-02	 1.2838e-11	-1.4998e-10	 2.3193e-11	 5.4945e+08	 2.8624e+02	 2.6167e+03
 1.0058e+02	 2.5882e+03	 1.8757e+00	 1.9134e-01	 1.0701e-11	-4.8978e-11	 2.3533e-11	 6.5919e+08	 2.8623e+02	 2.6193e+03
 3.1829e+01	 2.5882e+03	 1.9938e+00	 5.1731e-01	 9.1556e-12	-1.7590e-11	 2.5015e-11	 7.7045e+08	 2.8624e+02	 2.6222e+03
 1.0072e+01	 2.5882e+03	 2.3402e+00	 1.2755e+00	 7.1440e-12	-7.5062e-12	 2.9360e-11	 9.8739e+08	 2.8624e+02	 2.6252e+03
 3.1874e+00	 2.5882e+03	 2.9843e+00	 3.2714e+00	 5.7983e-12	-3.5171e-12	 3.7442e-11	 1.2166e+09	 2.8623e+02	 2.6309e+03
 1.0087e+00	 2.5882e+03	 4.2788e+00	 9.0943e+00	 5.1009e-12	-1.8390e-12	 5.3682e-11	 1.3829e+09	 2.8624e+02	 2.6366e+03
 1.0000e+06	 2.6339e+03	 1.7879e+00	 7.9315e-04	 4.4104e-10	-4.3813e-07	 2.2431e-11	 1.5994e+07	 2.8623e+02	 2.6444e+03
 3.1646e+05	 2.6339e+03	 1.7884e+00	 2.0594e-03	 3.6239e-10	-1.3874e-07	 2.2438e-11	 1.9465e+07	 2.8623e+02	 2.6469e+03
 1.0014e+05	 2.6339e+03	 1.7897e+00	 3.5853e-03	 1.9965e-10	-4.3977e-08	 2.2454e-11	 3.5331e+07	 2.8623e+02	 2.6494e+03
 3.1691e+04	 2.6339e+03	 1.7919e+00	 7.2215e-03	 1.2726e-10	-1.3956e-08	 2.2482e-11	 5.5430e+07	 2.8623e+02	 2.6521e+03
 1.0029e+04	 2.6339e+03	 1.7975e+00	 1.5347e-02	 8.5588e-11	-4.4476e-09	 2.2552e-11	 8.2418e+07	 2.8624e+02	 2.6546e+03
 3.1737e+03	 2.6339e+03	 1.8123e+00	 2.7990e-02	 4.9397e-11	-1.4335e-09	 2.2737e-11	 1.4280e+08	 2.8624e+02	 2.6570e+03
 1.0043e+03	 2.6339e+03	 1.8335e+00	 3.9705e-02	 2.2174e-11	-4.6548e-10	 2.3003e-11	 3.1811e+08	 2.8624e+02	 2.6596e+03
 3.1783e+02	 2.6339e+03	 1.8484e+00	 7.2796e-02	 1.2865e-11	-1.4993e-10	 2.3190e-11	 5.4829e+08	 2.8624e+02	 2.6620e+03
 1.0058e+02	 2.6339e+03	 1.8750e+00	 1.9171e-01	 1.0722e-11	-4.8938e-11	 2.3524e-11	 6.5791e+08	 2.8623e+02	 2.6645e+03
 3.1829e+01	 2.6339e+03	 1.9915e+00	 5.2011e-01	 9.2052e-12	-1.7549e-11	 2.4986e-11	 7.6630e+08	 2.8623e+02	 2.6674e+03
 1.0072e+01	 2.6339e+03	 2.3381e+00	 1.2822e+00	 7.1816e-12	-7.4944e-12	 2.9334e-11	 9.8222e+08	 2.8623e+02	 2.6706e+03
 3.1874e+00	 2.6339e+03	 2.9813e+00	 3.2557e+00	 5.7705e-12	-3.5118e-12	 3.7404e-11	 1.2224e+09	 2.8623e+02	 2.6761e+03
 1.0087e+00	 2.6339e+03	 4.2929e+00	 9.1049e+00	 5.1069e-12	-1.8470e-12	 5.3860e-11	 1.3813e+09	 2.8624e+02	 2.6818e+03
 1.0000e+06	 2.6792e+03	 1.7880e+00	 7.8324e-04	 4.3553e-10	-4.3816e-07	 2.2432e-11	 1.6196e+07	 2.8623e+02	 2.6896e+03
 3.1646e+05	 2.6792e+03	 1.7885e+00	 2.0133e-03	 3.5427e-10	-1.3875e-07	 2.2439e-11	 1.9911e+07	 2.8623e+02	 2.6921e+03
 1.0014e+05	 2.6792e+03	 1.7898e+00	 3.5527e-03	 1.9784e-10	-4.3978e-08	 2.2454e-11	 3.5655e+07	 2.8623e+02	 2.6947e+03
 3.1691e+04	 2.6792e+03	 1.7920e+00	 7.2013e-03	 1.2690e-10	-1.3956e-08	 2.2482e-11	 5.5585e+07	 2.8623e+02	 2.6972e+03
 1.0029e+04	 2.6792e+03	 1.7976e+00	 1.5301e-02	 8.5330e-11	-4.4477e-09	 2.2552e-11	 8.2667e+07	 2.8623e+02	 2.6998e+03
 3.1737e+03	 2.6792e+03	 1.8121e+00	 2.7760e-02	 4.8990e-11	-1.4332e-09	 2.2735e-11	 1.4399e+08	 2.8623e+02	 2.7022e+03
 1.0043e+03	 2.6792e+03	 1.8333e+00	 3.9623e-02	 2.2128e-11	-4.6537e-10	 2.3001e-11	 3.1878e+08	 2.8623e+02	 2.7047e+03
 3.1783e+02	 2.6792e+03	 1.8482e+00	 7.2906e-02	 1.2885e-11	-1.4990e-10	 2.3188e-11	 5.4746e+08	 2.8623e+02	 2.7074e+03
 1.0058e+02	 2.6792e+03	 1.8748e+00	 1.9210e-01	 1.0744e-11	-4.8927e-11	 2.3522e-11	 6.5655e+08	 2.8623e+02	 2.7099e+03
 3.1829e+01	 2.6792e+03	 1.9909e+00	 5.2135e-01	 9.2272e-12	-1.7538e-11	 2.4979e-11	 7.6447e+08	 2.8622e+02	 2.7129e+03
 1.0072e+01	 2.6792e+03	 2.3340e+00	 1.2901e+00	 7.2258e-12	-7.4714e-12	 2.9283e-11	 9.7622e+08	 2.8623e+02	 2.7160e+03
 3.1874e+00	 2.6792e+03	 2.9794e+00	 3.2888e+00	 5.8291e-12	-3.5083e-12	 3.7380e-11	 1.2101e+09	 2.8623e+02	 2.7214e+03
 1.0087e+00	 2.6792e+03	 4.2841e+00	 9.0775e+00	 5.0915e-12	-1.8420e-12	 5.3748e-11	 1.3854e+09	 2.8622e+02	 2.7271e+03
 1.0000e+06	 2.7243e+03	 1.7879e+00	 7.9898e-04	 4.4428e-10	-4.3815e-07	 2.2432e-11	 1.5877e+07	 2.8622e+02	 2.7350e+03
 3.1646e+05	 2.7243e+03	 1.7885e+00	 2.0293e-03	 3.5709e-10	-1.3875e-07	 2.2439e-11	 1.9754e+07	 2.8622e+02	 2.7374e+03
 1.0014e+05	 2.7243e+03	 1.7897e+00	 3.6182e-03	 2.0149e-10	-4.3976e-08	 2.2454e-11	 3.5010e+07	 2.8622e+02	 2.7399e+03
 3.1691e+04	 2.7243e+03	 1.7920e+00	 7.2054e-03	 1.2698e-10	-1.3957e-08	 2.2483e-11	 5.5553e+07	 2.8622e+02	 2.7426e+03
 1.0029e+04	 2.7243e+03	 1.7976e+00	 1.5281e-02	 8.5216e-11	-4.4478e-09	 2.2553e-11	 8.2777e+07	 2.8622e+02	 2.7451e+03
 3.1737e+03	 2.7243e+03	 1.8122e+00	 2.7804e-02	 4.9068e-11	-1.4334e-09	 2.2736e-11	 1.4376e+08	 2.8622e+02	 2.7476e+03
 1.0043e+03	 2.7243e+03	 1.8334e+00	 3.9650e-02	 2.2143e-11	-4.6544e-10	 2.3002e-11	 3.1856e+08	 2.8622e+02	 2.7501e+03
 3.1783e+02	 2.7243e+03	 1.8483e+00	 7.2773e-02	 1.2861e-11	-1.4992e-10	 2.3189e-11	 5.4846e+08	 2.8622e+02	 2.7526e+03
 1.0058e+02	 2.7243e+03	 1.8755e+00	 1.9121e-01	 1.0694e-11	-4.8963e-11	 2.3530e-11	 6.5962e+08	 2.8623e+02	 2.7550e+03
 3.1829e+01	 2.7243e+03	 1.9932e+00	 5.1714e-01	 9.1526e-12	-1.7578e-11	 2.5007e-11	 7.7070e+08	 2.8622e+02	 2.7579e+03
 1.0072e+01	 2.7243e+03	 2.3381e+00	 1.2727e+00	 7.1284e-12	-7.4945e-12	 2.9334e-11	 9.8956e+08	 2.8621e+02	 2.7610e+03
 3.1874e+00	 2.7243e+03	 2.9758e+00	 3.2415e+00	 5.7452e-12	-3.5019e-12	 3.7335e-11	 1.2278e+09	 2.8621e+02	 2.7664e+03
 1.0087e+00	 2.7243e+03	 4.2455e+00	 8.9896e+00	 5.0422e-12	-1.8204e-12	 5.3265e-11	 1.3990e+09	 2.8621e+02	 2.7721e+03
 1.0000e+06	 2.7694e+03	 1.7879e+00	 9.6682e-04	 5.3761e-10	-4.3813e-07	 2.2432e-11	 1.3121e+07	 2.8621e+02	 2.7800e+03
 3.1646e+05	 2.7694e+03	 1.7886e+00	 2.1898e-03	 3.8534e-10	-1.3876e-07	 2.2439e-11	 1.8306e+07	 2.8622e+02	 2.7824e+03
 1.0014e+05	 2.7694e+03	 1.7897e+00	 3.5007e-03	 1.9494e-10	-4.3977e-08	 2.2454e-11	 3.6186e+07	 2.8621e+02	 2.7852e+03
 3.1691e+04	 2.7694e+03	 1.7920e+00	 7.1896e-03	 1.2670e-10	-1.3957e-08	 2.2483e-11	 5.5675e+07	 2.8621e+02	 2.7877e+03
 1.0029e+04	 2.7694e+03	 1.7976e+00	 1.5281e-02	 8.5219e-11	-4.4478e-09	 2.2553e-11	 8.2774e+07	 2.8621e+02	 2.7902e+03
 3.1737e+03	 2.7694e+03	 1.8122e+00	 2.7848e-02	 4.9145e-11	-1.4334e-09	 2.2736e-11	 1.4353e+08	 2.8621e+02	 2.7928e+03
 1.0043e+03	 2.7694e+03	 1.8334e+00	 3.9621e-02	 2.2127e-11	-4.6543e-10	 2.3002e-11	 3.1880e+08	 2.8621e+02	 2.7952e+03
 3.1783e+02	 2.7694e+03	 1.8483e+00	 7.2753e-02	 1.2858e-11	-1.4992e-10	 2.3189e-11	 5.4862e+08	 2.8621e+02	 2.7977e+03
 1.0058e+02	 2.7694e+03	 1.8754e+00	 1.9106e-01	 1.0686e-11	-4.8959e-11	 2.3529e-11	 6.6013e+08	 2.8621e+02	 2.8002e+03
 3.1829e+01	 2.7694e+03	 1.9927e+00	 5.1717e-01	 9.1532e-12	-1.7570e-11	 2.5001e-11	 7.7065e+08	 2.8621e+02	 2.8032e+03
 1.0072e+01	 2.7694e+03	 2.3390e+00	 1.2751e+00	 7.1417e-12	-7.4994e-12	 2.9345e-11	 9.8771e+08	 2.8621e+02	 2.8062e+03
 3.1874e+00	 2.7694e+03	 2.9836e+00	 3.2521e+00	 5.7641e-12	-3.5157e-12	 3.7433e-11	 1.2238e+09	 2.8620e+02	 2.8117e+03
 1.0087e+00	 2.7694e+03	 4.3065e+00	 9.0544e+00	 5.0785e-12	-1.8546e-12	 5.4030e-11	 1.3890e+09	 2.8621e+02	 2.8174e+03
 1.0000e+06	 2.8148e+03	 1.7880e+00	 8.8576e-04	 4.9254e-10	-4.3815e-07	 2.2432e-11	 1.4322e+07	 2.8621e+02	 2.8252e+03
 3.1646e+05	 2.8148e+03	 1.7885e+00	 2.1091e-03	 3.7114e-10	-1.3875e-07	 2.2439e-11	 1.9006e+07	 2.8621e+02	 2.8279e+03
 1.0014e+05	 2.8148e+03	 1.7898e+00	 3.5563e-03	 1.9803e-10	-4.3979e-08	 2.2455e-11	 3.5620e+07	 2.8621e+02	 2.8303e+03
 3.1691e+04	 2.8148e+03	 1.7920e+00	 7.1757e-03	 1.2645e-10	-1.3957e-08	 2.2483e-11	 5.5784e+07	 2.8620e+02	 2.8328e+03
 1.0029e+04	 2.8148e+03	 1.7976e+00	 1.5250e-02	 8.5044e-11	-4.4479e-09	 2.2553e-11	 8.2944e+07	 2.8620e+02	 2.8353e+03
 3.1737e+03	 2.8148e+03	 1.8121e+00	 2.7736e-02	 4.8947e-11	-1.4332e-09	 2.2735e-11	 1.4411e+08	 2.8620e+02	 2.8378e+03
 1.0043e+03	 2.8148e+03	 1.8333e+00	 3.9565e-02	 2.2096e-11	-4.6535e-10	 2.3000e-11	 3.1924e+08	 2.8620e+02	 2.8402e+03
 3.1783e+02	 2.8148e+03	 1.8481e+00	 7.2760e-02	 1.2859e-11	-1.4989e-10	 2.3187e-11	 5.4856e+08	 2.8620e+02	 2.8427e+03
 1.0058e+02	 2.8148e+03	 1.8747e+00	 1.9152e-01	 1.0711e-11	-4.8919e-11	 2.3520e-11	 6.5855e+08	 2.8620e+02	 2.8452e+03
 3.1829e+01	 2.8148e+03	 1.9905e+00	 5.1984e-01	 9.2005e-12	-1.7531e-11	 2.4973e-11	 7.6669e+08	 2.8620e+02	 2.8481e+03
 1.0072e+01	 2.8148e+03	 2.3374e+00	 1.2822e+00	 7.1813e-12	-7.4906e-12	 2.9326e-11	 9.8226e+08	 2.8620e+02	 2.8511e+03
 3.1874e+00	 2.8148e+03	 2.9809e+00	 3.2657e+00	 5.7882e-12	-3.5110e-12	 3.7399e-11	 1.2187e+09	 2.8620e+02	 2.8566e+03
 1.0087e+00	 2.8148e+03	 4.2862e+00	 9.0345e+00	 5.0674e-12	-1.8432e-12	 5.3775e-11	 1.3920e+09	 2.8620e+02	 2.8622e+03
 1.0000e+06	 2.8595e+03	 1.7879e+00	 8.2996e-04	 4.6151e-10	-4.3814e-07	 2.2432e-11	 1.5285e+07	 2.8619e+02	 2.8703e+03
 3.1646e+05	 2.8595e+03	 1.7885e+00	 2.1749e-03	 3.8272e-10	-1.3875e-07	 2.2439e-11	 1.8431e+07	 2.8620e+02	 2.8728e+03
 1.0014e+05	 2.8595e+03	 1.7898e+00	 3.5663e-03	 1.9860e-10	-4.3981e-08	 2.2455e-11	 3.5519e+07	 2.8619e+02	 2.8752e+03
 3.1691e+04	 2.8595e+03	 1.7920e+00	 7.2179e-03	 1.2720e-10	-1.3957e-08	 2.2483e-11	 5.5457e+07	 2.8619e+02	 2.8777e+03
 1.0029e+04	 2.8595e+03	 1.7976e+00	 1.5277e-02	 8.5195e-11	-4.4479e-09	 2.2553e-11	 8.2798e+07	 2.8620e+02	 2.8802e+03
 3.1737e+03	 2.8595e+03	 1.8122e+00	 2.7865e-02	 4.9175e-11	-1.4333e-09	 2.2736e-11	 1.4345e+08	 2.8619e+02	 2.8829e+03
 1.0043e+03	 2.8595e+03	 1.8337e+00	 3.9743e-02	 2.2195e-11	-4.6558e-10	 2.3005e-11	 3.1781e+08	 2.8619e+02	 2.8854e+03
 3.1783e+02	 2.8595e+03	 1.8487e+00	 7.2426e-02	 1.2800e-11	-1.4998e-10	 2.3193e-11	 5.5110e+08	 2.8619e+02	 2.8879e+03
 1.0058e+02	 2.8595e+03	 1.8751e+00	 1.9076e-01	 1.0669e-11	-4.8944e-11	 2.3526e-11	 6.6118e+08	 2.8619e+02	 2.8906e+03
 3.1829e+01	 2.8595e+03	 1.9917e+00	 5.1719e-01	 9.1535e-12	-1.7551e-11	 2.4988e-11	 7.7063e+08	 2.8619e+02	 2.8934e+03
 1.0072e+01	 2.8595e+03	 2.3402e+00	 1.2747e+00	 7.1394e-12	-7.5062e-12	 2.9360e-11	 9.8804e+08	 2.8620e+02	 2.8964e+03
 3.1874e+00	 2.8595e+03	 2.9840e+00	 3.2568e+00	 5.7724e-12	-3.5165e-12	 3.7438e-11	 1.2220e+09	 2.8619e+02	 2.9021e+03
 1.0087e+00	 2.8595e+03	 4.2831e+00	 9.0263e+00	 5.0628e-12	-1.8415e-12	 5.3736e-11	 1.3933e+09	 2.8619e+02	 2.9078e+03
 1.0000e+06	 2.9051e+03	 1.7880e+00	 8.5585e-04	 4.7590e-10	-4.3816e-07	 2.2432e-11	 1.4822e+07	 2.8619e+02	 2.9156e+03
 3.1646e+05	 2.9051e+03	 1.7886e+00	 2.1345e-03	 3.7561e-10	-1.3877e-07	 2.2440e-11	 1.8780e+07	 2.8619e+02	 2.9180e+03
 1.0014e+05	 2.9051e+03	 1.7898e+00	 3.5484e-03	 1.9760e-10	-4.3980e-08	 2.2455e-11	 3.5698e+07	 2.8619e+02	 2.9204e+03
 3.1691e+04	 2.9051e+03	 1.7920e+00	 7.1870e-03	 1.2665e-10	-1.3958e-08	 2.2483e-11	 5.5696e+07	 2.8619e+02	 2.9232e+03
 1.0029e+04	 2.9051e+03	 1.7976e+00	 1.5383e-02	 8.5783e-11	-4.4480e-09	 2.2553e-11	 8.2230e+07	 2.8619e+02	 2.9257e+03
 3.1737e+03	 2.9051e+03	 1.8123e+00	 2.8227e-02	 4.9814e-11	-1.4335e-09	 2.2737e-11	 1.4160e+08	 2.8619e+02	 2.9282e+03
 1.0043e+03	 2.9051e+03	 1.8342e+00	 4.0110e-02	 2.2400e-11	-4.6588e-10	 2.3012e-11	 3.1491e+08	 2.8619e+02	 2.9308e+03
 3.1783e+02	 2.9051e+03	 1.8493e+00	 7.2177e-02	 1.2756e-11	-1.5009e-10	 2.3201e-11	 5.5299e+08	 2.8619e+02	 2.9332e+03
 1.0058e+02	 2.9051e+03	 1.8756e+00	 1.9013e-01	 1.0634e-11	-4.8968e-11	 2.3531e-11	 6.6337e+08	 2.8619e+02	 2.9356e+03
 3.1829e+01	 2.9051e+03	 1.9924e+00	 5.1590e-01	 9.1308e-12	-1.7564e-11	 2.4997e-11	 7.7255e+08	 2.8619e+02	 2.9386e+03
 1.0072e+01	 2.9051e+03	 2.3418e+00	 1.2692e+00	 7.1088e-12	-7.5155e-12	 2.9381e-11	 9.9228e+08	 2.8618e+02	 2.9415e+03
 3.1874e+00	 2.9051e+03	 2.9848e+00	 3.2380e+00	 5.7390e-12	-3.5179e-12	 3.7448e-11	 1.2291e+09	 2.8619e+02	 2.9470e+03
 1.0087e+00	 2.9051e+03	 4.2758e+00	 8.9441e+00	 5.0167e-12	-1.8374e-12	 5.3645e-11	 1.4061e+09	 2.8619e+02	 2.9526e+03
 1.0000e+06	 2.9499e+03	 1.7880e+00	 8.4013e-04	 4.6716e-10	-4.3819e-07	 2.2433e-11	 1.5100e+07	 2.8618e+02	 2.9607e+03
 3.1646e+05	 2.9499e+03	 1.7886e+00	 2.0256e-03	 3.5644e-10	-1.3877e-07	 2.2440e-11	 1.9790e+07	 2.8618e+02	 2.9631e+03
 1.0014e+05	 2.9499e+03	 1.7898e+00	 3.5258e-03	 1.9634e-10	-4.3981e-08	 2.2455e-11	 3.5928e+07	 2.8618e+02	 2.9658e+03
 3.1691e+04	 2.9499e+03	 1.7921e+00	 7.2091e-03	 1.2704e-10	-1.3958e-08	 2.2483e-11	 5.5525e+07	 2.8618e+02	 2.9682e+03
 1.0029e+04	 2.9499e+03	 1.7976e+00	 1.5330e-02	 8.5492e-11	-4.4480e-09	 2.2553e-11	 8.2510e+07	 2.8618e+02	 2.9707e+03
 3.1737e+03	 2.9499e+03	 1.8122e+00	 2.8129e-02	 4.9642e-11	-1.4333e-09	 2.2736e-11	 1.4210e+08	 2.8618e+02	 2.9734e+03
 1.0043e+03	 2.9499e+03	 1.8341e+00	 4.0085e-02	 2.2386e-11	-4.6582e-10	 2.3011e-11	 3.1510e+08	 2.8618e+02	 2.9758e+03
 3.1783e+02	 2.9499e+03	 1.8491e+00	 7.2183e-02	 1.2757e-11	-1.5006e-10	 2.3199e-11	 5.5295e+08	 2.8618e+02	 2.9784e+03
 1.0058e+02	 2.9499e+03	 1.8750e+00	 1.9028e-01	 1.0642e-11	-4.8935e-11	 2.3524e-11	 6.6285e+08	 2.8617e+02	 2.9810e+03
 3.1829e+01	 2.9499e+03	 1.9901e+00	 5.1741e-01	 9.1574e-12	-1.7524e-11	 2.4969e-11	 7.7030e+08	 2.8618e+02	 2.9839e+03
 1.0072e+01	 2.9499e+03	 2.3350e+00	 1.2749e+00	 7.1405e-12	-7.4770e-12	 2.9295e-11	 9.8788e+08	 2.8619e+02	 2.9869e+03
 3.1874e+00	 2.9499e+03	 2.9821e+00	 3.2337e+00	 5.7315e-12	-3.5131e-12	 3.7414e-11	 1.2307e+09	 2.8618e+02	 2.9925e+03
 1.0087e+00	 2.9499e+03	 4.2760e+00	 8.9380e+00	 5.0132e-12	-1.8375e-12	 5.3648e-11	 1.4071e+09	 2.8617e+02	 2.9981e+03
 1.0000e+06	 2.9954e+03	 1.7880e+00	 8.3285e-04	 4.6312e-10	-4.3818e-07	 2.2433e-11	 1.5231e+07	 2.8618e+02	 3.0058e+03
 3.1646e+05	 2.9954e+03	 1.7886e+00	 2.1763e-03	 3.8296e-10	-1.3877e-07	 2.2440e-11	 1.8420e+07	 2.8618e+02	 3.0084e+03
 1.0014e+05	 2.9954e+03	 1.7898e+00	 3.5236e-03	 1.9622e-10	-4.3981e-08	 2.2455e-11	 3.5950e+07	 2.8618e+02	 3.0110e+03
 3.1691e+04	 2.9954e+03	 1.7921e+00	 7.2057e-03	 1.2698e-10	-1.3958e-08	 2.2483e-11	 5.5551e+07	 2.8618e+02	 3.0137e+03
 1.0029e+04	 2.9954e+03	 1.7976e+00	 1.5385e-02	 8.5795e-11	-4.4481e-09	 2.2553e-11	 8.2219e+07	 2.8618e+02	 3.0162e+03
 3.1737e+03	 2.9954e+03	 1.8123e+00	 2.8268e-02	 4.9887e-11	-1.4336e-09	 2.2738e-11	 1.4140e+08	 2.8618e+02	 3.0189e+03
 1.0043e+03	 2.9954e+03	 1.8344e+00	 4.0374e-02	 2.2547e-11	-4.6599e-10	 2.3015e-11	 3.1285e+08	 2.8618e+02	 3.0214e+03
 3.1783e+02	 2.9954e+03	 1.8500e+00	 7.2067e-02	 1.2736e-11	-1.5022e-10	 2.3210e-11	 5.5384e+08	 2.8618e+02	 3.0239e+03
 1.0058e+02	 2.9954e+03	 1.8759e+00	 1.8935e-01	 1.0590e-11	-4.8989e-11	 2.3536e-11	 6.6610e+08	 2.8618e+02	 3.0266e+03
 3.1829e+01	 2.9954e+03	 1.9925e+00	 5.1474e-01	 9.1101e-12	-1.7565e-11	 2.4998e-11	 7.7430e+08	 2.8618e+02	 3.0297e+03
 1.0072e+01	 2.9954e+03	 2.3420e+00	 1.2675e+00	 7.0991e-12	-7.5165e-12	 2.9383e-11	 9.9365e+08	 2.8618e+02	 3.0326e+03
 3.1874e+00	 2.9954e+03	 2.9862e+00	 3.2203e+00	 5.7077e-12	-3.5204e-12	 3.7465e-11	 1.2359e+09	 2.8618e+02	 3.0382e+03
 1.0087e+00	 2.9954e+03	 4.2950e+00	 8.9643e+00	 5.0280e-12	-1.8482e-12	 5.3886e-11	 1.4029e+09	 2.8618e+02	 3.0439e+03
 1.0000e+06	 3.0412e+03	 1.7881e+00	 8.3189e-04	 4.6258e-10	-4.3824e-07	 2.2434e-11	 1.5249e+07	 2.8617e+02	 3.0516e+03
 3.1646e+05	 3.0412e+03	 1.7886e+00	 1.9709e-03	 3.4682e-10	-1.3877e-07	 2.2440e-11	 2.0339e+07	 2.8618e+02	 3.0542e+03
 1.0014e+05	 3.0412e+03	 1.7898e+00	 3.5765e-03	 1.9916e-10	-4.3982e-08	 2.2455e-11	 3.5418e+07	 2.8617e+02	 3.0568e+03
 3.1691e+04	 3.0412e+03	 1.7921e+00	 7.1749e-03	 1.2644e-10	-1.3958e-08	 2.2484e-11	 5.5790e+07	 2.8618e+02	 3.0594e+03
 1.0029e+04	 3.0412e+03	 1.7976e+00	 1.5356e-02	 8.5637e-11	-4.4481e-09	 2.2553e-11	 8.2371e+07	 2.8618e+02	 3.0619e+03
 3.1737e+03	 3.0412e+03	 1.8123e+00	 2.8072e-02	 4.9540e-11	-1.4334e-09	 2.2737e-11	 1.4239e+08	 2.8618e+02	 3.0643e+03
 1.0043e+03	 3.0412e+03	 1.8341e+00	 4.0095e-02	 2.2392e-11	-4.6585e-10	 2.3011e-11	 3.1502e+08	 2.8617e+02	 3.0669e+03
 3.1783e+02	 3.0412e+03	 1.8490e+00	 7.2177e-02	 1.2756e-11	-1.5005e-10	 2.3198e-11	 5.5299e+08	 2.8618e+02	 3.0694e+03
 1.0058e+02	 3.0412e+03	 1.8750e+00	 1.9018e-01	 1.0636e-11	-4.8934e-11	 2.3524e-11	 6.6320e+08	 2.8617e+02	 3.0722e+03
 3.1829e+01	 3.0412e+03	 1.9904e+00	 5.1722e-01	 9.1541e-12	-1.7528e-11	 2.4972e-11	 7.7058e+08	 2.8617e+02	 3.0751e+03
 1.0072e+01	 3.0412e+03	 2.3372e+00	 1.2759e+00	 7.1460e-12	-7.4897e-12	 2.9323e-11	 9.8712e+08	 2.8618e+02	 3.0781e+03
 3.1874e+00	 3.0412e+03	 2.9869e+00	 3.2346e+00	 5.7330e-12	-3.5217e-12	 3.7475e-11	 1.2304e+09	 2.8617e+02	 3.0836e+03
 1.0087e+00	 3.0412e+03	 4.3274e+00	 9.0042e+00	 5.0504e-12	-1.8663e-12	 5.4292e-11	 1.3967e+09	 2.8617e+02	 3.0894e+03
 1.0000e+06	 3.0867e+03	 1.7880e+00	 8.2919e-04	 4.6108e-10	-4.3820e-07	 2.2433e-11	 1.5299e+07	 2.8617e+02	 3.0972e+03
 3.1646e+05	 3.0867e+03	 1.7887e+00	 2.1483e-03	 3.7804e-10	-1.3878e-07	 2.2441e-11	 1.8659e+07	 2.8617e+02	 3.1001e+03
 1.0014e+05	 3.0867e+03	 1.7899e+00	 3.5847e-03	 1.9962e-10	-4.3985e-08	 2.2456e-11	 3.5337e+07	 2.8617e+02	 3.1025e+03
 3.1691e+04	 3.0867e+03	 1.7921e+00	 7.1971e-03	 1.2683e-10	-1.3958e-08	 2.2484e-11	 5.5618e+07	 2.8618e+02	 3.1052e+03
 1.0029e+04	 3.0867e+03	 1.7976e+00	 1.5312e-02	 8.5391e-11	-4.4482e-09	 2.2554e-11	 8.2608e+07	 2.8617e+02	 3.1077e+03
 3.1737e+03	 3.0867e+03	 1.8122e+00	 2.7951e-02	 4.9327e-11	-1.4334e-09	 2.2737e-11	 1.4300e+08	 2.8617e+02	 3.1104e+03
 1.0043e+03	 3.0867e+03	 1.8340e+00	 3.9979e-02	 2.2327e-11	-4.6577e-10	 2.3010e-11	 3.1594e+08	 2.8617e+02	 3.1129e+03
 3.1783e+02	 3.0867e+03	 1.8489e+00	 7.2172e-02	 1.2755e-11	-1.5003e-10	 2.3197e-11	 5.5304e+08	 2.8617e+02	 3.1153e+03
 1.0058e+02	 3.0867e+03	 1.8749e+00	 1.9043e-01	 1.0650e-11	-4.8929e-11	 2.3522e-11	 6.6233e+08	 2.8617e+02	 3.1179e+03
 3.1829e+01	 3.0867e+03	 1.9896e+00	 5.1912e-01	 9.1877e-12	-1.7515e-11	 2.4962e-11	 7.6776e+08	 2.8617e+02	 3.1208e+03
 1.0072e+01	 3.0867e+03	 2.3355e+00	 1.2804e+00	 7.1711e-12	-7.4799e-12	 2.9302e-11	 9.8366e+08	 2.8616e+02	 3.1239e+03
 3.1874e+00	 3.0867e+03	 2.9802e+00	 3.2329e+00	 5.7300e-12	-3.5098e-12	 3.7390e-11	 1.2310e+09	 2.8617e+02	 3.1294e+03
 1.0087e+00	 3.0867e+03	 4.2481e+00	 8.9296e+00	 5.0085e-12	-1.8218e-12	 5.3297e-11	 1.4084e+09	 2.8617e+02	 3.1350e+03
 1.0000e+06	 3.1323e+03	 1.7881e+00	 8.9260e-04	 4.9634e-10	-4.3821e-07	 2.2433e-11	 1.4212e+07	 2.8617e+02	 3.1430e+03
 3.1646e+05	 3.1323e+03	 1.7887e+00	 2.0678e-03	 3.6386e-10	-1.3878e-07	 2.2441e-11	 1.9386e+07	 2.8616e+02	 3.1456e+03
 1.0014e+05	 3.1323e+03	 1.7899e+00	 3.5168e-03	 1.9584e-10	-4.3984e-08	 2.2456e-11	 3.6019e+07	 2.8617e+02	 3.1481e+03
 3.1691e+04	 3.1323e+03	 1.7921e+00	 7.2200e-03	 1.2723e-10	-1.3959e-08	 2.2484e-11	 5.5442e+07	 2.8616e+02	 3.1506e+03
 1.0029e+04	 3.1323e+03	 1.7976e+00	 1.5291e-02	 8.5275e-11	-4.4482e-09	 2.2553e-11	 8.2720e+07	 2.8616e+02	 3.1532e+03
 3.1737e+03	 3.1323e+03	 1.8122e+00	 2.7845e-02	 4.9140e-11	-1.4334e-09	 2.2736e-11	 1.4355e+08	 2.8616e+02	 3.1558e+03
 1.0043e+03	 3.1323e+03	 1.8339e+00	 3.9839e-02	 2.2249e-11	-4.6572e-10	 2.3009e-11	 3.1705e+08	 2.8617e+02	 3.1585e+03
 3.1783e+02	 3.1323e+03	 1.8489e+00	 7.2099e-02	 1.2742e-11	-1.5003e-10	 2.3197e-11	 5.5359e+08	 2.8616e+02	 3.1609e+03
 1.0058e+02	 3.1323e+03	 1.8753e+00	 1.8974e-01	 1.0612e-11	-4.8954e-11	 2.3528e-11	 6.6472e+08	 2.8617e+02	 3.1634e+03
 3.1829e+01	 3.1323e+03	 1.9921e+00	 5.1430e-01	 9.1023e-12	-1.7559e-11	 2.4993e-11	 7.7496e+08	 2.8617e+02	 3.1663e+03
 1.0072e+01	 3.1323e+03	 2.3414e+00	 1.2665e+00	 7.0934e-12	-7.5132e-12	 2.9376e-11	 9.9444e+08	 2.8616e+02	 3.1694e+03
 3.1874e+00	 3.1323e+03	 2.9833e+00	 3.2173e+00	 5.7024e-12	-3.5153e-12	 3.7429e-11	 1.2370e+09	 2.8616e+02	 3.1748e+03
 1.0087e+00	 3.1323e+03	 4.2482e+00	 8.9157e+00	 5.0007e-12	-1.8219e-12	 5.3298e-11	 1.4106e+09	 2.8616e+02	 3.1805e+03
 1.0000e+06	 3.1779e+03	 1.7881e+00	 8.5697e-04	 4.7653e-10	-4.3824e-07	 2.2434e-11	 1.4803e+07	 2.8617e+02	 3.1884e+03
 3.1646e+05	 3.1779e+03	 1.7887e+00	 1.9785e-03	 3.4816e-10	-1.3878e-07	 2.2441e-11	 2.0261e+07	 2.8616e+02	 3.1908e+03
 1.0014e+05	 3.1779e+03	 1.7899e+00	 3.5303e-03	 1.9659e-10	-4.3986e-08	 2.2456e-11	 3.5881e+07	 2.8616e+02	 3.1934e+03
 3.1691e+04	 3.1779e+03	 1.7921e+00	 7.1425e-03	 1.2587e-10	-1.3959e-08	 2.2484e-11	 5.6043e+07	 2.8616e+02	 3.1959e+03
 1.0029e+04	 3.1779e+03	 1.7976e+00	 1.5297e-02	 8.5305e-11	-4.4482e-09	 2.2554e-11	 8.2691e+07	 2.8616e+02	 3.1984e+03
 3.1737e+03	 3.1779e+03	 1.8123e+00	 2.7954e-02	 4.9332e-11	-1.4335e-09	 2.2737e-11	 1.4299e+08	 2.8616e+02	 3.2011e+03
 1.0043e+03	 3.1779e+03	 1.8341e+00	 3.9986e-02	 2.2331e-11	-4.6582e-10	 2.3011e-11	 3.1588e+08	 2.8616e+02	 3.2036e+03
 3.1783e+02	 3.1779e+03	 1.8492e+00	 7.2003e-02	 1.2725e-11	-1.5009e-10	 2.3201e-11	 5.5433e+08	 2.8616e+02	 3.2063e+03
 1.0058e+02	 3.1779e+03	 1.8754e+00	 1.8955e-01	 1.0601e-11	-4.8957e-11	 2.3529e-11	 6.6540e+08	 2.8616e+02	 3.2089e+03
 3.1829e+01	 3.1779e+03	 1.9920e+00	 5.1475e-01	 9.1104e-12	-1.7557e-11	 2.4992e-11	 7.7428e+08	 2.8616e+02	 3.2117e+03
 1.0072e+01	 3.1779e+03	 2.3439e+00	 1.2644e+00	 7.0816e-12	-7.5268e-12	 2.9406e-11	 9.9610e+08	 2.8616e+02	 3.2147e+03
 3.1874e+00	 3.1779e+03	 2.9916e+00	 3.2043e+00	 5.6794e-12	-3.5299e-12	 3.7532e-11	 1.2420e+09	 2.8616e+02	 3.2202e+03
 1.0087e+00	 3.1779e+03	 4.2602e+00	 8.8702e+00	 4.9752e-12	-1.8286e-12	 5.3449e-11	 1.4178e+09	 2.8616e+02	 3.2254e+03
 1.0000e+06	 3.2226e+03	 1.7882e+00	 7.8221e-04	 4.3496e-10	-4.3827e-07	 2.2435e-11	 1.6218e+07	 2.8616e+02	 3.2334e+03
 3.1646e+05	 3.2226e+03	 1.7887e+00	 2.0322e-03	 3.5760e-10	-1.3878e-07	 2.2441e-11	 1.9726e+07	 2.8615e+02	 3.2360e+03
 1.0014e+05	 3.2226e+03	 1.7899e+00	 3.5524e-03	 1.9782e-10	-4.3987e-08	 2.2457e-11	 3.5659e+07	 2.8616e+02	 3.2384e+03
 3.1691e+04	 3.2226e+03	 1.7921e+00	 7.1994e-03	 1.2687e-10	-1.3959e-08	 2.2484e-11	 5.5600e+07	 2.8616e+02	 3.2409e+03
 1.0029e+04	 3.2226e+03	 1.7977e+00	 1.5278e-02	 8.5198e-11	-4.4483e-09	 2.2554e-11	 8.2795e+07	 2.8616e+02	 3.2436e+03
 3.1737e+03	 3.2226e+03	 1.8123e+00	 2.8160e-02	 4.9696e-11	-1.4335e-09	 2.2737e-11	 1.4194e+08	 2.8616e+02	 3.2460e+03
 1.0043e+03	 3.2226e+03	 1.8342e+00	 4.0077e-02	 2.2382e-11	-4.6588e-10	 2.3012e-11	 3.1516e+08	 2.8616e+02	 3.2487e+03
 3.1783e+02	 3.2226e+03	 1.8494e+00	 7.1936e-02	 1.2713e-11	-1.5011e-10	 2.3202e-11	 5.5484e+08	 2.8615e+02	 3.2512e+03
 1.0058e+02	 3.2226e+03	 1.8752e+00	 1.8959e-01	 1.0603e-11	-4.8946e-11	 2.3526e-11	 6.6526e+08	 2.8616e+02	 3.2537e+03
 3.1829e+01	 3.2226e+03	 1.9914e+00	 5.1570e-01	 9.1271e-12	-1.7547e-11	 2.4985e-11	 7.7286e+08	 2.8615e+02	 3.2566e+03
 1.0072e+01	 3.2226e+03	 2.3414e+00	 1.2689e+00	 7.1067e-12	-7.5128e-12	 2.9375e-11	 9.9257e+08	 2.8616e+02	 3.2596e+03
 3.1874e+00	 3.2226e+03	 2.9937e+00	 3.2049e+00	 5.6804e-12	-3.5337e-12	 3.7560e-11	 1.2418e+09	 2.8615e+02	 3.2650e+03
 1.0087e+00	 3.2226e+03	 4.2658e+00	 8.8626e+00	 4.9710e-12	-1.8318e-12	 5.3520e-11	 1.4190e+09	 2.8616e+02	 3.2701e+03
 1.0000e+06	 3.2674e+03	 1.7881e+00	 8.7434e-04	 4.8619e-10	-4.3823e-07	 2.2434e-11	 1.4509e+07	 2.8615e+02	 3.2779e+03
 3.1646e+05	 3.2674e+03	 1.7887e+00	 2.1350e-03	 3.7569e-10	-1.3878e-07	 2.2441e-11	 1.8776e+07	 2.8615e+02	 3.2807e+03
 1.0014e+05	 3.2674e+03	 1.7899e+00	 3.5975e-03	 2.0033e-10	-4.3987e-08	 2.2456e-11	 3.5211e+07	 2.8616e+02	 3.2832e+03
 3.1691e+04	 3.2674e+03	 1.7921e+00	 7.1822e-03	 1.2657e-10	-1.3959e-08	 2.2485e-11	 5.5733e+07	 2.8615e+02	 3.2857e+03
 1.0029e+04	 3.2674e+03	 1.7977e+00	 1.5335e-02	 8.5521e-11	-4.4484e-09	 2.2554e-11	 8.2482e+07	 2.8614e+02	 3.2882e+03
 3.1737e+03	 3.2674e+03	 1.8124e+00	 2.8052e-02	 4.9505e-11	-1.4337e-09	 2.2738e-11	 1.4249e+08	 2.8615e+02	 3.2907e+03
 1.0043e+03	 3.2674e+03	 1.8342e+00	 4.0111e-02	 2.2401e-11	-4.6589e-10	 2.3012e-11	 3.1490e+08	 2.8615e+02	 3.2934e+03
 3.1783e+02	 3.2674e+03	 1.8495e+00	 7.1916e-02	 1.2710e-11	-1.5013e-10	 2.3204e-11	 5.5500e+08	 2.8616e+02	 3.2959e+03
 1.0058e+02	 3.2674e+03	 1.8752e+00	 1.8943e-01	 1.0594e-11	-4.8946e-11	 2.3526e-11	 6.6582e+08	 2.8615e+02	 3.2983e+03
 3.1829e+01	 3.2674e+03	 1.9906e+00	 5.1570e-01	 9.1272e-12	-1.7532e-11	 2.4974e-11	 7.7285e+08	 2.8615e+02	 3.3013e+03
 1.0072e+01	 3.2674e+03	 2.3426e+00	 1.2696e+00	 7.1107e-12	-7.5198e-12	 2.9391e-11	 9.9202e+08	 2.8615e+02	 3.3044e+03
 3.1874e+00	 3.2674e+03	 2.9858e+00	 3.2119e+00	 5.6929e-12	-3.5197e-12	 3.7460e-11	 1.2391e+09	 2.8615e+02	 3.3099e+03
 1.0087e+00	 3.2674e+03	 4.3009e+00	 8.9178e+00	 5.0019e-12	-1.8515e-12	 5.3960e-11	 1.4102e+09	 2.8615e+02	 3.3156e+03
 1.0000e+06	 3.3130e+03	 1.7881e+00	 8.4463e-04	 4.6967e-10	-4.3823e-07	 2.2434e-11	 1.5019e+07	 2.8615e+02	 3.3237e+03
 3.1646e+05	 3.3130e+03	 1.7887e+00	 2.1868e-03	 3.8482e-10	-1.3880e-07	 2.2442e-11	 1.8331e+07	 2.8615e+02	 3.3264e+03
 1.0014e+05	 3.3130e+03	 1.7899e+00	 3.4992e-03	 1.9486e-10	-4.3985e-08	 2.2456e-11	 3.6201e+07	 2.8615e+02	 3.3289e+03
 3.1691e+04	 3.3130e+03	 1.7921e+00	 7.1713e-03	 1.2638e-10	-1.3959e-08	 2.2484e-11	 5.5818e+07	 2.8615e+02	 3.3313e+03
 1.0029e+04	 3.3130e+03	 1.7977e+00	 1.5322e-02	 8.5447e-11	-4.4483e-09	 2.2554e-11	 8.2554e+07	 2.8614e+02	 3.3340e+03
 3.1737e+03	 3.3130e+03	 1.8123e+00	 2.8029e-02	 4.9465e-11	-1.4335e-09	 2.2737e-11	 1.4260e+08	 2.8614e+02	 3.3365e+03
 1.0043e+03	 3.3130e+03	 1.8342e+00	 4.0048e-02	 2.2365e-11	-4.6586e-10	 2.3012e-11	 3.1540e+08	 2.8614e+02	 3.3392e+03
 3.1783e+02	 3.3130e+03	 1.8493e+00	 7.1919e-02	 1.2710e-11	-1.5010e-10	 2.3202e-11	 5.5498e+08	 2.8615e+02	 3.3417e+03
 1.0058e+02	 3.3130e+03	 1.8749e+00	 1.8960e-01	 1.0604e-11	-4.8929e-11	 2.3522e-11	 6.6524e+08	 2.8615e+02	 3.3445e+03
 3.1829e+01	 3.3130e+03	 1.9900e+00	 5.1623e-01	 9.1366e-12	-1.7521e-11	 2.4967e-11	 7.7205e+08	 2.8614e+02	 3.3474e+03
 1.0072e+01	 3.3130e+03	 2.3379e+00	 1.2748e+00	 7.1402e-12	-7.4932e-12	 2.9331e-11	 9.8793e+08	 2.8615e+02	 3.3504e+03
 3.1874e+00	 3.3130e+03	 2.9757e+00	 3.2144e+00	 5.6972e-12	-3.5018e-12	 3.7334e-11	 1.2381e+09	 2.8615e+02	 3.3558e+03
 1.0087e+00	 3.3130e+03	 4.2724e+00	 8.8999e+00	 4.9919e-12	-1.8355e-12	 5.3603e-11	 1.4131e+09	 2.8614e+02	 3.3616e+03
 1.0000e+06	 3.3589e+03	 1.7881e+00	 9.1985e-04	 5.1150e-10	-4.3824e-07	 2.2434e-11	 1.3791e+07	 2.8614e+02	 3.3694e+03
 3.1646e+05	 3.3589e+03	 1.7888e+00	 2.1464e-03	 3.7770e-10	-1.3880e-07	 2.2442e-11	 1.8676e+07	 2.8614e+02	 3.3722e+03
 1.0014e+05	 3.3589e+03	 1.7899e+00	 3.5413e-03	 1.9720e-10	-4.3986e-08	 2.2456e-11	 3.5770e+07	 2.8614e+02	 3.3747e+03
 3.1691e+04	 3.3589e+03	 1.7922e+00	 7.1583e-03	 1.2615e-10	-1.3960e-08	 2.2485e-11	 5.5919e+07	 2.8614e+02	 3.3772e+03
 1.0029e+04	 3.3589e+03	 1.7977e+00	 1.5292e-02	 8.5280e-11	-4.4483e-09	 2.2554e-11	 8.2715e+07	 2.8614e+02	 3.3799e+03
 3.1737e+03	 3.3589e+03	 1.8124e+00	 2.8077e-02	 4.9550e-11	-1.4337e-09	 2.2738e-11	 1.4236e+08	 2.8615e+02	 3.3823e+03
 1.0043e+03	 3.3589e+03	 1.8342e+00	 4.0096e-02	 2.2393e-11	-4.6589e-10	 2.3012e-11	 3.1501e+08	 2.8614e+02	 3.3850e+03
 3.1783e+02	 3.3589e+03	 1.8493e+00	 7.1870e-02	 1.2702e-11	-1.5011e-10	 2.3202e-11	 5.5536e+08	 2.8614e+02	 3.3874e+03
 1.0058e+02	 3.3589e+03	 1.8750e+00	 1.8943e-01	 1.0594e-11	-4.8939e-11	 2.3525e-11	 6.6583e+08	 2.8614e+02	 3.3899e+03
 3.1829e+01	 3.3589e+03	 1.9898e+00	 5.1592e-01	 9.1310e-12	-1.7518e-11	 2.4964e-11	 7.7253e+08	 2.8614e+02	 3.3929e+03
 1.0072e+01	 3.3589e+03	 2.3375e+00	 1.2718e+00	 7.1233e-12	-7.4909e-12	 2.9326e-11	 9.9026e+08	 2.8614e+02	 3.3959e+03
 3.1874e+00	 3.3589e+03	 2.9797e+00	 3.2111e+00	 5.6914e-12	-3.5088e-12	 3.7383e-11	 1.2394e+09	 2.8614e+02	 3.4014e+03
 1.0087e+00	 3.3589e+03	 4.2487e+00	 8.8724e+00	 4.9764e-12	-1.8222e-12	 5.3305e-11	 1.4175e+09	 2.8614e+02	 3.4071e+03
 1.0000e+06	 3.4044e+03	 1.7882e+00	 8.6706e-04	 4.8214e-10	-4.3829e-07	 2.2435e-11	 1.4631e+07	 2.8613e+02	 3.4151e+03
 3.1646e+05	 3.4044e+03	 1.7887e+00	 2.0346e-03	 3.5803e-10	-1.3879e-07	 2.2442e-11	 1.9702e+07	 2.8613e+02	 3.4175e+03
 1.0014e+05	 3.4044e+03	 1.7899e+00	 3.5993e-03	 2.0043e-10	-4.3986e-08	 2.2456e-11	 3.5194e+07	 2.8612e+02	 3.4201e+03
 3.1691e+04	 3.4044e+03	 1.7922e+00	 7.1770e-03	 1.2648e-10	-1.3960e-08	 2.2485e-11	 5.5774e+07	 2.8613e+02	 3.4226e+03
 1.0029e+04	 3.4044e+03	 1.7977e+00	 1.5304e-02	 8.5344e-11	-4.4483e-09	 2.2554e-11	 8.2653e+07	 2.8613e+02	 3.4250e+03
 3.1737e+03	 3.4044e+03	 1.8123e+00	 2.8025e-02	 4.9458e-11	-1.4335e-09	 2.2737e-11	 1.4262e+08	 2.8612e+02	 3.4276e+03
 1.0043e+03	 3.4044e+03	 1.8342e+00	 4.0071e-02	 2.2379e-11	-4.6588e-10	 2.3012e-11	 3.1521e+08	 2.8612e+02	 3.4301e+03
 3.1783e+02	 3.4044e+03	 1.8496e+00	 7.1697e-02	 1.2671e-11	-1.5015e-10	 2.3205e-11	 5.5669e+08	 2.8613e+02	 3.4325e+03
 1.0058e+02	 3.4044e+03	 1.8757e+00	 1.8843e-01	 1.0539e-11	-4.8974e-11	 2.3532e-11	 6.6935e+08	 2.8612e+02	 3.4351e+03
 3.1829e+01	 3.4044e+03	 1.9921e+00	 5.1068e-01	 9.0383e-12	-1.7559e-11	 2.4993e-11	 7.8045e+08	 2.8612e+02	 3.4380e+03
 1.0072e+01	 3.4044e+03	 2.3452e+00	 1.2534e+00	 7.0201e-12	-7.5342e-12	 2.9423e-11	 1.0048e+09	 2.8612e+02	 3.4411e+03
 3.1874e+00	 3.4044e+03	 2.9884e+00	 3.1751e+00	 5.6276e-12	-3.5242e-12	 3.7493e-11	 1.2535e+09	 2.8612e+02	 3.4466e+03
 1.0087e+00	 3.4044e+03	 4.2141e+00	 8.6810e+00	 4.8691e-12	-1.8027e-12	 5.2870e-11	 1.4487e+09	 2.8612e+02	 3.4516e+03
 1.0000e+06	 3.4489e+03	 1.7882e+00	 8.9998e-04	 5.0044e-10	-4.3829e-07	 2.2435e-11	 1.4095e+07	 2.8612e+02	 3.4595e+03
 3.1646e+05	 3.4489e+03	 1.7887e+00	 2.1567e-03	 3.7951e-10	-1.3878e-07	 2.2441e-11	 1.8587e+07	 2.8611e+02	 3.4619e+03
 1.0014e+05	 3.4489e+03	 1.7900e+00	 3.5656e-03	 1.9856e-10	-4.3990e-08	 2.2457e-11	 3.5526e+07	 2.8611e+02	 3.4644e+03
 3.1691e+04	 3.4489e+03	 1.7922e+00	 7.1424e-03	 1.2587e-10	-1.3960e-08	 2.2485e-11	 5.6043e+07	 2.8611e+02	 3.4669e+03
 1.0029e+04	 3.4489e+03	 1.7977e+00	 1.5233e-02	 8.4948e-11	-4.4483e-09	 2.2554e-11	 8.3039e+07	 2.8611e+02	 3.4694e+03
 3.1737e+03	 3.4489e+03	 1.8123e+00	 2.8088e-02	 4.9568e-11	-1.4334e-09	 2.2737e-11	 1.4231e+08	 2.8612e+02	 3.4721e+03
 1.0043e+03	 3.4489e+03	 1.8341e+00	 3.9952e-02	 2.2312e-11	-4.6584e-10	 2.3011e-11	 3.1615e+08	 2.8611e+02	 3.4746e+03
 3.1783e+02	 3.4489e+03	 1.8492e+00	 7.1642e-02	 1.2661e-11	-1.5008e-10	 2.3201e-11	 5.5712e+08	 2.8611e+02	 3.4771e+03
 1.0058e+02	 3.4489e+03	 1.8756e+00	 1.8811e-01	 1.0521e-11	-4.8972e-11	 2.3532e-11	 6.7049e+08	 2.8612e+02	 3.4797e+03
 3.1829e+01	 3.4489e+03	 1.9925e+00	 5.0956e-01	 9.0184e-12	-1.7566e-11	 2.4998e-11	 7.8217e+08	 2.8611e+02	 3.4828e+03
 1.0072e+01	 3.4489e+03	 2.3453e+00	 1.2511e+00	 7.0075e-12	-7.5348e-12	 2.9424e-11	 1.0066e+09	 2.8611e+02	 3.4859e+03
 3.1874e+00	 3.4489e+03	 2.9971e+00	 3.1649e+00	 5.6095e-12	-3.5396e-12	 3.7602e-11	 1.2575e+09	 2.8611e+02	 3.4914e+03
 1.0087e+00	 3.4489e+03	 4.2443e+00	 8.7206e+00	 4.8913e-12	-1.8197e-12	 5.3249e-11	 1.4422e+09	 2.8611e+02	 3.4966e+03
 1.0000e+06	 3.4939e+03	 1.7882e+00	 8.9493e-04	 4.9764e-10	-4.3826e-07	 2.2434e-11	 1.4175e+07	 2.8611e+02	 3.5046e+03
 3.1646e+05	 3.4939e+03	 1.7887e+00	 2.1437e-03	 3.7723e-10	-1.3879e-07	 2.2442e-11	 1.8700e+07	 2.8610e+02	 3.5071e+03
 1.0014e+05	 3.4939e+03	 1.7899e+00	 3.5369e-03	 1.9696e-10	-4.3989e-08	 2.2457e-11	 3.5815e+07	 2.8611e+02	 3.5096e+03
 3.1691e+04	 3.4939e+03	 1.7922e+00	 7.1491e-03	 1.2598e-10	-1.3960e-08	 2.2485e-11	 5.5991e+07	 2.8610e+02	 3.5121e+03
 1.0029e+04	 3.4939e+03	 1.7977e+00	 1.5234e-02	 8.4956e-11	-4.4485e-09	 2.2554e-11	 8.3031e+07	 2.8610e+02	 3.5146e+03
 3.1737e+03	 3.4939e+03	 1.8122e+00	 2.8052e-02	 4.9506e-11	-1.4333e-09	 2.2736e-11	 1.4249e+08	 2.8610e+02	 3.5171e+03
 1.0043e+03	 3.4939e+03	 1.8340e+00	 3.9872e-02	 2.2268e-11	-4.6576e-10	 2.3010e-11	 3.1678e+08	 2.8610e+02	 3.5195e+03
 3.1783e+02	 3.4939e+03	 1.8493e+00	 7.1624e-02	 1.2658e-11	-1.5010e-10	 2.3202e-11	 5.5727e+08	 2.8610e+02	 3.5222e+03
 1.0058e+02	 3.4939e+03	 1.8751e+00	 1.8831e-01	 1.0532e-11	-4.8944e-11	 2.3526e-11	 6.6979e+08	 2.8611e+02	 3.5247e+03
 3.1829e+01	 3.4939e+03	 1.9905e+00	 5.1235e-01	 9.0679e-12	-1.7531e-11	 2.4973e-11	 7.7790e+08	 2.8610e+02	 3.5278e+03
 1.0072e+01	 3.4939e+03	 2.3458e+00	 1.2586e+00	 7.0490e-12	-7.5376e-12	 2.9431e-11	 1.0007e+09	 2.8610e+02	 3.5307e+03
 3.1874e+00	 3.4939e+03	 2.9939e+00	 3.1640e+00	 5.6079e-12	-3.5341e-12	 3.7562e-11	 1.2579e+09	 2.8610e+02	 3.5361e+03
 1.0087e+00	 3.4939e+03	 4.2449e+00	 8.7257e+00	 4.8942e-12	-1.8201e-12	 5.3258e-11	 1.4413e+09	 2.8611e+02	 3.5413e+03
 1.0000e+06	 3.5386e+03	 1.7882e+00	 8.6655e-04	 4.8185e-10	-4.3831e-07	 2.2436e-11	 1.4639e+07	 2.8610e+02	 3.5491e+03
 3.1646e+05	 3.5386e+03	 1.7887e+00	 2.1445e-03	 3.7736e-10	-1.3879e-07	 2.2441e-11	 1.8693e+07	 2.8610e+02	 3.5517e+03
 1.0014e+05	 3.5386e+03	 1.7899e+00	 3.5640e-03	 1.9847e-10	-4.3988e-08	 2.2457e-11	 3.5542e+07	 2.8610e+02	 3.5541e+03
 3.1691e+04	 3.5386e+03	 1.7922e+00	 7.1654e-03	 1.2627e-10	-1.3960e-08	 2.2485e-11	 5.5863e+07	 2.8611e+02	 3.5566e+03
 1.0029e+04	 3.5386e+03	 1.7977e+00	 1.5255e-02	 8.5072e-11	-4.4485e-09	 2.2554e-11	 8.2918e+07	 2.8610e+02	 3.5591e+03
 3.1737e+03	 3.5386e+03	 1.8122e+00	 2.7929e-02	 4.9288e-11	-1.4334e-09	 2.2737e-11	 1.4312e+08	 2.8610e+02	 3.5616e+03
 1.0043e+03	 3.5386e+03	 1.8338e+00	 3.9725e-02	 2.2185e-11	-4.6567e-10	 2.3007e-11	 3.1796e+08	 2.8610e+02	 3.5640e+03
 3.1783e+02	 3.5386e+03	 1.8489e+00	 7.1730e-02	 1.2677e-11	-1.5002e-10	 2.3196e-11	 5.5644e+08	 2.8610e+02	 3.5666e+03
 1.0058e+02	 3.5386e+03	 1.8745e+00	 1.8897e-01	 1.0568e-11	-4.8911e-11	 2.3518e-11	 6.6745e+08	 2.8610e+02	 3.5691e+03
 3.1829e+01	 3.5386e+03	 1.9890e+00	 5.1507e-01	 9.1160e-12	-1.7504e-11	 2.4954e-11	 7.7380e+08	 2.8610e+02	 3.5719e+03
 1.0072e+01	 3.5386e+03	 2.3402e+00	 1.2675e+00	 7.0991e-12	-7.5061e-12	 2.9360e-11	 9.9364e+08	 2.8610e+02	 3.5749e+03
 3.1874e+00	 3.5386e+03	 2.9933e+00	 3.1940e+00	 5.6611e-12	-3.5330e-12	 3.7554e-11	 1.2460e+09	 2.8609e+02	 3.5806e+03
 1.0087e+00	 3.5386e+03	 4.3113e+00	 8.8240e+00	 4.9493e-12	-1.8573e-12	 5.4090e-11	 1.4252e+09	 2.8610e+02	 3.5857e+03
 1.0000e+06	 3.5830e+03	 1.7882e+00	 7.8828e-04	 4.3833e-10	-4.3829e-07	 2.2435e-11	 1.6093e+07	 2.8610e+02	 3.5935e+03
 3.1646e+05	 3.5830e+03	 1.7888e+00	 2.1406e-03	 3.7669e-10	-1.3881e-07	 2.2443e-11	 1.8726e+07	 2.8610e+02	 3.5961e+03
 1.0014e+05	 3.5830e+03	 1.7900e+00	 3.5369e-03	 1.9696e-10	-4.3990e-08	 2.2457e-11	 3.5815e+07	 2.8610e+02	 3.5986e+03
 3.1691e+04	 3.5830e+03	 1.7922e+00	 7.1322e-03	 1.2569e-10	-1.3960e-08	 2.2485e-11	 5.6124e+07	 2.8610e+02	 3.6010e+03
 1.0029e+04	 3.5830e+03	 1.7977e+00	 1.5177e-02	 8.4638e-11	-4.4486e-09	 2.2554e-11	 8.3343e+07	 2.8610e+02	 3.6037e+03
 3.1737e+03	 3.5830e+03	 1.8122e+00	 2.7586e-02	 4.8682e-11	-1.4333e-09	 2.2736e-11	 1.4490e+08	 2.8610e+02	 3.6062e+03
 1.0043e+03	 3.5830e+03	 1.8335e+00	 3.9577e-02	 2.2102e-11	-4.6551e-10	 2.3004e-11	 3.1915e+08	 2.8610e+02	 3.6089e+03
 3.1783e+02	 3.5830e+03	 1.8483e+00	 7.1986e-02	 1.2722e-11	-1.4993e-10	 2.3190e-11	 5.5447e+08	 2.8609e+02	 3.6113e+03
 1.0058e+02	 3.5830e+03	 1.8744e+00	 1.8921e-01	 1.0582e-11	-4.8902e-11	 2.3516e-11	 6.6660e+08	 2.8609e+02	 3.6138e+03
 3.1829e+01	 3.5830e+03	 1.9884e+00	 5.1477e-01	 9.1107e-12	-1.7494e-11	 2.4947e-11	 7.7425e+08	 2.8609e+02	 3.6168e+03
 1.0072e+01	 3.5830e+03	 2.3395e+00	 1.2682e+00	 7.1028e-12	-7.5022e-12	 2.9351e-11	 9.9313e+08	 2.8610e+02	 3.6197e+03
 3.1874e+00	 3.5830e+03	 2.9801e+00	 3.2015e+00	 5.6744e-12	-3.5095e-12	 3.7389e-11	 1.2431e+09	 2.8609e+02	 3.6252e+03
 1.0087e+00	 3.5830e+03	 4.2620e+00	 8.7614e+00	 4.9142e-12	-1.8296e-12	 5.3471e-11	 1.4354e+09	 2.8610e+02	 3.6304e+03
 1.0000e+06	 3.6277e+03	 1.7882e+00	 8.9355e-04	 4.9687e-10	-4.3828e-07	 2.2435e-11	 1.4197e+07	 2.8609e+02	 3.6381e+03
 3.1646e+05	 3.6277e+03	 1.7888e+00	 1.9747e-03	 3.4748e-10	-1.3880e-07	 2.2442e-11	 2.0300e+07	 2.8610e+02	 3.6408e+03
 1.0014e+05	 3.6277e+03	 1.7900e+00	 3.5512e-03	 1.9776e-10	-4.3991e-08	 2.2457e-11	 3.5670e+07	 2.8610e+02	 3.6432e+03
 3.1691e+04	 3.6277e+03	 1.7922e+00	 7.0981e-03	 1.2508e-10	-1.3961e-08	 2.2485e-11	 5.6394e+07	 2.8609e+02	 3.6457e+03
 1.0029e+04	 3.6277e+03	 1.7977e+00	 1.5122e-02	 8.4329e-11	-4.4484e-09	 2.2554e-11	 8.3648e+07	 2.8609e+02	 3.6482e+03
 3.1737e+03	 3.6277e+03	 1.8121e+00	 2.7663e-02	 4.8820e-11	-1.4332e-09	 2.2735e-11	 1.4449e+08	 2.8610e+02	 3.6507e+03
 1.0043e+03	 3.6277e+03	 1.8334e+00	 3.9459e-02	 2.2037e-11	-4.6541e-10	 2.3002e-11	 3.2010e+08	 2.8610e+02	 3.6535e+03
 3.1783e+02	 3.6277e+03	 1.8483e+00	 7.1993e-02	 1.2723e-11	-1.4992e-10	 2.3189e-11	 5.5441e+08	 2.8609e+02	 3.6559e+03
 1.0058e+02	 3.6277e+03	 1.8744e+00	 1.8914e-01	 1.0578e-11	-4.8903e-11	 2.3517e-11	 6.6684e+08	 2.8609e+02	 3.6585e+03
 3.1829e+01	 3.6277e+03	 1.9890e+00	 5.1468e-01	 9.1091e-12	-1.7504e-11	 2.4954e-11	 7.7439e+08	 2.8609e+02	 3.6613e+03
 1.0072e+01	 3.6277e+03	 2.3385e+00	 1.2680e+00	 7.1017e-12	-7.4969e-12	 2.9340e-11	 9.9327e+08	 2.8609e+02	 3.6644e+03
 3.1874e+00	 3.6277e+03	 2.9819e+00	 3.1847e+00	 5.6445e-12	-3.5128e-12	 3.7412e-11	 1.2497e+09	 2.8609e+02	 3.6698e+03
 1.0087e+00	 3.6277e+03	 4.2759e+00	 8.7469e+00	 4.9060e-12	-1.8374e-12	 5.3646e-11	 1.4378e+09	 2.8609e+02	 3.6749e+03
 1.0000e+06	 3.6722e+03	 1.7883e+00	 8.4226e-04	 4.6835e-10	-4.3832e-07	 2.2436e-11	 1.5061e+07	 2.8609e+02	 3.6827e+03
 3.1646e+05	 3.6722e+03	 1.7888e+00	 2.0061e-03	 3.5301e-10	-1.3880e-07	 2.2443e-11	 1.9982e+07	 2.8609e+02	 3.6854e+03
 1.0014e+05	 3.6722e+03	 1.7900e+00	 3.5638e-03	 1.9846e-10	-4.3991e-08	 2.2457e-11	 3.5544e+07	 2.8610e+02	 3.6878e+03
 3.1691e+04	 3.6722e+03	 1.7922e+00	 7.1150e-03	 1.2538e-10	-1.3960e-08	 2.2485e-11	 5.6260e+07	 2.8609e+02	 3.6902e+03
 1.0029e+04	 3.6722e+03	 1.7977e+00	 1.5118e-02	 8.4306e-11	-4.4487e-09	 2.2555e-11	 8.3671e+07	 2.8609e+02	 3.6928e+03
 3.1737e+03	 3.6722e+03	 1.8121e+00	 2.7646e-02	 4.8790e-11	-1.4332e-09	 2.2735e-11	 1.4458e+08	 2.8609e+02	 3.6952e+03
 1.0043e+03	 3.6722e+03	 1.8333e+00	 3.9421e-02	 2.2015e-11	-4.6535e-10	 2.3000e-11	 3.2041e+08	 2.8609e+02	 3.6977e+03
 3.1783e+02	 3.6722e+03	 1.8483e+00	 7.2013e-02	 1.2727e-11	-1.4992e-10	 2.3189e-11	 5.5425e+08	 2.8609e+02	 3.7002e+03
 1.0058e+02	 3.6722e+03	 1.8745e+00	 1.8909e-01	 1.0576e-11	-4.8906e-11	 2.3517e-11	 6.6700e+08	 2.8609e+02	 3.7028e+03
 3.1829e+01	 3.6722e+03	 1.9890e+00	 5.1377e-01	 9.0931e-12	-1.7505e-11	 2.4955e-11	 7.7575e+08	 2.8608e+02	 3.7057e+03
 1.0072e+01	 3.6722e+03	 2.3366e+00	 1.2656e+00	 7.0885e-12	-7.4863e-12	 2.9316e-11	 9.9513e+08	 2.8609e+02	 3.7088e+03
 3.1874e+00	 3.6722e+03	 2.9829e+00	 3.1915e+00	 5.6567e-12	-3.5146e-12	 3.7425e-11	 1.2470e+09	 2.8609e+02	 3.7144e+03
 1.0087e+00	 3.6722e+03	 4.2391e+00	 8.7329e+00	 4.8982e-12	-1.8168e-12	 5.3184e-11	 1.4401e+09	 2.8609e+02	 3.7194e+03
 1.0000e+06	 3.7167e+03	 1.7882e+00	 9.0731e-04	 5.0452e-10	-4.3829e-07	 2.2435e-11	 1.3982e+07	 2.8609e+02	 3.7273e+03
 3.1646e+05	 3.7167e+03	 1.7888e+00	 2.1616e-03	 3.8038e-10	-1.3880e-07	 2.2442e-11	 1.8545e+07	 2.8609e+02	 3.7300e+03
 1.0014e+05	 3.7167e+03	 1.7900e+00	 3.5401e-03	 1.9714e-10	-4.3994e-08	 2.2458e-11	 3.5782e+07	 2.8609e+02	 3.7324e+03
 3.1691e+04	 3.7167e+03	 1.7922e+00	 7.1234e-03	 1.2553e-10	-1.3961e-08	 2.2486e-11	 5.6194e+07	 2.8609e+02	 3.7349e+03
 1.0029e+04	 3.7167e+03	 1.7977e+00	 1.5119e-02	 8.4316e-11	-4.4486e-09	 2.2554e-11	 8.3661e+07	 2.8609e+02	 3.7374e+03
 3.1737e+03	 3.7167e+03	 1.8122e+00	 2.7584e-02	 4.8680e-11	-1.4333e-09	 2.2736e-11	 1.4491e+08	 2.8609e+02	 3.7400e+03
 1.0043e+03	 3.7167e+03	 1.8335e+00	 3.9496e-02	 2.2058e-11	-4.6547e-10	 2.3003e-11	 3.1980e+08	 2.8609e+02	 3.7428e+03
 3.1783e+02	 3.7167e+03	 1.8484e+00	 7.1970e-02	 1.2719e-11	-1.4993e-10	 2.3190e-11	 5.5458e+08	 2.8608e+02	 3.7453e+03
 1.0058e+02	 3.7167e+03	 1.8749e+00	 1.8856e-01	 1.0546e-11	-4.8932e-11	 2.3523e-11	 6.6888e+08	 2.8609e+02	 3.7480e+03
 3.1829e+01	 3.7167e+03	 1.9906e+00	 5.1168e-01	 9.0560e-12	-1.7533e-11	 2.4975e-11	 7.7892e+08	 2.8609e+02	 3.7509e+03
 1.0072e+01	 3.7167e+03	 2.3414e+00	 1.2579e+00	 7.0452e-12	-7.5129e-12	 2.9375e-11	 1.0012e+09	 2.8608e+02	 3.7539e+03
 3.1874e+00	 3.7167e+03	 2.9960e+00	 3.1609e+00	 5.6025e-12	-3.5378e-12	 3.7588e-11	 1.2591e+09	 2.8608e+02	 3.7595e+03
 1.0087e+00	 3.7167e+03	 4.1934e+00	 8.6087e+00	 4.8285e-12	-1.7911e-12	 5.2611e-11	 1.4609e+09	 2.8609e+02	 3.7648e+03
 1.0000e+06	 3.7620e+03	 1.7883e+00	 8.1046e-04	 4.5066e-10	-4.3832e-07	 2.2436e-11	 1.5652e+07	 2.8608e+02	 3.7727e+03
 3.1646e+05	 3.7620e+03	 1.7888e+00	 1.9225e-03	 3.3831e-10	-1.3881e-07	 2.2443e-11	 2.0851e+07	 2.8609e+02	 3.7752e+03
 1.0014e+05	 3.7620e+03	 1.7900e+00	 3.4667e-03	 1.9305e-10	-4.3995e-08	 2.2458e-11	 3.6540e+07	 2.8608e+02	 3.7778e+03
 3.1691e+04	 3.7620e+03	 1.7923e+00	 7.1032e-03	 1.2517e-10	-1.3961e-08	 2.2486e-11	 5.6353e+07	 2.8608e+02	 3.7802e+03
 1.0029e+04	 3.7620e+03	 1.7977e+00	 1.5101e-02	 8.4211e-11	-4.4487e-09	 2.2555e-11	 8.3766e+07	 2.8608e+02	 3.7830e+03
 3.1737e+03	 3.7620e+03	 1.8121e+00	 2.7557e-02	 4.8631e-11	-1.4332e-09	 2.2735e-11	 1.4505e+08	 2.8608e+02	 3.7854e+03
 1.0043e+03	 3.7620e+03	 1.8333e+00	 3.9407e-02	 2.2008e-11	-4.6540e-10	 2.3001e-11	 3.2052e+08	 2.8608e+02	 3.7879e+03
 3.1783e+02	 3.7620e+03	 1.8485e+00	 7.1905e-02	 1.2708e-11	-1.4995e-10	 2.3191e-11	 5.5509e+08	 2.8608e+02	 3.7906e+03
 1.0058e+02	 3.7620e+03	 1.8754e+00	 1.8799e-01	 1.0514e-11	-4.8960e-11	 2.3529e-11	 6.7091e+08	 2.8608e+02	 3.7930e+03
 3.1829e+01	 3.7620e+03	 1.9915e+00	 5.0921e-01	 9.0122e-12	-1.7548e-11	 2.4986e-11	 7.8271e+08	 2.8608e+02	 3.7958e+03
 1.0072e+01	 3.7620e+03	 2.3451e+00	 1.2525e+00	 7.0149e-12	-7.5337e-12	 2.9422e-11	 1.0056e+09	 2.8609e+02	 3.7990e+03
 3.1874e+00	 3.7620e+03	 2.9967e+00	 3.1426e+00	 5.5700e-12	-3.5391e-12	 3.7598e-11	 1.2664e+09	 2.8608e+02	 3.8043e+03
 1.0087e+00	 3.7620e+03	 4.2053e+00	 8.5483e+00	 4.7947e-12	-1.7978e-12	 5.2761e-11	 1.4712e+09	 2.8608e+02	 3.8094e+03
 1.0000e+06	 3.8067e+03	 1.7882e+00	 9.1357e-04	 5.0800e-10	-4.3829e-07	 2.2435e-11	 1.3886e+07	 2.8608e+02	 3.8173e+03
 3.1646e+05	 3.8067e+03	 1.7888e+00	 2.1772e-03	 3.8312e-10	-1.3880e-07	 2.2442e-11	 1.8412e+07	 2.8609e+02	 3.8198e+03
 1.0014e+05	 3.8067e+03	 1.7900e+00	 3.5629e-03	 1.9840e-10	-4.3991e-08	 2.2457e-11	 3.5554e+07	 2.8608e+02	 3.8225e+03
 3.1691e+04	 3.8067e+03	 1.7923e+00	 7.1360e-03	 1.2575e-10	-1.3961e-08	 2.2486e-11	 5.6094e+07	 2.8608e+02	 3.8249e+03
 1.0029e+04	 3.8067e+03	 1.7977e+00	 1.5141e-02	 8.4439e-11	-4.4487e-09	 2.2555e-11	 8.3540e+07	 2.8608e+02	 3.8277e+03
 3.1737e+03	 3.8067e+03	 1.8122e+00	 2.7742e-02	 4.8958e-11	-1.4333e-09	 2.2736e-11	 1.4408e+08	 2.8608e+02	 3.8302e+03
 1.0043e+03	 3.8067e+03	 1.8335e+00	 3.9484e-02	 2.2051e-11	-4.6550e-10	 2.3004e-11	 3.1990e+08	 2.8608e+02	 3.8327e+03
 3.1783e+02	 3.8067e+03	 1.8488e+00	 7.1707e-02	 1.2673e-11	-1.5001e-10	 2.3195e-11	 5.5662e+08	 2.8608e+02	 3.8352e+03
 1.0058e+02	 3.8067e+03	 1.8755e+00	 1.8787e-01	 1.0507e-11	-4.8962e-11	 2.3530e-11	 6.7135e+08	 2.8608e+02	 3.8378e+03
 3.1829e+01	 3.8067e+03	 1.9927e+00	 5.0823e-01	 8.9950e-12	-1.7570e-11	 2.5001e-11	 7.8421e+08	 2.8608e+02	 3.8407e+03
 1.0072e+01	 3.8067e+03	 2.3492e+00	 1.2481e+00	 6.9903e-12	-7.5564e-12	 2.9473e-11	 1.0091e+09	 2.8608e+02	 3.8438e+03
 3.1874e+00	 3.8067e+03	 3.0026e+00	 3.1381e+00	 5.5620e-12	-3.5494e-12	 3.7671e-11	 1.2682e+09	 2.8608e+02	 3.8491e+03
 1.0087e+00	 3.8067e+03	 4.2172e+00	 8.5743e+00	 4.8093e-12	-1.8045e-12	 5.2909e-11	 1.4667e+09	 2.8608e+02	 3.8542e+03
 1.0000e+06	 3.8515e+03	 1.7883e+00	 8.1222e-04	 4.5164e-10	-4.3836e-07	 2.2437e-11	 1.5618e+07	 2.8608e+02	 3.8624e+03
 3.1646e+05	 3.8515e+03	 1.7888e+00	 1.9854e-03	 3.4936e-10	-1.3881e-07	 2.2443e-11	 2.0191e+07	 2.8608e+02	 3.8649e+03
 1.0014e+05	 3.8515e+03	 1.7900e+00	 3.5702e-03	 1.9881e-10	-4.3992e-08	 2.2458e-11	 3.5481e+07	 2.8608e+02	 3.8673e+03
 3.1691e+04	 3.8515e+03	 1.7923e+00	 7.1278e-03	 1.2561e-10	-1.3962e-08	 2.2486e-11	 5.6158e+07	 2.8608e+02	 3.8698e+03
 1.0029e+04	 3.8515e+03	 1.7977e+00	 1.5226e-02	 8.4909e-11	-4.4487e-09	 2.2555e-11	 8.3077e+07	 2.8608e+02	 3.8725e+03
 3.1737e+03	 3.8515e+03	 1.8123e+00	 2.7887e-02	 4.9214e-11	-1.4335e-09	 2.2737e-11	 1.4333e+08	 2.8608e+02	 3.8749e+03
 1.0043e+03	 3.8515e+03	 1.8341e+00	 3.9895e-02	 2.2280e-11	-4.6582e-10	 2.3011e-11	 3.1660e+08	 2.8608e+02	 3.8774e+03
 3.1783e+02	 3.8515e+03	 1.8495e+00	 7.1445e-02	 1.2627e-11	-1.5013e-10	 2.3204e-11	 5.5866e+08	 2.8608e+02	 3.8799e+03
 1.0058e+02	 3.8515e+03	 1.8755e+00	 1.8765e-01	 1.0495e-11	-4.8965e-11	 2.3530e-11	 6.7214e+08	 2.8608e+02	 3.8823e+03
 3.1829e+01	 3.8515e+03	 1.9925e+00	 5.0857e-01	 9.0009e-12	-1.7565e-11	 2.4998e-11	 7.8369e+08	 2.8608e+02	 3.8853e+03
 1.0072e+01	 3.8515e+03	 2.3501e+00	 1.2481e+00	 6.9904e-12	-7.5616e-12	 2.9485e-11	 1.0091e+09	 2.8608e+02	 3.8884e+03
 3.1874e+00	 3.8515e+03	 3.0068e+00	 3.1345e+00	 5.5557e-12	-3.5568e-12	 3.7723e-11	 1.2697e+09	 2.8608e+02	 3.8938e+03
 1.0087e+00	 3.8515e+03	 4.2479e+00	 8.6090e+00	 4.8287e-12	-1.8217e-12	 5.3294e-11	 1.4608e+09	 2.8608e+02	 3.8989e+03
 1.0000e+06	 3.8962e+03	 1.7883e+00	 8.5007e-04	 4.7269e-10	-4.3835e-07	 2.2436e-11	 1.4923e+07	 2.8608e+02	 3.9069e+03
 3.1646e+05	 3.8962e+03	 1.7888e+00	 1.9434e-03	 3.4198e-10	-1.3881e-07	 2.2443e-11	 2.0627e+07	 2.8608e+02	 3.9094e+03
 1.0014e+05	 3.8962e+03	 1.7901e+00	 3.4975e-03	 1.9477e-10	-4.3998e-08	 2.2459e-11	 3.6218e+07	 2.8608e+02	 3.9120e+03
 3.1691e+04	 3.8962e+03	 1.7923e+00	 7.1687e-03	 1.2633e-10	-1.3962e-08	 2.2486e-11	 5.5838e+07	 2.8608e+02	 3.9147e+03
 1.0029e+04	 3.8962e+03	 1.7978e+00	 1.5185e-02	 8.4680e-11	-4.4489e-09	 2.2555e-11	 8.3301e+07	 2.8608e+02	 3.9172e+03
 3.1737e+03	 3.8962e+03	 1.8123e+00	 2.8009e-02	 4.9430e-11	-1.4335e-09	 2.2737e-11	 1.4271e+08	 2.8608e+02	 3.9197e+03
 1.0043e+03	 3.8962e+03	 1.8341e+00	 3.9864e-02	 2.2263e-11	-4.6583e-10	 2.3011e-11	 3.1685e+08	 2.8608e+02	 3.9224e+03
 3.1783e+02	 3.8962e+03	 1.8494e+00	 7.1455e-02	 1.2628e-11	-1.5011e-10	 2.3203e-11	 5.5858e+08	 2.8609e+02	 3.9249e+03
 1.0058e+02	 3.8962e+03	 1.8758e+00	 1.8740e-01	 1.0481e-11	-4.8982e-11	 2.3534e-11	 6.7304e+08	 2.8608e+02	 3.9277e+03
 3.1829e+01	 3.8962e+03	 1.9928e+00	 5.0769e-01	 8.9854e-12	-1.7571e-11	 2.5002e-11	 7.8504e+08	 2.8608e+02	 3.9305e+03
 1.0072e+01	 3.8962e+03	 2.3502e+00	 1.2446e+00	 6.9709e-12	-7.5620e-12	 2.9485e-11	 1.0119e+09	 2.8608e+02	 3.9334e+03
 3.1874e+00	 3.8962e+03	 3.0035e+00	 3.1460e+00	 5.5760e-12	-3.5510e-12	 3.7682e-11	 1.2651e+09	 2.8608e+02	 3.9388e+03
 1.0087e+00	 3.8962e+03	 4.2173e+00	 8.5786e+00	 4.8116e-12	-1.8046e-12	 5.2911e-11	 1.4660e+09	 2.8608e+02	 3.9439e+03
 1.0000e+06	 3.9412e+03	 1.7883e+00	 8.8678e-04	 4.9311e-10	-4.3833e-07	 2.2436e-11	 1.4305e+07	 2.8607e+02	 3.9522e+03
 3.1646e+05	 3.9412e+03	 1.7889e+00	 2.0949e-03	 3.6864e-10	-1.3882e-07	 2.2444e-11	 1.9135e+07	 2.8608e+02	 3.9548e+03
 1.0014e+05	 3.9412e+03	 1.7901e+00	 3.5675e-03	 1.9866e-10	-4.3996e-08	 2.2459e-11	 3.5507e+07	 2.8608e+02	 3.9574e+03
 3.1691e+04	 3.9412e+03	 1.7923e+00	 7.1459e-03	 1.2593e-10	-1.3962e-08	 2.2486e-11	 5.6016e+07	 2.8609e+02	 3.9599e+03
 1.0029e+04	 3.9412e+03	 1.7978e+00	 1.5211e-02	 8.4829e-11	-4.4490e-09	 2.2555e-11	 8.3155e+07	 2.8608e+02	 3.9624e+03
 3.1737e+03	 3.9412e+03	 1.8123e+00	 2.7963e-02	 4.9348e-11	-1.4336e-09	 2.2738e-11	 1.4294e+08	 2.8608e+02	 3.9651e+03
 1.0043e+03	 3.9412e+03	 1.8342e+00	 4.0000e-02	 2.2339e-11	-4.6588e-10	 2.3012e-11	 3.1577e+08	 2.8608e+02	 3.9676e+03
 3.1783e+02	 3.9412e+03	 1.8496e+00	 7.1409e-02	 1.2620e-11	-1.5015e-10	 2.3206e-11	 5.5894e+08	 2.8608e+02	 3.9703e+03
 1.0058e+02	 3.9412e+03	 1.8757e+00	 1.8735e-01	 1.0478e-11	-4.8974e-11	 2.3532e-11	 6.7320e+08	 2.8608e+02	 3.9728e+03
 3.1829e+01	 3.9412e+03	 1.9920e+00	 5.0833e-01	 8.9968e-12	-1.7557e-11	 2.4992e-11	 7.8405e+08	 2.8608e+02	 3.9757e+03
 1.0072e+01	 3.9412e+03	 2.3499e+00	 1.2486e+00	 6.9932e-12	-7.5608e-12	 2.9483e-11	 1.0087e+09	 2.8608e+02	 3.9787e+03
 3.1874e+00	 3.9412e+03	 3.0092e+00	 3.1492e+00	 5.5817e-12	-3.5611e-12	 3.7753e-11	 1.2638e+09	 2.8608e+02	 3.9842e+03
 1.0087e+00	 3.9412e+03	 4.2769e+00	 8.6717e+00	 4.8639e-12	-1.8380e-12	 5.3659e-11	 1.4503e+09	 2.8608e+02	 3.9892e+03
 1.0000e+06	 3.9867e+03	 1.7883e+00	 8.7378e-04	 4.8588e-10	-4.3833e-07	 2.2436e-11	 1.4518e+07	 2.8608e+02	 3.9972e+03
 3.1646e+05	 3.9867e+03	 1.7889e+00	 2.0984e-03	 3.6925e-10	-1.3882e-07	 2.2444e-11	 1.9103e+07	 2.8608e+02	 3.9997e+03
 1.0014e+05	 3.9867e+03	 1.7901e+00	 3.4904e-03	 1.9437e-10	-4.3996e-08	 2.2458e-11	 3.6292e+07	 2.8607e+02	 4.0024e+03
 3.1691e+04	 3.9867e+03	 1.7923e+00	 7.1719e-03	 1.2639e-10	-1.3962e-08	 2.2486e-11	 5.5813e+07	 2.8608e+02	 4.0048e+03
 1.0029e+04	 3.9867e+03	 1.7978e+00	 1.5234e-02	 8.4954e-11	-4.4489e-09	 2.2555e-11	 8.3033e+07	 2.8607e+02	 4.0072e+03
 3.1737e+03	 3.9867e+03	 1.8123e+00	 2.7970e-02	 4.9361e-11	-1.4335e-09	 2.2737e-11	 1.4291e+08	 2.8608e+02	 4.0099e+03
 1.0043e+03	 3.9867e+03	 1.8342e+00	 3.9985e-02	 2.2330e-11	-4.6587e-10	 2.3012e-11	 3.1589e+08	 2.8608e+02	 4.0124e+03
 3.1783e+02	 3.9867e+03	 1.8494e+00	 7.1480e-02	 1.2633e-11	-1.5011e-10	 2.3203e-11	 5.5839e+08	 2.8608e+02	 4.0150e+03
 1.0058e+02	 3.9867e+03	 1.8749e+00	 1.8778e-01	 1.0502e-11	-4.8933e-11	 2.3523e-11	 6.7168e+08	 2.8607e+02	 4.0176e+03
 3.1829e+01	 3.9867e+03	 1.9895e+00	 5.1121e-01	 9.0477e-12	-1.7513e-11	 2.4961e-11	 7.7964e+08	 2.8607e+02	 4.0207e+03
 1.0072e+01	 3.9867e+03	 2.3434e+00	 1.2569e+00	 7.0396e-12	-7.5239e-12	 2.9400e-11	 1.0020e+09	 2.8608e+02	 4.0237e+03
 3.1874e+00	 3.9867e+03	 2.9956e+00	 3.1597e+00	 5.6002e-12	-3.5369e-12	 3.7583e-11	 1.2596e+09	 2.8607e+02	 4.0292e+03
 1.0087e+00	 3.9867e+03	 4.2904e+00	 8.6880e+00	 4.8730e-12	-1.8455e-12	 5.3828e-11	 1.4476e+09	 2.8607e+02	 4.0344e+03
 1.0000e+06	 4.0317e+03	 1.7883e+00	 8.4200e-04	 4.6821e-10	-4.3835e-07	 2.2436e-11	 1.5066e+07	 2.8607e+02	 4.0422e+03
 3.1646e+05	 4.0317e+03	 1.7888e+00	 2.1658e-03	 3.8111e-10	-1.3881e-07	 2.2443e-11	 1.8509e+07	 2.8607e+02	 4.0450e+03
 1.0014e+05	 4.0317e+03	 1.7901e+00	 3.5174e-03	 1.9587e-10	-4.3999e-08	 2.2459e-11	 3.6014e+07	 2.8607e+02	 4.0474e+03
 3.1691e+04	 4.0317e+03	 1.7923e+00	 7.1130e-03	 1.2535e-10	-1.3962e-08	 2.2486e-11	 5.6275e+07	 2.8607e+02	 4.0502e+03
 1.0029e+04	 4.0317e+03	 1.7978e+00	 1.5225e-02	 8.4906e-11	-4.4490e-09	 2.2555e-11	 8.3080e+07	 2.8607e+02	 4.0527e+03
 3.1737e+03	 4.0317e+03	 1.8122e+00	 2.8000e-02	 4.9414e-11	-1.4334e-09	 2.2737e-11	 1.4275e+08	 2.8606e+02	 4.0552e+03
 1.0043e+03	 4.0317e+03	 1.8342e+00	 3.9975e-02	 2.2325e-11	-4.6587e-10	 2.3012e-11	 3.1597e+08	 2.8606e+02	 4.0578e+03
 3.1783e+02	 4.0317e+03	 1.8494e+00	 7.1412e-02	 1.2621e-11	-1.5012e-10	 2.3203e-11	 5.5892e+08	 2.8607e+02	 4.0603e+03
 1.0058e+02	 4.0317e+03	 1.8751e+00	 1.8754e-01	 1.0488e-11	-4.8940e-11	 2.3525e-11	 6.7254e+08	 2.8606e+02	 4.0630e+03
 3.1829e+01	 4.0317e+03	 1.9890e+00	 5.1042e-01	 9.0337e-12	-1.7504e-11	 2.4954e-11	 7.8085e+08	 2.8607e+02	 4.0659e+03
 1.0072e+01	 4.0317e+03	 2.3433e+00	 1.2577e+00	 7.0444e-12	-7.5239e-12	 2.9400e-11	 1.0014e+09	 2.8606e+02	 4.0689e+03
 3.1874e+00	 4.0317e+03	 2.9943e+00	 3.1558e+00	 5.5934e-12	-3.5347e-12	 3.7567e-11	 1.2611e+09	 2.8606e+02	 4.0743e+03
 1.0087e+00	 4.0317e+03	 4.2951e+00	 8.6919e+00	 4.8752e-12	-1.8482e-12	 5.3887e-11	 1.4469e+09	 2.8606e+02	 4.0794e+03
 1.0000e+06	 4.0767e+03	 1.7882e+00	 9.0766e-04	 5.0471e-10	-4.3827e-07	 2.2435e-11	 1.3976e+07	 2.8607e+02	 4.0875e+03
 3.1646e+05	 4.0767e+03	 1.7885e+00	 2.0333e-03	 3.5779e-10	-1.3875e-07	 2.2439e-11	 1.9715e+07	 2.8607e+02	 4.0901e+03
 1.0014e+05	 4.0767e+03	 1.7864e+00	 3.3802e-03	 1.8823e-10	-4.3791e-08	 2.2412e-11	 3.7475e+07	 2.8607e+02	 4.0925e+03
 3.1691e+04	 4.0767e+03	 1.7922e+00	 7.0870e-03	 1.2489e-10	-1.3960e-08	 2.2485e-11	 5.6482e+07	 2.8607e+02	 4.0951e+03
 1.0029e+04	 4.0767e+03	 1.7977e+00	 1.5153e-02	 8.4503e-11	-4.4483e-09	 2.2554e-11	 8.3475e+07	 2.8607e+02	 4.0976e+03
 3.1737e+03	 4.0767e+03	 1.8120e+00	 2.7715e-02	 4.8911e-11	-1.4330e-09	 2.2734e-11	 1.4422e+08	 2.8607e+02	 4.1003e+03
 1.0043e+03	 4.0767e+03	 1.8337e+00	 3.9780e-02	 2.2216e-11	-4.6559e-10	 2.3006e-11	 3.1752e+08	 2.8607e+02	 4.1028e+03
 3.1783e+02	 4.0767e+03	 1.8476e+00	 7.2691e-02	 1.2847e-11	-1.4980e-10	 2.3181e-11	 5.4909e+08	 2.8607e+02	 4.1052e+03
 1.0058e+02	 4.0767e+03	 1.8742e+00	 1.8907e-01	 1.0574e-11	-4.8892e-11	 2.3514e-11	 6.6709e+08	 2.8607e+02	 4.1080e+03
 3.1829e+01	 4.0767e+03	 1.9892e+00	 5.1247e-01	 9.0700e-12	-1.7507e-11	 2.4956e-11	 7.7772e+08	 2.8606e+02	 4.1110e+03
 1.0072e+01	 4.0767e+03	 2.3409e+00	 1.2582e+00	 7.0472e-12	-7.5100e-12	 2.9369e-11	 1.0010e+09	 2.8607e+02	 4.1140e+03
 3.1874e+00	 4.0767e+03	 2.9897e+00	 3.1575e+00	 5.5964e-12	-3.5266e-12	 3.7509e-11	 1.2605e+09	 2.8607e+02	 4.1197e+03
 1.0087e+00	 4.0767e+03	 4.2277e+00	 8.5458e+00	 4.7933e-12	-1.8104e-12	 5.3041e-11	 1.4716e+09	 2.8607e+02	 4.1248e+03
 1.0000e+06	 4.1222e+03	 1.7882e+00	 8.1361e-04	 4.5242e-10	-4.3830e-07	 2.2435e-11	 1.5592e+07	 2.8607e+02	 4.1329e+03
 3.1646e+05	 4.1222e+03	 1.7888e+00	 1.8221e-03	 3.2064e-10	-1.3880e-07	 2.2442e-11	 2.2000e+07	 2.8606e+02	 4.1357e+03
 1.0014e+05	 4.1222e+03	 1.7900e+00	 3.2512e-03	 1.8105e-10	-4.3990e-08	 2.2457e-11	 3.8962e+07	 2.8606e+02	 4.1382e+03
 3.1691e+04	 4.1222e+03	 1.7920e+00	 6.2186e-03	 1.0959e-10	-1.3956e-08	 2.2482e-11	 6.4370e+07	 2.8606e+02	 4.1409e+03
 1.0029e+04	 4.1222e+03	 1.7961e+00	 1.3352e-02	 7.4457e-11	-4.4394e-09	 2.2534e-11	 9.4739e+07	 2.8606e+02	 4.1434e+03
 3.1737e+03	 4.1222e+03	 1.8087e+00	 2.6770e-02	 4.7242e-11	-1.4272e-09	 2.2692e-11	 1.4931e+08	 2.8607e+02	 4.1459e+03
 1.0043e+03	 4.1222e+03	 1.8303e+00	 4.0749e-02	 2.2757e-11	-4.6371e-10	 2.2963e-11	 3.0997e+08	 2.8606e+02	 4.1484e+03
 3.1783e+02	 4.1222e+03	 1.8474e+00	 7.3360e-02	 1.2965e-11	-1.4976e-10	 2.3178e-11	 5.4408e+08	 2.8607e+02	 4.1510e+03
 1.0058e+02	 4.1222e+03	 1.8750e+00	 1.8860e-01	 1.0548e-11	-4.8934e-11	 2.3523e-11	 6.6875e+08	 2.8607e+02	 4.1537e+03
 3.1829e+01	 4.1222e+03	 1.9917e+00	 5.0889e-01	 9.0067e-12	-1.7551e-11	 2.4988e-11	 7.8319e+08	 2.8607e+02	 4.1568e+03
 1.0072e+01	 4.1222e+03	 2.3496e+00	 1.2425e+00	 6.9588e-12	-7.5591e-12	 2.9479e-11	 1.0137e+09	 2.8607e+02	 4.1599e+03
 3.1874e+00	 4.1222e+03	 3.0060e+00	 3.1373e+00	 5.5607e-12	-3.5554e-12	 3.7713e-11	 1.2685e+09	 2.8607e+02	 4.1654e+03
 1.0087e+00	 4.1222e+03	 4.2560e+00	 8.5161e+00	 4.7766e-12	-1.8263e-12	 5.3397e-11	 1.4768e+09	 2.8607e+02	 4.1707e+03
 1.0000e+06	 4.1680e+03	 1.7882e+00	 8.1257e-04	 4.5184e-10	-4.3829e-07	 2.2435e-11	 1.5612e+07	 2.8606e+02	 4.1786e+03
 3.1646e+05	 4.1680e+03	 1.7888e+00	 2.0905e-03	 3.6786e-10	-1.3880e-07	 2.2443e-11	 1.9176e+07	 2.8606e+02	 4.1812e+03
 1.0014e+05	 4.1680e+03	 1.7900e+00	 3.4147e-03	 1.9015e-10	-4.3993e-08	 2.2458e-11	 3.7096e+07	 2.8606e+02	 4.1838e+03
 3.1691e+04	 4.1680e+03	 1.7921e+00	 6.5058e-03	 1.1465e-10	-1.3959e-08	 2.2484e-11	 6.1528e+07	 2.8607e+02	 4.1864e+03
 1.0029e+04	 4.1680e+03	 1.7967e+00	 1.3575e-02	 7.5701e-11	-4.4430e-09	 2.2542e-11	 9.3182e+07	 2.8606e+02	 4.1889e+03
 3.1737e+03	 4.1680e+03	 1.8089e+00	 2.6694e-02	 4.7109e-11	-1.4275e-09	 2.2695e-11	 1.4974e+08	 2.8607e+02	 4.1913e+03
 1.0043e+03	 4.1680e+03	 1.8304e+00	 4.0637e-02	 2.2694e-11	-4.6375e-10	 2.2964e-11	 3.1082e+08	 2.8606e+02	 4.1939e+03
 3.1783e+02	 4.1680e+03	 1.8475e+00	 7.3404e-02	 1.2973e-11	-1.4978e-10	 2.3179e-11	 5.4375e+08	 2.8606e+02	 4.1964e+03
 1.0058e+02	 4.1680e+03	 1.8755e+00	 1.8876e-01	 1.0557e-11	-4.8962e-11	 2.3530e-11	 6.6819e+08	 2.8606e+02	 4.1993e+03
 3.1829e+01	 4.1680e+03	 1.9936e+00	 5.0800e-01	 8.9909e-12	-1.7586e-11	 2.5013e-11	 7.8457e+08	 2.8606e+02	 4.2022e+03
 1.0072e+01	 4.1680e+03	 2.3548e+00	 1.2406e+00	 6.9482e-12	-7.5878e-12	 2.9543e-11	 1.0152e+09	 2.8607e+02	 4.2052e+03
 3.1874e+00	 4.1680e+03	 3.0170e+00	 3.1164e+00	 5.5236e-12	-3.5750e-12	 3.7852e-11	 1.2771e+09	 2.8606e+02	 4.2108e+03
 1.0087e+00	 4.1680e+03	 4.2253e+00	 8.4987e+00	 4.7668e-12	-1.8091e-12	 5.3012e-11	 1.4798e+09	 2.8607e+02	 4.2158e+03
 1.0000e+06	 4.2130e+03	 1.7885e+00	 8.5804e-04	 4.7713e-10	-4.3844e-07	 2.2438e-11	 1.4784e+07	 2.8607e+02	 4.2234e+03
 3.1646e+05	 4.2130e+03	 1.7891e+00	 2.0156e-03	 3.5469e-10	-1.3886e-07	 2.2446e-11	 1.9888e+07	 2.8606e+02	 4.2259e+03
 1.0014e+05	 4.2130e+03	 1.7903e+00	 3.5734e-03	 1.9899e-10	-4.4007e-08	 2.2461e-11	 3.5449e+07	 2.8606e+02	 4.2284e+03
 3.1691e+04	 4.2130e+03	 1.7900e+00	 6.9754e-03	 1.2292e-10	-1.3922e-08	 2.2458e-11	 5.7385e+07	 2.8606e+02	 4.2310e+03
 1.0029e+04	 4.2130e+03	 1.7978e+00	 1.5389e-02	 8.5820e-11	-4.4492e-09	 2.2556e-11	 8.2195e+07	 2.8606e+02	 4.2334e+03
 3.1737e+03	 4.2130e+03	 1.8120e+00	 2.8395e-02	 5.0110e-11	-1.4331e-09	 2.2734e-11	 1.4077e+08	 2.8606e+02	 4.2362e+03
 1.0043e+03	 4.2130e+03	 1.8340e+00	 4.1380e-02	 2.3109e-11	-4.6576e-10	 2.3009e-11	 3.0524e+08	 2.8606e+02	 4.2387e+03
 3.1783e+02	 4.2130e+03	 1.8515e+00	 7.0829e-02	 1.2518e-11	-1.5048e-10	 2.3229e-11	 5.6352e+08	 2.8606e+02	 4.2412e+03
 1.0058e+02	 4.2130e+03	 1.8766e+00	 1.7286e-01	 9.6676e-12	-4.9028e-11	 2.3544e-11	 7.2965e+08	 2.8606e+02	 4.2438e+03
 3.1829e+01	 4.2130e+03	 1.9740e+00	 4.5122e-01	 7.9860e-12	-1.7239e-11	 2.4766e-11	 8.8329e+08	 2.8606e+02	 4.2468e+03
 1.0072e+01	 4.2130e+03	 2.2770e+00	 1.0871e+00	 6.0887e-12	-7.1522e-12	 2.8568e-11	 1.1585e+09	 2.8606e+02	 4.2498e+03
 3.1874e+00	 4.2130e+03	 2.8631e+00	 2.5959e+00	 4.6011e-12	-3.3022e-12	 3.5921e-11	 1.5331e+09	 2.8606e+02	 4.2554e+03
 1.0087e+00	 4.2130e+03	 3.9273e+00	 6.6836e+00	 3.7488e-12	-1.6419e-12	 4.9272e-11	 1.8817e+09	 2.8606e+02	 4.2605e+03
 1.0000e+06	 4.2579e+03	 1.7878e+00	 7.0668e-04	 3.9296e-10	-4.3805e-07	 2.2430e-11	 1.7951e+07	 2.8606e+02	 4.2685e+03
 3.1646e+05	 4.2579e+03	 1.7883e+00	 1.9067e-03	 3.3551e-10	-1.3872e-07	 2.2436e-11	 2.1024e+07	 2.8606e+02	 4.2712e+03
 1.0014e+05	 4.2579e+03	 1.7892e+00	 2.9456e-03	 1.6403e-10	-4.3950e-08	 2.2448e-11	 4.3004e+07	 2.8606e+02	 4.2738e+03
 3.1691e+04	 4.2579e+03	 1.7911e+00	 5.9133e-03	 1.0421e-10	-1.3940e-08	 2.2471e-11	 6.7693e+07	 2.8606e+02	 4.2762e+03
 1.0029e+04	 4.2579e+03	 1.7943e+00	 1.2239e-02	 6.8255e-11	-4.4294e-09	 2.2511e-11	 1.0335e+08	 2.8606e+02	 4.2787e+03
 3.1737e+03	 4.2579e+03	 1.8027e+00	 2.4188e-02	 4.2686e-11	-1.4166e-09	 2.2617e-11	 1.6525e+08	 2.8606e+02	 4.2812e+03
 1.0043e+03	 4.2579e+03	 1.8241e+00	 3.7124e-02	 2.0732e-11	-4.6021e-10	 2.2885e-11	 3.4024e+08	 2.8606e+02	 4.2837e+03
 3.1783e+02	 4.2579e+03	 1.8618e+00	 1.8589e-01	 3.2852e-11	-1.5230e-10	 2.3358e-11	 2.1472e+08	 2.8606e+02	 4.2870e+03
 1.0058e+02	 4.2579e+03	 2.0188e+00	 6.9134e-01	 3.8665e-11	-5.6981e-11	 2.5329e-11	 1.8244e+08	 2.8612e+02	 4.2924e+03
 3.1829e+01	 4.2579e+03	 1.8673e+00	 3.8606e-01	 6.8327e-12	-1.5350e-11	 2.3427e-11	 1.0324e+09	 2.8618e+02	 4.2951e+03
 1.0072e+01	 4.2579e+03	 2.1174e+00	 1.0294e+00	 5.7657e-12	-6.2585e-12	 2.6566e-11	 1.2234e+09	 2.8630e+02	 4.2982e+03
 3.1874e+00	 4.2579e+03	-5.5941e-02	 1.1126e-04	 1.9720e-16	 1.8716e-12	-7.0185e-13	 3.5770e+13	 2.8657e+02	 4.3038e+03
 1.0087e+00	 4.2579e+03	 3.7486e+00	 7.5914e+00	 4.2579e-12	-1.5417e-12	 4.7031e-11	 1.6567e+09	 2.8719e+02	 4.3152e+03
 1.0000e+06	 4.3125e+03	 1.7870e+00	 6.2235e-04	 3.4606e-10	-4.3764e-07	 2.2420e-11	 2.0383e+07	 2.8731e+02	 4.3233e+03
 3.1646e+05	 4.3125e+03	 1.7874e+00	 1.6367e-03	 2.8801e-10	-1.3855e-07	 2.2425e-11	 2.4492e+07	 2.8732e+02	 4.3258e+03
 1.0014e+05	 4.3125e+03	 1.7883e+00	 2.7216e-03	 1.5155e-10	-4.3895e-08	 2.2436e-11	 4.6544e+07	 2.8732e+02	 4.3282e+03
 3.1691e+04	 4.3125e+03	 1.7899e+00	 5.3187e-03	 9.3727e-11	-1.3919e-08	 2.2456e-11	 7.5261e+07	 2.8734e+02	 4.3309e+03
 1.0029e+04	 4.3125e+03	 1.7936e+00	 1.1408e-02	 6.3618e-11	-4.4256e-09	 2.2503e-11	 1.1088e+08	 2.8734e+02	 4.3333e+03
 3.1737e+03	 4.3125e+03	 1.8044e+00	 2.4010e-02	 4.2372e-11	-1.4195e-09	 2.2638e-11	 1.6648e+08	 2.8735e+02	 4.3358e+03
 1.0043e+03	 4.3125e+03	 1.8254e+00	 3.6978e-02	 2.0651e-11	-4.6095e-10	 2.2902e-11	 3.4158e+08	 2.8734e+02	 4.3382e+03
 3.1783e+02	 4.3125e+03	 1.8451e+00	 5.7028e-02	 1.0079e-11	-1.4935e-10	 2.3148e-11	 6.9989e+08	 2.8735e+02	 4.3407e+03
 1.0058e+02	 4.3125e+03	 1.8641e+00	 1.3082e-01	 7.3163e-12	-4.8328e-11	 2.3387e-11	 9.6414e+08	 2.8735e+02	 4.3434e+03
 3.1829e+01	 4.3125e+03	 1.9265e+00	 3.5393e-01	 6.2640e-12	-1.6398e-11	 2.4171e-11	 1.1261e+09	 2.8735e+02	 4.3462e+03
 1.0072e+01	 4.3125e+03	 2.1280e+00	 9.1588e-01	 5.1297e-12	-6.3175e-12	 2.6698e-11	 1.3751e+09	 2.8734e+02	 4.3492e+03
 3.1874e+00	 4.3125e+03	 2.5663e+00	 2.3502e+00	 4.1655e-12	-2.7762e-12	 3.2198e-11	 1.6934e+09	 2.8733e+02	 4.3597e+03
 1.0087e+00	 4.3125e+03	 3.5016e+00	 6.2920e+00	 3.5291e-12	-1.4031e-12	 4.3932e-11	 1.9988e+09	 2.8733e+02	 4.3649e+03
 1.0000e+06	 4.3622e+03	 1.7865e+00	 6.6306e-04	 3.6870e-10	-4.3732e-07	 2.2413e-11	 1.9132e+07	 2.8732e+02	 4.3726e+03
 3.1646e+05	 4.3622e+03	 1.7868e+00	 1.5803e-03	 2.7809e-10	-1.3846e-07	 2.2418e-11	 2.5366e+07	 2.8731e+02	 4.3750e+03
 1.0014e+05	 4.3622e+03	 1.7876e+00	 2.5379e-03	 1.4133e-10	-4.3860e-08	 2.2428e-11	 4.9912e+07	 2.8731e+02	 4.3776e+03
 3.1691e+04	 4.3622e+03	 1.7892e+00	 5.0524e-03	 8.9034e-11	-1.3907e-08	 2.2447e-11	 7.9228e+07	 2.8730e+02	 4.3801e+03
 1.0029e+04	 4.3622e+03	 1.7926e+00	 1.1090e-02	 6.1844e-11	-4.4202e-09	 2.2490e-11	 1.1406e+08	 2.8730e+02	 4.3826e+03
 3.1737e+03	 4.3622e+03	 1.8026e+00	 2.2622e-02	 3.9923e-11	-1.4164e-09	 2.2615e-11	 1.7669e+08	 2.8730e+02	 4.3850e+03
 1.0043e+03	 4.3622e+03	 1.8233e+00	 3.5765e-02	 1.9974e-11	-4.5978e-10	 2.2875e-11	 3.5316e+08	 2.8729e+02	 4.3874e+03
 3.1783e+02	 4.3622e+03	 1.8434e+00	 5.3796e-02	 9.5074e-12	-1.4905e-10	 2.3128e-11	 7.4194e+08	 2.8730e+02	 4.3902e+03
 1.0058e+02	 4.3622e+03	 1.8606e+00	 1.2269e-01	 6.8620e-12	-4.8130e-11	 2.3343e-11	 1.0280e+09	 2.8729e+02	 4.3928e+03
 3.1829e+01	 4.3622e+03	 1.9216e+00	 3.3641e-01	 5.9540e-12	-1.6311e-11	 2.4109e-11	 1.1847e+09	 2.8728e+02	 4.3956e+03
 1.0072e+01	 4.3622e+03	 2.1287e+00	 8.7030e-01	 4.8744e-12	-6.3217e-12	 2.6707e-11	 1.4471e+09	 2.8728e+02	 4.3985e+03
 3.1874e+00	 4.3622e+03	 2.5752e+00	 2.2505e+00	 3.9888e-12	-2.7920e-12	 3.2309e-11	 1.7685e+09	 2.8727e+02	 4.4091e+03
 1.0087e+00	 4.3622e+03	 3.5094e+00	 6.0686e+00	 3.4038e-12	-1.4075e-12	 4.4030e-11	 2.0724e+09	 2.8726e+02	 4.4141e+03
 1.0000e+06	 4.4114e+03	 1.7865e+00	 5.4007e-04	 3.0031e-10	-4.3734e-07	 2.2414e-11	 2.3489e+07	 2.8725e+02	 4.4220e+03
 3.1646e+05	 4.4114e+03	 1.7868e+00	 1.5412e-03	 2.7120e-10	-1.3844e-07	 2.2417e-11	 2.6010e+07	 2.8724e+02	 4.4244e+03
 1.0014e+05	 4.4114e+03	 1.7877e+00	 2.5661e-03	 1.4290e-10	-4.3864e-08	 2.2429e-11	 4.9364e+07	 2.8724e+02	 4.4269e+03
 3.1691e+04	 4.4114e+03	 1.7892e+00	 5.1184e-03	 9.0199e-11	-1.3908e-08	 2.2448e-11	 7.8205e+07	 2.8724e+02	 4.4294e+03
 1.0029e+04	 4.4114e+03	 1.7915e+00	 1.1108e-02	 6.1946e-11	-4.4142e-09	 2.2477e-11	 1.1387e+08	 2.8724e+02	 4.4319e+03
 3.1737e+03	 4.4114e+03	 1.8010e+00	 2.2021e-02	 3.8862e-11	-1.4135e-09	 2.2595e-11	 1.8151e+08	 2.8723e+02	 4.4344e+03
 1.0043e+03	 4.4114e+03	 1.8210e+00	 3.4877e-02	 1.9478e-11	-4.5849e-10	 2.2846e-11	 3.6216e+08	 2.8723e+02	 4.4370e+03
 3.1783e+02	 4.4114e+03	 1.8424e+00	 5.5841e-02	 9.8688e-12	-1.4888e-10	 2.3115e-11	 7.1477e+08	 2.8723e+02	 4.4395e+03
 1.0058e+02	 4.4114e+03	 1.8596e+00	 1.3043e-01	 7.2946e-12	-4.8078e-11	 2.3331e-11	 9.6701e+08	 2.8723e+02	 4.4422e+03
 3.1829e+01	 4.4114e+03	 1.9309e+00	 3.5527e-01	 6.2879e-12	-1.6476e-11	 2.4226e-11	 1.1218e+09	 2.8723e+02	 4.4450e+03
 1.0072e+01	 4.4114e+03	 2.1510e+00	 9.1239e-01	 5.1101e-12	-6.4468e-12	 2.6987e-11	 1.3804e+09	 2.8722e+02	 4.4481e+03
 3.1874e+00	 4.4114e+03	 2.6190e+00	 2.3820e+00	 4.2219e-12	-2.8696e-12	 3.2859e-11	 1.6708e+09	 2.8720e+02	 4.4588e+03
 1.0087e+00	 4.4114e+03	 3.5595e+00	 6.4464e+00	 3.6157e-12	-1.4356e-12	 4.4657e-11	 1.9509e+09	 2.8720e+02	 4.4638e+03
 1.0000e+06	 4.4610e+03	 1.7773e+00	 3.9002e-04	 2.1688e-10	-4.3221e-07	 2.2298e-11	 3.2525e+07	 2.8719e+02	 4.4717e+03
 3.1646e+05	 4.4610e+03	 1.7828e+00	 1.4943e-03	 2.6295e-10	-1.3774e-07	 2.2367e-11	 2.6826e+07	 2.8719e+02	 4.4744e+03
 1.0014e+05	 4.4610e+03	 1.7875e+00	 2.7754e-03	 1.5455e-10	-4.3851e-08	 2.2426e-11	 4.5641e+07	 2.8719e+02	 4.4769e+03
 3.1691e+04	 4.4610e+03	 1.7898e+00	 5.5239e-03	 9.7344e-11	-1.3918e-08	 2.2455e-11	 7.2464e+07	 2.8719e+02	 4.4798e+03
 1.0029e+04	 4.4610e+03	 1.7937e+00	 1.2089e-02	 6.7414e-11	-4.4261e-09	 2.2504e-11	 1.0464e+08	 2.8719e+02	 4.4823e+03
 3.1737e+03	 4.4610e+03	 1.8044e+00	 2.3910e-02	 4.2196e-11	-1.4195e-09	 2.2638e-11	 1.6717e+08	 2.8719e+02	 4.4851e+03
 1.0043e+03	 4.4610e+03	 1.8213e+00	 3.6862e-02	 2.0586e-11	-4.5867e-10	 2.2850e-11	 3.4265e+08	 2.8719e+02	 4.4876e+03
 3.1783e+02	 4.4610e+03	 1.8405e+00	 5.8770e-02	 1.0387e-11	-1.4854e-10	 2.3091e-11	 6.7915e+08	 2.8718e+02	 4.4903e+03
 1.0058e+02	 4.4610e+03	 1.8612e+00	 1.3869e-01	 7.7568e-12	-4.8163e-11	 2.3351e-11	 9.0939e+08	 2.8719e+02	 4.4929e+03
 3.1829e+01	 4.4610e+03	 1.9357e+00	 3.7242e-01	 6.5913e-12	-1.6561e-11	 2.4286e-11	 1.0702e+09	 2.8718e+02	 4.4957e+03
 1.0072e+01	 4.4610e+03	 2.1691e+00	 9.4036e-01	 5.2668e-12	-6.5481e-12	 2.7214e-11	 1.3393e+09	 2.8718e+02	 4.4986e+03
 3.1874e+00	 4.4610e+03	 2.6620e+00	 2.3881e+00	 4.2327e-12	-2.9457e-12	 3.3398e-11	 1.6665e+09	 2.8718e+02	 4.5042e+03
 1.0087e+00	 4.4610e+03	 3.6471e+00	 6.5353e+00	 3.6656e-12	-1.4848e-12	 4.5758e-11	 1.9244e+09	 2.8718e+02	 4.5092e+03
 1.0000e+06	 4.5065e+03	 1.7869e+00	 5.7489e-04	 3.1967e-10	-4.3757e-07	 2.2419e-11	 2.2066e+07	 2.8718e+02	 4.5171e+03
 3.1646e+05	 4.5065e+03	 1.7871e+00	 1.6575e-03	 2.9167e-10	-1.3850e-07	 2.2421e-11	 2.4185e+07	 2.8718e+02	 4.5196e+03
 1.0014e+05	 4.5065e+03	 1.7880e+00	 2.6711e-03	 1.4875e-10	-4.3882e-08	 2.2433e-11	 4.7423e+07	 2.8717e+02	 4.5222e+03
 3.1691e+04	 4.5065e+03	 1.7896e+00	 5.1684e-03	 9.1079e-11	-1.3914e-08	 2.2452e-11	 7.7449e+07	 2.8717e+02	 4.5247e+03
 1.0029e+04	 4.5065e+03	 1.7932e+00	 1.1177e-02	 6.2333e-11	-4.4235e-09	 2.2498e-11	 1.1317e+08	 2.8717e+02	 4.5272e+03
 3.1737e+03	 4.5065e+03	 1.8033e+00	 2.1900e-02	 3.8649e-11	-1.4176e-09	 2.2624e-11	 1.8251e+08	 2.8716e+02	 4.5297e+03
 1.0043e+03	 4.5065e+03	 1.8217e+00	 3.5485e-02	 1.9818e-11	-4.5890e-10	 2.2856e-11	 3.5594e+08	 2.8716e+02	 4.5322e+03
 3.1783e+02	 4.5065e+03	 1.8398e+00	 5.6068e-02	 9.9089e-12	-1.4842e-10	 2.3082e-11	 7.1188e+08	 2.8716e+02	 4.5348e+03
 1.0058e+02	 4.5065e+03	 1.8590e+00	 1.2975e-01	 7.2565e-12	-4.8044e-11	 2.3324e-11	 9.7208e+08	 2.8716e+02	 4.5372e+03
 3.1829e+01	 4.5065e+03	 1.9326e+00	 3.5015e-01	 6.1972e-12	-1.6506e-11	 2.4247e-11	 1.1382e+09	 2.8715e+02	 4.5400e+03
 1.0072e+01	 4.5065e+03	 2.1472e+00	 8.8501e-01	 4.9568e-12	-6.4251e-12	 2.6939e-11	 1.4231e+09	 2.8715e+02	 4.5431e+03
 3.1874e+00	 4.5065e+03	 2.5908e+00	 2.2239e+00	 3.9417e-12	-2.8195e-12	 3.2504e-11	 1.7896e+09	 2.8713e+02	 4.5538e+03
 1.0087e+00	 4.5065e+03	 3.5182e+00	 5.9771e+00	 3.3525e-12	-1.4124e-12	 4.4139e-11	 2.1041e+09	 2.8713e+02	 4.5590e+03
 1.0000e+06	 4.5563e+03	 1.7870e+00	 3.9248e-04	 2.1824e-10	-4.3761e-07	 2.2420e-11	 3.2322e+07	 2.8712e+02	 4.5671e+03
 3.1646e+05	 4.5563e+03	 1.7873e+00	 1.6425e-03	 2.8904e-10	-1.3854e-07	 2.2424e-11	 2.4405e+07	 2.8712e+02	 4.5696e+03
 1.0014e+05	 4.5563e+03	 1.7882e+00	 2.5535e-03	 1.4220e-10	-4.3894e-08	 2.2435e-11	 4.9608e+07	 2.8712e+02	 4.5721e+03
 3.1691e+04	 4.5563e+03	 1.7897e+00	 4.9926e-03	 8.7981e-11	-1.3917e-08	 2.2454e-11	 8.0176e+07	 2.8711e+02	 4.5746e+03
 1.0029e+04	 4.5563e+03	 1.7932e+00	 1.0714e-02	 5.9748e-11	-4.4233e-09	 2.2497e-11	 1.1806e+08	 2.8711e+02	 4.5770e+03
 3.1737e+03	 4.5563e+03	 1.8029e+00	 2.1400e-02	 3.7766e-11	-1.4169e-09	 2.2619e-11	 1.8678e+08	 2.8711e+02	 4.5796e+03
 1.0043e+03	 4.5563e+03	 1.8215e+00	 3.3544e-02	 1.8733e-11	-4.5878e-10	 2.2853e-11	 3.7655e+08	 2.8711e+02	 4.5821e+03
 3.1783e+02	 4.5563e+03	 1.8394e+00	 5.3150e-02	 9.3933e-12	-1.4835e-10	 2.3078e-11	 7.5096e+08	 2.8711e+02	 4.5845e+03
 1.0058e+02	 4.5563e+03	 1.8578e+00	 1.2290e-01	 6.8733e-12	-4.7972e-11	 2.3308e-11	 1.0263e+09	 2.8710e+02	 4.5871e+03
 3.1829e+01	 4.5563e+03	 1.9224e+00	 3.3234e-01	 5.8820e-12	-1.6325e-11	 2.4119e-11	 1.1992e+09	 2.8710e+02	 4.5899e+03
 1.0072e+01	 4.5563e+03	 2.1370e+00	 8.4654e-01	 4.7413e-12	-6.3681e-12	 2.6811e-11	 1.4878e+09	 2.8710e+02	 4.5929e+03
 3.1874e+00	 4.5563e+03	 2.5870e+00	 2.1407e+00	 3.7943e-12	-2.8129e-12	 3.2457e-11	 1.8591e+09	 2.8709e+02	 4.6036e+03
 1.0087e+00	 4.5563e+03	 3.4439e+00	 5.7379e+00	 3.2183e-12	-1.3708e-12	 4.3207e-11	 2.1918e+09	 2.8708e+02	 4.6087e+03
 1.0000e+06	 4.6060e+03	 1.7871e+00	 4.8156e-04	 2.6777e-10	-4.3770e-07	 2.2422e-11	 2.6343e+07	 2.8707e+02	 4.6164e+03
 3.1646e+05	 4.6060e+03	 1.7873e+00	 1.6219e-03	 2.8541e-10	-1.3855e-07	 2.2424e-11	 2.4716e+07	 2.8707e+02	 4.6191e+03
 1.0014e+05	 4.6060e+03	 1.7882e+00	 2.4431e-03	 1.3604e-10	-4.3891e-08	 2.2435e-11	 5.1850e+07	 2.8706e+02	 4.6216e+03
 3.1691e+04	 4.6060e+03	 1.7896e+00	 4.6066e-03	 8.1179e-11	-1.3915e-08	 2.2453e-11	 8.6894e+07	 2.8706e+02	 4.6240e+03
 1.0029e+04	 4.6060e+03	 1.7928e+00	 9.7600e-03	 5.4428e-11	-4.4209e-09	 2.2492e-11	 1.2960e+08	 2.8706e+02	 4.6266e+03
 3.1737e+03	 4.6060e+03	 1.8004e+00	 2.0181e-02	 3.5615e-11	-1.4125e-09	 2.2588e-11	 1.9806e+08	 2.8706e+02	 4.6290e+03
 1.0043e+03	 4.6060e+03	 1.8190e+00	 3.4275e-02	 1.9142e-11	-4.5741e-10	 2.2822e-11	 3.6851e+08	 2.8705e+02	 4.6315e+03
 3.1783e+02	 4.6060e+03	 1.8388e+00	 5.3094e-02	 9.3834e-12	-1.4825e-10	 2.3070e-11	 7.5175e+08	 2.8705e+02	 4.6341e+03
 1.0058e+02	 4.6060e+03	 1.8573e+00	 1.2101e-01	 6.7676e-12	-4.7948e-11	 2.3302e-11	 1.0423e+09	 2.8705e+02	 4.6365e+03
 3.1829e+01	 4.6060e+03	 1.9209e+00	 3.2695e-01	 5.7865e-12	-1.6299e-11	 2.4100e-11	 1.2190e+09	 2.8705e+02	 4.6394e+03
 1.0072e+01	 4.6060e+03	 2.1368e+00	 8.2835e-01	 4.6395e-12	-6.3672e-12	 2.6809e-11	 1.5204e+09	 2.8704e+02	 4.6424e+03
 3.1874e+00	 4.6060e+03	 2.5775e+00	 2.0769e+00	 3.6811e-12	-2.7960e-12	 3.2338e-11	 1.9163e+09	 2.8703e+02	 4.6531e+03
 1.0087e+00	 4.6060e+03	 3.3941e+00	 5.5308e+00	 3.1022e-12	-1.3429e-12	 4.2583e-11	 2.2739e+09	 2.8702e+02	 4.6582e+03
 1.0000e+06	 4.6555e+03	 1.7871e+00	 4.7302e-04	 2.6303e-10	-4.3770e-07	 2.2422e-11	 2.6818e+07	 2.8701e+02	 4.6662e+03
 3.1646e+05	 4.6555e+03	 1.7873e+00	 1.4513e-03	 2.5539e-10	-1.3854e-07	 2.2424e-11	 2.7621e+07	 2.8701e+02	 4.6689e+03
 1.0014e+05	 4.6555e+03	 1.7882e+00	 2.3724e-03	 1.3211e-10	-4.3891e-08	 2.2435e-11	 5.3393e+07	 2.8701e+02	 4.6714e+03
 3.1691e+04	 4.6555e+03	 1.7896e+00	 4.6383e-03	 8.1738e-11	-1.3915e-08	 2.2453e-11	 8.6300e+07	 2.8701e+02	 4.6739e+03
 1.0029e+04	 4.6555e+03	 1.7928e+00	 9.8989e-03	 5.5203e-11	-4.4213e-09	 2.2493e-11	 1.2778e+08	 2.8700e+02	 4.6765e+03
 3.1737e+03	 4.6555e+03	 1.8012e+00	 2.0054e-02	 3.5391e-11	-1.4140e-09	 2.2599e-11	 1.9931e+08	 2.8700e+02	 4.6790e+03
 1.0043e+03	 4.6555e+03	 1.8194e+00	 3.3635e-02	 1.8784e-11	-4.5763e-10	 2.2827e-11	 3.7553e+08	 2.8700e+02	 4.6818e+03
 3.1783e+02	 4.6555e+03	 1.8389e+00	 5.2667e-02	 9.3078e-12	-1.4826e-10	 2.3071e-11	 7.5785e+08	 2.8700e+02	 4.6842e+03
 1.0058e+02	 4.6555e+03	 1.8572e+00	 1.2046e-01	 6.7369e-12	-4.7942e-11	 2.3301e-11	 1.0471e+09	 2.8700e+02	 4.6867e+03
 3.1829e+01	 4.6555e+03	 1.9203e+00	 3.2552e-01	 5.7612e-12	-1.6288e-11	 2.4093e-11	 1.2244e+09	 2.8700e+02	 4.6896e+03
 1.0072e+01	 4.6555e+03	 2.1371e+00	 8.2531e-01	 4.6224e-12	-6.3687e-12	 2.6812e-11	 1.5260e+09	 2.8699e+02	 4.6926e+03
 3.1874e+00	 4.6555e+03	 2.5845e+00	 2.0696e+00	 3.6683e-12	-2.8084e-12	 3.2426e-11	 1.9230e+09	 2.8697e+02	 4.7032e+03
 1.0087e+00	 4.6555e+03	 3.4828e+00	 5.5341e+00	 3.1040e-12	-1.3926e-12	 4.3695e-11	 2.2725e+09	 2.8698e+02	 4.7082e+03
 1.0000e+06	 4.7056e+03	 1.7872e+00	 5.2540e-04	 2.9215e-10	-4.3772e-07	 2.2422e-11	 2.4145e+07	 2.8697e+02	 4.7161e+03
 3.1646e+05	 4.7056e+03	 1.7873e+00	 1.6033e-03	 2.8213e-10	-1.3855e-07	 2.2424e-11	 2.5002e+07	 2.8697e+02	 4.7186e+03
 1.0014e+05	 4.7056e+03	 1.7882e+00	 2.4260e-03	 1.3510e-10	-4.3891e-08	 2.2435e-11	 5.2215e+07	 2.8697e+02	 4.7211e+03
 3.1691e+04	 4.7056e+03	 1.7897e+00	 4.7213e-03	 8.3199e-11	-1.3917e-08	 2.2454e-11	 8.4784e+07	 2.8697e+02	 4.7235e+03
 1.0029e+04	 4.7056e+03	 1.7929e+00	 1.0036e-02	 5.5966e-11	-4.4219e-09	 2.2494e-11	 1.2604e+08	 2.8696e+02	 4.7259e+03
 3.1737e+03	 4.7056e+03	 1.8016e+00	 2.0304e-02	 3.5832e-11	-1.4147e-09	 2.2603e-11	 1.9686e+08	 2.8696e+02	 4.7286e+03
 1.0043e+03	 4.7056e+03	 1.8199e+00	 3.3590e-02	 1.8759e-11	-4.5788e-10	 2.2833e-11	 3.7603e+08	 2.8696e+02	 4.7311e+03
 3.1783e+02	 4.7056e+03	 1.8390e+00	 5.2901e-02	 9.3492e-12	-1.4828e-10	 2.3073e-11	 7.5450e+08	 2.8695e+02	 4.7335e+03
 1.0058e+02	 4.7056e+03	 1.8576e+00	 1.2136e-01	 6.7876e-12	-4.7961e-11	 2.3305e-11	 1.0392e+09	 2.8695e+02	 4.7361e+03
 3.1829e+01	 4.7056e+03	 1.9220e+00	 3.2741e-01	 5.7947e-12	-1.6319e-11	 2.4114e-11	 1.2173e+09	 2.8695e+02	 4.7388e+03
 1.0072e+01	 4.7056e+03	 2.1397e+00	 8.2955e-01	 4.6462e-12	-6.3835e-12	 2.6846e-11	 1.5182e+09	 2.8694e+02	 4.7418e+03
 3.1874e+00	 4.7056e+03	 2.5930e+00	 2.0697e+00	 3.6683e-12	-2.8235e-12	 3.2532e-11	 1.9229e+09	 2.8693e+02	 4.7525e+03
 1.0087e+00	 4.7056e+03	 3.4679e+00	 5.5905e+00	 3.1356e-12	-1.3842e-12	 4.3509e-11	 2.2496e+09	 2.8693e+02	 4.7576e+03
 1.0000e+06	 4.7549e+03	 1.7872e+00	 5.6847e-04	 3.1611e-10	-4.3773e-07	 2.2423e-11	 2.2315e+07	 2.8692e+02	 4.7654e+03
 3.1646e+05	 4.7549e+03	 1.7873e+00	 1.4220e-03	 2.5023e-10	-1.3855e-07	 2.2424e-11	 2.8190e+07	 2.8693e+02	 4.7681e+03
 1.0014e+05	 4.7549e+03	 1.7882e+00	 2.4062e-03	 1.3399e-10	-4.3894e-08	 2.2435e-11	 5.2644e+07	 2.8693e+02	 4.7706e+03
 3.1691e+04	 4.7549e+03	 1.7897e+00	 4.7241e-03	 8.3250e-11	-1.3917e-08	 2.2454e-11	 8.4732e+07	 2.8692e+02	 4.7732e+03
 1.0029e+04	 4.7549e+03	 1.7930e+00	 1.0100e-02	 5.6326e-11	-4.4223e-09	 2.2495e-11	 1.2524e+08	 2.8692e+02	 4.7758e+03
 3.1737e+03	 4.7549e+03	 1.8016e+00	 2.0465e-02	 3.6116e-11	-1.4147e-09	 2.2603e-11	 1.9531e+08	 2.8693e+02	 4.7782e+03
 1.0043e+03	 4.7549e+03	 1.8197e+00	 3.3926e-02	 1.8947e-11	-4.5780e-10	 2.2831e-11	 3.7231e+08	 2.8692e+02	 4.7807e+03
 3.1783e+02	 4.7549e+03	 1.8391e+00	 5.3451e-02	 9.4464e-12	-1.4830e-10	 2.3074e-11	 7.4673e+08	 2.8692e+02	 4.7832e+03
 1.0058e+02	 4.7549e+03	 1.8577e+00	 1.2254e-01	 6.8535e-12	-4.7971e-11	 2.3307e-11	 1.0293e+09	 2.8692e+02	 4.7857e+03
 3.1829e+01	 4.7549e+03	 1.9234e+00	 3.3053e-01	 5.8498e-12	-1.6342e-11	 2.4131e-11	 1.2058e+09	 2.8692e+02	 4.7885e+03
 1.0072e+01	 4.7549e+03	 2.1467e+00	 8.3567e-01	 4.6804e-12	-6.4227e-12	 2.6933e-11	 1.5071e+09	 2.8691e+02	 4.7916e+03
 3.1874e+00	 4.7549e+03	 2.6027e+00	 2.1051e+00	 3.7311e-12	-2.8406e-12	 3.2653e-11	 1.8906e+09	 2.8690e+02	 4.8022e+03
 1.0087e+00	 4.7549e+03	 3.5126e+00	 5.6759e+00	 3.1836e-12	-1.4093e-12	 4.4070e-11	 2.2157e+09	 2.8690e+02	 4.8072e+03
 1.0000e+06	 4.8045e+03	 1.7872e+00	 3.9860e-04	 2.2164e-10	-4.3775e-07	 2.2423e-11	 3.1826e+07	 2.8689e+02	 4.8151e+03
 3.1646e+05	 4.8045e+03	 1.7874e+00	 1.4064e-03	 2.4748e-10	-1.3855e-07	 2.2425e-11	 2.8503e+07	 2.8689e+02	 4.8175e+03
 1.0014e+05	 4.8045e+03	 1.7883e+00	 1.9288e-03	 1.0741e-10	-4.3895e-08	 2.2436e-11	 6.5674e+07	 2.8688e+02	 4.8201e+03
 3.1691e+04	 4.8045e+03	 1.7892e+00	 3.6537e-03	 6.4387e-11	-1.3908e-08	 2.2448e-11	 1.0956e+08	 2.8688e+02	 4.8225e+03
 1.0029e+04	 4.8045e+03	 1.7910e+00	 9.1463e-03	 5.1006e-11	-4.4113e-09	 2.2470e-11	 1.3830e+08	 2.8688e+02	 4.8250e+03
 3.1737e+03	 4.8045e+03	 1.7998e+00	 2.1019e-02	 3.7094e-11	-1.4114e-09	 2.2580e-11	 1.9016e+08	 2.8687e+02	 4.8276e+03
 1.0043e+03	 4.8045e+03	 1.8194e+00	 3.5161e-02	 1.9637e-11	-4.5762e-10	 2.2827e-11	 3.5923e+08	 2.8687e+02	 4.8300e+03
 3.1783e+02	 4.8045e+03	 1.8393e+00	 5.4459e-02	 9.6246e-12	-1.4832e-10	 2.3076e-11	 7.3291e+08	 2.8687e+02	 4.8328e+03
 1.0058e+02	 4.8045e+03	 1.8585e+00	 1.2503e-01	 6.9928e-12	-4.8013e-11	 2.3317e-11	 1.0087e+09	 2.8687e+02	 4.8353e+03
 3.1829e+01	 4.8045e+03	 1.9260e+00	 3.3716e-01	 5.9673e-12	-1.6389e-11	 2.4164e-11	 1.1821e+09	 2.8686e+02	 4.8381e+03
 1.0072e+01	 4.8045e+03	 2.1566e+00	 8.4907e-01	 4.7555e-12	-6.4779e-12	 2.7057e-11	 1.4833e+09	 2.8687e+02	 4.8410e+03
 3.1874e+00	 4.8045e+03	 2.6287e+00	 2.1409e+00	 3.7945e-12	-2.8867e-12	 3.2980e-11	 1.8590e+09	 2.8686e+02	 4.8519e+03
 1.0087e+00	 4.8045e+03	 3.4332e+00	 5.6839e+00	 3.1880e-12	-1.3648e-12	 4.3073e-11	 2.2126e+09	 2.8685e+02	 4.8570e+03
 1.0000e+06	 4.8542e+03	 1.7872e+00	 5.6347e-04	 3.1332e-10	-4.3776e-07	 2.2423e-11	 2.2513e+07	 2.8685e+02	 4.8649e+03
 3.1646e+05	 4.8542e+03	 1.7875e+00	 1.5682e-03	 2.7596e-10	-1.3857e-07	 2.2426e-11	 2.5561e+07	 2.8684e+02	 4.8673e+03
 1.0014e+05	 4.8542e+03	 1.7884e+00	 2.3920e-03	 1.3320e-10	-4.3906e-08	 2.2438e-11	 5.2958e+07	 2.8684e+02	 4.8700e+03
 3.1691e+04	 4.8542e+03	 1.7898e+00	 4.3316e-03	 7.6333e-11	-1.3918e-08	 2.2455e-11	 9.2410e+07	 2.8684e+02	 4.8724e+03
 1.0029e+04	 4.8542e+03	 1.7923e+00	 9.3705e-03	 5.2256e-11	-4.4183e-09	 2.2486e-11	 1.3499e+08	 2.8683e+02	 4.8749e+03
 3.1737e+03	 4.8542e+03	 1.8003e+00	 2.1156e-02	 3.7336e-11	-1.4123e-09	 2.2586e-11	 1.8893e+08	 2.8683e+02	 4.8774e+03
 1.0043e+03	 4.8542e+03	 1.8200e+00	 3.5254e-02	 1.9689e-11	-4.5795e-10	 2.2834e-11	 3.5828e+08	 2.8683e+02	 4.8799e+03
 3.1783e+02	 4.8542e+03	 1.8397e+00	 5.5101e-02	 9.7381e-12	-1.4840e-10	 2.3081e-11	 7.2437e+08	 2.8683e+02	 4.8823e+03
 1.0058e+02	 4.8542e+03	 1.8591e+00	 1.2741e-01	 7.1258e-12	-4.8045e-11	 2.3324e-11	 9.8991e+08	 2.8682e+02	 4.8850e+03
 3.1829e+01	 4.8542e+03	 1.9289e+00	 3.4287e-01	 6.0683e-12	-1.6441e-11	 2.4201e-11	 1.1624e+09	 2.8682e+02	 4.8877e+03
 1.0072e+01	 4.8542e+03	 2.1618e+00	 8.6360e-01	 4.8369e-12	-6.5068e-12	 2.7122e-11	 1.4584e+09	 2.8682e+02	 4.8907e+03
 3.1874e+00	 4.8542e+03	 2.6398e+00	 2.1460e+00	 3.8036e-12	-2.9064e-12	 3.3119e-11	 1.8546e+09	 2.8681e+02	 4.9013e+03
 1.0087e+00	 4.8542e+03	 3.4647e+00	 5.7684e+00	 3.2354e-12	-1.3824e-12	 4.3469e-11	 2.1802e+09	 2.8680e+02	 4.9064e+03
 1.0000e+06	 4.9037e+03	 1.7873e+00	 4.9866e-04	 2.7729e-10	-4.3781e-07	 2.2424e-11	 2.5439e+07	 2.8680e+02	 4.9146e+03
 3.1646e+05	 4.9037e+03	 1.7876e+00	 1.4034e-03	 2.4696e-10	-1.3859e-07	 2.2427e-11	 2.8563e+07	 2.8680e+02	 4.9170e+03
 1.0014e+05	 4.9037e+03	 1.7884e+00	 2.1330e-03	 1.1878e-10	-4.3905e-08	 2.2438e-11	 5.9387e+07	 2.8680e+02	 4.9194e+03
 3.1691e+04	 4.9037e+03	 1.7893e+00	 3.6557e-03	 6.4421e-11	-1.3910e-08	 2.2449e-11	 1.0950e+08	 2.8680e+02	 4.9220e+03
 1.0029e+04	 4.9037e+03	 1.7905e+00	 9.7069e-03	 5.4132e-11	-4.4085e-09	 2.2464e-11	 1.3031e+08	 2.8679e+02	 4.9244e+03
 3.1737e+03	 4.9037e+03	 1.7999e+00	 2.2423e-02	 3.9572e-11	-1.4117e-09	 2.2582e-11	 1.7826e+08	 2.8679e+02	 4.9269e+03
 1.0043e+03	 4.9037e+03	 1.8203e+00	 3.5849e-02	 2.0020e-11	-4.5814e-10	 2.2838e-11	 3.5234e+08	 2.8679e+02	 4.9294e+03
 3.1783e+02	 4.9037e+03	 1.8400e+00	 5.5895e-02	 9.8785e-12	-1.4846e-10	 2.3085e-11	 7.1407e+08	 2.8679e+02	 4.9318e+03
 1.0058e+02	 4.9037e+03	 1.8597e+00	 1.2973e-01	 7.2554e-12	-4.8082e-11	 2.3332e-11	 9.7224e+08	 2.8679e+02	 4.9345e+03
 3.1829e+01	 4.9037e+03	 1.9308e+00	 3.5034e-01	 6.2005e-12	-1.6475e-11	 2.4225e-11	 1.1376e+09	 2.8678e+02	 4.9373e+03
 1.0072e+01	 4.9037e+03	 2.1735e+00	 8.7470e-01	 4.8990e-12	-6.5728e-12	 2.7270e-11	 1.4399e+09	 2.8678e+02	 4.9404e+03
 3.1874e+00	 4.9037e+03	 2.6554e+00	 2.1934e+00	 3.8876e-12	-2.9340e-12	 3.3315e-11	 1.8145e+09	 2.8677e+02	 4.9509e+03
 1.0087e+00	 4.9037e+03	 3.5890e+00	 5.8820e+00	 3.2992e-12	-1.4521e-12	 4.5028e-11	 2.1381e+09	 2.8676e+02	 4.9560e+03
 1.0000e+06	 4.9533e+03	 1.7874e+00	 4.2575e-04	 2.3674e-10	-4.3782e-07	 2.2425e-11	 2.9796e+07	 2.8676e+02	 4.9638e+03
 3.1646e+05	 4.9533e+03	 1.7876e+00	 9.7935e-04	 1.7234e-10	-1.3859e-07	 2.2427e-11	 4.0931e+07	 2.8676e+02	 4.9665e+03
 1.0014e+05	 4.9533e+03	 1.7880e+00	 1.3883e-03	 7.7308e-11	-4.3881e-08	 2.2433e-11	 9.1245e+07	 2.8675e+02	 4.9689e+03
 3.1691e+04	 4.9533e+03	 1.7880e+00	 3.2860e-03	 5.7907e-11	-1.3886e-08	 2.2432e-11	 1.2182e+08	 2.8674e+02	 4.9714e+03
 1.0029e+04	 4.9533e+03	 1.7902e+00	 1.0155e-02	 5.6628e-11	-4.4066e-09	 2.2460e-11	 1.2457e+08	 2.8674e+02	 4.9740e+03
 3.1737e+03	 4.9533e+03	 1.8001e+00	 2.2464e-02	 3.9644e-11	-1.4119e-09	 2.2584e-11	 1.7793e+08	 2.8674e+02	 4.9764e+03
 1.0043e+03	 4.9533e+03	 1.8205e+00	 3.6036e-02	 2.0125e-11	-4.5821e-10	 2.2840e-11	 3.5050e+08	 2.8674e+02	 4.9790e+03
 3.1783e+02	 4.9533e+03	 1.8401e+00	 5.6221e-02	 9.9360e-12	-1.4847e-10	 2.3086e-11	 7.0994e+08	 2.8674e+02	 4.9817e+03
 1.0058e+02	 4.9533e+03	 1.8596e+00	 1.3095e-01	 7.3240e-12	-4.8074e-11	 2.3331e-11	 9.6313e+08	 2.8674e+02	 4.9845e+03
 3.1829e+01	 4.9533e+03	 1.9314e+00	 3.5411e-01	 6.2673e-12	-1.6484e-11	 2.4231e-11	 1.1255e+09	 2.8673e+02	 4.9873e+03
 1.0072e+01	 4.9533e+03	 2.1765e+00	 8.8535e-01	 4.9587e-12	-6.5894e-12	 2.7307e-11	 1.4225e+09	 2.8673e+02	 4.9904e+03
 3.1874e+00	 4.9533e+03	 2.6576e+00	 2.2070e+00	 3.9117e-12	-2.9380e-12	 3.3343e-11	 1.8033e+09	 2.8672e+02	 5.0013e+03
 1.0087e+00	 4.9533e+03	 3.5449e+00	 6.0140e+00	 3.3732e-12	-1.4274e-12	 4.4475e-11	 2.0912e+09	 2.8672e+02	 5.0065e+03
 1.0000e+06	 5.0038e+03	 1.7875e+00	 4.1360e-04	 2.2999e-10	-4.3790e-07	 2.2426e-11	 3.0671e+07	 2.8671e+02	 5.0146e+03
 3.1646e+05	 5.0038e+03	 1.7876e+00	 1.0998e-03	 1.9353e-10	-1.3859e-07	 2.2427e-11	 3.6448e+07	 2.8671e+02	 5.0171e+03
 1.0014e+05	 5.0038e+03	 1.7881e+00	 1.3029e-03	 7.2554e-11	-4.3885e-08	 2.2433e-11	 9.7224e+07	 2.8670e+02	 5.0198e+03
 3.1691e+04	 5.0038e+03	 1.7877e+00	 3.4392e-03	 6.0607e-11	-1.3882e-08	 2.2429e-11	 1.1639e+08	 2.8670e+02	 5.0222e+03
 1.0029e+04	 5.0038e+03	 1.7902e+00	 1.0483e-02	 5.8463e-11	-4.4067e-09	 2.2460e-11	 1.2066e+08	 2.8670e+02	 5.0249e+03
 3.1737e+03	 5.0038e+03	 1.8003e+00	 2.2906e-02	 4.0423e-11	-1.4124e-09	 2.2587e-11	 1.7450e+08	 2.8670e+02	 5.0274e+03
 1.0043e+03	 5.0038e+03	 1.8209e+00	 3.6345e-02	 2.0298e-11	-4.5846e-10	 2.2846e-11	 3.4753e+08	 2.8670e+02	 5.0298e+03
 3.1783e+02	 5.0038e+03	 1.8404e+00	 5.6982e-02	 1.0071e-11	-1.4852e-10	 2.3090e-11	 7.0045e+08	 2.8670e+02	 5.0324e+03
 1.0058e+02	 5.0038e+03	 1.8601e+00	 1.3352e-01	 7.4676e-12	-4.8104e-11	 2.3337e-11	 9.4461e+08	 2.8669e+02	 5.0349e+03
 3.1829e+01	 5.0038e+03	 1.9342e+00	 3.6091e-01	 6.3877e-12	-1.6534e-11	 2.4267e-11	 1.1043e+09	 2.8670e+02	 5.0378e+03
 1.0072e+01	 5.0038e+03	 2.1823e+00	 9.0589e-01	 5.0737e-12	-6.6218e-12	 2.7379e-11	 1.3903e+09	 2.8669e+02	 5.0408e+03
 3.1874e+00	 5.0038e+03	 2.6723e+00	 2.2528e+00	 3.9929e-12	-2.9640e-12	 3.3527e-11	 1.7666e+09	 2.8668e+02	 5.0514e+03
 1.0087e+00	 5.0038e+03	 3.5143e+00	 6.0581e+00	 3.3980e-12	-1.4102e-12	 4.4090e-11	 2.0759e+09	 2.8667e+02	 5.0566e+03
 1.0000e+06	 5.0539e+03	 1.7868e+00	 2.7827e-04	 1.5474e-10	-4.3750e-07	 2.2417e-11	 4.5587e+07	 2.8667e+02	 5.0644e+03
 3.1646e+05	 5.0539e+03	 1.7841e+00	 1.5038e-03	 2.6462e-10	-1.3798e-07	 2.2384e-11	 2.6657e+07	 2.8667e+02	 5.0668e+03
 1.0014e+05	 5.0539e+03	 1.7850e+00	 2.5105e-03	 1.3980e-10	-4.3711e-08	 2.2394e-11	 5.0458e+07	 2.8667e+02	 5.0694e+03
 3.1691e+04	 5.0539e+03	 1.7865e+00	 5.1630e-03	 9.0983e-11	-1.3859e-08	 2.2413e-11	 7.7531e+07	 2.8666e+02	 5.0719e+03
 1.0029e+04	 5.0539e+03	 1.7900e+00	 1.1517e-02	 6.4229e-11	-4.4058e-09	 2.2458e-11	 1.0983e+08	 2.8667e+02	 5.0744e+03
 3.1737e+03	 5.0539e+03	 1.8005e+00	 2.3420e-02	 4.1331e-11	-1.4126e-09	 2.2589e-11	 1.7067e+08	 2.8666e+02	 5.0770e+03
 1.0043e+03	 5.0539e+03	 1.8219e+00	 3.5844e-02	 2.0018e-11	-4.5901e-10	 2.2858e-11	 3.5238e+08	 2.8665e+02	 5.0794e+03
 3.1783e+02	 5.0539e+03	 1.8451e+00	 5.7452e-02	 1.0154e-11	-1.4935e-10	 2.3148e-11	 6.9473e+08	 2.8665e+02	 5.0820e+03
 1.0058e+02	 5.0539e+03	 1.8668e+00	 1.3666e-01	 7.6432e-12	-4.8481e-11	 2.3422e-11	 9.2291e+08	 2.8665e+02	 5.0846e+03
 3.1829e+01	 5.0539e+03	 1.9418e+00	 3.6609e-01	 6.4792e-12	-1.6668e-11	 2.4362e-11	 1.0887e+09	 2.8665e+02	 5.0875e+03
 1.0072e+01	 5.0539e+03	 2.1972e+00	 9.0691e-01	 5.0795e-12	-6.7052e-12	 2.7566e-11	 1.3887e+09	 2.8665e+02	 5.0904e+03
 3.1874e+00	 5.0539e+03	 2.7135e+00	 2.2849e+00	 4.0497e-12	-3.0370e-12	 3.4044e-11	 1.7418e+09	 2.8665e+02	 5.1011e+03
 1.0087e+00	 5.0539e+03	 3.5370e+00	 6.0799e+00	 3.4102e-12	-1.4230e-12	 4.4376e-11	 2.0685e+09	 2.8664e+02	 5.1061e+03
 1.0000e+06	 5.1034e+03	 1.7878e+00	 5.6201e-04	 3.1251e-10	-4.3808e-07	 2.2430e-11	 2.2572e+07	 2.8663e+02	 5.1140e+03
 3.1646e+05	 5.1034e+03	 1.7880e+00	 1.5604e-03	 2.7458e-10	-1.3867e-07	 2.2433e-11	 2.5690e+07	 2.8663e+02	 5.1165e+03
 1.0014e+05	 5.1034e+03	 1.7889e+00	 2.7500e-03	 1.5314e-10	-4.3933e-08	 2.2444e-11	 4.6062e+07	 2.8662e+02	 5.1189e+03
 3.1691e+04	 5.1034e+03	 1.7906e+00	 5.4447e-03	 9.5949e-11	-1.3932e-08	 2.2465e-11	 7.3518e+07	 2.8663e+02	 5.1215e+03
 1.0029e+04	 5.1034e+03	 1.7944e+00	 1.1972e-02	 6.6765e-11	-4.4303e-09	 2.2513e-11	 1.0565e+08	 2.8663e+02	 5.1240e+03
 3.1737e+03	 5.1034e+03	 1.8053e+00	 2.4103e-02	 4.2536e-11	-1.4212e-09	 2.2650e-11	 1.6583e+08	 2.8662e+02	 5.1264e+03
 1.0043e+03	 5.1034e+03	 1.8266e+00	 3.7488e-02	 2.0936e-11	-4.6164e-10	 2.2917e-11	 3.3693e+08	 2.8662e+02	 5.1291e+03
 3.1783e+02	 5.1034e+03	 1.8465e+00	 5.9155e-02	 1.0455e-11	-1.4960e-10	 2.3166e-11	 6.7472e+08	 2.8662e+02	 5.1316e+03
 1.0058e+02	 5.1034e+03	 1.8677e+00	 1.3890e-01	 7.7684e-12	-4.8529e-11	 2.3433e-11	 9.0803e+08	 2.8662e+02	 5.1340e+03
 3.1829e+01	 5.1034e+03	 1.9460e+00	 3.7436e-01	 6.6257e-12	-1.6742e-11	 2.4414e-11	 1.0646e+09	 2.8661e+02	 5.1368e+03
 1.0072e+01	 5.1034e+03	 2.2046e+00	 9.3440e-01	 5.2334e-12	-6.7470e-12	 2.7660e-11	 1.3479e+09	 2.8661e+02	 5.1397e+03
 3.1874e+00	 5.1034e+03	 2.7198e+00	 2.3335e+00	 4.1360e-12	-3.0482e-12	 3.4123e-11	 1.7055e+09	 2.8661e+02	 5.1458e+03
 1.0087e+00	 5.1034e+03	 3.7128e+00	 6.3329e+00	 3.5520e-12	-1.5216e-12	 4.6581e-11	 1.9859e+09	 2.8660e+02	 5.1509e+03
 1.0000e+06	 5.1482e+03	 1.7879e+00	 5.5559e-04	 3.0895e-10	-4.3814e-07	 2.2432e-11	 2.2832e+07	 2.8660e+02	 5.1589e+03
 3.1646e+05	 5.1482e+03	 1.7881e+00	 1.6724e-03	 2.9430e-10	-1.3868e-07	 2.2434e-11	 2.3969e+07	 2.8660e+02	 5.1614e+03
 1.0014e+05	 5.1482e+03	 1.7888e+00	 2.7335e-03	 1.5222e-10	-4.3924e-08	 2.2442e-11	 4.6340e+07	 2.8659e+02	 5.1641e+03
 3.1691e+04	 5.1482e+03	 1.7907e+00	 5.5769e-03	 9.8278e-11	-1.3934e-08	 2.2467e-11	 7.1776e+07	 2.8659e+02	 5.1666e+03
 1.0029e+04	 5.1482e+03	 1.7948e+00	 1.2272e-02	 6.8440e-11	-4.4321e-09	 2.2517e-11	 1.0307e+08	 2.8659e+02	 5.1690e+03
 3.1737e+03	 5.1482e+03	 1.8058e+00	 2.4427e-02	 4.3108e-11	-1.4221e-09	 2.2656e-11	 1.6364e+08	 2.8659e+02	 5.1716e+03
 1.0043e+03	 5.1482e+03	 1.8274e+00	 3.7937e-02	 2.1187e-11	-4.6205e-10	 2.2926e-11	 3.3294e+08	 2.8659e+02	 5.1741e+03
 3.1783e+02	 5.1482e+03	 1.8471e+00	 6.0530e-02	 1.0697e-11	-1.4971e-10	 2.3174e-11	 6.5940e+08	 2.8659e+02	 5.1765e+03
 1.0058e+02	 5.1482e+03	 1.8691e+00	 1.4349e-01	 8.0249e-12	-4.8608e-11	 2.3450e-11	 8.7901e+08	 2.8659e+02	 5.1790e+03
 3.1829e+01	 5.1482e+03	 1.9531e+00	 3.8493e-01	 6.8127e-12	-1.6869e-11	 2.4504e-11	 1.0354e+09	 2.8659e+02	 5.1818e+03
 1.0072e+01	 5.1482e+03	 2.2214e+00	 9.5652e-01	 5.3573e-12	-6.8408e-12	 2.7870e-11	 1.3167e+09	 2.8659e+02	 5.1849e+03
 3.1874e+00	 5.1482e+03	 2.7330e+00	 2.4224e+00	 4.2935e-12	-3.0716e-12	 3.4289e-11	 1.6429e+09	 2.8659e+02	 5.1956e+03
 1.0087e+00	 5.1482e+03	 3.6654e+00	 6.4964e+00	 3.6438e-12	-1.4950e-12	 4.5987e-11	 1.9359e+09	 2.8659e+02	 5.2008e+03
 1.0000e+06	 5.1980e+03	 1.7870e+00	 5.6067e-04	 3.1177e-10	-4.3763e-07	 2.2420e-11	 2.2626e+07	 2.8660e+02	 5.2088e+03
 3.1646e+05	 5.1980e+03	 1.7872e+00	 1.6886e-03	 2.9714e-10	-1.3853e-07	 2.2423e-11	 2.3739e+07	 2.8659e+02	 5.2112e+03
 1.0014e+05	 5.1980e+03	 1.7882e+00	 2.9976e-03	 1.6692e-10	-4.3894e-08	 2.2435e-11	 4.2259e+07	 2.8658e+02	 5.2139e+03
 3.1691e+04	 5.1980e+03	 1.7900e+00	 5.8563e-03	 1.0320e-10	-1.3922e-08	 2.2458e-11	 6.8352e+07	 2.8659e+02	 5.2164e+03
 1.0029e+04	 5.1980e+03	 1.7943e+00	 1.2834e-02	 7.1569e-11	-4.4294e-09	 2.2511e-11	 9.8562e+07	 2.8659e+02	 5.2188e+03
 3.1737e+03	 5.1980e+03	 1.8061e+00	 2.5188e-02	 4.4450e-11	-1.4226e-09	 2.2659e-11	 1.5869e+08	 2.8659e+02	 5.2216e+03
 1.0043e+03	 5.1980e+03	 1.8278e+00	 3.8831e-02	 2.1686e-11	-4.6229e-10	 2.2932e-11	 3.2528e+08	 2.8659e+02	 5.2241e+03
 3.1783e+02	 5.1980e+03	 1.8471e+00	 6.3434e-02	 1.1211e-11	-1.4971e-10	 2.3174e-11	 6.2921e+08	 2.8658e+02	 5.2268e+03
 1.0058e+02	 5.1980e+03	 1.8710e+00	 1.5358e-01	 8.5891e-12	-4.8715e-11	 2.3474e-11	 8.2127e+08	 2.8658e+02	 5.2293e+03
 3.1829e+01	 5.1980e+03	 1.9620e+00	 4.1170e-01	 7.2866e-12	-1.7025e-11	 2.4615e-11	 9.6808e+08	 2.8659e+02	 5.2320e+03
 1.0072e+01	 5.1980e+03	 2.2509e+00	 1.0070e+00	 5.6398e-12	-7.0059e-12	 2.8240e-11	 1.2508e+09	 2.8659e+02	 5.2350e+03
 3.1874e+00	 5.1980e+03	 2.7844e+00	 2.5348e+00	 4.4928e-12	-3.1627e-12	 3.4933e-11	 1.5701e+09	 2.8658e+02	 5.2406e+03
 1.0087e+00	 5.1980e+03	 3.8132e+00	 6.9394e+00	 3.8922e-12	-1.5779e-12	 4.7841e-11	 1.8123e+09	 2.8658e+02	 5.2456e+03
 1.0000e+06	 5.2429e+03	 1.7872e+00	 5.5582e-04	 3.0907e-10	-4.3771e-07	 2.2422e-11	 2.2823e+07	 2.8658e+02	 5.2534e+03
 3.1646e+05	 5.2429e+03	 1.7874e+00	 1.7317e-03	 3.0473e-10	-1.3856e-07	 2.2425e-11	 2.3148e+07	 2.8657e+02	 5.2559e+03
 1.0014e+05	 5.2429e+03	 1.7884e+00	 2.9604e-03	 1.6486e-10	-4.3904e-08	 2.2438e-11	 4.2789e+07	 2.8657e+02	 5.2586e+03
 3.1691e+04	 5.2429e+03	 1.7903e+00	 6.0981e-03	 1.0746e-10	-1.3927e-08	 2.2461e-11	 6.5641e+07	 2.8657e+02	 5.2611e+03
 1.0029e+04	 5.2429e+03	 1.7947e+00	 1.3276e-02	 7.4037e-11	-4.4318e-09	 2.2517e-11	 9.5277e+07	 2.8657e+02	 5.2635e+03
 3.1737e+03	 5.2429e+03	 1.8070e+00	 2.5807e-02	 4.5543e-11	-1.4241e-09	 2.2670e-11	 1.5489e+08	 2.8656e+02	 5.2661e+03
 1.0043e+03	 5.2429e+03	 1.8289e+00	 3.9418e-02	 2.2014e-11	-4.6292e-10	 2.2946e-11	 3.2043e+08	 2.8657e+02	 5.2686e+03
 3.1783e+02	 5.2429e+03	 1.8479e+00	 6.5512e-02	 1.1578e-11	-1.4985e-10	 2.3184e-11	 6.0925e+08	 2.8656e+02	 5.2710e+03
 1.0058e+02	 5.2429e+03	 1.8723e+00	 1.6060e-01	 8.9822e-12	-4.8786e-11	 2.3490e-11	 7.8533e+08	 2.8657e+02	 5.2737e+03
 3.1829e+01	 5.2429e+03	 1.9699e+00	 4.2954e-01	 7.6023e-12	-1.7166e-11	 2.4715e-11	 9.2787e+08	 2.8656e+02	 5.2764e+03
 1.0072e+01	 5.2429e+03	 2.2673e+00	 1.0507e+00	 5.8847e-12	-7.0981e-12	 2.8446e-11	 1.1987e+09	 2.8656e+02	 5.2794e+03
 3.1874e+00	 5.2429e+03	 2.8150e+00	 2.6409e+00	 4.6808e-12	-3.2169e-12	 3.5317e-11	 1.5070e+09	 2.8656e+02	 5.2849e+03
 1.0087e+00	 5.2429e+03	 3.8613e+00	 7.2279e+00	 4.0540e-12	-1.6049e-12	 4.8444e-11	 1.7400e+09	 2.8655e+02	 5.2901e+03
 1.0000e+06	 5.2873e+03	 1.7872e+00	 6.3707e-04	 3.5425e-10	-4.3775e-07	 2.2423e-11	 1.9912e+07	 2.8655e+02	 5.2980e+03
 3.1646e+05	 5.2873e+03	 1.7874e+00	 1.7420e-03	 3.0653e-10	-1.3856e-07	 2.2425e-11	 2.3012e+07	 2.8655e+02	 5.3005e+03
 1.0014e+05	 5.2873e+03	 1.7886e+00	 3.0534e-03	 1.7004e-10	-4.3914e-08	 2.2440e-11	 4.1485e+07	 2.8654e+02	 5.3029e+03
 3.1691e+04	 5.2873e+03	 1.7905e+00	 6.2370e-03	 1.0991e-10	-1.3930e-08	 2.2463e-11	 6.4179e+07	 2.8655e+02	 5.3056e+03
 1.0029e+04	 5.2873e+03	 1.7950e+00	 1.3586e-02	 7.5765e-11	-4.4336e-09	 2.2521e-11	 9.3103e+07	 2.8655e+02	 5.3081e+03
 3.1737e+03	 5.2873e+03	 1.8076e+00	 2.6413e-02	 4.6613e-11	-1.4252e-09	 2.2678e-11	 1.5133e+08	 2.8654e+02	 5.3105e+03
 1.0043e+03	 5.2873e+03	 1.8296e+00	 3.9793e-02	 2.2223e-11	-4.6332e-10	 2.2955e-11	 3.1741e+08	 2.8654e+02	 5.3129e+03
 3.1783e+02	 5.2873e+03	 1.8485e+00	 6.6811e-02	 1.1808e-11	-1.4995e-10	 2.3191e-11	 5.9741e+08	 2.8654e+02	 5.3154e+03
 1.0058e+02	 5.2873e+03	 1.8735e+00	 1.6458e-01	 9.2046e-12	-4.8854e-11	 2.3506e-11	 7.6635e+08	 2.8654e+02	 5.3178e+03
 3.1829e+01	 5.2873e+03	 1.9754e+00	 4.3967e-01	 7.7815e-12	-1.7262e-11	 2.4783e-11	 9.0651e+08	 2.8653e+02	 5.3206e+03
 1.0072e+01	 5.2873e+03	 2.2779e+00	 1.0770e+00	 6.0319e-12	-7.1572e-12	 2.8579e-11	 1.1694e+09	 2.8653e+02	 5.3237e+03
 3.1874e+00	 5.2873e+03	 2.8430e+00	 2.7312e+00	 4.8408e-12	-3.2665e-12	 3.5668e-11	 1.4572e+09	 2.8653e+02	 5.3291e+03
 1.0087e+00	 5.2873e+03	 3.9501e+00	 7.3877e+00	 4.1437e-12	-1.6547e-12	 4.9558e-11	 1.7023e+09	 2.8652e+02	 5.3342e+03
 1.0000e+06	 5.3315e+03	 1.7873e+00	 6.7031e-04	 3.7274e-10	-4.3777e-07	 2.2423e-11	 1.8925e+07	 2.8652e+02	 5.3419e+03
 3.1646e+05	 5.3315e+03	 1.7876e+00	 1.7782e-03	 3.1291e-10	-1.3859e-07	 2.2427e-11	 2.2543e+07	 2.8652e+02	 5.3444e+03
 1.0014e+05	 5.3315e+03	 1.7886e+00	 3.2048e-03	 1.7846e-10	-4.3916e-08	 2.2440e-11	 3.9526e+07	 2.8652e+02	 5.3470e+03
 3.1691e+04	 5.3315e+03	 1.7906e+00	 6.4040e-03	 1.1285e-10	-1.3932e-08	 2.2465e-11	 6.2506e+07	 2.8651e+02	 5.3495e+03
 1.0029e+04	 5.3315e+03	 1.7953e+00	 1.3829e-02	 7.7122e-11	-4.4351e-09	 2.2524e-11	 9.1465e+07	 2.8651e+02	 5.3520e+03
 3.1737e+03	 5.3315e+03	 1.8081e+00	 2.6587e-02	 4.6919e-11	-1.4261e-09	 2.2684e-11	 1.5034e+08	 2.8652e+02	 5.3548e+03
 1.0043e+03	 5.3315e+03	 1.8302e+00	 4.0184e-02	 2.2442e-11	-4.6364e-10	 2.2962e-11	 3.1432e+08	 2.8651e+02	 5.3572e+03
 3.1783e+02	 5.3315e+03	 1.8488e+00	 6.8093e-02	 1.2034e-11	-1.5002e-10	 2.3196e-11	 5.8616e+08	 2.8651e+02	 5.3597e+03
 1.0058e+02	 5.3315e+03	 1.8745e+00	 1.6929e-01	 9.4682e-12	-4.8906e-11	 2.3517e-11	 7.4501e+08	 2.8651e+02	 5.3622e+03
 3.1829e+01	 5.3315e+03	 1.9793e+00	 4.5188e-01	 7.9977e-12	-1.7333e-11	 2.4833e-11	 8.8200e+08	 2.8651e+02	 5.3652e+03
 1.0072e+01	 5.3315e+03	 2.2880e+00	 1.1065e+00	 6.1974e-12	-7.2138e-12	 2.8706e-11	 1.1382e+09	 2.8651e+02	 5.3682e+03
 3.1874e+00	 5.3315e+03	 2.8618e+00	 2.7924e+00	 4.9494e-12	-3.2998e-12	 3.5904e-11	 1.4252e+09	 2.8650e+02	 5.3737e+03
 1.0087e+00	 5.3315e+03	 4.0089e+00	 7.5695e+00	 4.2456e-12	-1.6877e-12	 5.0296e-11	 1.6615e+09	 2.8650e+02	 5.3789e+03
 1.0000e+06	 5.3762e+03	 1.7873e+00	 6.2644e-04	 3.4834e-10	-4.3781e-07	 2.2424e-11	 2.0250e+07	 2.8650e+02	 5.3867e+03
 3.1646e+05	 5.3762e+03	 1.7877e+00	 1.7747e-03	 3.1230e-10	-1.3861e-07	 2.2429e-11	 2.2587e+07	 2.8649e+02	 5.3894e+03
 1.0014e+05	 5.3762e+03	 1.7888e+00	 3.1898e-03	 1.7763e-10	-4.3923e-08	 2.2442e-11	 3.9712e+07	 2.8650e+02	 5.3919e+03
 3.1691e+04	 5.3762e+03	 1.7907e+00	 6.4778e-03	 1.1415e-10	-1.3935e-08	 2.2467e-11	 6.1794e+07	 2.8650e+02	 5.3943e+03
 1.0029e+04	 5.3762e+03	 1.7955e+00	 1.4006e-02	 7.8107e-11	-4.4364e-09	 2.2527e-11	 9.0312e+07	 2.8650e+02	 5.3969e+03
 3.1737e+03	 5.3762e+03	 1.8086e+00	 2.6888e-02	 4.7451e-11	-1.4270e-09	 2.2691e-11	 1.4866e+08	 2.8650e+02	 5.3994e+03
 1.0043e+03	 5.3762e+03	 1.8307e+00	 4.0477e-02	 2.2605e-11	-4.6391e-10	 2.2968e-11	 3.1205e+08	 2.8649e+02	 5.4020e+03
 3.1783e+02	 5.3762e+03	 1.8492e+00	 6.9179e-02	 1.2226e-11	-1.5008e-10	 2.3200e-11	 5.7696e+08	 2.8649e+02	 5.4047e+03
 1.0058e+02	 5.3762e+03	 1.8757e+00	 1.7277e-01	 9.6624e-12	-4.8977e-11	 2.3533e-11	 7.3004e+08	 2.8649e+02	 5.4072e+03
 3.1829e+01	 5.3762e+03	 1.9812e+00	 4.6259e-01	 8.1873e-12	-1.7366e-11	 2.4856e-11	 8.6158e+08	 2.8648e+02	 5.4101e+03
 1.0072e+01	 5.3762e+03	 2.2981e+00	 1.1243e+00	 6.2968e-12	-7.2704e-12	 2.8832e-11	 1.1202e+09	 2.8649e+02	 5.4132e+03
 3.1874e+00	 5.3762e+03	 2.8671e+00	 2.8101e+00	 4.9806e-12	-3.3092e-12	 3.5971e-11	 1.4163e+09	 2.8648e+02	 5.4187e+03
 1.0087e+00	 5.3762e+03	 3.9971e+00	 7.6648e+00	 4.2991e-12	-1.6811e-12	 5.0148e-11	 1.6408e+09	 2.8648e+02	 5.4239e+03
 1.0000e+06	 5.4212e+03	 1.7874e+00	 7.3341e-04	 4.0782e-10	-4.3785e-07	 2.2425e-11	 1.7297e+07	 2.8647e+02	 5.4317e+03
 3.1646e+05	 5.4212e+03	 1.7877e+00	 1.8697e-03	 3.2900e-10	-1.3861e-07	 2.2428e-11	 2.1440e+07	 2.8647e+02	 5.4344e+03
 1.0014e+05	 5.4212e+03	 1.7888e+00	 3.2229e-03	 1.7947e-10	-4.3927e-08	 2.2443e-11	 3.9304e+07	 2.8647e+02	 5.4368e+03
 3.1691e+04	 5.4212e+03	 1.7908e+00	 6.5727e-03	 1.1583e-10	-1.3936e-08	 2.2468e-11	 6.0902e+07	 2.8647e+02	 5.4392e+03
 1.0029e+04	 5.4212e+03	 1.7956e+00	 1.4158e-02	 7.8956e-11	-4.4370e-09	 2.2528e-11	 8.9340e+07	 2.8647e+02	 5.4417e+03
 3.1737e+03	 5.4212e+03	 1.8089e+00	 2.7007e-02	 4.7661e-11	-1.4275e-09	 2.2695e-11	 1.4800e+08	 2.8647e+02	 5.4442e+03
 1.0043e+03	 5.4212e+03	 1.8310e+00	 4.0680e-02	 2.2719e-11	-4.6409e-10	 2.2972e-11	 3.1049e+08	 2.8646e+02	 5.4469e+03
 3.1783e+02	 5.4212e+03	 1.8496e+00	 6.9854e-02	 1.2345e-11	-1.5015e-10	 2.3206e-11	 5.7139e+08	 2.8646e+02	 5.4494e+03
 1.0058e+02	 5.4212e+03	 1.8768e+00	 1.7458e-01	 9.7641e-12	-4.9036e-11	 2.3546e-11	 7.2244e+08	 2.8647e+02	 5.4518e+03
 3.1829e+01	 5.4212e+03	 1.9859e+00	 4.6499e-01	 8.2297e-12	-1.7449e-11	 2.4915e-11	 8.5713e+08	 2.8646e+02	 5.4548e+03
 1.0072e+01	 5.4212e+03	 2.3065e+00	 1.1269e+00	 6.3114e-12	-7.3174e-12	 2.8938e-11	 1.1177e+09	 2.8646e+02	 5.4580e+03
 3.1874e+00	 5.4212e+03	 2.8968e+00	 2.8684e+00	 5.0840e-12	-3.3619e-12	 3.6344e-11	 1.3875e+09	 2.8646e+02	 5.4634e+03
 1.0087e+00	 5.4212e+03	 4.0850e+00	 7.8900e+00	 4.4255e-12	-1.7303e-12	 5.1251e-11	 1.5940e+09	 2.8645e+02	 5.4686e+03
 1.0000e+06	 5.4658e+03	 1.7874e+00	 6.9958e-04	 3.8901e-10	-4.3787e-07	 2.2426e-11	 1.8133e+07	 2.8645e+02	 5.4762e+03
 3.1646e+05	 5.4658e+03	 1.7877e+00	 1.8459e-03	 3.2483e-10	-1.3862e-07	 2.2429e-11	 2.1716e+07	 2.8645e+02	 5.4789e+03
 1.0014e+05	 5.4658e+03	 1.7889e+00	 3.2392e-03	 1.8038e-10	-4.3931e-08	 2.2444e-11	 3.9107e+07	 2.8645e+02	 5.4814e+03
 3.1691e+04	 5.4658e+03	 1.7910e+00	 6.6636e-03	 1.1743e-10	-1.3939e-08	 2.2470e-11	 6.0070e+07	 2.8645e+02	 5.4842e+03
 1.0029e+04	 5.4658e+03	 1.7958e+00	 1.4351e-02	 8.0031e-11	-4.4381e-09	 2.2531e-11	 8.8141e+07	 2.8645e+02	 5.4867e+03
 3.1737e+03	 5.4658e+03	 1.8092e+00	 2.7246e-02	 4.8083e-11	-1.4281e-09	 2.2699e-11	 1.4671e+08	 2.8645e+02	 5.4891e+03
 1.0043e+03	 5.4658e+03	 1.8315e+00	 4.1031e-02	 2.2914e-11	-4.6434e-10	 2.2978e-11	 3.0784e+08	 2.8644e+02	 5.4918e+03
 3.1783e+02	 5.4658e+03	 1.8499e+00	 7.1254e-02	 1.2593e-11	-1.5020e-10	 2.3209e-11	 5.6016e+08	 2.8644e+02	 5.4942e+03
 1.0058e+02	 5.4658e+03	 1.8770e+00	 1.7942e-01	 1.0035e-11	-4.9047e-11	 2.3549e-11	 7.0296e+08	 2.8644e+02	 5.4969e+03
 3.1829e+01	 5.4658e+03	 1.9909e+00	 4.7730e-01	 8.4475e-12	-1.7537e-11	 2.4978e-11	 8.3504e+08	 2.8644e+02	 5.4998e+03
 1.0072e+01	 5.4658e+03	 2.3134e+00	 1.1684e+00	 6.5438e-12	-7.3562e-12	 2.9024e-11	 1.0780e+09	 2.8644e+02	 5.5028e+03
 3.1874e+00	 5.4658e+03	 2.9140e+00	 2.9485e+00	 5.2260e-12	-3.3924e-12	 3.6560e-11	 1.3498e+09	 2.8644e+02	 5.5082e+03
 1.0087e+00	 5.4658e+03	 4.1453e+00	 8.1079e+00	 4.5477e-12	-1.7642e-12	 5.2007e-11	 1.5511e+09	 2.8643e+02	 5.5134e+03
 1.0000e+06	 5.5107e+03	 1.7876e+00	 7.3569e-04	 4.0909e-10	-4.3795e-07	 2.2427e-11	 1.7243e+07	 2.8643e+02	 5.5214e+03
 3.1646e+05	 5.5107e+03	 1.7878e+00	 2.0239e-03	 3.5614e-10	-1.3863e-07	 2.2430e-11	 1.9807e+07	 2.8643e+02	 5.5238e+03
 1.0014e+05	 5.5107e+03	 1.7890e+00	 3.3975e-03	 1.8920e-10	-4.3937e-08	 2.2445e-11	 3.7284e+07	 2.8643e+02	 5.5263e+03
 3.1691e+04	 5.5107e+03	 1.7910e+00	 6.7377e-03	 1.1873e-10	-1.3940e-08	 2.2471e-11	 5.9410e+07	 2.8643e+02	 5.5291e+03
 1.0029e+04	 5.5107e+03	 1.7961e+00	 1.4547e-02	 8.1122e-11	-4.4396e-09	 2.2534e-11	 8.6955e+07	 2.8642e+02	 5.5316e+03
 3.1737e+03	 5.5107e+03	 1.8097e+00	 2.7617e-02	 4.8737e-11	-1.4290e-09	 2.2705e-11	 1.4474e+08	 2.8642e+02	 5.5344e+03
 1.0043e+03	 5.5107e+03	 1.8320e+00	 4.1361e-02	 2.3099e-11	-4.6462e-10	 2.2984e-11	 3.0538e+08	 2.8642e+02	 5.5369e+03
 3.1783e+02	 5.5107e+03	 1.8503e+00	 7.2475e-02	 1.2809e-11	-1.5027e-10	 2.3214e-11	 5.5072e+08	 2.8642e+02	 5.5396e+03
 1.0058e+02	 5.5107e+03	 1.8782e+00	 1.8340e-01	 1.0257e-11	-4.9118e-11	 2.3565e-11	 6.8770e+08	 2.8642e+02	 5.5421e+03
 3.1829e+01	 5.5107e+03	 1.9942e+00	 4.8841e-01	 8.6443e-12	-1.7596e-11	 2.5019e-11	 8.1603e+08	 2.8641e+02	 5.5449e+03
 1.0072e+01	 5.5107e+03	 2.3293e+00	 1.1761e+00	 6.5871e-12	-7.4452e-12	 2.9224e-11	 1.0709e+09	 2.8641e+02	 5.5480e+03
 3.1874e+00	 5.5107e+03	 2.9173e+00	 2.9739e+00	 5.2710e-12	-3.3982e-12	 3.6601e-11	 1.3382e+09	 2.8641e+02	 5.5535e+03
 1.0087e+00	 5.5107e+03	 4.1546e+00	 8.1803e+00	 4.5883e-12	-1.7694e-12	 5.2124e-11	 1.5374e+09	 2.8641e+02	 5.5586e+03
 1.0000e+06	 5.5559e+03	 1.7876e+00	 6.8401e-04	 3.8035e-10	-4.3795e-07	 2.2427e-11	 1.8546e+07	 2.8640e+02	 5.5664e+03
 3.1646e+05	 5.5559e+03	 1.7878e+00	 1.8316e-03	 3.2231e-10	-1.3863e-07	 2.2430e-11	 2.1886e+07	 2.8640e+02	 5.5688e+03
 1.0014e+05	 5.5559e+03	 1.7891e+00	 3.3426e-03	 1.8614e-10	-4.3940e-08	 2.2446e-11	 3.7896e+07	 2.8640e+02	 5.5714e+03
 3.1691e+04	 5.5559e+03	 1.7912e+00	 6.8154e-03	 1.2010e-10	-1.3943e-08	 2.2472e-11	 5.8733e+07	 2.8641e+02	 5.5739e+03
 1.0029e+04	 5.5559e+03	 1.7963e+00	 1.4721e-02	 8.2092e-11	-4.4406e-09	 2.2536e-11	 8.5927e+07	 2.8640e+02	 5.5763e+03
 3.1737e+03	 5.5559e+03	 1.8100e+00	 2.7871e-02	 4.9185e-11	-1.4295e-09	 2.2709e-11	 1.4342e+08	 2.8640e+02	 5.5789e+03
 1.0043e+03	 5.5559e+03	 1.8323e+00	 4.1652e-02	 2.3262e-11	-4.6482e-10	 2.2988e-11	 3.0325e+08	 2.8640e+02	 5.5814e+03
 3.1783e+02	 5.5559e+03	 1.8505e+00	 7.3454e-02	 1.2982e-11	-1.5032e-10	 2.3217e-11	 5.4338e+08	 2.8639e+02	 5.5839e+03
 1.0058e+02	 5.5559e+03	 1.8796e+00	 1.8646e-01	 1.0428e-11	-4.9196e-11	 2.3582e-11	 6.7643e+08	 2.8639e+02	 5.5865e+03
 3.1829e+01	 5.5559e+03	 1.9975e+00	 4.9632e-01	 8.7843e-12	-1.7655e-11	 2.5061e-11	 8.0302e+08	 2.8639e+02	 5.5894e+03
 1.0072e+01	 5.5559e+03	 2.3352e+00	 1.1967e+00	 6.7025e-12	-7.4784e-12	 2.9298e-11	 1.0524e+09	 2.8639e+02	 5.5924e+03
 3.1874e+00	 5.5559e+03	 2.9450e+00	 3.0035e+00	 5.3235e-12	-3.4474e-12	 3.6949e-11	 1.3251e+09	 2.8639e+02	 5.5978e+03
 1.0087e+00	 5.5559e+03	 4.1228e+00	 8.2857e+00	 4.6474e-12	-1.7516e-12	 5.1726e-11	 1.5178e+09	 2.8639e+02	 5.6029e+03
 1.0000e+06	 5.6002e+03	 1.7876e+00	 7.5700e-04	 4.2094e-10	-4.3798e-07	 2.2428e-11	 1.6758e+07	 2.8639e+02	 5.6109e+03
 3.1646e+05	 5.6002e+03	 1.7880e+00	 1.8778e-03	 3.3044e-10	-1.3866e-07	 2.2432e-11	 2.1347e+07	 2.8639e+02	 5.6133e+03
 1.0014e+05	 5.6002e+03	 1.7891e+00	 3.4364e-03	 1.9136e-10	-4.3941e-08	 2.2446e-11	 3.6862e+07	 2.8639e+02	 5.6159e+03
 3.1691e+04	 5.6002e+03	 1.7912e+00	 6.9097e-03	 1.2176e-10	-1.3943e-08	 2.2473e-11	 5.7931e+07	 2.8638e+02	 5.6184e+03
 1.0029e+04	 5.6002e+03	 1.7965e+00	 1.4896e-02	 8.3072e-11	-4.4417e-09	 2.2539e-11	 8.4914e+07	 2.8638e+02	 5.6208e+03
 3.1737e+03	 5.6002e+03	 1.8104e+00	 2.8131e-02	 4.9644e-11	-1.4301e-09	 2.2713e-11	 1.4209e+08	 2.8638e+02	 5.6234e+03
 1.0043e+03	 5.6002e+03	 1.8327e+00	 4.1930e-02	 2.3417e-11	-4.6505e-10	 2.2994e-11	 3.0124e+08	 2.8638e+02	 5.6260e+03
 3.1783e+02	 5.6002e+03	 1.8510e+00	 7.4533e-02	 1.3172e-11	-1.5040e-10	 2.3223e-11	 5.3552e+08	 2.8638e+02	 5.6288e+03
 1.0058e+02	 5.6002e+03	 1.8808e+00	 1.8928e-01	 1.0586e-11	-4.9260e-11	 2.3596e-11	 6.6636e+08	 2.8638e+02	 5.6313e+03
 3.1829e+01	 5.6002e+03	 2.0036e+00	 5.0059e-01	 8.8598e-12	-1.7761e-11	 2.5137e-11	 7.9618e+08	 2.8637e+02	 5.6343e+03
 1.0072e+01	 5.6002e+03	 2.3458e+00	 1.2105e+00	 6.7800e-12	-7.5378e-12	 2.9431e-11	 1.0404e+09	 2.8638e+02	 5.6373e+03
 3.1874e+00	 5.6002e+03	 2.9652e+00	 3.0688e+00	 5.4392e-12	-3.4831e-12	 3.7202e-11	 1.2969e+09	 2.8637e+02	 5.6428e+03
 1.0087e+00	 5.6002e+03	 4.1703e+00	 8.3857e+00	 4.7035e-12	-1.7782e-12	 5.2322e-11	 1.4997e+09	 2.8637e+02	 5.6478e+03
 1.0000e+06	 5.6452e+03	 1.7876e+00	 7.0662e-04	 3.9292e-10	-4.3797e-07	 2.2428e-11	 1.7952e+07	 2.8637e+02	 5.6557e+03
 3.1646e+05	 5.6452e+03	 1.7880e+00	 2.0537e-03	 3.6139e-10	-1.3866e-07	 2.2432e-11	 1.9519e+07	 2.8636e+02	 5.6581e+03
 1.0014e+05	 5.6452e+03	 1.7892e+00	 3.4717e-03	 1.9332e-10	-4.3948e-08	 2.2448e-11	 3.6488e+07	 2.8637e+02	 5.6608e+03
 3.1691e+04	 5.6452e+03	 1.7914e+00	 7.0789e-03	 1.2475e-10	-1.3946e-08	 2.2475e-11	 5.6547e+07	 2.8636e+02	 5.6632e+03
 1.0029e+04	 5.6452e+03	 1.7967e+00	 1.5108e-02	 8.4253e-11	-4.4430e-09	 2.2542e-11	 8.3723e+07	 2.8636e+02	 5.6660e+03
 3.1737e+03	 5.6452e+03	 1.8108e+00	 2.8225e-02	 4.9810e-11	-1.4310e-09	 2.2719e-11	 1.4162e+08	 2.8636e+02	 5.6684e+03
 1.0043e+03	 5.6452e+03	 1.8331e+00	 4.2264e-02	 2.3603e-11	-4.6527e-10	 2.2998e-11	 2.9886e+08	 2.8637e+02	 5.6710e+03
 3.1783e+02	 5.6452e+03	 1.8514e+00	 7.5647e-02	 1.3369e-11	-1.5046e-10	 2.3228e-11	 5.2763e+08	 2.8636e+02	 5.6736e+03
 1.0058e+02	 5.6452e+03	 1.8816e+00	 1.9312e-01	 1.0801e-11	-4.9306e-11	 2.3607e-11	 6.5311e+08	 2.8636e+02	 5.6761e+03
 3.1829e+01	 5.6452e+03	 2.0086e+00	 5.0828e-01	 8.9959e-12	-1.7852e-11	 2.5201e-11	 7.8413e+08	 2.8636e+02	 5.6791e+03
 1.0072e+01	 5.6452e+03	 2.3574e+00	 1.2230e+00	 6.8496e-12	-7.6026e-12	 2.9576e-11	 1.0298e+09	 2.8636e+02	 5.6820e+03
 3.1874e+00	 5.6452e+03	 2.9702e+00	 3.1077e+00	 5.5081e-12	-3.4920e-12	 3.7265e-11	 1.2807e+09	 2.8636e+02	 5.6875e+03
 1.0087e+00	 5.6452e+03	 4.1586e+00	 8.4777e+00	 4.7551e-12	-1.7716e-12	 5.2174e-11	 1.4835e+09	 2.8636e+02	 5.6926e+03
 1.0000e+06	 5.6899e+03	 1.7877e+00	 7.7768e-04	 4.3244e-10	-4.3799e-07	 2.2428e-11	 1.6312e+07	 2.8636e+02	 5.7005e+03
 3.1646e+05	 5.6899e+03	 1.7881e+00	 2.1170e-03	 3.7253e-10	-1.3868e-07	 2.2434e-11	 1.8935e+07	 2.8636e+02	 5.7030e+03
 1.0014e+05	 5.6899e+03	 1.7893e+00	 3.5733e-03	 1.9898e-10	-4.3952e-08	 2.2448e-11	 3.5450e+07	 2.8635e+02	 5.7056e+03
 3.1691e+04	 5.6899e+03	 1.7915e+00	 7.0796e-03	 1.2476e-10	-1.3947e-08	 2.2476e-11	 5.6541e+07	 2.8635e+02	 5.7084e+03
 1.0029e+04	 5.6899e+03	 1.7969e+00	 1.5258e-02	 8.5089e-11	-4.4438e-09	 2.2544e-11	 8.2901e+07	 2.8635e+02	 5.7109e+03
 3.1737e+03	 5.6899e+03	 1.8111e+00	 2.8521e-02	 5.0333e-11	-1.4314e-09	 2.2723e-11	 1.4014e+08	 2.8635e+02	 5.7137e+03
 1.0043e+03	 5.6899e+03	 1.8334e+00	 4.2489e-02	 2.3729e-11	-4.6544e-10	 2.3002e-11	 2.9727e+08	 2.8635e+02	 5.7162e+03
 3.1783e+02	 5.6899e+03	 1.8517e+00	 7.6535e-02	 1.3526e-11	-1.5052e-10	 2.3232e-11	 5.2151e+08	 2.8635e+02	 5.7186e+03
 1.0058e+02	 5.6899e+03	 1.8836e+00	 1.9540e-01	 1.0928e-11	-4.9418e-11	 2.3632e-11	 6.4547e+08	 2.8635e+02	 5.7213e+03
 3.1829e+01	 5.6899e+03	 2.0127e+00	 5.1423e-01	 9.1011e-12	-1.7923e-11	 2.5251e-11	 7.7506e+08	 2.8635e+02	 5.7243e+03
 1.0072e+01	 5.6899e+03	 2.3653e+00	 1.2376e+00	 6.9313e-12	-7.6469e-12	 2.9676e-11	 1.0177e+09	 2.8635e+02	 5.7273e+03
 3.1874e+00	 5.6899e+03	 3.0014e+00	 3.1177e+00	 5.5258e-12	-3.5473e-12	 3.7656e-11	 1.2766e+09	 2.8634e+02	 5.7328e+03
 1.0087e+00	 5.6899e+03	 4.1850e+00	 8.6001e+00	 4.8237e-12	-1.7864e-12	 5.2505e-11	 1.4624e+09	 2.8634e+02	 5.7379e+03
 1.0000e+06	 5.7353e+03	 1.7878e+00	 7.3716e-04	 4.0991e-10	-4.3806e-07	 2.2430e-11	 1.7209e+07	 2.8634e+02	 5.7460e+03
 3.1646e+05	 5.7353e+03	 1.7881e+00	 1.9373e-03	 3.4091e-10	-1.3868e-07	 2.2434e-11	 2.0691e+07	 2.8634e+02	 5.7487e+03
 1.0014e+05	 5.7353e+03	 1.7893e+00	 3.5228e-03	 1.9617e-10	-4.3955e-08	 2.2449e-11	 3.5958e+07	 2.8634e+02	 5.7512e+03
 3.1691e+04	 5.7353e+03	 1.7915e+00	 7.2503e-03	 1.2777e-10	-1.3948e-08	 2.2477e-11	 5.5210e+07	 2.8634e+02	 5.7537e+03
 1.0029e+04	 5.7353e+03	 1.7970e+00	 1.5426e-02	 8.6025e-11	-4.4447e-09	 2.2546e-11	 8.1999e+07	 2.8634e+02	 5.7562e+03
 3.1737e+03	 5.7353e+03	 1.8114e+00	 2.8741e-02	 5.0720e-11	-1.4320e-09	 2.2727e-11	 1.3908e+08	 2.8633e+02	 5.7588e+03
 1.0043e+03	 5.7353e+03	 1.8338e+00	 4.2802e-02	 2.3904e-11	-4.6564e-10	 2.3007e-11	 2.9510e+08	 2.8633e+02	 5.7612e+03
 3.1783e+02	 5.7353e+03	 1.8519e+00	 7.7671e-02	 1.3727e-11	-1.5056e-10	 2.3234e-11	 5.1388e+08	 2.8634e+02	 5.7638e+03
 1.0058e+02	 5.7353e+03	 1.8838e+00	 1.9906e-01	 1.1133e-11	-4.9427e-11	 2.3634e-11	 6.3361e+08	 2.8633e+02	 5.7663e+03
 3.1829e+01	 5.7353e+03	 2.0175e+00	 5.2187e-01	 9.2364e-12	-1.8009e-11	 2.5312e-11	 7.6371e+08	 2.8633e+02	 5.7693e+03
 1.0072e+01	 5.7353e+03	 2.3765e+00	 1.2502e+00	 7.0023e-12	-7.7098e-12	 2.9816e-11	 1.0074e+09	 2.8633e+02	 5.7724e+03
 3.1874e+00	 5.7353e+03	 3.0034e+00	 3.1783e+00	 5.6332e-12	-3.5508e-12	 3.7681e-11	 1.2522e+09	 2.8633e+02	 5.7778e+03
 1.0087e+00	 5.7353e+03	 4.1957e+00	 8.5819e+00	 4.8135e-12	-1.7925e-12	 5.2640e-11	 1.4654e+09	 2.8633e+02	 5.7828e+03
 1.0000e+06	 5.7801e+03	 1.7879e+00	 7.6083e-04	 4.2307e-10	-4.3810e-07	 2.2431e-11	 1.6673e+07	 2.8633e+02	 5.7906e+03
 3.1646e+05	 5.7801e+03	 1.7882e+00	 1.9857e-03	 3.4942e-10	-1.3870e-07	 2.2435e-11	 2.0188e+07	 2.8632e+02	 5.7930e+03
 1.0014e+05	 5.7801e+03	 1.7894e+00	 3.6064e-03	 2.0082e-10	-4.3957e-08	 2.2450e-11	 3.5125e+07	 2.8632e+02	 5.7957e+03
 3.1691e+04	 5.7801e+03	 1.7916e+00	 7.2368e-03	 1.2753e-10	-1.3949e-08	 2.2477e-11	 5.5313e+07	 2.8632e+02	 5.7982e+03
 1.0029e+04	 5.7801e+03	 1.7972e+00	 1.5527e-02	 8.6591e-11	-4.4455e-09	 2.2547e-11	 8.1463e+07	 2.8633e+02	 5.8007e+03
 3.1737e+03	 5.7801e+03	 1.8116e+00	 2.8704e-02	 5.0657e-11	-1.4324e-09	 2.2729e-11	 1.3925e+08	 2.8632e+02	 5.8033e+03
 1.0043e+03	 5.7801e+03	 1.8340e+00	 4.3003e-02	 2.4016e-11	-4.6575e-10	 2.3009e-11	 2.9372e+08	 2.8633e+02	 5.8058e+03
 3.1783e+02	 5.7801e+03	 1.8522e+00	 7.8219e-02	 1.3824e-11	-1.5061e-10	 2.3238e-11	 5.1028e+08	 2.8632e+02	 5.8084e+03
 1.0058e+02	 5.7801e+03	 1.8850e+00	 2.0050e-01	 1.1213e-11	-4.9498e-11	 2.3650e-11	 6.2907e+08	 2.8632e+02	 5.8109e+03
 3.1829e+01	 5.7801e+03	 2.0207e+00	 5.2410e-01	 9.2758e-12	-1.8064e-11	 2.5352e-11	 7.6047e+08	 2.8632e+02	 5.8138e+03
 1.0072e+01	 5.7801e+03	 2.3820e+00	 1.2550e+00	 7.0289e-12	-7.7402e-12	 2.9884e-11	 1.0036e+09	 2.8632e+02	 5.8167e+03
 3.1874e+00	 5.7801e+03	 3.0208e+00	 3.1832e+00	 5.6420e-12	-3.5816e-12	 3.7899e-11	 1.2503e+09	 2.8632e+02	 5.8222e+03
 1.0087e+00	 5.7801e+03	 4.2490e+00	 8.7064e+00	 4.8833e-12	-1.8223e-12	 5.3308e-11	 1.4445e+09	 2.8632e+02	 5.8274e+03
 1.0000e+06	 5.8247e+03	 1.7878e+00	 7.5441e-04	 4.1950e-10	-4.3808e-07	 2.2430e-11	 1.6815e+07	 2.8632e+02	 5.8353e+03
 3.1646e+05	 5.8247e+03	 1.7882e+00	 1.9277e-03	 3.3921e-10	-1.3870e-07	 2.2435e-11	 2.0795e+07	 2.8631e+02	 5.8380e+03
 1.0014e+05	 5.8247e+03	 1.7894e+00	 3.5679e-03	 1.9868e-10	-4.3960e-08	 2.2450e-11	 3.5504e+07	 2.8632e+02	 5.8404e+03
 3.1691e+04	 5.8247e+03	 1.7917e+00	 7.3492e-03	 1.2951e-10	-1.3951e-08	 2.2479e-11	 5.4467e+07	 2.8631e+02	 5.8429e+03
 1.0029e+04	 5.8247e+03	 1.7973e+00	 1.5633e-02	 8.7180e-11	-4.4461e-09	 2.2549e-11	 8.0912e+07	 2.8632e+02	 5.8455e+03
 3.1737e+03	 5.8247e+03	 1.8119e+00	 2.8926e-02	 5.1047e-11	-1.4329e-09	 2.2733e-11	 1.3818e+08	 2.8631e+02	 5.8479e+03
 1.0043e+03	 5.8247e+03	 1.8342e+00	 4.3211e-02	 2.4132e-11	-4.6587e-10	 2.3012e-11	 2.9231e+08	 2.8631e+02	 5.8504e+03
 3.1783e+02	 5.8247e+03	 1.8524e+00	 7.9060e-02	 1.3972e-11	-1.5064e-10	 2.3240e-11	 5.0485e+08	 2.8631e+02	 5.8531e+03
 1.0058e+02	 5.8247e+03	 1.8861e+00	 2.0285e-01	 1.1345e-11	-4.9555e-11	 2.3663e-11	 6.2176e+08	 2.8631e+02	 5.8556e+03
 3.1829e+01	 5.8247e+03	 2.0245e+00	 5.3056e-01	 9.3901e-12	-1.8133e-11	 2.5400e-11	 7.5121e+08	 2.8631e+02	 5.8585e+03
 1.0072e+01	 5.8247e+03	 2.3958e+00	 1.2538e+00	 7.0225e-12	-7.8177e-12	 3.0058e-11	 1.0045e+09	 2.8631e+02	 5.8615e+03
 3.1874e+00	 5.8247e+03	 3.0364e+00	 3.1934e+00	 5.6601e-12	-3.6094e-12	 3.8095e-11	 1.2463e+09	 2.8631e+02	 5.8668e+03
 1.0087e+00	 5.8247e+03	 4.3328e+00	 8.8019e+00	 4.9369e-12	-1.8693e-12	 5.4359e-11	 1.4288e+09	 2.8631e+02	 5.8718e+03
 1.0000e+06	 5.8690e+03	 1.7879e+00	 6.7075e-04	 3.7298e-10	-4.3812e-07	 2.2431e-11	 1.8913e+07	 2.8631e+02	 5.8798e+03
 3.1646e+05	 5.8690e+03	 1.7883e+00	 2.0060e-03	 3.5300e-10	-1.3871e-07	 2.2436e-11	 1.9983e+07	 2.8630e+02	 5.8822e+03
 1.0014e+05	 5.8690e+03	 1.7895e+00	 3.6800e-03	 2.0493e-10	-4.3962e-08	 2.2451e-11	 3.4422e+07	 2.8631e+02	 5.8849e+03
 3.1691e+04	 5.8690e+03	 1.7918e+00	 7.4159e-03	 1.3068e-10	-1.3952e-08	 2.2480e-11	 5.3977e+07	 2.8631e+02	 5.8874e+03
 1.0029e+04	 5.8690e+03	 1.7974e+00	 1.5770e-02	 8.7945e-11	-4.4468e-09	 2.2550e-11	 8.0209e+07	 2.8630e+02	 5.8900e+03
 3.1737e+03	 5.8690e+03	 1.8122e+00	 2.9162e-02	 5.1465e-11	-1.4333e-09	 2.2736e-11	 1.3706e+08	 2.8630e+02	 5.8925e+03
 1.0043e+03	 5.8690e+03	 1.8344e+00	 4.3477e-02	 2.4281e-11	-4.6601e-10	 2.3015e-11	 2.9052e+08	 2.8631e+02	 5.8951e+03
 3.1783e+02	 5.8690e+03	 1.8525e+00	 8.0124e-02	 1.4160e-11	-1.5066e-10	 2.3241e-11	 4.9815e+08	 2.8630e+02	 5.8978e+03
 1.0058e+02	 5.8690e+03	 1.8863e+00	 2.0654e-01	 1.1552e-11	-4.9569e-11	 2.3666e-11	 6.1065e+08	 2.8630e+02	 5.9002e+03
 3.1829e+01	 5.8690e+03	 2.0245e+00	 5.4238e-01	 9.5995e-12	-1.8132e-11	 2.5400e-11	 7.3483e+08	 2.8630e+02	 5.9031e+03
 1.0072e+01	 5.8690e+03	 2.3975e+00	 1.2891e+00	 7.2199e-12	-7.8271e-12	 3.0079e-11	 9.7701e+08	 2.8630e+02	 5.9061e+03
 3.1874e+00	 5.8690e+03	 3.0358e+00	 3.2410e+00	 5.7444e-12	-3.6083e-12	 3.8088e-11	 1.2280e+09	 2.8630e+02	 5.9115e+03
 1.0087e+00	 5.8690e+03	 4.3120e+00	 8.9950e+00	 5.0452e-12	-1.8577e-12	 5.4099e-11	 1.3981e+09	 2.8630e+02	 5.9172e+03
 1.0000e+06	 5.9145e+03	 1.7879e+00	 7.7432e-04	 4.3057e-10	-4.3813e-07	 2.2432e-11	 1.6383e+07	 2.8629e+02	 5.9249e+03
 3.1646e+05	 5.9145e+03	 1.7883e+00	 1.9537e-03	 3.4378e-10	-1.3871e-07	 2.2436e-11	 2.0519e+07	 2.8630e+02	 5.9274e+03
 1.0014e+05	 5.9145e+03	 1.7895e+00	 3.5880e-03	 1.9980e-10	-4.3966e-08	 2.2452e-11	 3.5305e+07	 2.8630e+02	 5.9299e+03
 3.1691e+04	 5.9145e+03	 1.7918e+00	 7.4490e-03	 1.3127e-10	-1.3954e-08	 2.2480e-11	 5.3737e+07	 2.8629e+02	 5.9324e+03
 1.0029e+04	 5.9145e+03	 1.7976e+00	 1.5881e-02	 8.8565e-11	-4.4477e-09	 2.2552e-11	 7.9647e+07	 2.8629e+02	 5.9350e+03
 3.1737e+03	 5.9145e+03	 1.8123e+00	 2.9270e-02	 5.1655e-11	-1.4336e-09	 2.2738e-11	 1.3656e+08	 2.8629e+02	 5.9374e+03
 1.0043e+03	 5.9145e+03	 1.8347e+00	 4.3673e-02	 2.4390e-11	-4.6614e-10	 2.3018e-11	 2.8921e+08	 2.8629e+02	 5.9399e+03
 3.1783e+02	 5.9145e+03	 1.8529e+00	 8.0746e-02	 1.4270e-11	-1.5073e-10	 2.3246e-11	 4.9431e+08	 2.8629e+02	 5.9424e+03
 1.0058e+02	 5.9145e+03	 1.8877e+00	 2.0787e-01	 1.1626e-11	-4.9648e-11	 2.3683e-11	 6.0676e+08	 2.8629e+02	 5.9450e+03
 3.1829e+01	 5.9145e+03	 2.0280e+00	 5.4428e-01	 9.6330e-12	-1.8195e-11	 2.5444e-11	 7.3227e+08	 2.8629e+02	 5.9480e+03
 1.0072e+01	 5.9145e+03	 2.4067e+00	 1.2910e+00	 7.2309e-12	-7.8788e-12	 3.0195e-11	 9.7553e+08	 2.8630e+02	 5.9509e+03
 3.1874e+00	 5.9145e+03	 3.0535e+00	 3.2498e+00	 5.7601e-12	-3.6396e-12	 3.8309e-11	 1.2246e+09	 2.8629e+02	 5.9562e+03
 1.0087e+00	 5.9145e+03	 4.3604e+00	 9.1215e+00	 5.1162e-12	-1.8848e-12	 5.4706e-11	 1.3788e+09	 2.8629e+02	 5.9620e+03
 1.0000e+06	 5.9593e+03	 1.7879e+00	 8.0790e-04	 4.4924e-10	-4.3814e-07	 2.2432e-11	 1.5702e+07	 2.8629e+02	 5.9697e+03
 3.1646e+05	 5.9593e+03	 1.7883e+00	 2.1868e-03	 3.8481e-10	-1.3872e-07	 2.2436e-11	 1.8331e+07	 2.8628e+02	 5.9722e+03
 1.0014e+05	 5.9593e+03	 1.7895e+00	 3.6290e-03	 2.0209e-10	-4.3965e-08	 2.2451e-11	 3.4906e+07	 2.8629e+02	 5.9747e+03
 3.1691e+04	 5.9593e+03	 1.7919e+00	 7.4973e-03	 1.3212e-10	-1.3955e-08	 2.2481e-11	 5.3391e+07	 2.8629e+02	 5.9773e+03
 1.0029e+04	 5.9593e+03	 1.7976e+00	 1.5954e-02	 8.8971e-11	-4.4479e-09	 2.2553e-11	 7.9284e+07	 2.8629e+02	 5.9798e+03
 3.1737e+03	 5.9593e+03	 1.8125e+00	 2.9394e-02	 5.1873e-11	-1.4339e-09	 2.2740e-11	 1.3599e+08	 2.8628e+02	 5.9825e+03
 1.0043e+03	 5.9593e+03	 1.8348e+00	 4.3830e-02	 2.4478e-11	-4.6621e-10	 2.3020e-11	 2.8818e+08	 2.8628e+02	 5.9849e+03
 3.1783e+02	 5.9593e+03	 1.8529e+00	 8.1289e-02	 1.4366e-11	-1.5073e-10	 2.3246e-11	 4.9101e+08	 2.8628e+02	 5.9874e+03
 1.0058e+02	 5.9593e+03	 1.8872e+00	 2.1022e-01	 1.1757e-11	-4.9622e-11	 2.3678e-11	 5.9998e+08	 2.8628e+02	 5.9901e+03
 3.1829e+01	 5.9593e+03	 2.0293e+00	 5.5030e-01	 9.7395e-12	-1.8217e-11	 2.5460e-11	 7.2426e+08	 2.8628e+02	 5.9932e+03
 1.0072e+01	 5.9593e+03	 2.4072e+00	 1.3029e+00	 7.2973e-12	-7.8817e-12	 3.0202e-11	 9.6665e+08	 2.8628e+02	 5.9962e+03
 3.1874e+00	 5.9593e+03	 3.0653e+00	 3.2912e+00	 5.8333e-12	-3.6605e-12	 3.8457e-11	 1.2093e+09	 2.8627e+02	 6.0018e+03
 1.0087e+00	 5.9593e+03	 4.3760e+00	 9.1257e+00	 5.1185e-12	-1.8936e-12	 5.4902e-11	 1.3781e+09	 2.8627e+02	 6.0074e+03
 1.0000e+06	 6.0047e+03	 1.7879e+00	 8.2264e-04	 4.5744e-10	-4.3811e-07	 2.2431e-11	 1.5421e+07	 2.8628e+02	 6.0152e+03
 3.1646e+05	 6.0047e+03	 1.7883e+00	 2.2150e-03	 3.8977e-10	-1.3872e-07	 2.2437e-11	 1.8098e+07	 2.8627e+02	 6.0178e+03
 1.0014e+05	 6.0047e+03	 1.7896e+00	 3.7281e-03	 2.0760e-10	-4.3969e-08	 2.2452e-11	 3.3978e+07	 2.8627e+02	 6.0202e+03
 3.1691e+04	 6.0047e+03	 1.7919e+00	 7.4751e-03	 1.3173e-10	-1.3955e-08	 2.2481e-11	 5.3549e+07	 2.8627e+02	 6.0229e+03
 1.0029e+04	 6.0047e+03	 1.7977e+00	 1.6017e-02	 8.9322e-11	-4.4484e-09	 2.2554e-11	 7.8972e+07	 2.8627e+02	 6.0254e+03
 3.1737e+03	 6.0047e+03	 1.8126e+00	 2.9335e-02	 5.1770e-11	-1.4341e-09	 2.2742e-11	 1.3626e+08	 2.8628e+02	 6.0279e+03
 1.0043e+03	 6.0047e+03	 1.8349e+00	 4.3915e-02	 2.4525e-11	-4.6626e-10	 2.3021e-11	 2.8762e+08	 2.8627e+02	 6.0305e+03
 3.1783e+02	 6.0047e+03	 1.8531e+00	 8.1613e-02	 1.4424e-11	-1.5077e-10	 2.3249e-11	 4.8906e+08	 2.8627e+02	 6.0329e+03
 1.0058e+02	 6.0047e+03	 1.8882e+00	 2.1055e-01	 1.1775e-11	-4.9678e-11	 2.3690e-11	 5.9905e+08	 2.8627e+02	 6.0358e+03
 3.1829e+01	 6.0047e+03	 2.0320e+00	 5.5000e-01	 9.7343e-12	-1.8265e-11	 2.5494e-11	 7.2465e+08	 2.8627e+02	 6.0388e+03
 1.0072e+01	 6.0047e+03	 2.4174e+00	 1.2950e+00	 7.2529e-12	-7.9386e-12	 3.0329e-11	 9.7257e+08	 2.8626e+02	 6.0418e+03
 3.1874e+00	 6.0047e+03	 3.0686e+00	 3.2888e+00	 5.8291e-12	-3.6665e-12	 3.8500e-11	 1.2101e+09	 2.8626e+02	 6.0471e+03
 1.0087e+00	 6.0047e+03	 4.3958e+00	 9.0983e+00	 5.1032e-12	-1.9047e-12	 5.5151e-11	 1.3823e+09	 2.8626e+02	 6.0528e+03
 1.0000e+06	 6.0501e+03	 1.7880e+00	 7.5604e-04	 4.2041e-10	-4.3815e-07	 2.2432e-11	 1.6779e+07	 2.8626e+02	 6.0607e+03
 3.1646e+05	 6.0501e+03	 1.7883e+00	 1.9938e-03	 3.5085e-10	-1.3871e-07	 2.2436e-11	 2.0105e+07	 2.8626e+02	 6.0634e+03
 1.0014e+05	 6.0501e+03	 1.7896e+00	 3.6790e-03	 2.0487e-10	-4.3970e-08	 2.2453e-11	 3.4431e+07	 2.8626e+02	 6.0659e+03
 3.1691e+04	 6.0501e+03	 1.7919e+00	 7.5256e-03	 1.3262e-10	-1.3956e-08	 2.2482e-11	 5.3190e+07	 2.8626e+02	 6.0683e+03
 1.0029e+04	 6.0501e+03	 1.7977e+00	 1.6008e-02	 8.9271e-11	-4.4484e-09	 2.2554e-11	 7.9017e+07	 2.8625e+02	 6.0709e+03
 3.1737e+03	 6.0501e+03	 1.8127e+00	 2.9545e-02	 5.2140e-11	-1.4341e-09	 2.2742e-11	 1.3529e+08	 2.8625e+02	 6.0733e+03
 1.0043e+03	 6.0501e+03	 1.8349e+00	 4.3970e-02	 2.4556e-11	-4.6629e-10	 2.3021e-11	 2.8726e+08	 2.8626e+02	 6.0758e+03
 3.1783e+02	 6.0501e+03	 1.8531e+00	 8.1929e-02	 1.4479e-11	-1.5076e-10	 2.3249e-11	 4.8717e+08	 2.8625e+02	 6.0782e+03
 1.0058e+02	 6.0501e+03	 1.8879e+00	 2.1194e-01	 1.1853e-11	-4.9658e-11	 2.3686e-11	 5.9511e+08	 2.8625e+02	 6.0806e+03
 3.1829e+01	 6.0501e+03	 2.0318e+00	 5.5319e-01	 9.7907e-12	-1.8261e-11	 2.5491e-11	 7.2047e+08	 2.8625e+02	 6.0835e+03
 1.0072e+01	 6.0501e+03	 2.4169e+00	 1.3081e+00	 7.3267e-12	-7.9356e-12	 3.0322e-11	 9.6278e+08	 2.8625e+02	 6.0865e+03
 3.1874e+00	 6.0501e+03	 3.0756e+00	 3.3115e+00	 5.8694e-12	-3.6787e-12	 3.8586e-11	 1.2018e+09	 2.8625e+02	 6.0918e+03
 1.0087e+00	 6.0501e+03	 4.4360e+00	 9.2067e+00	 5.1640e-12	-1.9272e-12	 5.5655e-11	 1.3660e+09	 2.8625e+02	 6.0975e+03
 1.0000e+06	 6.0948e+03	 1.7880e+00	 7.5636e-04	 4.2058e-10	-4.3819e-07	 2.2433e-11	 1.6772e+07	 2.8624e+02	 6.1053e+03
 3.1646e+05	 6.0948e+03	 1.7883e+00	 2.0302e-03	 3.5725e-10	-1.3872e-07	 2.2436e-11	 1.9745e+07	 2.8625e+02	 6.1080e+03
 1.0014e+05	 6.0948e+03	 1.7896e+00	 3.6782e-03	 2.0483e-10	-4.3970e-08	 2.2453e-11	 3.4439e+07	 2.8624e+02	 6.1104e+03
 3.1691e+04	 6.0948e+03	 1.7920e+00	 7.5497e-03	 1.3304e-10	-1.3956e-08	 2.2482e-11	 5.3020e+07	 2.8624e+02	 6.1130e+03
 1.0029e+04	 6.0948e+03	 1.7978e+00	 1.6085e-02	 8.9698e-11	-4.4491e-09	 2.2556e-11	 7.8641e+07	 2.8624e+02	 6.1157e+03
 3.1737e+03	 6.0948e+03	 1.8128e+00	 2.9523e-02	 5.2101e-11	-1.4343e-09	 2.2743e-11	 1.3539e+08	 2.8624e+02	 6.1182e+03
 1.0043e+03	 6.0948e+03	 1.8351e+00	 4.4162e-02	 2.4663e-11	-4.6638e-10	 2.3023e-11	 2.8601e+08	 2.8624e+02	 6.1208e+03
 3.1783e+02	 6.0948e+03	 1.8531e+00	 8.2656e-02	 1.4608e-11	-1.5077e-10	 2.3249e-11	 4.8288e+08	 2.8624e+02	 6.1232e+03
 1.0058e+02	 6.0948e+03	 1.8880e+00	 2.1453e-01	 1.1998e-11	-4.9664e-11	 2.3687e-11	 5.8793e+08	 2.8624e+02	 6.1259e+03
 3.1829e+01	 6.0948e+03	 2.0330e+00	 5.6188e-01	 9.9444e-12	-1.8284e-11	 2.5507e-11	 7.0934e+08	 2.8624e+02	 6.1289e+03
 1.0072e+01	 6.0948e+03	 2.4270e+00	 1.3336e+00	 7.4692e-12	-7.9924e-12	 3.0450e-11	 9.4441e+08	 2.8624e+02	 6.1320e+03
 3.1874e+00	 6.0948e+03	 3.0842e+00	 3.3729e+00	 5.9782e-12	-3.6941e-12	 3.8695e-11	 1.1800e+09	 2.8623e+02	 6.1373e+03
 1.0087e+00	 6.0948e+03	 4.4081e+00	 9.2995e+00	 5.2160e-12	-1.9116e-12	 5.5305e-11	 1.3524e+09	 2.8623e+02	 6.1431e+03
 1.0000e+06	 6.1404e+03	 1.7879e+00	 7.9950e-04	 4.4457e-10	-4.3814e-07	 2.2432e-11	 1.5867e+07	 2.8623e+02	 6.1509e+03
 3.1646e+05	 6.1404e+03	 1.7883e+00	 2.2192e-03	 3.9050e-10	-1.3872e-07	 2.2437e-11	 1.8064e+07	 2.8623e+02	 6.1535e+03
 1.0014e+05	 6.1404e+03	 1.7896e+00	 3.7793e-03	 2.1046e-10	-4.3971e-08	 2.2453e-11	 3.3518e+07	 2.8623e+02	 6.1561e+03
 3.1691e+04	 6.1404e+03	 1.7920e+00	 7.6272e-03	 1.3441e-10	-1.3957e-08	 2.2483e-11	 5.2482e+07	 2.8623e+02	 6.1586e+03
 1.0029e+04	 6.1404e+03	 1.7979e+00	 1.6198e-02	 9.0331e-11	-4.4497e-09	 2.2557e-11	 7.8090e+07	 2.8623e+02	 6.1610e+03
 3.1737e+03	 6.1404e+03	 1.8130e+00	 2.9713e-02	 5.2436e-11	-1.4347e-09	 2.2746e-11	 1.3452e+08	 2.8622e+02	 6.1637e+03
 1.0043e+03	 6.1404e+03	 1.8353e+00	 4.4341e-02	 2.4763e-11	-4.6647e-10	 2.3026e-11	 2.8486e+08	 2.8622e+02	 6.1662e+03
 3.1783e+02	 6.1404e+03	 1.8535e+00	 8.3248e-02	 1.4712e-11	-1.5085e-10	 2.3255e-11	 4.7945e+08	 2.8623e+02	 6.1689e+03
 1.0058e+02	 6.1404e+03	 1.8899e+00	 2.1592e-01	 1.2076e-11	-4.9771e-11	 2.3711e-11	 5.8413e+08	 2.8623e+02	 6.1714e+03
 3.1829e+01	 6.1404e+03	 2.0375e+00	 5.6258e-01	 9.9569e-12	-1.8362e-11	 2.5563e-11	 7.0845e+08	 2.8623e+02	 6.1743e+03
 1.0072e+01	 6.1404e+03	 2.4303e+00	 1.3356e+00	 7.4803e-12	-8.0107e-12	 3.0491e-11	 9.4300e+08	 2.8622e+02	 6.1772e+03
 3.1874e+00	 6.1404e+03	 3.0698e+00	 3.4006e+00	 6.0273e-12	-3.6685e-12	 3.8514e-11	 1.1703e+09	 2.8622e+02	 6.1825e+03
 1.0087e+00	 6.1404e+03	 4.4410e+00	 9.5921e+00	 5.3801e-12	-1.9300e-12	 5.5717e-11	 1.3111e+09	 2.8622e+02	 6.1881e+03
 1.0000e+06	 6.1854e+03	 1.7880e+00	 7.9813e-04	 4.4381e-10	-4.3819e-07	 2.2433e-11	 1.5894e+07	 2.8622e+02	 6.1958e+03
 3.1646e+05	 6.1854e+03	 1.7884e+00	 2.2063e-03	 3.8824e-10	-1.3874e-07	 2.2438e-11	 1.8169e+07	 2.8622e+02	 6.1984e+03
 1.0014e+05	 6.1854e+03	 1.7897e+00	 3.7708e-03	 2.0998e-10	-4.3974e-08	 2.2453e-11	 3.3594e+07	 2.8622e+02	 6.2009e+03
 3.1691e+04	 6.1854e+03	 1.7921e+00	 7.6820e-03	 1.3538e-10	-1.3959e-08	 2.2484e-11	 5.2107e+07	 2.8622e+02	 6.2034e+03
 1.0029e+04	 6.1854e+03	 1.7981e+00	 1.6346e-02	 9.1157e-11	-4.4506e-09	 2.2559e-11	 7.7382e+07	 2.8622e+02	 6.2061e+03
 3.1737e+03	 6.1854e+03	 1.8134e+00	 2.9940e-02	 5.2837e-11	-1.4354e-09	 2.2751e-11	 1.3350e+08	 2.8622e+02	 6.2086e+03
 1.0043e+03	 6.1854e+03	 1.8356e+00	 4.4717e-02	 2.4973e-11	-4.6665e-10	 2.3030e-11	 2.8246e+08	 2.8621e+02	 6.2110e+03
 3.1783e+02	 6.1854e+03	 1.8539e+00	 8.4523e-02	 1.4938e-11	-1.5091e-10	 2.3259e-11	 4.7222e+08	 2.8622e+02	 6.2137e+03
 1.0058e+02	 6.1854e+03	 1.8913e+00	 2.1903e-01	 1.2250e-11	-4.9849e-11	 2.3729e-11	 5.7583e+08	 2.8622e+02	 6.2165e+03
 3.1829e+01	 6.1854e+03	 2.0436e+00	 5.6983e-01	 1.0085e-11	-1.8470e-11	 2.5639e-11	 6.9943e+08	 2.8622e+02	 6.2195e+03
 1.0072e+01	 6.1854e+03	 2.4476e+00	 1.3460e+00	 7.5385e-12	-8.1077e-12	 3.0708e-11	 9.3573e+08	 2.8622e+02	 6.2224e+03
 3.1874e+00	 6.1854e+03	 3.1118e+00	 3.4011e+00	 6.0281e-12	-3.7431e-12	 3.9042e-11	 1.1702e+09	 2.8621e+02	 6.2278e+03
 1.0087e+00	 6.1854e+03	 4.4529e+00	 9.4955e+00	 5.3259e-12	-1.9367e-12	 5.5867e-11	 1.3245e+09	 2.8621e+02	 6.2336e+03
 1.0000e+06	 6.2309e+03	 1.7881e+00	 7.9484e-04	 4.4198e-10	-4.3823e-07	 2.2434e-11	 1.5960e+07	 2.8621e+02	 6.2415e+03
 3.1646e+05	 6.2309e+03	 1.7884e+00	 2.1126e-03	 3.7175e-10	-1.3874e-07	 2.2438e-11	 1.8975e+07	 2.8621e+02	 6.2440e+03
 1.0014e+05	 6.2309e+03	 1.7897e+00	 3.8193e-03	 2.1268e-10	-4.3978e-08	 2.2454e-11	 3.3166e+07	 2.8622e+02	 6.2467e+03
 3.1691e+04	 6.2309e+03	 1.7922e+00	 7.7458e-03	 1.3650e-10	-1.3960e-08	 2.2485e-11	 5.1678e+07	 2.8621e+02	 6.2492e+03
 1.0029e+04	 6.2309e+03	 1.7982e+00	 1.6450e-02	 9.1734e-11	-4.4513e-09	 2.2560e-11	 7.6896e+07	 2.8621e+02	 6.2518e+03
 3.1737e+03	 6.2309e+03	 1.8135e+00	 2.9909e-02	 5.2782e-11	-1.4357e-09	 2.2753e-11	 1.3364e+08	 2.8621e+02	 6.2542e+03
 1.0043e+03	 6.2309e+03	 1.8358e+00	 4.4920e-02	 2.5087e-11	-4.6677e-10	 2.3032e-11	 2.8118e+08	 2.8621e+02	 6.2566e+03
 3.1783e+02	 6.2309e+03	 1.8541e+00	 8.5256e-02	 1.5067e-11	-1.5095e-10	 2.3262e-11	 4.6816e+08	 2.8621e+02	 6.2592e+03
 1.0058e+02	 6.2309e+03	 1.8924e+00	 2.2112e-01	 1.2367e-11	-4.9908e-11	 2.3742e-11	 5.7039e+08	 2.8621e+02	 6.2618e+03
 3.1829e+01	 6.2309e+03	 2.0473e+00	 5.7432e-01	 1.0165e-11	-1.8535e-11	 2.5685e-11	 6.9397e+08	 2.8621e+02	 6.2647e+03
 1.0072e+01	 6.2309e+03	 2.4573e+00	 1.3484e+00	 7.5520e-12	-8.1623e-12	 3.0830e-11	 9.3405e+08	 2.8621e+02	 6.2678e+03
 3.1874e+00	 6.2309e+03	 3.1194e+00	 3.3976e+00	 6.0220e-12	-3.7564e-12	 3.9136e-11	 1.1714e+09	 2.8621e+02	 6.2731e+03
 1.0087e+00	 6.2309e+03	 4.4528e+00	 9.5895e+00	 5.3787e-12	-1.9366e-12	 5.5865e-11	 1.3115e+09	 2.8621e+02	 6.2788e+03
 1.0000e+06	 6.2760e+03	 1.7881e+00	 8.5814e-04	 4.7718e-10	-4.3823e-07	 2.2434e-11	 1.4783e+07	 2.8621e+02	 6.2868e+03
 3.1646e+05	 6.2760e+03	 1.7884e+00	 2.2449e-03	 3.9504e-10	-1.3874e-07	 2.2438e-11	 1.7857e+07	 2.8620e+02	 6.2892e+03
 1.0014e+05	 6.2760e+03	 1.7898e+00	 3.8243e-03	 2.1296e-10	-4.3979e-08	 2.2455e-11	 3.3123e+07	 2.8621e+02	 6.2917e+03
 3.1691e+04	 6.2760e+03	 1.7922e+00	 7.8258e-03	 1.3791e-10	-1.3961e-08	 2.2486e-11	 5.1150e+07	 2.8621e+02	 6.2944e+03
 1.0029e+04	 6.2760e+03	 1.7983e+00	 1.6607e-02	 9.2614e-11	-4.4521e-09	 2.2562e-11	 7.6165e+07	 2.8621e+02	 6.2969e+03
 3.1737e+03	 6.2760e+03	 1.8139e+00	 3.0296e-02	 5.3466e-11	-1.4363e-09	 2.2757e-11	 1.3193e+08	 2.8621e+02	 6.2994e+03
 1.0043e+03	 6.2760e+03	 1.8361e+00	 4.5186e-02	 2.5235e-11	-4.6695e-10	 2.3036e-11	 2.7953e+08	 2.8621e+02	 6.3021e+03
 3.1783e+02	 6.2760e+03	 1.8544e+00	 8.6280e-02	 1.5248e-11	-1.5100e-10	 2.3265e-11	 4.6261e+08	 2.8621e+02	 6.3046e+03
 1.0058e+02	 6.2760e+03	 1.8931e+00	 2.2480e-01	 1.2572e-11	-4.9949e-11	 2.3751e-11	 5.6106e+08	 2.8621e+02	 6.3071e+03
 3.1829e+01	 6.2760e+03	 2.0515e+00	 5.8123e-01	 1.0287e-11	-1.8610e-11	 2.5738e-11	 6.8572e+08	 2.8621e+02	 6.3100e+03
 1.0072e+01	 6.2760e+03	 2.4640e+00	 1.3698e+00	 7.6720e-12	-8.1993e-12	 3.0913e-11	 9.1944e+08	 2.8620e+02	 6.3131e+03
 3.1874e+00	 6.2760e+03	 3.1416e+00	 3.4903e+00	 6.1863e-12	-3.7959e-12	 3.9415e-11	 1.1403e+09	 2.8621e+02	 6.3184e+03
 1.0087e+00	 6.2760e+03	 4.5139e+00	 9.6973e+00	 5.4392e-12	-1.9709e-12	 5.6631e-11	 1.2969e+09	 2.8621e+02	 6.3241e+03
 1.0000e+06	 6.3214e+03	 1.7881e+00	 8.1828e-04	 4.5501e-10	-4.3825e-07	 2.2434e-11	 1.5503e+07	 2.8620e+02	 6.3321e+03
 3.1646e+05	 6.3214e+03	 1.7885e+00	 2.1339e-03	 3.7550e-10	-1.3876e-07	 2.2439e-11	 1.8786e+07	 2.8620e+02	 6.3345e+03
 1.0014e+05	 6.3214e+03	 1.7898e+00	 3.9351e-03	 2.1913e-10	-4.3983e-08	 2.2456e-11	 3.2190e+07	 2.8620e+02	 6.3372e+03
 3.1691e+04	 6.3214e+03	 1.7923e+00	 7.9264e-03	 1.3968e-10	-1.3962e-08	 2.2487e-11	 5.0500e+07	 2.8621e+02	 6.3396e+03
 1.0029e+04	 6.3214e+03	 1.7984e+00	 1.6705e-02	 9.3157e-11	-4.4526e-09	 2.2563e-11	 7.5722e+07	 2.8621e+02	 6.3424e+03
 3.1737e+03	 6.3214e+03	 1.8141e+00	 3.0204e-02	 5.3304e-11	-1.4366e-09	 2.2760e-11	 1.3234e+08	 2.8620e+02	 6.3448e+03
 1.0043e+03	 6.3214e+03	 1.8363e+00	 4.5346e-02	 2.5324e-11	-4.6704e-10	 2.3038e-11	 2.7855e+08	 2.8620e+02	 6.3472e+03
 3.1783e+02	 6.3214e+03	 1.8546e+00	 8.6878e-02	 1.5354e-11	-1.5103e-10	 2.3268e-11	 4.5942e+08	 2.8620e+02	 6.3497e+03
 1.0058e+02	 6.3214e+03	 1.8937e+00	 2.2623e-01	 1.2652e-11	-4.9980e-11	 2.3758e-11	 5.5752e+08	 2.8620e+02	 6.3523e+03
 3.1829e+01	 6.3214e+03	 2.0538e+00	 5.8459e-01	 1.0346e-11	-1.8651e-11	 2.5768e-11	 6.8178e+08	 2.8620e+02	 6.3552e+03
 1.0072e+01	 6.3214e+03	 2.4692e+00	 1.3767e+00	 7.7106e-12	-8.2287e-12	 3.0979e-11	 9.1484e+08	 2.8620e+02	 6.3582e+03
 3.1874e+00	 6.3214e+03	 3.1517e+00	 3.4722e+00	 6.1541e-12	-3.8137e-12	 3.9542e-11	 1.1462e+09	 2.8620e+02	 6.3636e+03
 1.0087e+00	 6.3214e+03	 4.5161e+00	 9.6687e+00	 5.4231e-12	-1.9722e-12	 5.6660e-11	 1.3007e+09	 2.8620e+02	 6.3694e+03
 1.0000e+06	 6.3667e+03	 1.7881e+00	 8.6162e-04	 4.7912e-10	-4.3825e-07	 2.2434e-11	 1.4723e+07	 2.8620e+02	 6.3774e+03
 3.1646e+05	 6.3667e+03	 1.7886e+00	 2.3223e-03	 4.0865e-10	-1.3876e-07	 2.2439e-11	 1.7262e+07	 2.8620e+02	 6.3799e+03
 1.0014e+05	 6.3667e+03	 1.7899e+00	 3.9648e-03	 2.2078e-10	-4.3987e-08	 2.2456e-11	 3.1950e+07	 2.8620e+02	 6.3827e+03
 3.1691e+04	 6.3667e+03	 1.7923e+00	 7.9377e-03	 1.3988e-10	-1.3962e-08	 2.2487e-11	 5.0429e+07	 2.8619e+02	 6.3852e+03
 1.0029e+04	 6.3667e+03	 1.7985e+00	 1.6740e-02	 9.3356e-11	-4.4529e-09	 2.2564e-11	 7.5560e+07	 2.8619e+02	 6.3876e+03
 3.1737e+03	 6.3667e+03	 1.8141e+00	 3.0274e-02	 5.3426e-11	-1.4367e-09	 2.2760e-11	 1.3203e+08	 2.8619e+02	 6.3901e+03
 1.0043e+03	 6.3667e+03	 1.8363e+00	 4.5436e-02	 2.5375e-11	-4.6707e-10	 2.3039e-11	 2.7799e+08	 2.8619e+02	 6.3925e+03
 3.1783e+02	 6.3667e+03	 1.8546e+00	 8.7111e-02	 1.5395e-11	-1.5104e-10	 2.3269e-11	 4.5819e+08	 2.8619e+02	 6.3949e+03
 1.0058e+02	 6.3667e+03	 1.8941e+00	 2.2685e-01	 1.2687e-11	-5.0006e-11	 2.3764e-11	 5.5598e+08	 2.8619e+02	 6.3975e+03
 3.1829e+01	 6.3667e+03	 2.0548e+00	 5.8588e-01	 1.0369e-11	-1.8669e-11	 2.5780e-11	 6.8028e+08	 2.8620e+02	 6.4004e+03
 1.0072e+01	 6.3667e+03	 2.4755e+00	 1.3686e+00	 7.6653e-12	-8.2641e-12	 3.1058e-11	 9.2025e+08	 2.8619e+02	 6.4034e+03
 3.1874e+00	 6.3667e+03	 3.1556e+00	 3.4676e+00	 6.1461e-12	-3.8207e-12	 3.9591e-11	 1.1477e+09	 2.8619e+02	 6.4088e+03
 1.0087e+00	 6.3667e+03	 4.5582e+00	 9.6437e+00	 5.4091e-12	-1.9958e-12	 5.7188e-11	 1.3041e+09	 2.8619e+02	 6.4145e+03
 1.0000e+06	 6.4118e+03	 1.7881e+00	 8.0390e-04	 4.4702e-10	-4.3825e-07	 2.2434e-11	 1.5780e+07	 2.8619e+02	 6.4223e+03
 3.1646e+05	 6.4118e+03	 1.7886e+00	 2.2914e-03	 4.0322e-10	-1.3877e-07	 2.2440e-11	 1.7494e+07	 2.8619e+02	 6.4250e+03
 1.0014e+05	 6.4118e+03	 1.7898e+00	 3.8900e-03	 2.1662e-10	-4.3983e-08	 2.2455e-11	 3.2563e+07	 2.8619e+02	 6.4274e+03
 3.1691e+04	 6.4118e+03	 1.7924e+00	 7.9575e-03	 1.4023e-10	-1.3963e-08	 2.2487e-11	 5.0303e+07	 2.8619e+02	 6.4300e+03
 1.0029e+04	 6.4118e+03	 1.7986e+00	 1.6801e-02	 9.3695e-11	-4.4534e-09	 2.2565e-11	 7.5286e+07	 2.8619e+02	 6.4326e+03
 3.1737e+03	 6.4118e+03	 1.8142e+00	 3.0448e-02	 5.3733e-11	-1.4369e-09	 2.2762e-11	 1.3128e+08	 2.8619e+02	 6.4351e+03
 1.0043e+03	 6.4118e+03	 1.8365e+00	 4.5558e-02	 2.5443e-11	-4.6715e-10	 2.3041e-11	 2.7725e+08	 2.8618e+02	 6.4377e+03
 3.1783e+02	 6.4118e+03	 1.8548e+00	 8.7502e-02	 1.5464e-11	-1.5107e-10	 2.3271e-11	 4.5614e+08	 2.8619e+02	 6.4402e+03
 1.0058e+02	 6.4118e+03	 1.8948e+00	 2.2765e-01	 1.2732e-11	-5.0042e-11	 2.3772e-11	 5.5404e+08	 2.8619e+02	 6.4426e+03
 3.1829e+01	 6.4118e+03	 2.0577e+00	 5.8574e-01	 1.0367e-11	-1.8720e-11	 2.5817e-11	 6.8044e+08	 2.8618e+02	 6.4455e+03
 1.0072e+01	 6.4118e+03	 2.4786e+00	 1.3711e+00	 7.6794e-12	-8.2816e-12	 3.1097e-11	 9.1856e+08	 2.8618e+02	 6.4485e+03
 3.1874e+00	 6.4118e+03	 3.1598e+00	 3.4583e+00	 6.1296e-12	-3.8281e-12	 3.9644e-11	 1.1508e+09	 2.8618e+02	 6.4538e+03
 1.0087e+00	 6.4118e+03	 4.5391e+00	 9.6704e+00	 5.4241e-12	-1.9851e-12	 5.6948e-11	 1.3005e+09	 2.8618e+02	 6.4595e+03
 1.0000e+06	 6.4568e+03	 1.7881e+00	 8.0779e-04	 4.4918e-10	-4.3823e-07	 2.2434e-11	 1.5704e+07	 2.8618e+02	 6.4675e+03
 3.1646e+05	 6.4568e+03	 1.7886e+00	 2.2966e-03	 4.0414e-10	-1.3876e-07	 2.2439e-11	 1.7454e+07	 2.8618e+02	 6.4699e+03
 1.0014e+05	 6.4568e+03	 1.7899e+00	 3.9592e-03	 2.2047e-10	-4.3986e-08	 2.2456e-11	 3.1995e+07	 2.8617e+02	 6.4725e+03
 3.1691e+04	 6.4568e+03	 1.7924e+00	 7.9104e-03	 1.3940e-10	-1.3963e-08	 2.2487e-11	 5.0603e+07	 2.8617e+02	 6.4750e+03
 1.0029e+04	 6.4568e+03	 1.7985e+00	 1.6753e-02	 9.3426e-11	-4.4532e-09	 2.2565e-11	 7.5503e+07	 2.8617e+02	 6.4774e+03
 3.1737e+03	 6.4568e+03	 1.8141e+00	 3.0387e-02	 5.3626e-11	-1.4367e-09	 2.2760e-11	 1.3154e+08	 2.8617e+02	 6.4801e+03
 1.0043e+03	 6.4568e+03	 1.8364e+00	 4.5483e-02	 2.5401e-11	-4.6709e-10	 2.3039e-11	 2.7770e+08	 2.8617e+02	 6.4826e+03
 3.1783e+02	 6.4568e+03	 1.8548e+00	 8.7148e-02	 1.5402e-11	-1.5107e-10	 2.3271e-11	 4.5800e+08	 2.8617e+02	 6.4853e+03
 1.0058e+02	 6.4568e+03	 1.8948e+00	 2.2649e-01	 1.2667e-11	-5.0045e-11	 2.3773e-11	 5.5687e+08	 2.8617e+02	 6.4878e+03
 3.1829e+01	 6.4568e+03	 2.0577e+00	 5.8332e-01	 1.0324e-11	-1.8720e-11	 2.5816e-11	 6.8326e+08	 2.8618e+02	 6.4908e+03
 1.0072e+01	 6.4568e+03	 2.4785e+00	 1.3599e+00	 7.6167e-12	-8.2806e-12	 3.1095e-11	 9.2612e+08	 2.8617e+02	 6.4939e+03
 3.1874e+00	 6.4568e+03	 3.1594e+00	 3.4340e+00	 6.0865e-12	-3.8274e-12	 3.9639e-11	 1.1589e+09	 2.8617e+02	 6.4993e+03
 1.0087e+00	 6.4568e+03	 4.5319e+00	 9.6057e+00	 5.3878e-12	-1.9810e-12	 5.6858e-11	 1.3093e+09	 2.8617e+02	 6.5049e+03
 1.0000e+06	 6.5022e+03	 1.7881e+00	 8.5420e-04	 4.7499e-10	-4.3822e-07	 2.2433e-11	 1.4851e+07	 2.8616e+02	 6.5129e+03
 3.1646e+05	 6.5022e+03	 1.7885e+00	 2.2294e-03	 3.9230e-10	-1.3876e-07	 2.2439e-11	 1.7981e+07	 2.8616e+02	 6.5153e+03
 1.0014e+05	 6.5022e+03	 1.7899e+00	 3.8511e-03	 2.1445e-10	-4.3985e-08	 2.2456e-11	 3.2893e+07	 2.8617e+02	 6.5178e+03
 3.1691e+04	 6.5022e+03	 1.7924e+00	 7.9250e-03	 1.3966e-10	-1.3963e-08	 2.2487e-11	 5.0510e+07	 2.8617e+02	 6.5204e+03
 1.0029e+04	 6.5022e+03	 1.7986e+00	 1.6789e-02	 9.3625e-11	-4.4534e-09	 2.2565e-11	 7.5342e+07	 2.8616e+02	 6.5229e+03
 3.1737e+03	 6.5022e+03	 1.8142e+00	 3.0468e-02	 5.3769e-11	-1.4369e-09	 2.2762e-11	 1.3119e+08	 2.8616e+02	 6.5257e+03
 1.0043e+03	 6.5022e+03	 1.8365e+00	 4.5580e-02	 2.5455e-11	-4.6714e-10	 2.3040e-11	 2.7711e+08	 2.8616e+02	 6.5281e+03
 3.1783e+02	 6.5022e+03	 1.8549e+00	 8.7661e-02	 1.5492e-11	-1.5109e-10	 2.3272e-11	 4.5531e+08	 2.8616e+02	 6.5306e+03
 1.0058e+02	 6.5022e+03	 1.8953e+00	 2.2800e-01	 1.2751e-11	-5.0074e-11	 2.3779e-11	 5.5320e+08	 2.8616e+02	 6.5333e+03
 3.1829e+01	 6.5022e+03	 2.0596e+00	 5.8753e-01	 1.0399e-11	-1.8753e-11	 2.5840e-11	 6.7836e+08	 2.8616e+02	 6.5364e+03
 1.0072e+01	 6.5022e+03	 2.4855e+00	 1.3695e+00	 7.6704e-12	-8.3203e-12	 3.1184e-11	 9.1963e+08	 2.8616e+02	 6.5395e+03
 3.1874e+00	 6.5022e+03	 3.1700e+00	 3.4637e+00	 6.1390e-12	-3.8461e-12	 3.9771e-11	 1.1490e+09	 2.8616e+02	 6.5449e+03
 1.0087e+00	 6.5022e+03	 4.5651e+00	 9.7305e+00	 5.4577e-12	-1.9996e-12	 5.7274e-11	 1.2925e+09	 2.8616e+02	 6.5506e+03
 1.0000e+06	 6.5479e+03	 1.7881e+00	 9.0114e-04	 5.0109e-10	-4.3825e-07	 2.2434e-11	 1.4077e+07	 2.8615e+02	 6.5584e+03
 3.1646e+05	 6.5479e+03	 1.7886e+00	 2.3262e-03	 4.0934e-10	-1.3876e-07	 2.2440e-11	 1.7233e+07	 2.8616e+02	 6.5610e+03
 1.0014e+05	 6.5479e+03	 1.7899e+00	 3.9718e-03	 2.2117e-10	-4.3989e-08	 2.2457e-11	 3.1893e+07	 2.8616e+02	 6.5635e+03
 3.1691e+04	 6.5479e+03	 1.7924e+00	 7.9895e-03	 1.4079e-10	-1.3964e-08	 2.2488e-11	 5.0102e+07	 2.8615e+02	 6.5660e+03
 1.0029e+04	 6.5479e+03	 1.7987e+00	 1.6892e-02	 9.4202e-11	-4.4538e-09	 2.2566e-11	 7.4881e+07	 2.8615e+02	 6.5686e+03
 3.1737e+03	 6.5479e+03	 1.8144e+00	 3.0614e-02	 5.4026e-11	-1.4372e-09	 2.2763e-11	 1.3057e+08	 2.8614e+02	 6.5710e+03
 1.0043e+03	 6.5479e+03	 1.8366e+00	 4.5823e-02	 2.5591e-11	-4.6723e-10	 2.3042e-11	 2.7564e+08	 2.8614e+02	 6.5737e+03
 3.1783e+02	 6.5479e+03	 1.8550e+00	 8.8415e-02	 1.5626e-11	-1.5111e-10	 2.3274e-11	 4.5143e+08	 2.8614e+02	 6.5761e+03
 1.0058e+02	 6.5479e+03	 1.8955e+00	 2.3047e-01	 1.2889e-11	-5.0084e-11	 2.3781e-11	 5.4727e+08	 2.8614e+02	 6.5786e+03
 3.1829e+01	 6.5479e+03	 2.0615e+00	 5.9378e-01	 1.0509e-11	-1.8788e-11	 2.5864e-11	 6.7123e+08	 2.8614e+02	 6.5815e+03
 1.0072e+01	 6.5479e+03	 2.4894e+00	 1.3865e+00	 7.7653e-12	-8.3421e-12	 3.1233e-11	 9.0840e+08	 2.8613e+02	 6.5844e+03
 3.1874e+00	 6.5479e+03	 3.1806e+00	 3.4997e+00	 6.2030e-12	-3.8649e-12	 3.9904e-11	 1.1372e+09	 2.8613e+02	 6.5898e+03
 1.0087e+00	 6.5479e+03	 4.5804e+00	 9.8248e+00	 5.5107e-12	-2.0082e-12	 5.7467e-11	 1.2801e+09	 2.8613e+02	 6.5954e+03
 1.0000e+06	 6.5927e+03	 1.7882e+00	 8.6849e-04	 4.8293e-10	-4.3829e-07	 2.2435e-11	 1.4606e+07	 2.8613e+02	 6.6034e+03
 3.1646e+05	 6.5927e+03	 1.7886e+00	 2.1647e-03	 3.8092e-10	-1.3876e-07	 2.2440e-11	 1.8518e+07	 2.8613e+02	 6.6059e+03
 1.0014e+05	 6.5927e+03	 1.7900e+00	 3.9254e-03	 2.1859e-10	-4.3991e-08	 2.2457e-11	 3.2270e+07	 2.8613e+02	 6.6087e+03
 3.1691e+04	 6.5927e+03	 1.7925e+00	 8.0355e-03	 1.4160e-10	-1.3966e-08	 2.2489e-11	 4.9815e+07	 2.8613e+02	 6.6111e+03
 1.0029e+04	 6.5927e+03	 1.7988e+00	 1.7037e-02	 9.5010e-11	-4.4548e-09	 2.2568e-11	 7.4245e+07	 2.8613e+02	 6.6136e+03
 3.1737e+03	 6.5927e+03	 1.8146e+00	 3.0661e-02	 5.4110e-11	-1.4376e-09	 2.2767e-11	 1.3036e+08	 2.8613e+02	 6.6162e+03
 1.0043e+03	 6.5927e+03	 1.8369e+00	 4.6142e-02	 2.5769e-11	-4.6739e-10	 2.3046e-11	 2.7374e+08	 2.8613e+02	 6.6187e+03
 3.1783e+02	 6.5927e+03	 1.8555e+00	 8.9595e-02	 1.5834e-11	-1.5119e-10	 2.3279e-11	 4.4549e+08	 2.8613e+02	 6.6214e+03
 1.0058e+02	 6.5927e+03	 1.8969e+00	 2.3387e-01	 1.3080e-11	-5.0160e-11	 2.3798e-11	 5.3930e+08	 2.8613e+02	 6.6239e+03
 3.1829e+01	 6.5927e+03	 2.0670e+00	 6.0010e-01	 1.0621e-11	-1.8884e-11	 2.5933e-11	 6.6416e+08	 2.8613e+02	 6.6268e+03
 1.0072e+01	 6.5927e+03	 2.5007e+00	 1.4000e+00	 7.8411e-12	-8.4053e-12	 3.1375e-11	 8.9961e+08	 2.8613e+02	 6.6299e+03
 3.1874e+00	 6.5927e+03	 3.2109e+00	 3.5377e+00	 6.2703e-12	-3.9185e-12	 4.0284e-11	 1.1250e+09	 2.8613e+02	 6.6354e+03
 1.0087e+00	 6.5927e+03	 4.6461e+00	 9.9874e+00	 5.6018e-12	-2.0451e-12	 5.8291e-11	 1.2592e+09	 2.8613e+02	 6.6411e+03
 1.0000e+06	 6.6383e+03	 1.7882e+00	 8.5074e-04	 4.7307e-10	-4.3831e-07	 2.2436e-11	 1.4911e+07	 2.8613e+02	 6.6490e+03
 3.1646e+05	 6.6383e+03	 1.7886e+00	 2.3475e-03	 4.1309e-10	-1.3877e-07	 2.2440e-11	 1.7076e+07	 2.8613e+02	 6.6514e+03
 1.0014e+05	 6.6383e+03	 1.7900e+00	 4.0368e-03	 2.2479e-10	-4.3994e-08	 2.2458e-11	 3.1380e+07	 2.8613e+02	 6.6539e+03
 3.1691e+04	 6.6383e+03	 1.7926e+00	 8.1753e-03	 1.4407e-10	-1.3968e-08	 2.2490e-11	 4.8963e+07	 2.8613e+02	 6.6566e+03
 1.0029e+04	 6.6383e+03	 1.7991e+00	 1.7215e-02	 9.6004e-11	-4.4561e-09	 2.2571e-11	 7.3475e+07	 2.8613e+02	 6.6590e+03
 3.1737e+03	 6.6383e+03	 1.8151e+00	 3.0929e-02	 5.4583e-11	-1.4385e-09	 2.2772e-11	 1.2923e+08	 2.8613e+02	 6.6614e+03
 1.0043e+03	 6.6383e+03	 1.8372e+00	 4.6497e-02	 2.5967e-11	-4.6756e-10	 2.3050e-11	 2.7165e+08	 2.8612e+02	 6.6640e+03
 3.1783e+02	 6.6383e+03	 1.8556e+00	 9.0948e-02	 1.6073e-11	-1.5121e-10	 2.3280e-11	 4.3886e+08	 2.8613e+02	 6.6665e+03
 1.0058e+02	 6.6383e+03	 1.8974e+00	 2.3847e-01	 1.3337e-11	-5.0189e-11	 2.3805e-11	 5.2889e+08	 2.8613e+02	 6.6692e+03
 3.1829e+01	 6.6383e+03	 2.0683e+00	 6.1362e-01	 1.0860e-11	-1.8908e-11	 2.5949e-11	 6.4952e+08	 2.8612e+02	 6.6721e+03
 1.0072e+01	 6.6383e+03	 2.5026e+00	 1.4317e+00	 8.0186e-12	-8.4160e-12	 3.1399e-11	 8.7970e+08	 2.8612e+02	 6.6751e+03
 3.1874e+00	 6.6383e+03	 3.2109e+00	 3.6020e+00	 6.3842e-12	-3.9186e-12	 4.0284e-11	 1.1049e+09	 2.8612e+02	 6.6807e+03
 1.0087e+00	 6.6383e+03	 4.6434e+00	 1.0110e+01	 5.6707e-12	-2.0436e-12	 5.8257e-11	 1.2439e+09	 2.8612e+02	 6.6865e+03
 1.0000e+06	 6.6838e+03	 1.7883e+00	 8.2724e-04	 4.6000e-10	-4.3832e-07	 2.2436e-11	 1.5335e+07	 2.8612e+02	 6.6942e+03
 3.1646e+05	 6.6838e+03	 1.7887e+00	 2.3465e-03	 4.1291e-10	-1.3879e-07	 2.2442e-11	 1.7084e+07	 2.8612e+02	 6.6970e+03
 1.0014e+05	 6.6838e+03	 1.7901e+00	 3.9992e-03	 2.2270e-10	-4.3995e-08	 2.2458e-11	 3.1674e+07	 2.8612e+02	 6.6994e+03
 3.1691e+04	 6.6838e+03	 1.7927e+00	 8.2332e-03	 1.4509e-10	-1.3969e-08	 2.2492e-11	 4.8619e+07	 2.8612e+02	 6.7020e+03
 1.0029e+04	 6.6838e+03	 1.7992e+00	 1.7343e-02	 9.6716e-11	-4.4568e-09	 2.2573e-11	 7.2935e+07	 2.8612e+02	 6.7046e+03
 3.1737e+03	 6.6838e+03	 1.8154e+00	 3.1134e-02	 5.4944e-11	-1.4389e-09	 2.2776e-11	 1.2838e+08	 2.8612e+02	 6.7071e+03
 1.0043e+03	 6.6838e+03	 1.8375e+00	 4.6726e-02	 2.6095e-11	-4.6771e-10	 2.3053e-11	 2.7032e+08	 2.8612e+02	 6.7098e+03
 3.1783e+02	 6.6838e+03	 1.8558e+00	 9.1919e-02	 1.6245e-11	-1.5126e-10	 2.3284e-11	 4.3422e+08	 2.8612e+02	 6.7122e+03
 1.0058e+02	 6.6838e+03	 1.8986e+00	 2.4097e-01	 1.3477e-11	-5.0257e-11	 2.3820e-11	 5.2341e+08	 2.8612e+02	 6.7150e+03
 3.1829e+01	 6.6838e+03	 2.0734e+00	 6.1916e-01	 1.0958e-11	-1.8998e-11	 2.6013e-11	 6.4372e+08	 2.8612e+02	 6.7178e+03
 1.0072e+01	 6.6838e+03	 2.5148e+00	 1.4389e+00	 8.0593e-12	-8.4842e-12	 3.1551e-11	 8.7526e+08	 2.8612e+02	 6.7209e+03
 3.1874e+00	 6.6838e+03	 3.2337e+00	 3.6436e+00	 6.4580e-12	-3.9591e-12	 4.0571e-11	 1.0923e+09	 2.8612e+02	 6.7262e+03
 1.0087e+00	 6.6838e+03	 4.6744e+00	 1.0189e+01	 5.7148e-12	-2.0609e-12	 5.8646e-11	 1.2343e+09	 2.8612e+02	 6.7319e+03
 1.0000e+06	 6.7293e+03	 1.7884e+00	 9.5151e-04	 5.2910e-10	-4.3838e-07	 2.2437e-11	 1.3332e+07	 2.8612e+02	 6.7398e+03
 3.1646e+05	 6.7293e+03	 1.7888e+00	 2.3825e-03	 4.1924e-10	-1.3880e-07	 2.2442e-11	 1.6826e+07	 2.8612e+02	 6.7422e+03
 1.0014e+05	 6.7293e+03	 1.7902e+00	 4.1189e-03	 2.2937e-10	-4.4002e-08	 2.2460e-11	 3.0754e+07	 2.8612e+02	 6.7447e+03
 3.1691e+04	 6.7293e+03	 1.7928e+00	 8.3262e-03	 1.4673e-10	-1.3970e-08	 2.2492e-11	 4.8075e+07	 2.8612e+02	 6.7472e+03
 1.0029e+04	 6.7293e+03	 1.7994e+00	 1.7520e-02	 9.7702e-11	-4.4578e-09	 2.2575e-11	 7.2199e+07	 2.8612e+02	 6.7497e+03
 3.1737e+03	 6.7293e+03	 1.8157e+00	 3.1374e-02	 5.5367e-11	-1.4395e-09	 2.2780e-11	 1.2740e+08	 2.8612e+02	 6.7524e+03
 1.0043e+03	 6.7293e+03	 1.8378e+00	 4.7065e-02	 2.6284e-11	-4.6789e-10	 2.3057e-11	 2.6837e+08	 2.8612e+02	 6.7549e+03
 3.1783e+02	 6.7293e+03	 1.8564e+00	 9.2906e-02	 1.6419e-11	-1.5135e-10	 2.3291e-11	 4.2961e+08	 2.8612e+02	 6.7576e+03
 1.0058e+02	 6.7293e+03	 1.9010e+00	 2.4338e-01	 1.3612e-11	-5.0388e-11	 2.3850e-11	 5.1822e+08	 2.8612e+02	 6.7601e+03
 3.1829e+01	 6.7293e+03	 2.0800e+00	 6.2112e-01	 1.0993e-11	-1.9115e-11	 2.6096e-11	 6.4168e+08	 2.8612e+02	 6.7630e+03
 1.0072e+01	 6.7293e+03	 2.5250e+00	 1.4380e+00	 8.0541e-12	-8.5411e-12	 3.1679e-11	 8.7582e+08	 2.8612e+02	 6.7659e+03
 3.1874e+00	 6.7293e+03	 3.2446e+00	 3.6559e+00	 6.4798e-12	-3.9784e-12	 4.0708e-11	 1.0886e+09	 2.8612e+02	 6.7712e+03
 1.0087e+00	 6.7293e+03	 4.6711e+00	 1.0232e+01	 5.7392e-12	-2.0591e-12	 5.8605e-11	 1.2291e+09	 2.8611e+02	 6.7770e+03
 1.0000e+06	 6.7743e+03	 1.7884e+00	 8.9174e-04	 4.9586e-10	-4.3840e-07	 2.2438e-11	 1.4226e+07	 2.8611e+02	 6.7848e+03
 3.1646e+05	 6.7743e+03	 1.7887e+00	 2.4227e-03	 4.2632e-10	-1.3879e-07	 2.2442e-11	 1.6546e+07	 2.8611e+02	 6.7875e+03
 1.0014e+05	 6.7743e+03	 1.7902e+00	 4.1462e-03	 2.3089e-10	-4.4002e-08	 2.2460e-11	 3.0552e+07	 2.8612e+02	 6.7899e+03
 3.1691e+04	 6.7743e+03	 1.7928e+00	 8.4127e-03	 1.4825e-10	-1.3972e-08	 2.2493e-11	 4.7581e+07	 2.8612e+02	 6.7925e+03
 1.0029e+04	 6.7743e+03	 1.7995e+00	 1.7612e-02	 9.8219e-11	-4.4584e-09	 2.2577e-11	 7.1819e+07	 2.8611e+02	 6.7952e+03
 3.1737e+03	 6.7743e+03	 1.8158e+00	 3.1364e-02	 5.5350e-11	-1.4396e-09	 2.2781e-11	 1.2744e+08	 2.8611e+02	 6.7977e+03
 1.0043e+03	 6.7743e+03	 1.8379e+00	 4.7196e-02	 2.6357e-11	-4.6797e-10	 2.3059e-11	 2.6763e+08	 2.8612e+02	 6.8002e+03
 3.1783e+02	 6.7743e+03	 1.8566e+00	 9.3465e-02	 1.6518e-11	-1.5139e-10	 2.3293e-11	 4.2704e+08	 2.8612e+02	 6.8027e+03
 1.0058e+02	 6.7743e+03	 1.9013e+00	 2.4523e-01	 1.3715e-11	-5.0406e-11	 2.3854e-11	 5.1432e+08	 2.8611e+02	 6.8051e+03
 3.1829e+01	 6.7743e+03	 2.0824e+00	 6.2501e-01	 1.1062e-11	-1.9158e-11	 2.6127e-11	 6.3769e+08	 2.8612e+02	 6.8080e+03
 1.0072e+01	 6.7743e+03	 2.5308e+00	 1.4549e+00	 8.1489e-12	-8.5736e-12	 3.1751e-11	 8.6564e+08	 2.8612e+02	 6.8109e+03
 3.1874e+00	 6.7743e+03	 3.2547e+00	 3.6724e+00	 6.5090e-12	-3.9962e-12	 4.0834e-11	 1.0837e+09	 2.8612e+02	 6.8162e+03
 1.0087e+00	 6.7743e+03	 4.6811e+00	 1.0332e+01	 5.7953e-12	-2.0647e-12	 5.8730e-11	 1.2172e+09	 2.8612e+02	 6.8218e+03
 1.0000e+06	 6.8191e+03	 1.7884e+00	 9.0170e-04	 5.0140e-10	-4.3840e-07	 2.2438e-11	 1.4068e+07	 2.8611e+02	 6.8298e+03
 3.1646e+05	 6.8191e+03	 1.7888e+00	 2.2723e-03	 3.9985e-10	-1.3881e-07	 2.2443e-11	 1.7642e+07	 2.8611e+02	 6.8322e+03
 1.0014e+05	 6.8191e+03	 1.7902e+00	 4.1509e-03	 2.3115e-10	-4.4003e-08	 2.2460e-11	 3.0517e+07	 2.8612e+02	 6.8348e+03
 3.1691e+04	 6.8191e+03	 1.7929e+00	 8.4773e-03	 1.4939e-10	-1.3973e-08	 2.2494e-11	 4.7218e+07	 2.8611e+02	 6.8375e+03
 1.0029e+04	 6.8191e+03	 1.7996e+00	 1.7731e-02	 9.8882e-11	-4.4593e-09	 2.2578e-11	 7.1337e+07	 2.8611e+02	 6.8399e+03
 3.1737e+03	 6.8191e+03	 1.8161e+00	 3.1579e-02	 5.5730e-11	-1.4402e-09	 2.2785e-11	 1.2657e+08	 2.8611e+02	 6.8425e+03
 1.0043e+03	 6.8191e+03	 1.8382e+00	 4.7429e-02	 2.6488e-11	-4.6809e-10	 2.3062e-11	 2.6631e+08	 2.8611e+02	 6.8452e+03
 3.1783e+02	 6.8191e+03	 1.8567e+00	 9.4361e-02	 1.6676e-11	-1.5140e-10	 2.3294e-11	 4.2299e+08	 2.8611e+02	 6.8476e+03
 1.0058e+02	 6.8191e+03	 1.9017e+00	 2.4791e-01	 1.3865e-11	-5.0431e-11	 2.3859e-11	 5.0877e+08	 2.8611e+02	 6.8503e+03
 3.1829e+01	 6.8191e+03	 2.0841e+00	 6.3225e-01	 1.1190e-11	-1.9187e-11	 2.6147e-11	 6.3038e+08	 2.8612e+02	 6.8531e+03
 1.0072e+01	 6.8191e+03	 2.5356e+00	 1.4652e+00	 8.2063e-12	-8.6008e-12	 3.1812e-11	 8.5958e+08	 2.8611e+02	 6.8562e+03
 3.1874e+00	 6.8191e+03	 3.2662e+00	 3.7129e+00	 6.5808e-12	-4.0166e-12	 4.0978e-11	 1.0719e+09	 2.8611e+02	 6.8616e+03
 1.0087e+00	 6.8191e+03	 4.7524e+00	 1.0473e+01	 5.8742e-12	-2.1047e-12	 5.9625e-11	 1.2008e+09	 2.8611e+02	 6.8674e+03
 1.0000e+06	 6.8647e+03	 1.7885e+00	 8.3052e-04	 4.6182e-10	-4.3843e-07	 2.2438e-11	 1.5274e+07	 2.8611e+02	 6.8751e+03
 3.1646e+05	 6.8647e+03	 1.7888e+00	 2.3230e-03	 4.0878e-10	-1.3881e-07	 2.2443e-11	 1.7256e+07	 2.8611e+02	 6.8778e+03
 1.0014e+05	 6.8647e+03	 1.7903e+00	 4.1684e-03	 2.3212e-10	-4.4008e-08	 2.2461e-11	 3.0389e+07	 2.8611e+02	 6.8802e+03
 3.1691e+04	 6.8647e+03	 1.7929e+00	 8.5049e-03	 1.4987e-10	-1.3973e-08	 2.2494e-11	 4.7066e+07	 2.8611e+02	 6.8826e+03
 1.0029e+04	 6.8647e+03	 1.7997e+00	 1.7750e-02	 9.8986e-11	-4.4597e-09	 2.2579e-11	 7.1262e+07	 2.8611e+02	 6.8851e+03
 3.1737e+03	 6.8647e+03	 1.8162e+00	 3.1512e-02	 5.5611e-11	-1.4404e-09	 2.2786e-11	 1.2684e+08	 2.8611e+02	 6.8875e+03
 1.0043e+03	 6.8647e+03	 1.8383e+00	 4.7514e-02	 2.6535e-11	-4.6817e-10	 2.3064e-11	 2.6583e+08	 2.8610e+02	 6.8899e+03
 3.1783e+02	 6.8647e+03	 1.8569e+00	 9.4698e-02	 1.6736e-11	-1.5145e-10	 2.3297e-11	 4.2148e+08	 2.8611e+02	 6.8925e+03
 1.0058e+02	 6.8647e+03	 1.9026e+00	 2.4846e-01	 1.3896e-11	-5.0479e-11	 2.3870e-11	 5.0763e+08	 2.8611e+02	 6.8950e+03
 3.1829e+01	 6.8647e+03	 2.0868e+00	 6.3237e-01	 1.1192e-11	-1.9235e-11	 2.6181e-11	 6.3027e+08	 2.8611e+02	 6.8979e+03
 1.0072e+01	 6.8647e+03	 2.5404e+00	 1.4687e+00	 8.2259e-12	-8.6278e-12	 3.1873e-11	 8.5753e+08	 2.8611e+02	 6.9008e+03
 3.1874e+00	 6.8647e+03	 3.2685e+00	 3.7229e+00	 6.5985e-12	-4.0208e-12	 4.1007e-11	 1.0690e+09	 2.8611e+02	 6.9062e+03
 1.0087e+00	 6.8647e+03	 4.7583e+00	 1.0463e+01	 5.8684e-12	-2.1080e-12	 5.9698e-11	 1.2020e+09	 2.8611e+02	 6.9119e+03
 1.0000e+06	 6.9092e+03	 1.7884e+00	 9.0504e-04	 5.0326e-10	-4.3842e-07	 2.2438e-11	 1.4017e+07	 2.8611e+02	 6.9196e+03
 3.1646e+05	 6.9092e+03	 1.7888e+00	 2.2847e-03	 4.0203e-10	-1.3881e-07	 2.2443e-11	 1.7546e+07	 2.8611e+02	 6.9222e+03
 1.0014e+05	 6.9092e+03	 1.7902e+00	 4.2006e-03	 2.3392e-10	-4.4005e-08	 2.2461e-11	 3.0156e+07	 2.8611e+02	 6.9248e+03
 3.1691e+04	 6.9092e+03	 1.7930e+00	 8.4704e-03	 1.4927e-10	-1.3974e-08	 2.2495e-11	 4.7257e+07	 2.8611e+02	 6.9275e+03
 1.0029e+04	 6.9092e+03	 1.7997e+00	 1.7785e-02	 9.9183e-11	-4.4598e-09	 2.2580e-11	 7.1121e+07	 2.8611e+02	 6.9299e+03
 3.1737e+03	 6.9092e+03	 1.8162e+00	 3.1633e-02	 5.5825e-11	-1.4404e-09	 2.2786e-11	 1.2636e+08	 2.8610e+02	 6.9324e+03
 1.0043e+03	 6.9092e+03	 1.8383e+00	 4.7533e-02	 2.6546e-11	-4.6818e-10	 2.3064e-11	 2.6573e+08	 2.8611e+02	 6.9351e+03
 3.1783e+02	 6.9092e+03	 1.8570e+00	 9.4792e-02	 1.6753e-11	-1.5146e-10	 2.3298e-11	 4.2106e+08	 2.8610e+02	 6.9376e+03
 1.0058e+02	 6.9092e+03	 1.9030e+00	 2.4893e-01	 1.3922e-11	-5.0500e-11	 2.3875e-11	 5.0667e+08	 2.8610e+02	 6.9404e+03
 3.1829e+01	 6.9092e+03	 2.0880e+00	 6.3321e-01	 1.1207e-11	-1.9255e-11	 2.6196e-11	 6.2943e+08	 2.8610e+02	 6.9432e+03
 1.0072e+01	 6.9092e+03	 2.5430e+00	 1.4660e+00	 8.2107e-12	-8.6418e-12	 3.1904e-11	 8.5912e+08	 2.8610e+02	 6.9461e+03
 3.1874e+00	 6.9092e+03	 3.2733e+00	 3.7197e+00	 6.5928e-12	-4.0293e-12	 4.1067e-11	 1.0699e+09	 2.8610e+02	 6.9514e+03
 1.0087e+00	 6.9092e+03	 4.7150e+00	 1.0463e+01	 5.8688e-12	-2.0837e-12	 5.9155e-11	 1.2019e+09	 2.8610e+02	 6.9571e+03
 1.0000e+06	 6.9543e+03	 1.7884e+00	 8.8720e-04	 4.9334e-10	-4.3842e-07	 2.2438e-11	 1.4298e+07	 2.8610e+02	 6.9650e+03
 3.1646e+05	 6.9543e+03	 1.7889e+00	 2.2075e-03	 3.8845e-10	-1.3882e-07	 2.2444e-11	 1.8159e+07	 2.8610e+02	 6.9674e+03
 1.0014e+05	 6.9543e+03	 1.7903e+00	 4.1696e-03	 2.3219e-10	-4.4011e-08	 2.2462e-11	 3.0380e+07	 2.8610e+02	 6.9701e+03
 3.1691e+04	 6.9543e+03	 1.7930e+00	 8.5396e-03	 1.5049e-10	-1.3974e-08	 2.2495e-11	 4.6874e+07	 2.8610e+02	 6.9726e+03
 1.0029e+04	 6.9543e+03	 1.7998e+00	 1.7860e-02	 9.9597e-11	-4.4602e-09	 2.2581e-11	 7.0825e+07	 2.8610e+02	 6.9750e+03
 3.1737e+03	 6.9543e+03	 1.8164e+00	 3.1692e-02	 5.5929e-11	-1.4407e-09	 2.2788e-11	 1.2612e+08	 2.8611e+02	 6.9777e+03
 1.0043e+03	 6.9543e+03	 1.8385e+00	 4.7723e-02	 2.6652e-11	-4.6826e-10	 2.3066e-11	 2.6467e+08	 2.8610e+02	 6.9801e+03
 3.1783e+02	 6.9543e+03	 1.8570e+00	 9.5537e-02	 1.6884e-11	-1.5146e-10	 2.3299e-11	 4.1778e+08	 2.8610e+02	 6.9826e+03
 1.0058e+02	 6.9543e+03	 1.9028e+00	 2.5149e-01	 1.4065e-11	-5.0489e-11	 2.3872e-11	 5.0152e+08	 2.8610e+02	 6.9853e+03
 3.1829e+01	 6.9543e+03	 2.0884e+00	 6.4105e-01	 1.1346e-11	-1.9264e-11	 2.6202e-11	 6.2173e+08	 2.8610e+02	 6.9881e+03
 1.0072e+01	 6.9543e+03	 2.5475e+00	 1.4837e+00	 8.3097e-12	-8.6671e-12	 3.1961e-11	 8.4888e+08	 2.8610e+02	 6.9912e+03
 3.1874e+00	 6.9543e+03	 3.2915e+00	 3.7606e+00	 6.6653e-12	-4.0615e-12	 4.1296e-11	 1.0583e+09	 2.8610e+02	 6.9966e+03
 1.0087e+00	 6.9543e+03	 4.7809e+00	 1.0657e+01	 5.9776e-12	-2.1207e-12	 5.9982e-11	 1.1801e+09	 2.8610e+02	 7.0023e+03
 1.0000e+06	 6.9996e+03	 1.7884e+00	 9.0701e-04	 5.0435e-10	-4.3842e-07	 2.2438e-11	 1.3986e+07	 2.8610e+02	 7.0100e+03
 3.1646e+05	 6.9996e+03	 1.7889e+00	 2.4082e-03	 4.2377e-10	-1.3883e-07	 2.2444e-11	 1.6646e+07	 2.8610e+02	 7.0125e+03
 1.0014e+05	 6.9996e+03	 1.7904e+00	 4.2290e-03	 2.3550e-10	-4.4012e-08	 2.2462e-11	 2.9953e+07	 2.8610e+02	 7.0149e+03
 3.1691e+04	 6.9996e+03	 1.7931e+00	 8.5924e-03	 1.5142e-10	-1.3976e-08	 2.2496e-11	 4.6586e+07	 2.8610e+02	 7.0174e+03
 1.0029e+04	 6.9996e+03	 1.8000e+00	 1.8003e-02	 1.0040e-10	-4.4611e-09	 2.2582e-11	 7.0259e+07	 2.8610e+02	 7.0200e+03
 3.1737e+03	 6.9996e+03	 1.8167e+00	 3.1772e-02	 5.6071e-11	-1.4413e-09	 2.2792e-11	 1.2580e+08	 2.8610e+02	 7.0224e+03
 1.0043e+03	 6.9996e+03	 1.8387e+00	 4.8007e-02	 2.6811e-11	-4.6839e-10	 2.3069e-11	 2.6310e+08	 2.8610e+02	 7.0249e+03
 3.1783e+02	 6.9996e+03	 1.8573e+00	 9.6532e-02	 1.7060e-11	-1.5151e-10	 2.3302e-11	 4.1347e+08	 2.8610e+02	 7.0275e+03
 1.0058e+02	 6.9996e+03	 1.9039e+00	 2.5431e-01	 1.4223e-11	-5.0553e-11	 2.3887e-11	 4.9595e+08	 2.8610e+02	 7.0300e+03
 3.1829e+01	 6.9996e+03	 2.0927e+00	 6.4785e-01	 1.1466e-11	-1.9339e-11	 2.6255e-11	 6.1520e+08	 2.8610e+02	 7.0329e+03
 1.0072e+01	 6.9996e+03	 2.5556e+00	 1.4983e+00	 8.3915e-12	-8.7124e-12	 3.2062e-11	 8.4061e+08	 2.8610e+02	 7.0358e+03
 3.1874e+00	 6.9996e+03	 3.3022e+00	 3.8000e+00	 6.7352e-12	-4.0805e-12	 4.1430e-11	 1.0473e+09	 2.8610e+02	 7.0412e+03
 1.0087e+00	 6.9996e+03	 4.7750e+00	 1.0694e+01	 5.9983e-12	-2.1173e-12	 5.9907e-11	 1.1760e+09	 2.8610e+02	 7.0469e+03
 1.0000e+06	 7.0442e+03	 1.7885e+00	 9.2279e-04	 5.1313e-10	-4.3846e-07	 2.2439e-11	 1.3747e+07	 2.8610e+02	 7.0546e+03
 3.1646e+05	 7.0442e+03	 1.7889e+00	 2.4554e-03	 4.3207e-10	-1.3883e-07	 2.2444e-11	 1.6326e+07	 2.8610e+02	 7.0572e+03
 1.0014e+05	 7.0442e+03	 1.7904e+00	 4.2328e-03	 2.3571e-10	-4.4014e-08	 2.2463e-11	 2.9927e+07	 2.8610e+02	 7.0597e+03
 3.1691e+04	 7.0442e+03	 1.7932e+00	 8.6740e-03	 1.5286e-10	-1.3977e-08	 2.2497e-11	 4.6148e+07	 2.8610e+02	 7.0621e+03
 1.0029e+04	 7.0442e+03	 1.8001e+00	 1.8121e-02	 1.0105e-10	-4.4618e-09	 2.2584e-11	 6.9805e+07	 2.8610e+02	 7.0646e+03
 3.1737e+03	 7.0442e+03	 1.8169e+00	 3.1923e-02	 5.6337e-11	-1.4416e-09	 2.2795e-11	 1.2521e+08	 2.8609e+02	 7.0671e+03
 1.0043e+03	 7.0442e+03	 1.8389e+00	 4.8248e-02	 2.6945e-11	-4.6851e-10	 2.3071e-11	 2.6179e+08	 2.8610e+02	 7.0695e+03
 3.1783e+02	 7.0442e+03	 1.8576e+00	 9.7322e-02	 1.7200e-11	-1.5157e-10	 2.3306e-11	 4.1012e+08	 2.8610e+02	 7.0721e+03
 1.0058e+02	 7.0442e+03	 1.9052e+00	 2.5647e-01	 1.4344e-11	-5.0623e-11	 2.3902e-11	 4.9177e+08	 2.8610e+02	 7.0746e+03
 3.1829e+01	 7.0442e+03	 2.0956e+00	 6.5185e-01	 1.1537e-11	-1.9391e-11	 2.6292e-11	 6.1143e+08	 2.8610e+02	 7.0774e+03
 1.0072e+01	 7.0442e+03	 2.5586e+00	 1.5066e+00	 8.4382e-12	-8.7296e-12	 3.2101e-11	 8.3596e+08	 2.8610e+02	 7.0804e+03
 3.1874e+00	 7.0442e+03	 3.3139e+00	 3.8345e+00	 6.7963e-12	-4.1013e-12	 4.1577e-11	 1.0379e+09	 2.8609e+02	 7.0857e+03
 1.0087e+00	 7.0442e+03	 4.8462e+00	 1.0875e+01	 6.0995e-12	-2.1573e-12	 6.0801e-11	 1.1565e+09	 2.8610e+02	 7.0914e+03
 1.0000e+06	 7.0887e+03	 1.7885e+00	 9.8016e-04	 5.4503e-10	-4.3844e-07	 2.2439e-11	 1.2942e+07	 2.8610e+02	 7.0991e+03
 3.1646e+05	 7.0887e+03	 1.7890e+00	 2.4174e-03	 4.2538e-10	-1.3884e-07	 2.2445e-11	 1.6583e+07	 2.8609e+02	 7.1018e+03
 1.0014e+05	 7.0887e+03	 1.7904e+00	 4.2399e-03	 2.3611e-10	-4.4014e-08	 2.2462e-11	 2.9876e+07	 2.8610e+02	 7.1042e+03
 3.1691e+04	 7.0887e+03	 1.7932e+00	 8.7111e-03	 1.5351e-10	-1.3977e-08	 2.2497e-11	 4.5951e+07	 2.8610e+02	 7.1070e+03
 1.0029e+04	 7.0887e+03	 1.8001e+00	 1.8176e-02	 1.0136e-10	-4.4620e-09	 2.2585e-11	 6.9590e+07	 2.8610e+02	 7.1094e+03
 3.1737e+03	 7.0887e+03	 1.8169e+00	 3.1924e-02	 5.6338e-11	-1.4417e-09	 2.2796e-11	 1.2521e+08	 2.8609e+02	 7.1119e+03
 1.0043e+03	 7.0887e+03	 1.8389e+00	 4.8290e-02	 2.6969e-11	-4.6853e-10	 2.3072e-11	 2.6156e+08	 2.8609e+02	 7.1145e+03
 3.1783e+02	 7.0887e+03	 1.8574e+00	 9.7571e-02	 1.7244e-11	-1.5152e-10	 2.3303e-11	 4.0907e+08	 2.8610e+02	 7.1170e+03
 1.0058e+02	 7.0887e+03	 1.9041e+00	 2.5773e-01	 1.4414e-11	-5.0563e-11	 2.3889e-11	 4.8938e+08	 2.8609e+02	 7.1198e+03
 3.1829e+01	 7.0887e+03	 2.0920e+00	 6.5818e-01	 1.1649e-11	-1.9327e-11	 2.6247e-11	 6.0555e+08	 2.8609e+02	 7.1227e+03
 1.0072e+01	 7.0887e+03	 2.5518e+00	 1.5264e+00	 8.5491e-12	-8.6915e-12	 3.2016e-11	 8.2511e+08	 2.8610e+02	 7.1257e+03
 3.1874e+00	 7.0887e+03	 3.2984e+00	 3.8652e+00	 6.8508e-12	-4.0737e-12	 4.1382e-11	 1.0297e+09	 2.8609e+02	 7.1310e+03
 1.0087e+00	 7.0887e+03	 4.8381e+00	 1.0954e+01	 6.1442e-12	-2.1528e-12	 6.0700e-11	 1.1481e+09	 2.8610e+02	 7.1368e+03
 1.0000e+06	 7.1341e+03	 1.7886e+00	 8.9818e-04	 4.9944e-10	-4.3849e-07	 2.2440e-11	 1.4124e+07	 2.8609e+02	 7.1446e+03
 3.1646e+05	 7.1341e+03	 1.7889e+00	 2.2760e-03	 4.0051e-10	-1.3883e-07	 2.2444e-11	 1.7612e+07	 2.8609e+02	 7.1470e+03
 1.0014e+05	 7.1341e+03	 1.7905e+00	 4.2297e-03	 2.3554e-10	-4.4018e-08	 2.2463e-11	 2.9948e+07	 2.8610e+02	 7.1497e+03
 3.1691e+04	 7.1341e+03	 1.7932e+00	 8.6733e-03	 1.5284e-10	-1.3978e-08	 2.2498e-11	 4.6152e+07	 2.8609e+02	 7.1522e+03
 1.0029e+04	 7.1341e+03	 1.8002e+00	 1.8197e-02	 1.0148e-10	-4.4623e-09	 2.2585e-11	 6.9511e+07	 2.8609e+02	 7.1549e+03
 3.1737e+03	 7.1341e+03	 1.8170e+00	 3.2092e-02	 5.6636e-11	-1.4418e-09	 2.2796e-11	 1.2455e+08	 2.8609e+02	 7.1574e+03
 1.0043e+03	 7.1341e+03	 1.8390e+00	 4.8367e-02	 2.7012e-11	-4.6855e-10	 2.3072e-11	 2.6114e+08	 2.8609e+02	 7.1599e+03
 3.1783e+02	 7.1341e+03	 1.8575e+00	 9.7761e-02	 1.7277e-11	-1.5154e-10	 2.3304e-11	 4.0828e+08	 2.8609e+02	 7.1626e+03
 1.0058e+02	 7.1341e+03	 1.9042e+00	 2.5835e-01	 1.4449e-11	-5.0570e-11	 2.3890e-11	 4.8819e+08	 2.8609e+02	 7.1650e+03
 3.1829e+01	 7.1341e+03	 2.0934e+00	 6.5969e-01	 1.1676e-11	-1.9351e-11	 2.6264e-11	 6.0416e+08	 2.8609e+02	 7.1681e+03
 1.0072e+01	 7.1341e+03	 2.5559e+00	 1.5293e+00	 8.5654e-12	-8.7144e-12	 3.2067e-11	 8.2354e+08	 2.8609e+02	 7.1711e+03
 3.1874e+00	 7.1341e+03	 3.2951e+00	 3.8771e+00	 6.8718e-12	-4.0679e-12	 4.1341e-11	 1.0265e+09	 2.8609e+02	 7.1765e+03
 1.0087e+00	 7.1341e+03	 4.8751e+00	 1.0973e+01	 6.1546e-12	-2.1735e-12	 6.1164e-11	 1.1461e+09	 2.8610e+02	 7.1821e+03
 1.0000e+06	 7.1794e+03	 1.7886e+00	 9.2712e-04	 5.1554e-10	-4.3849e-07	 2.2440e-11	 1.3683e+07	 2.8610e+02	 7.1901e+03
 3.1646e+05	 7.1794e+03	 1.7890e+00	 2.3176e-03	 4.0783e-10	-1.3884e-07	 2.2445e-11	 1.7296e+07	 2.8609e+02	 7.1926e+03
 1.0014e+05	 7.1794e+03	 1.7904e+00	 4.3053e-03	 2.3975e-10	-4.4016e-08	 2.2463e-11	 2.9423e+07	 2.8609e+02	 7.1952e+03
 3.1691e+04	 7.1794e+03	 1.7932e+00	 8.7371e-03	 1.5397e-10	-1.3978e-08	 2.2498e-11	 4.5815e+07	 2.8609e+02	 7.1979e+03
 1.0029e+04	 7.1794e+03	 1.8002e+00	 1.8234e-02	 1.0168e-10	-4.4626e-09	 2.2586e-11	 6.9372e+07	 2.8609e+02	 7.2004e+03
 3.1737e+03	 7.1794e+03	 1.8171e+00	 3.2115e-02	 5.6675e-11	-1.4421e-09	 2.2798e-11	 1.2446e+08	 2.8609e+02	 7.2028e+03
 1.0043e+03	 7.1794e+03	 1.8391e+00	 4.8463e-02	 2.7065e-11	-4.6861e-10	 2.3073e-11	 2.6063e+08	 2.8609e+02	 7.2052e+03
 3.1783e+02	 7.1794e+03	 1.8576e+00	 9.8241e-02	 1.7362e-11	-1.5156e-10	 2.3305e-11	 4.0628e+08	 2.8609e+02	 7.2077e+03
 1.0058e+02	 7.1794e+03	 1.9047e+00	 2.6014e-01	 1.4549e-11	-5.0600e-11	 2.3897e-11	 4.8483e+08	 2.8610e+02	 7.2101e+03
 3.1829e+01	 7.1794e+03	 2.0955e+00	 6.6270e-01	 1.1729e-11	-1.9389e-11	 2.6291e-11	 6.0142e+08	 2.8609e+02	 7.2130e+03
 1.0072e+01	 7.1794e+03	 2.5578e+00	 1.5390e+00	 8.6199e-12	-8.7251e-12	 3.2091e-11	 8.1833e+08	 2.8609e+02	 7.2161e+03
 3.1874e+00	 7.1794e+03	 3.3086e+00	 3.9109e+00	 6.9317e-12	-4.0917e-12	 4.1510e-11	 1.0176e+09	 2.8609e+02	 7.2216e+03
 1.0087e+00	 7.1794e+03	 4.9021e+00	 1.1071e+01	 6.2098e-12	-2.1886e-12	 6.1502e-11	 1.1359e+09	 2.8609e+02	 7.2272e+03
 1.0000e+06	 7.2245e+03	 1.7885e+00	 9.3675e-04	 5.2089e-10	-4.3847e-07	 2.2439e-11	 1.3542e+07	 2.8609e+02	 7.2350e+03
 3.1646e+05	 7.2245e+03	 1.7890e+00	 2.4210e-03	 4.2603e-10	-1.3884e-07	 2.2445e-11	 1.6558e+07	 2.8609e+02	 7.2377e+03
 1.0014e+05	 7.2245e+03	 1.7905e+00	 4.3032e-03	 2.3963e-10	-4.4019e-08	 2.2464e-11	 2.9437e+07	 2.8609e+02	 7.2402e+03
 3.1691e+04	 7.2245e+03	 1.7933e+00	 8.7953e-03	 1.5499e-10	-1.3980e-08	 2.2499e-11	 4.5512e+07	 2.8609e+02	 7.2428e+03
 1.0029e+04	 7.2245e+03	 1.8003e+00	 1.8298e-02	 1.0204e-10	-4.4632e-09	 2.2587e-11	 6.9127e+07	 2.8609e+02	 7.2453e+03
 3.1737e+03	 7.2245e+03	 1.8173e+00	 3.2158e-02	 5.6751e-11	-1.4423e-09	 2.2800e-11	 1.2430e+08	 2.8609e+02	 7.2478e+03
 1.0043e+03	 7.2245e+03	 1.8392e+00	 4.8658e-02	 2.7174e-11	-4.6869e-10	 2.3075e-11	 2.5958e+08	 2.8609e+02	 7.2505e+03
 3.1783e+02	 7.2245e+03	 1.8577e+00	 9.8939e-02	 1.7486e-11	-1.5158e-10	 2.3307e-11	 4.0341e+08	 2.8609e+02	 7.2529e+03
 1.0058e+02	 7.2245e+03	 1.9051e+00	 2.6225e-01	 1.4667e-11	-5.0617e-11	 2.3901e-11	 4.8094e+08	 2.8609e+02	 7.2556e+03
 3.1829e+01	 7.2245e+03	 2.0971e+00	 6.6875e-01	 1.1836e-11	-1.9417e-11	 2.6311e-11	 5.9598e+08	 2.8609e+02	 7.2585e+03
 1.0072e+01	 7.2245e+03	 2.5621e+00	 1.5514e+00	 8.6894e-12	-8.7491e-12	 3.2145e-11	 8.1179e+08	 2.8609e+02	 7.2614e+03
 3.1874e+00	 7.2245e+03	 3.3140e+00	 3.9309e+00	 6.9672e-12	-4.1013e-12	 4.1578e-11	 1.0124e+09	 2.8609e+02	 7.2668e+03
 1.0087e+00	 7.2245e+03	 4.8824e+00	 1.1101e+01	 6.2263e-12	-2.1776e-12	 6.1255e-11	 1.1329e+09	 2.8609e+02	 7.2724e+03
 1.0000e+06	 7.2698e+03	 1.7886e+00	 9.3038e-04	 5.1735e-10	-4.3852e-07	 2.2440e-11	 1.3635e+07	 2.8609e+02	 7.2806e+03
 3.1646e+05	 7.2698e+03	 1.7891e+00	 2.3337e-03	 4.1066e-10	-1.3885e-07	 2.2446e-11	 1.7177e+07	 2.8609e+02	 7.2832e+03
 1.0014e+05	 7.2698e+03	 1.7905e+00	 4.3288e-03	 2.4106e-10	-4.4020e-08	 2.2464e-11	 2.9263e+07	 2.8609e+02	 7.2857e+03
 3.1691e+04	 7.2698e+03	 1.7933e+00	 8.7815e-03	 1.5475e-10	-1.3980e-08	 2.2499e-11	 4.5583e+07	 2.8609e+02	 7.2881e+03
 1.0029e+04	 7.2698e+03	 1.8004e+00	 1.8361e-02	 1.0239e-10	-4.4636e-09	 2.2588e-11	 6.8893e+07	 2.8609e+02	 7.2908e+03
 3.1737e+03	 7.2698e+03	 1.8173e+00	 3.2379e-02	 5.7141e-11	-1.4424e-09	 2.2801e-11	 1.2345e+08	 2.8609e+02	 7.2932e+03
 1.0043e+03	 7.2698e+03	 1.8393e+00	 4.8697e-02	 2.7196e-11	-4.6875e-10	 2.3077e-11	 2.5938e+08	 2.8609e+02	 7.2957e+03
 3.1783e+02	 7.2698e+03	 1.8580e+00	 9.9041e-02	 1.7504e-11	-1.5163e-10	 2.3311e-11	 4.0300e+08	 2.8609e+02	 7.2982e+03
 1.0058e+02	 7.2698e+03	 1.9063e+00	 2.6169e-01	 1.4636e-11	-5.0687e-11	 2.3917e-11	 4.8196e+08	 2.8609e+02	 7.3007e+03
 3.1829e+01	 7.2698e+03	 2.0998e+00	 6.6526e-01	 1.1774e-11	-1.9465e-11	 2.6344e-11	 5.9911e+08	 2.8609e+02	 7.3036e+03
 1.0072e+01	 7.2698e+03	 2.5672e+00	 1.5361e+00	 8.6035e-12	-8.7774e-12	 3.2208e-11	 8.1989e+08	 2.8609e+02	 7.3065e+03
 3.1874e+00	 7.2698e+03	 3.3138e+00	 3.8902e+00	 6.8950e-12	-4.1010e-12	 4.1575e-11	 1.0231e+09	 2.8609e+02	 7.3122e+03
 1.0087e+00	 7.2698e+03	 4.8731e+00	 1.1074e+01	 6.2114e-12	-2.1724e-12	 6.1139e-11	 1.1356e+09	 2.8609e+02	 7.3179e+03
 1.0000e+06	 7.3152e+03	 1.7885e+00	 9.5689e-04	 5.3209e-10	-4.3848e-07	 2.2439e-11	 1.3257e+07	 2.8609e+02	 7.3258e+03
 3.1646e+05	 7.3152e+03	 1.7890e+00	 2.5263e-03	 4.4455e-10	-1.3884e-07	 2.2445e-11	 1.5868e+07	 2.8609e+02	 7.3282e+03
 1.0014e+05	 7.3152e+03	 1.7905e+00	 4.3160e-03	 2.4034e-10	-4.4022e-08	 2.2464e-11	 2.9350e+07	 2.8609e+02	 7.3307e+03
 3.1691e+04	 7.3152e+03	 1.7934e+00	 8.8319e-03	 1.5564e-10	-1.3981e-08	 2.2500e-11	 4.5323e+07	 2.8608e+02	 7.3334e+03
 1.0029e+04	 7.3152e+03	 1.8004e+00	 1.8381e-02	 1.0251e-10	-4.4637e-09	 2.2588e-11	 6.8814e+07	 2.8609e+02	 7.3358e+03
 3.1737e+03	 7.3152e+03	 1.8174e+00	 3.2324e-02	 5.7045e-11	-1.4426e-09	 2.2802e-11	 1.2366e+08	 2.8609e+02	 7.3382e+03
 1.0043e+03	 7.3152e+03	 1.8394e+00	 4.8762e-02	 2.7232e-11	-4.6879e-10	 2.3078e-11	 2.5903e+08	 2.8609e+02	 7.3407e+03
 3.1783e+02	 7.3152e+03	 1.8579e+00	 9.9407e-02	 1.7568e-11	-1.5161e-10	 2.3309e-11	 4.0152e+08	 2.8609e+02	 7.3431e+03
 1.0058e+02	 7.3152e+03	 1.9060e+00	 2.6331e-01	 1.4726e-11	-5.0669e-11	 2.3913e-11	 4.7900e+08	 2.8609e+02	 7.3456e+03
 3.1829e+01	 7.3152e+03	 2.0997e+00	 6.7057e-01	 1.1868e-11	-1.9463e-11	 2.6343e-11	 5.9436e+08	 2.8609e+02	 7.3485e+03
 1.0072e+01	 7.3152e+03	 2.5636e+00	 1.5497e+00	 8.6798e-12	-8.7574e-12	 3.2163e-11	 8.1269e+08	 2.8609e+02	 7.3515e+03
 3.1874e+00	 7.3152e+03	 3.3167e+00	 3.9371e+00	 6.9781e-12	-4.1061e-12	 4.1612e-11	 1.0109e+09	 2.8609e+02	 7.3567e+03
 1.0087e+00	 7.3152e+03	 4.8598e+00	 1.1097e+01	 6.2240e-12	-2.1649e-12	 6.0972e-11	 1.1333e+09	 2.8609e+02	 7.3624e+03
 1.0000e+06	 7.3597e+03	 1.7886e+00	 9.2862e-04	 5.1637e-10	-4.3850e-07	 2.2440e-11	 1.3661e+07	 2.8608e+02	 7.3705e+03
 3.1646e+05	 7.3597e+03	 1.7890e+00	 2.5146e-03	 4.4250e-10	-1.3885e-07	 2.2445e-11	 1.5941e+07	 2.8609e+02	 7.3729e+03
 1.0014e+05	 7.3597e+03	 1.7905e+00	 4.3734e-03	 2.4354e-10	-4.4022e-08	 2.2464e-11	 2.8964e+07	 2.8609e+02	 7.3755e+03
 3.1691e+04	 7.3597e+03	 1.7934e+00	 8.8650e-03	 1.5622e-10	-1.3981e-08	 2.2500e-11	 4.5153e+07	 2.8608e+02	 7.3779e+03
 1.0029e+04	 7.3597e+03	 1.8005e+00	 1.8443e-02	 1.0285e-10	-4.4641e-09	 2.2589e-11	 6.8586e+07	 2.8609e+02	 7.3803e+03
 3.1737e+03	 7.3597e+03	 1.8175e+00	 3.2347e-02	 5.7084e-11	-1.4427e-09	 2.2803e-11	 1.2357e+08	 2.8608e+02	 7.3828e+03
 1.0043e+03	 7.3597e+03	 1.8395e+00	 4.8860e-02	 2.7287e-11	-4.6886e-10	 2.3079e-11	 2.5851e+08	 2.8609e+02	 7.3855e+03
 3.1783e+02	 7.3597e+03	 1.8584e+00	 9.9619e-02	 1.7606e-11	-1.5170e-10	 2.3316e-11	 4.0066e+08	 2.8608e+02	 7.3879e+03
 1.0058e+02	 7.3597e+03	 1.9080e+00	 2.6278e-01	 1.4696e-11	-5.0782e-11	 2.3938e-11	 4.7998e+08	 2.8609e+02	 7.3906e+03
 3.1829e+01	 7.3597e+03	 2.1055e+00	 6.6479e-01	 1.1766e-11	-1.9566e-11	 2.6416e-11	 5.9953e+08	 2.8609e+02	 7.3935e+03
 1.0072e+01	 7.3597e+03	 2.5783e+00	 1.5310e+00	 8.5751e-12	-8.8397e-12	 3.2348e-11	 8.2261e+08	 2.8608e+02	 7.3964e+03
 3.1874e+00	 7.3597e+03	 3.3350e+00	 3.9099e+00	 6.9300e-12	-4.1386e-12	 4.1841e-11	 1.0179e+09	 2.8608e+02	 7.4017e+03
 1.0087e+00	 7.3597e+03	 4.8414e+00	 1.1044e+01	 6.1946e-12	-2.1546e-12	 6.0741e-11	 1.1387e+09	 2.8609e+02	 7.4074e+03
 1.0000e+06	 7.4047e+03	 1.7886e+00	 1.0223e-03	 5.6844e-10	-4.3850e-07	 2.2440e-11	 1.2409e+07	 2.8609e+02	 7.4151e+03
 3.1646e+05	 7.4047e+03	 1.7891e+00	 2.5421e-03	 4.4733e-10	-1.3886e-07	 2.2447e-11	 1.5769e+07	 2.8609e+02	 7.4176e+03
 1.0014e+05	 7.4047e+03	 1.7906e+00	 4.3236e-03	 2.4076e-10	-4.4023e-08	 2.2465e-11	 2.9298e+07	 2.8609e+02	 7.4200e+03
 3.1691e+04	 7.4047e+03	 1.7934e+00	 8.9040e-03	 1.5691e-10	-1.3982e-08	 2.2501e-11	 4.4956e+07	 2.8609e+02	 7.4225e+03
 1.0029e+04	 7.4047e+03	 1.8006e+00	 1.8579e-02	 1.0361e-10	-4.4649e-09	 2.2591e-11	 6.8084e+07	 2.8609e+02	 7.4250e+03
 3.1737e+03	 7.4047e+03	 1.8177e+00	 3.2405e-02	 5.7188e-11	-1.4430e-09	 2.2805e-11	 1.2335e+08	 2.8609e+02	 7.4275e+03
 1.0043e+03	 7.4047e+03	 1.8397e+00	 4.9132e-02	 2.7439e-11	-4.6895e-10	 2.3081e-11	 2.5708e+08	 2.8608e+02	 7.4301e+03
 3.1783e+02	 7.4047e+03	 1.8584e+00	 1.0061e-01	 1.7781e-11	-1.5171e-10	 2.3316e-11	 3.9672e+08	 2.8609e+02	 7.4327e+03
 1.0058e+02	 7.4047e+03	 1.9084e+00	 2.6584e-01	 1.4868e-11	-5.0805e-11	 2.3943e-11	 4.7444e+08	 2.8609e+02	 7.4355e+03
 3.1829e+01	 7.4047e+03	 2.1074e+00	 6.7405e-01	 1.1930e-11	-1.9599e-11	 2.6439e-11	 5.9129e+08	 2.8609e+02	 7.4384e+03
 1.0072e+01	 7.4047e+03	 2.5853e+00	 1.5506e+00	 8.6845e-12	-8.8792e-12	 3.2436e-11	 8.1225e+08	 2.8609e+02	 7.4414e+03
 3.1874e+00	 7.4047e+03	 3.3469e+00	 3.9475e+00	 6.9965e-12	-4.1596e-12	 4.1990e-11	 1.0082e+09	 2.8608e+02	 7.4467e+03
 1.0087e+00	 7.4047e+03	 4.9373e+00	 1.1290e+01	 6.3323e-12	-2.2084e-12	 6.1944e-11	 1.1140e+09	 2.8608e+02	 7.4524e+03
 1.0000e+06	 7.4497e+03	 1.7887e+00	 9.6283e-04	 5.3539e-10	-4.3855e-07	 2.2441e-11	 1.3175e+07	 2.8609e+02	 7.4602e+03
 3.1646e+05	 7.4497e+03	 1.7891e+00	 2.5503e-03	 4.4878e-10	-1.3886e-07	 2.2447e-11	 1.5718e+07	 2.8609e+02	 7.4630e+03
 1.0014e+05	 7.4497e+03	 1.7906e+00	 4.3892e-03	 2.4442e-10	-4.4026e-08	 2.2465e-11	 2.8860e+07	 2.8608e+02	 7.4654e+03
 3.1691e+04	 7.4497e+03	 1.7935e+00	 8.9751e-03	 1.5816e-10	-1.3984e-08	 2.2502e-11	 4.4600e+07	 2.8609e+02	 7.4680e+03
 1.0029e+04	 7.4497e+03	 1.8007e+00	 1.8628e-02	 1.0388e-10	-4.4654e-09	 2.2592e-11	 6.7904e+07	 2.8608e+02	 7.4705e+03
 3.1737e+03	 7.4497e+03	 1.8179e+00	 3.2603e-02	 5.7536e-11	-1.4434e-09	 2.2808e-11	 1.2260e+08	 2.8608e+02	 7.4729e+03
 1.0043e+03	 7.4497e+03	 1.8399e+00	 4.9303e-02	 2.7534e-11	-4.6904e-10	 2.3083e-11	 2.5619e+08	 2.8608e+02	 7.4755e+03
 3.1783e+02	 7.4497e+03	 1.8584e+00	 1.0134e-01	 1.7911e-11	-1.5171e-10	 2.3316e-11	 3.9384e+08	 2.8609e+02	 7.4780e+03
 1.0058e+02	 7.4497e+03	 1.9081e+00	 2.6901e-01	 1.5045e-11	-5.0790e-11	 2.3940e-11	 4.6885e+08	 2.8609e+02	 7.4805e+03
 3.1829e+01	 7.4497e+03	 2.1075e+00	 6.8297e-01	 1.2088e-11	-1.9602e-11	 2.6441e-11	 5.8357e+08	 2.8608e+02	 7.4834e+03
 1.0072e+01	 7.4497e+03	 2.5817e+00	 1.5814e+00	 8.8574e-12	-8.8588e-12	 3.2390e-11	 7.9639e+08	 2.8609e+02	 7.4864e+03
 3.1874e+00	 7.4497e+03	 3.3412e+00	 3.9996e+00	 7.0889e-12	-4.1496e-12	 4.1920e-11	 9.9507e+08	 2.8608e+02	 7.4916e+03
 1.0087e+00	 7.4497e+03	 4.8996e+00	 1.1273e+01	 6.3230e-12	-2.1873e-12	 6.1471e-11	 1.1156e+09	 2.8609e+02	 7.4973e+03
 1.0000e+06	 7.4945e+03	 1.7887e+00	 9.8981e-04	 5.5040e-10	-4.3857e-07	 2.2441e-11	 1.2816e+07	 2.8610e+02	 7.5053e+03
 3.1646e+05	 7.4945e+03	 1.7892e+00	 2.4684e-03	 4.3436e-10	-1.3887e-07	 2.2447e-11	 1.6240e+07	 2.8609e+02	 7.5078e+03
 1.0014e+05	 7.4945e+03	 1.7906e+00	 4.4110e-03	 2.4563e-10	-4.4027e-08	 2.2466e-11	 2.8717e+07	 2.8609e+02	 7.5102e+03
 3.1691e+04	 7.4945e+03	 1.7936e+00	 9.0150e-03	 1.5886e-10	-1.3984e-08	 2.2502e-11	 4.4402e+07	 2.8609e+02	 7.5129e+03
 1.0029e+04	 7.4945e+03	 1.8009e+00	 1.8759e-02	 1.0461e-10	-4.4663e-09	 2.2594e-11	 6.7431e+07	 2.8609e+02	 7.5153e+03
 3.1737e+03	 7.4945e+03	 1.8181e+00	 3.2666e-02	 5.7647e-11	-1.4438e-09	 2.2810e-11	 1.2236e+08	 2.8609e+02	 7.5179e+03
 1.0043e+03	 7.4945e+03	 1.8401e+00	 4.9525e-02	 2.7658e-11	-4.6916e-10	 2.3086e-11	 2.5504e+08	 2.8609e+02	 7.5204e+03
 3.1783e+02	 7.4945e+03	 1.8590e+00	 1.0208e-01	 1.8041e-11	-1.5181e-10	 2.3323e-11	 3.9100e+08	 2.8609e+02	 7.5229e+03
 1.0058e+02	 7.4945e+03	 1.9101e+00	 2.7026e-01	 1.5115e-11	-5.0901e-11	 2.3965e-11	 4.6669e+08	 2.8609e+02	 7.5255e+03
 3.1829e+01	 7.4945e+03	 2.1137e+00	 6.8192e-01	 1.2069e-11	-1.9710e-11	 2.6518e-11	 5.8447e+08	 2.8609e+02	 7.5285e+03
 1.0072e+01	 7.4945e+03	 2.5958e+00	 1.5720e+00	 8.8046e-12	-8.9378e-12	 3.2567e-11	 8.0116e+08	 2.8609e+02	 7.5314e+03
 3.1874e+00	 7.4945e+03	 3.3714e+00	 4.0099e+00	 7.1071e-12	-4.2031e-12	 4.2298e-11	 9.9252e+08	 2.8608e+02	 7.5368e+03
 1.0087e+00	 7.4945e+03	 4.9788e+00	 1.1435e+01	 6.4139e-12	-2.2317e-12	 6.2465e-11	 1.0998e+09	 2.8609e+02	 7.5424e+03
 1.0000e+06	 7.5398e+03	 1.7887e+00	 9.8176e-04	 5.4592e-10	-4.3858e-07	 2.2442e-11	 1.2921e+07	 2.8609e+02	 7.5503e+03
 3.1646e+05	 7.5398e+03	 1.7892e+00	 2.3946e-03	 4.2137e-10	-1.3888e-07	 2.2448e-11	 1.6740e+07	 2.8609e+02	 7.5528e+03
 1.0014e+05	 7.5398e+03	 1.7907e+00	 4.4372e-03	 2.4709e-10	-4.4031e-08	 2.2466e-11	 2.8548e+07	 2.8609e+02	 7.5552e+03
 3.1691e+04	 7.5398e+03	 1.7936e+00	 9.0701e-03	 1.5984e-10	-1.3985e-08	 2.2503e-11	 4.4132e+07	 2.8610e+02	 7.5578e+03
 1.0029e+04	 7.5398e+03	 1.8010e+00	 1.8837e-02	 1.0505e-10	-4.4668e-09	 2.2595e-11	 6.7150e+07	 2.8610e+02	 7.5602e+03
 3.1737e+03	 7.5398e+03	 1.8183e+00	 3.2845e-02	 5.7964e-11	-1.4442e-09	 2.2813e-11	 1.2170e+08	 2.8610e+02	 7.5630e+03
 1.0043e+03	 7.5398e+03	 1.8402e+00	 4.9693e-02	 2.7752e-11	-4.6923e-10	 2.3088e-11	 2.5418e+08	 2.8610e+02	 7.5654e+03
 3.1783e+02	 7.5398e+03	 1.8589e+00	 1.0280e-01	 1.8168e-11	-1.5179e-10	 2.3322e-11	 3.8827e+08	 2.8609e+02	 7.5681e+03
 1.0058e+02	 7.5398e+03	 1.9095e+00	 2.7317e-01	 1.5278e-11	-5.0864e-11	 2.3956e-11	 4.6172e+08	 2.8609e+02	 7.5706e+03
 3.1829e+01	 7.5398e+03	 2.1126e+00	 6.9140e-01	 1.2237e-11	-1.9691e-11	 2.6505e-11	 5.7645e+08	 2.8609e+02	 7.5734e+03
 1.0072e+01	 7.5398e+03	 2.5939e+00	 1.5951e+00	 8.9340e-12	-8.9272e-12	 3.2544e-11	 7.8956e+08	 2.8610e+02	 7.5764e+03
 3.1874e+00	 7.5398e+03	 3.3684e+00	 4.0478e+00	 7.1744e-12	-4.1978e-12	 4.2260e-11	 9.8322e+08	 2.8609e+02	 7.5817e+03
 1.0087e+00	 7.5398e+03	 4.9919e+00	 1.1499e+01	 6.4498e-12	-2.2390e-12	 6.2629e-11	 1.0937e+09	 2.8610e+02	 7.5876e+03
 1.0000e+06	 7.5848e+03	 1.7887e+00	 9.9012e-04	 5.5057e-10	-4.3857e-07	 2.2441e-11	 1.2812e+07	 2.8610e+02	 7.5954e+03
 3.1646e+05	 7.5848e+03	 1.7892e+00	 2.4207e-03	 4.2597e-10	-1.3888e-07	 2.2448e-11	 1.6560e+07	 2.8610e+02	 7.5979e+03
 1.0014e+05	 7.5848e+03	 1.7907e+00	 4.4534e-03	 2.4799e-10	-4.4033e-08	 2.2467e-11	 2.8444e+07	 2.8609e+02	 7.6003e+03
 3.1691e+04	 7.5848e+03	 1.7937e+00	 9.0873e-03	 1.6014e-10	-1.3986e-08	 2.2504e-11	 4.4049e+07	 2.8610e+02	 7.6028e+03
 1.0029e+04	 7.5848e+03	 1.8011e+00	 1.8916e-02	 1.0549e-10	-4.4675e-09	 2.2597e-11	 6.6868e+07	 2.8610e+02	 7.6055e+03
 3.1737e+03	 7.5848e+03	 1.8185e+00	 3.2955e-02	 5.8157e-11	-1.4444e-09	 2.2815e-11	 1.2129e+08	 2.8610e+02	 7.6079e+03
 1.0043e+03	 7.5848e+03	 1.8404e+00	 4.9855e-02	 2.7843e-11	-4.6932e-10	 2.3090e-11	 2.5335e+08	 2.8610e+02	 7.6107e+03
 3.1783e+02	 7.5848e+03	 1.8592e+00	 1.0334e-01	 1.8264e-11	-1.5184e-10	 2.3325e-11	 3.8623e+08	 2.8610e+02	 7.6132e+03
 1.0058e+02	 7.5848e+03	 1.9107e+00	 2.7419e-01	 1.5335e-11	-5.0933e-11	 2.3972e-11	 4.6000e+08	 2.8610e+02	 7.6157e+03
 3.1829e+01	 7.5848e+03	 2.1160e+00	 6.9298e-01	 1.2265e-11	-1.9752e-11	 2.6548e-11	 5.7514e+08	 2.8610e+02	 7.6187e+03
 1.0072e+01	 7.5848e+03	 2.6003e+00	 1.5963e+00	 8.9405e-12	-8.9633e-12	 3.2624e-11	 7.8899e+08	 2.8610e+02	 7.6218e+03
 3.1874e+00	 7.5848e+03	 3.3847e+00	 4.0753e+00	 7.2232e-12	-4.2266e-12	 4.2464e-11	 9.7658e+08	 2.8610e+02	 7.6270e+03
 1.0087e+00	 7.5848e+03	 4.9842e+00	 1.1502e+01	 6.4513e-12	-2.2347e-12	 6.2532e-11	 1.0934e+09	 2.8610e+02	 7.6327e+03
 1.0000e+06	 7.6300e+03	 1.7887e+00	 9.9113e-04	 5.5113e-10	-4.3858e-07	 2.2442e-11	 1.2799e+07	 2.8610e+02	 7.6408e+03
 3.1646e+05	 7.6300e+03	 1.7892e+00	 2.4170e-03	 4.2531e-10	-1.3888e-07	 2.2448e-11	 1.6585e+07	 2.8610e+02	 7.6432e+03
 1.0014e+05	 7.6300e+03	 1.7908e+00	 4.4505e-03	 2.4783e-10	-4.4036e-08	 2.2468e-11	 2.8462e+07	 2.8610e+02	 7.6459e+03
 3.1691e+04	 7.6300e+03	 1.7937e+00	 9.1578e-03	 1.6138e-10	-1.3988e-08	 2.2505e-11	 4.3710e+07	 2.8610e+02	 7.6484e+03
 1.0029e+04	 7.6300e+03	 1.8012e+00	 1.8999e-02	 1.0595e-10	-4.4681e-09	 2.2598e-11	 6.6577e+07	 2.8610e+02	 7.6509e+03
 3.1737e+03	 7.6300e+03	 1.8188e+00	 3.3034e-02	 5.8297e-11	-1.4449e-09	 2.2818e-11	 1.2100e+08	 2.8610e+02	 7.6534e+03
 1.0043e+03	 7.6300e+03	 1.8406e+00	 5.0016e-02	 2.7933e-11	-4.6944e-10	 2.3092e-11	 2.5253e+08	 2.8610e+02	 7.6559e+03
 3.1783e+02	 7.6300e+03	 1.8596e+00	 1.0394e-01	 1.8369e-11	-1.5192e-10	 2.3331e-11	 3.8401e+08	 2.8611e+02	 7.6585e+03
 1.0058e+02	 7.6300e+03	 1.9131e+00	 2.7510e-01	 1.5386e-11	-5.1066e-11	 2.4002e-11	 4.5848e+08	 2.8611e+02	 7.6610e+03
 3.1829e+01	 7.6300e+03	 2.1228e+00	 6.9048e-01	 1.2221e-11	-1.9872e-11	 2.6633e-11	 5.7722e+08	 2.8610e+02	 7.6641e+03
 1.0072e+01	 7.6300e+03	 2.6121e+00	 1.5851e+00	 8.8778e-12	-9.0290e-12	 3.2772e-11	 7.9456e+08	 2.8610e+02	 7.6670e+03
 3.1874e+00	 7.6300e+03	 3.3964e+00	 4.0685e+00	 7.2110e-12	-4.2474e-12	 4.2612e-11	 9.7822e+08	 2.8610e+02	 7.6722e+03
 1.0087e+00	 7.6300e+03	 5.0104e+00	 1.1650e+01	 6.5346e-12	-2.2494e-12	 6.2861e-11	 1.0795e+09	 2.8610e+02	 7.6779e+03
 1.0000e+06	 7.6752e+03	 1.7888e+00	 1.0505e-03	 5.8416e-10	-4.3864e-07	 2.2443e-11	 1.2075e+07	 2.8611e+02	 7.6858e+03
 3.1646e+05	 7.6752e+03	 1.7893e+00	 2.4292e-03	 4.2747e-10	-1.3889e-07	 2.2448e-11	 1.6502e+07	 2.8610e+02	 7.6882e+03
 1.0014e+05	 7.6752e+03	 1.7908e+00	 4.5202e-03	 2.5171e-10	-4.4037e-08	 2.2468e-11	 2.8024e+07	 2.8610e+02	 7.6906e+03
 3.1691e+04	 7.6752e+03	 1.7938e+00	 9.2256e-03	 1.6258e-10	-1.3988e-08	 2.2505e-11	 4.3389e+07	 2.8611e+02	 7.6933e+03
 1.0029e+04	 7.6752e+03	 1.8013e+00	 1.9094e-02	 1.0648e-10	-4.4687e-09	 2.2600e-11	 6.6247e+07	 2.8611e+02	 7.6959e+03
 3.1737e+03	 7.6752e+03	 1.8189e+00	 3.3117e-02	 5.8444e-11	-1.4452e-09	 2.2820e-11	 1.2070e+08	 2.8610e+02	 7.6984e+03
 1.0043e+03	 7.6752e+03	 1.8408e+00	 5.0226e-02	 2.8050e-11	-4.6954e-10	 2.3094e-11	 2.5148e+08	 2.8610e+02	 7.7008e+03
 3.1783e+02	 7.6752e+03	 1.8597e+00	 1.0469e-01	 1.8501e-11	-1.5194e-10	 2.3332e-11	 3.8127e+08	 2.8611e+02	 7.7032e+03
 1.0058e+02	 7.6752e+03	 1.9130e+00	 2.7739e-01	 1.5514e-11	-5.1062e-11	 2.4001e-11	 4.5468e+08	 2.8611e+02	 7.7057e+03
 3.1829e+01	 7.6752e+03	 2.1239e+00	 6.9788e-01	 1.2352e-11	-1.9891e-11	 2.6646e-11	 5.7110e+08	 2.8610e+02	 7.7086e+03
 1.0072e+01	 7.6752e+03	 2.6174e+00	 1.6023e+00	 8.9744e-12	-9.0589e-12	 3.2838e-11	 7.8601e+08	 2.8611e+02	 7.7115e+03
 3.1874e+00	 7.6752e+03	 3.4039e+00	 4.1147e+00	 7.2930e-12	-4.2607e-12	 4.2706e-11	 9.6723e+08	 2.8611e+02	 7.7168e+03
 1.0087e+00	 7.6752e+03	 5.0471e+00	 1.1750e+01	 6.5906e-12	-2.2700e-12	 6.3322e-11	 1.0703e+09	 2.8611e+02	 7.7226e+03
 1.0000e+06	 7.7198e+03	 1.7888e+00	 9.3260e-04	 5.1858e-10	-4.3864e-07	 2.2443e-11	 1.3602e+07	 2.8612e+02	 7.7306e+03
 3.1646e+05	 7.7198e+03	 1.7893e+00	 2.4686e-03	 4.3439e-10	-1.3889e-07	 2.2449e-11	 1.6239e+07	 2.8612e+02	 7.7331e+03
 1.0014e+05	 7.7198e+03	 1.7908e+00	 4.5835e-03	 2.5524e-10	-4.4038e-08	 2.2468e-11	 2.7637e+07	 2.8611e+02	 7.7355e+03
 3.1691e+04	 7.7198e+03	 1.7939e+00	 9.2390e-03	 1.6281e-10	-1.3989e-08	 2.2506e-11	 4.3326e+07	 2.8611e+02	 7.7380e+03
 1.0029e+04	 7.7198e+03	 1.8014e+00	 1.9143e-02	 1.0675e-10	-4.4691e-09	 2.2600e-11	 6.6078e+07	 2.8611e+02	 7.7404e+03
 3.1737e+03	 7.7198e+03	 1.8190e+00	 3.3039e-02	 5.8307e-11	-1.4453e-09	 2.2821e-11	 1.2098e+08	 2.8611e+02	 7.7429e+03
 1.0043e+03	 7.7198e+03	 1.8408e+00	 5.0274e-02	 2.8077e-11	-4.6956e-10	 2.3095e-11	 2.5124e+08	 2.8611e+02	 7.7455e+03
 3.1783e+02	 7.7198e+03	 1.8595e+00	 1.0490e-01	 1.8540e-11	-1.5190e-10	 2.3329e-11	 3.8048e+08	 2.8611e+02	 7.7479e+03
 1.0058e+02	 7.7198e+03	 1.9116e+00	 2.7919e-01	 1.5614e-11	-5.0985e-11	 2.3984e-11	 4.5176e+08	 2.8611e+02	 7.7504e+03
 3.1829e+01	 7.7198e+03	 2.1198e+00	 7.0525e-01	 1.2482e-11	-1.9819e-11	 2.6595e-11	 5.6513e+08	 2.8611e+02	 7.7533e+03
 1.0072e+01	 7.7198e+03	 2.6065e+00	 1.6216e+00	 9.0824e-12	-8.9976e-12	 3.2701e-11	 7.7667e+08	 2.8611e+02	 7.7564e+03
 3.1874e+00	 7.7198e+03	 3.3909e+00	 4.1376e+00	 7.3336e-12	-4.2376e-12	 4.2542e-11	 9.6186e+08	 2.8611e+02	 7.7618e+03
 1.0087e+00	 7.7198e+03	 5.0385e+00	 1.1751e+01	 6.5908e-12	-2.2651e-12	 6.3214e-11	 1.0703e+09	 2.8611e+02	 7.7674e+03
 1.0000e+06	 7.7647e+03	 1.7889e+00	 9.5411e-04	 5.3054e-10	-4.3868e-07	 2.2444e-11	 1.3296e+07	 2.8611e+02	 7.7754e+03
 3.1646e+05	 7.7647e+03	 1.7893e+00	 2.4673e-03	 4.3416e-10	-1.3890e-07	 2.2449e-11	 1.6247e+07	 2.8611e+02	 7.7779e+03
 1.0014e+05	 7.7647e+03	 1.7909e+00	 4.4653e-03	 2.4866e-10	-4.4040e-08	 2.2468e-11	 2.8368e+07	 2.8612e+02	 7.7804e+03
 3.1691e+04	 7.7647e+03	 1.7938e+00	 9.2587e-03	 1.6316e-10	-1.3989e-08	 2.2506e-11	 4.3233e+07	 2.8612e+02	 7.7829e+03
 1.0029e+04	 7.7647e+03	 1.8014e+00	 1.9154e-02	 1.0682e-10	-4.4690e-09	 2.2600e-11	 6.6038e+07	 2.8612e+02	 7.7857e+03
 3.1737e+03	 7.7647e+03	 1.8190e+00	 3.3151e-02	 5.8503e-11	-1.4454e-09	 2.2822e-11	 1.2057e+08	 2.8612e+02	 7.7882e+03
 1.0043e+03	 7.7647e+03	 1.8408e+00	 5.0247e-02	 2.8061e-11	-4.6957e-10	 2.3095e-11	 2.5138e+08	 2.8611e+02	 7.7907e+03
 3.1783e+02	 7.7647e+03	 1.8596e+00	 1.0477e-01	 1.8517e-11	-1.5192e-10	 2.3331e-11	 3.8095e+08	 2.8612e+02	 7.7932e+03
 1.0058e+02	 7.7647e+03	 1.9123e+00	 2.7854e-01	 1.5578e-11	-5.1022e-11	 2.3992e-11	 4.5281e+08	 2.8612e+02	 7.7957e+03
 3.1829e+01	 7.7647e+03	 2.1214e+00	 7.0188e-01	 1.2422e-11	-1.9847e-11	 2.6615e-11	 5.6785e+08	 2.8612e+02	 7.7988e+03
 1.0072e+01	 7.7647e+03	 2.6124e+00	 1.6153e+00	 9.0470e-12	-9.0309e-12	 3.2776e-11	 7.7970e+08	 2.8612e+02	 7.8019e+03
 3.1874e+00	 7.7647e+03	 3.3955e+00	 4.1097e+00	 7.2840e-12	-4.2459e-12	 4.2601e-11	 9.6842e+08	 2.8612e+02	 7.8072e+03
 1.0087e+00	 7.7647e+03	 4.9989e+00	 1.1687e+01	 6.5552e-12	-2.2430e-12	 6.2717e-11	 1.0761e+09	 2.8612e+02	 7.8129e+03
 1.0000e+06	 7.8102e+03	 1.7888e+00	 1.0511e-03	 5.8449e-10	-4.3864e-07	 2.2443e-11	 1.2069e+07	 2.8612e+02	 7.8208e+03
 3.1646e+05	 7.8102e+03	 1.7893e+00	 2.4518e-03	 4.3144e-10	-1.3889e-07	 2.2448e-11	 1.6350e+07	 2.8611e+02	 7.8232e+03
 1.0014e+05	 7.8102e+03	 1.7909e+00	 4.5744e-03	 2.5473e-10	-4.4041e-08	 2.2469e-11	 2.7691e+07	 2.8612e+02	 7.8258e+03
 3.1691e+04	 7.8102e+03	 1.7939e+00	 9.2210e-03	 1.6250e-10	-1.3990e-08	 2.2506e-11	 4.3410e+07	 2.8612e+02	 7.8284e+03
 1.0029e+04	 7.8102e+03	 1.8014e+00	 1.9149e-02	 1.0679e-10	-4.4690e-09	 2.2600e-11	 6.6057e+07	 2.8612e+02	 7.8312e+03
 3.1737e+03	 7.8102e+03	 1.8190e+00	 3.3214e-02	 5.8614e-11	-1.4453e-09	 2.2821e-11	 1.2035e+08	 2.8611e+02	 7.8337e+03
 1.0043e+03	 7.8102e+03	 1.8409e+00	 5.0184e-02	 2.8026e-11	-4.6959e-10	 2.3096e-11	 2.5169e+08	 2.8611e+02	 7.8362e+03
 3.1783e+02	 7.8102e+03	 1.8598e+00	 1.0447e-01	 1.8462e-11	-1.5196e-10	 2.3334e-11	 3.8207e+08	 2.8612e+02	 7.8388e+03
 1.0058e+02	 7.8102e+03	 1.9136e+00	 2.7661e-01	 1.5470e-11	-5.1098e-11	 2.4009e-11	 4.5598e+08	 2.8612e+02	 7.8413e+03
 3.1829e+01	 7.8102e+03	 2.1244e+00	 6.9470e-01	 1.2295e-11	-1.9899e-11	 2.6652e-11	 5.7372e+08	 2.8611e+02	 7.8443e+03
 1.0072e+01	 7.8102e+03	 2.6182e+00	 1.5921e+00	 8.9174e-12	-9.0630e-12	 3.2848e-11	 7.9104e+08	 2.8612e+02	 7.8474e+03
 3.1874e+00	 7.8102e+03	 3.3974e+00	 4.0864e+00	 7.2427e-12	-4.2493e-12	 4.2625e-11	 9.7394e+08	 2.8612e+02	 7.8527e+03
 1.0087e+00	 7.8102e+03	 5.0300e+00	 1.1677e+01	 6.5496e-12	-2.2604e-12	 6.3107e-11	 1.0770e+09	 2.8612e+02	 7.8584e+03
 1.0000e+06	 7.8557e+03	 1.7888e+00	 1.0360e-03	 5.7610e-10	-4.3864e-07	 2.2443e-11	 1.2244e+07	 2.8612e+02	 7.8661e+03
 3.1646e+05	 7.8557e+03	 1.7893e+00	 2.5774e-03	 4.5355e-10	-1.3890e-07	 2.2449e-11	 1.5553e+07	 2.8611e+02	 7.8686e+03
 1.0014e+05	 7.8557e+03	 1.7909e+00	 4.5557e-03	 2.5369e-10	-4.4042e-08	 2.2469e-11	 2.7805e+07	 2.8612e+02	 7.8710e+03
 3.1691e+04	 7.8557e+03	 1.7938e+00	 9.2697e-03	 1.6335e-10	-1.3989e-08	 2.2506e-11	 4.3182e+07	 2.8612e+02	 7.8738e+03
 1.0029e+04	 7.8557e+03	 1.8014e+00	 1.9166e-02	 1.0688e-10	-4.4694e-09	 2.2601e-11	 6.5996e+07	 2.8612e+02	 7.8762e+03
 3.1737e+03	 7.8557e+03	 1.8190e+00	 3.3243e-02	 5.8666e-11	-1.4454e-09	 2.2822e-11	 1.2024e+08	 2.8612e+02	 7.8786e+03
 1.0043e+03	 7.8557e+03	 1.8409e+00	 5.0266e-02	 2.8072e-11	-4.6961e-10	 2.3096e-11	 2.5128e+08	 2.8612e+02	 7.8811e+03
 3.1783e+02	 7.8557e+03	 1.8599e+00	 1.0483e-01	 1.8526e-11	-1.5197e-10	 2.3334e-11	 3.8076e+08	 2.8612e+02	 7.8836e+03
 1.0058e+02	 7.8557e+03	 1.9135e+00	 2.7799e-01	 1.5547e-11	-5.1092e-11	 2.4007e-11	 4.5371e+08	 2.8611e+02	 7.8863e+03
 3.1829e+01	 7.8557e+03	 2.1254e+00	 6.9904e-01	 1.2372e-11	-1.9917e-11	 2.6665e-11	 5.7015e+08	 2.8612e+02	 7.8894e+03
 1.0072e+01	 7.8557e+03	 2.6222e+00	 1.6039e+00	 8.9830e-12	-9.0856e-12	 3.2898e-11	 7.8526e+08	 2.8612e+02	 7.8923e+03
 3.1874e+00	 7.8557e+03	 3.4103e+00	 4.1093e+00	 7.2833e-12	-4.2721e-12	 4.2786e-11	 9.6851e+08	 2.8611e+02	 7.8976e+03
 1.0087e+00	 7.8557e+03	 5.0414e+00	 1.1744e+01	 6.5869e-12	-2.2668e-12	 6.3250e-11	 1.0709e+09	 2.8612e+02	 7.9033e+03
 1.0000e+06	 7.9006e+03	 1.7888e+00	 1.0178e-03	 5.6598e-10	-4.3864e-07	 2.2443e-11	 1.2463e+07	 2.8612e+02	 7.9112e+03
 3.1646e+05	 7.9006e+03	 1.7894e+00	 2.6177e-03	 4.6063e-10	-1.3891e-07	 2.2450e-11	 1.5314e+07	 2.8612e+02	 7.9139e+03
 1.0014e+05	 7.9006e+03	 1.7909e+00	 4.5449e-03	 2.5309e-10	-4.4042e-08	 2.2469e-11	 2.7871e+07	 2.8612e+02	 7.9163e+03
 3.1691e+04	 7.9006e+03	 1.7939e+00	 9.3331e-03	 1.6447e-10	-1.3991e-08	 2.2507e-11	 4.2889e+07	 2.8612e+02	 7.9190e+03
 1.0029e+04	 7.9006e+03	 1.8015e+00	 1.9255e-02	 1.0738e-10	-4.4700e-09	 2.2603e-11	 6.5692e+07	 2.8612e+02	 7.9214e+03
 3.1737e+03	 7.9006e+03	 1.8192e+00	 3.3257e-02	 5.8692e-11	-1.4457e-09	 2.2824e-11	 1.2019e+08	 2.8612e+02	 7.9239e+03
 1.0043e+03	 7.9006e+03	 1.8410e+00	 5.0505e-02	 2.8205e-11	-4.6970e-10	 2.3098e-11	 2.5009e+08	 2.8613e+02	 7.9264e+03
 3.1783e+02	 7.9006e+03	 1.8598e+00	 1.0585e-01	 1.8708e-11	-1.5195e-10	 2.3333e-11	 3.7706e+08	 2.8613e+02	 7.9288e+03
 1.0058e+02	 7.9006e+03	 1.9128e+00	 2.8222e-01	 1.5784e-11	-5.1053e-11	 2.3999e-11	 4.4690e+08	 2.8613e+02	 7.9312e+03
 3.1829e+01	 7.9006e+03	 2.1246e+00	 7.1207e-01	 1.2603e-11	-1.9903e-11	 2.6655e-11	 5.5972e+08	 2.8612e+02	 7.9342e+03
 1.0072e+01	 7.9006e+03	 2.6185e+00	 1.6397e+00	 9.1839e-12	-9.0651e-12	 3.2853e-11	 7.6808e+08	 2.8612e+02	 7.9372e+03
 3.1874e+00	 7.9006e+03	 3.4102e+00	 4.1603e+00	 7.3738e-12	-4.2718e-12	 4.2784e-11	 9.5662e+08	 2.8613e+02	 7.9426e+03
 1.0087e+00	 7.9006e+03	 5.0252e+00	 1.1833e+01	 6.6372e-12	-2.2577e-12	 6.3047e-11	 1.0628e+09	 2.8613e+02	 7.9484e+03
 1.0000e+06	 7.9457e+03	 1.7889e+00	 1.0195e-03	 5.6689e-10	-4.3866e-07	 2.2444e-11	 1.2443e+07	 2.8613e+02	 7.9564e+03
 3.1646e+05	 7.9457e+03	 1.7894e+00	 2.4537e-03	 4.3178e-10	-1.3891e-07	 2.2450e-11	 1.6337e+07	 2.8613e+02	 7.9589e+03
 1.0014e+05	 7.9457e+03	 1.7910e+00	 4.5782e-03	 2.5494e-10	-4.4048e-08	 2.2470e-11	 2.7669e+07	 2.8613e+02	 7.9616e+03
 3.1691e+04	 7.9457e+03	 1.7940e+00	 9.3537e-03	 1.6483e-10	-1.3992e-08	 2.2507e-11	 4.2794e+07	 2.8613e+02	 7.9640e+03
 1.0029e+04	 7.9457e+03	 1.8016e+00	 1.9368e-02	 1.0801e-10	-4.4705e-09	 2.2604e-11	 6.5310e+07	 2.8613e+02	 7.9665e+03
 3.1737e+03	 7.9457e+03	 1.8194e+00	 3.3355e-02	 5.8864e-11	-1.4461e-09	 2.2827e-11	 1.1983e+08	 2.8613e+02	 7.9691e+03
 1.0043e+03	 7.9457e+03	 1.8413e+00	 5.0702e-02	 2.8316e-11	-4.6981e-10	 2.3101e-11	 2.4912e+08	 2.8613e+02	 7.9716e+03
 3.1783e+02	 7.9457e+03	 1.8604e+00	 1.0640e-01	 1.8804e-11	-1.5205e-10	 2.3340e-11	 3.7512e+08	 2.8613e+02	 7.9740e+03
 1.0058e+02	 7.9457e+03	 1.9160e+00	 2.8197e-01	 1.5770e-11	-5.1231e-11	 2.4039e-11	 4.4731e+08	 2.8613e+02	 7.9765e+03
 3.1829e+01	 7.9457e+03	 2.1334e+00	 7.0508e-01	 1.2479e-11	-2.0060e-11	 2.6767e-11	 5.6527e+08	 2.8613e+02	 7.9795e+03
 1.0072e+01	 7.9457e+03	 2.6335e+00	 1.6184e+00	 9.0643e-12	-9.1491e-12	 3.3041e-11	 7.7822e+08	 2.8613e+02	 7.9825e+03
 3.1874e+00	 7.9457e+03	 3.4228e+00	 4.1605e+00	 7.3741e-12	-4.2942e-12	 4.2943e-11	 9.5658e+08	 2.8613e+02	 7.9878e+03
 1.0087e+00	 7.9457e+03	 5.0577e+00	 1.1935e+01	 6.6943e-12	-2.2759e-12	 6.3455e-11	 1.0537e+09	 2.8614e+02	 7.9936e+03
 1.0000e+06	 7.9908e+03	 1.7888e+00	 1.0231e-03	 5.6891e-10	-4.3863e-07	 2.2443e-11	 1.2399e+07	 2.8613e+02	 8.0013e+03
 3.1646e+05	 7.9908e+03	 1.7894e+00	 2.4967e-03	 4.3935e-10	-1.3892e-07	 2.2451e-11	 1.6055e+07	 2.8613e+02	 8.0038e+03
 1.0014e+05	 7.9908e+03	 1.7910e+00	 4.6191e-03	 2.5722e-10	-4.4046e-08	 2.2470e-11	 2.7424e+07	 2.8614e+02	 8.0062e+03
 3.1691e+04	 7.9908e+03	 1.7940e+00	 9.3961e-03	 1.6558e-10	-1.3992e-08	 2.2508e-11	 4.2602e+07	 2.8613e+02	 8.0088e+03
 1.0029e+04	 7.9908e+03	 1.8017e+00	 1.9409e-02	 1.0824e-10	-4.4711e-09	 2.2605e-11	 6.5171e+07	 2.8613e+02	 8.0114e+03
 3.1737e+03	 7.9908e+03	 1.8196e+00	 3.3308e-02	 5.8780e-11	-1.4463e-09	 2.2828e-11	 1.2001e+08	 2.8613e+02	 8.0139e+03
 1.0043e+03	 7.9908e+03	 1.8414e+00	 5.0738e-02	 2.8336e-11	-4.6987e-10	 2.3102e-11	 2.4894e+08	 2.8613e+02	 8.0164e+03
 3.1783e+02	 7.9908e+03	 1.8605e+00	 1.0661e-01	 1.8841e-11	-1.5207e-10	 2.3342e-11	 3.7440e+08	 2.8613e+02	 8.0190e+03
 1.0058e+02	 7.9908e+03	 1.9160e+00	 2.8267e-01	 1.5809e-11	-5.1227e-11	 2.4038e-11	 4.4620e+08	 2.8613e+02	 8.0215e+03
 3.1829e+01	 7.9908e+03	 2.1336e+00	 7.0691e-01	 1.2511e-11	-2.0063e-11	 2.6769e-11	 5.6381e+08	 2.8613e+02	 8.0243e+03
 1.0072e+01	 7.9908e+03	 2.6344e+00	 1.6176e+00	 9.0599e-12	-9.1539e-12	 3.3051e-11	 7.7859e+08	 2.8613e+02	 8.0274e+03
 3.1874e+00	 7.9908e+03	 3.4204e+00	 4.1582e+00	 7.3700e-12	-4.2900e-12	 4.2913e-11	 9.5712e+08	 2.8613e+02	 8.0327e+03
 1.0087e+00	 7.9908e+03	 5.0154e+00	 1.1853e+01	 6.6482e-12	-2.2522e-12	 6.2924e-11	 1.0610e+09	 2.8613e+02	 8.0384e+03
 1.0000e+06	 8.0357e+03	 1.7888e+00	 1.0281e-03	 5.7170e-10	-4.3865e-07	 2.2443e-11	 1.2339e+07	 2.8613e+02	 8.0463e+03
 3.1646e+05	 8.0357e+03	 1.7895e+00	 2.5630e-03	 4.5101e-10	-1.3892e-07	 2.2451e-11	 1.5640e+07	 2.8613e+02	 8.0491e+03
 1.0014e+05	 8.0357e+03	 1.7910e+00	 4.5913e-03	 2.5567e-10	-4.4047e-08	 2.2470e-11	 2.7590e+07	 2.8613e+02	 8.0515e+03
 3.1691e+04	 8.0357e+03	 1.7940e+00	 9.4256e-03	 1.6610e-10	-1.3993e-08	 2.2508e-11	 4.2468e+07	 2.8613e+02	 8.0540e+03
 1.0029e+04	 8.0357e+03	 1.8017e+00	 1.9408e-02	 1.0823e-10	-4.4709e-09	 2.2605e-11	 6.5175e+07	 2.8613e+02	 8.0564e+03
 3.1737e+03	 8.0357e+03	 1.8195e+00	 3.3292e-02	 5.8754e-11	-1.4463e-09	 2.2828e-11	 1.2006e+08	 2.8613e+02	 8.0589e+03
 1.0043e+03	 8.0357e+03	 1.8413e+00	 5.0671e-02	 2.8298e-11	-4.6984e-10	 2.3101e-11	 2.4927e+08	 2.8613e+02	 8.0614e+03
 3.1783e+02	 8.0357e+03	 1.8602e+00	 1.0636e-01	 1.8798e-11	-1.5202e-10	 2.3338e-11	 3.7525e+08	 2.8614e+02	 8.0639e+03
 1.0058e+02	 8.0357e+03	 1.9142e+00	 2.8280e-01	 1.5816e-11	-5.1127e-11	 2.4015e-11	 4.4599e+08	 2.8613e+02	 8.0666e+03
 3.1829e+01	 8.0357e+03	 2.1279e+00	 7.1083e-01	 1.2581e-11	-1.9963e-11	 2.6698e-11	 5.6070e+08	 2.8612e+02	 8.0695e+03
 1.0072e+01	 8.0357e+03	 2.6265e+00	 1.6381e+00	 9.1746e-12	-9.1095e-12	 3.2952e-11	 7.6886e+08	 2.8614e+02	 8.0725e+03
 3.1874e+00	 8.0357e+03	 3.4268e+00	 4.1664e+00	 7.3847e-12	-4.3014e-12	 4.2994e-11	 9.5522e+08	 2.8613e+02	 8.0778e+03
 1.0087e+00	 8.0357e+03	 5.0565e+00	 1.1893e+01	 6.6707e-12	-2.2753e-12	 6.3440e-11	 1.0574e+09	 2.8613e+02	 8.0837e+03
 1.0000e+06	 8.0810e+03	 1.7889e+00	 1.0112e-03	 5.6227e-10	-4.3869e-07	 2.2444e-11	 1.2546e+07	 2.8614e+02	 8.0915e+03
 3.1646e+05	 8.0810e+03	 1.7894e+00	 2.4794e-03	 4.3631e-10	-1.3892e-07	 2.2451e-11	 1.6167e+07	 2.8613e+02	 8.0939e+03
 1.0014e+05	 8.0810e+03	 1.7910e+00	 4.6348e-03	 2.5810e-10	-4.4047e-08	 2.2470e-11	 2.7331e+07	 2.8614e+02	 8.0965e+03
 3.1691e+04	 8.0810e+03	 1.7940e+00	 9.4003e-03	 1.6566e-10	-1.3992e-08	 2.2508e-11	 4.2582e+07	 2.8613e+02	 8.0989e+03
 1.0029e+04	 8.0810e+03	 1.8017e+00	 1.9400e-02	 1.0819e-10	-4.4709e-09	 2.2604e-11	 6.5200e+07	 2.8614e+02	 8.1015e+03
 3.1737e+03	 8.0810e+03	 1.8195e+00	 3.3287e-02	 5.8744e-11	-1.4463e-09	 2.2828e-11	 1.2008e+08	 2.8613e+02	 8.1040e+03
 1.0043e+03	 8.0810e+03	 1.8413e+00	 5.0638e-02	 2.8280e-11	-4.6987e-10	 2.3102e-11	 2.4944e+08	 2.8613e+02	 8.1065e+03
 3.1783e+02	 8.0810e+03	 1.8604e+00	 1.0621e-01	 1.8771e-11	-1.5206e-10	 2.3341e-11	 3.7578e+08	 2.8614e+02	 8.1090e+03
 1.0058e+02	 8.0810e+03	 1.9155e+00	 2.8165e-01	 1.5752e-11	-5.1201e-11	 2.4032e-11	 4.4782e+08	 2.8614e+02	 8.1118e+03
 3.1829e+01	 8.0810e+03	 2.1318e+00	 7.0619e-01	 1.2499e-11	-2.0032e-11	 2.6746e-11	 5.6438e+08	 2.8614e+02	 8.1148e+03
 1.0072e+01	 8.0810e+03	 2.6353e+00	 1.6151e+00	 9.0459e-12	-9.1588e-12	 3.3062e-11	 7.7979e+08	 2.8614e+02	 8.1179e+03
 3.1874e+00	 8.0810e+03	 3.4304e+00	 4.1443e+00	 7.3455e-12	-4.3077e-12	 4.3039e-11	 9.6031e+08	 2.8614e+02	 8.1232e+03
 1.0087e+00	 8.0810e+03	 5.0419e+00	 1.1871e+01	 6.6582e-12	-2.2671e-12	 6.3256e-11	 1.0594e+09	 2.8615e+02	 8.1289e+03
 1.0000e+06	 8.1262e+03	 1.7890e+00	 9.9312e-04	 5.5224e-10	-4.3872e-07	 2.2445e-11	 1.2773e+07	 2.8614e+02	 8.1372e+03
 3.1646e+05	 8.1262e+03	 1.7894e+00	 2.5774e-03	 4.5355e-10	-1.3892e-07	 2.2451e-11	 1.5553e+07	 2.8614e+02	 8.1397e+03
 1.0014e+05	 8.1262e+03	 1.7910e+00	 4.6634e-03	 2.5969e-10	-4.4050e-08	 2.2471e-11	 2.7163e+07	 2.8614e+02	 8.1423e+03
 3.1691e+04	 8.1262e+03	 1.7941e+00	 9.3978e-03	 1.6561e-10	-1.3993e-08	 2.2509e-11	 4.2594e+07	 2.8615e+02	 8.1448e+03
 1.0029e+04	 8.1262e+03	 1.8018e+00	 1.9455e-02	 1.0850e-10	-4.4713e-09	 2.2605e-11	 6.5016e+07	 2.8614e+02	 8.1472e+03
 3.1737e+03	 8.1262e+03	 1.8197e+00	 3.3493e-02	 5.9107e-11	-1.4465e-09	 2.2830e-11	 1.1934e+08	 2.8614e+02	 8.1499e+03
 1.0043e+03	 8.1262e+03	 1.8414e+00	 5.0780e-02	 2.8359e-11	-4.6991e-10	 2.3103e-11	 2.4873e+08	 2.8614e+02	 8.1523e+03
 3.1783e+02	 8.1262e+03	 1.8602e+00	 1.0687e-01	 1.8887e-11	-1.5203e-10	 2.3339e-11	 3.7348e+08	 2.8615e+02	 8.1548e+03
 1.0058e+02	 8.1262e+03	 1.9143e+00	 2.8480e-01	 1.5928e-11	-5.1136e-11	 2.4017e-11	 4.4285e+08	 2.8615e+02	 8.1573e+03
 3.1829e+01	 8.1262e+03	 2.1299e+00	 7.1652e-01	 1.2681e-11	-1.9997e-11	 2.6722e-11	 5.5624e+08	 2.8614e+02	 8.1601e+03
 1.0072e+01	 8.1262e+03	 2.6317e+00	 1.6452e+00	 9.2143e-12	-9.1388e-12	 3.3017e-11	 7.6554e+08	 2.8614e+02	 8.1630e+03
 3.1874e+00	 8.1262e+03	 3.4307e+00	 4.2140e+00	 7.4690e-12	-4.3081e-12	 4.3042e-11	 9.4443e+08	 2.8614e+02	 8.1683e+03
 1.0087e+00	 8.1262e+03	 5.0953e+00	 1.2054e+01	 6.7610e-12	-2.2970e-12	 6.3926e-11	 1.0433e+09	 2.8614e+02	 8.1740e+03
 1.0000e+06	 8.1713e+03	 1.7890e+00	 1.0319e-03	 5.7377e-10	-4.3872e-07	 2.2445e-11	 1.2294e+07	 2.8615e+02	 8.1818e+03
 3.1646e+05	 8.1713e+03	 1.7895e+00	 2.5647e-03	 4.5131e-10	-1.3893e-07	 2.2451e-11	 1.5630e+07	 2.8615e+02	 8.1842e+03
 1.0014e+05	 8.1713e+03	 1.7911e+00	 4.6139e-03	 2.5693e-10	-4.4052e-08	 2.2471e-11	 2.7455e+07	 2.8615e+02	 8.1869e+03
 3.1691e+04	 8.1713e+03	 1.7941e+00	 9.5111e-03	 1.6761e-10	-1.3995e-08	 2.2510e-11	 4.2086e+07	 2.8615e+02	 8.1894e+03
 1.0029e+04	 8.1713e+03	 1.8019e+00	 1.9564e-02	 1.0910e-10	-4.4722e-09	 2.2607e-11	 6.4655e+07	 2.8615e+02	 8.1919e+03
 3.1737e+03	 8.1713e+03	 1.8199e+00	 3.3532e-02	 5.9176e-11	-1.4470e-09	 2.2833e-11	 1.1920e+08	 2.8616e+02	 8.1945e+03
 1.0043e+03	 8.1713e+03	 1.8416e+00	 5.1042e-02	 2.8506e-11	-4.7002e-10	 2.3105e-11	 2.4746e+08	 2.8615e+02	 8.1970e+03
 3.1783e+02	 8.1713e+03	 1.8604e+00	 1.0783e-01	 1.9057e-11	-1.5205e-10	 2.3341e-11	 3.7014e+08	 2.8614e+02	 8.1994e+03
 1.0058e+02	 8.1713e+03	 1.9151e+00	 2.8785e-01	 1.6099e-11	-5.1179e-11	 2.4027e-11	 4.3817e+08	 2.8615e+02	 8.2020e+03
 3.1829e+01	 8.1713e+03	 2.1313e+00	 7.2445e-01	 1.2822e-11	-2.0022e-11	 2.6739e-11	 5.5016e+08	 2.8615e+02	 8.2049e+03
 1.0072e+01	 8.1713e+03	 2.6334e+00	 1.6664e+00	 9.3330e-12	-9.1482e-12	 3.3039e-11	 7.5581e+08	 2.8615e+02	 8.2079e+03
 3.1874e+00	 8.1713e+03	 3.4366e+00	 4.2436e+00	 7.5214e-12	-4.3187e-12	 4.3116e-11	 9.3785e+08	 2.8615e+02	 8.2132e+03
 1.0087e+00	 8.1713e+03	 5.1553e+00	 1.2138e+01	 6.8083e-12	-2.3307e-12	 6.4679e-11	 1.0361e+09	 2.8615e+02	 8.2191e+03
 1.0000e+06	 8.2163e+03	 1.7891e+00	 9.8899e-04	 5.4994e-10	-4.3876e-07	 2.2446e-11	 1.2827e+07	 2.8615e+02	 8.2268e+03
 3.1646e+05	 8.2163e+03	 1.7895e+00	 2.5134e-03	 4.4228e-10	-1.3893e-07	 2.2452e-11	 1.5949e+07	 2.8615e+02	 8.2295e+03
 1.0014e+05	 8.2163e+03	 1.7911e+00	 4.7020e-03	 2.6184e-10	-4.4051e-08	 2.2471e-11	 2.6940e+07	 2.8615e+02	 8.2320e+03
 3.1691e+04	 8.2163e+03	 1.7941e+00	 9.4999e-03	 1.6741e-10	-1.3995e-08	 2.2510e-11	 4.2136e+07	 2.8615e+02	 8.2345e+03
 1.0029e+04	 8.2163e+03	 1.8019e+00	 1.9563e-02	 1.0910e-10	-4.4721e-09	 2.2607e-11	 6.4659e+07	 2.8615e+02	 8.2371e+03
 3.1737e+03	 8.2163e+03	 1.8199e+00	 3.3468e-02	 5.9064e-11	-1.4470e-09	 2.2833e-11	 1.1943e+08	 2.8615e+02	 8.2395e+03
 1.0043e+03	 8.2163e+03	 1.8416e+00	 5.0950e-02	 2.8454e-11	-4.7001e-10	 2.3105e-11	 2.4791e+08	 2.8616e+02	 8.2422e+03
 3.1783e+02	 8.2163e+03	 1.8603e+00	 1.0746e-01	 1.8992e-11	-1.5205e-10	 2.3340e-11	 3.7142e+08	 2.8615e+02	 8.2446e+03
 1.0058e+02	 8.2163e+03	 1.9143e+00	 2.8671e-01	 1.6035e-11	-5.1133e-11	 2.4017e-11	 4.3990e+08	 2.8615e+02	 8.2471e+03
 3.1829e+01	 8.2163e+03	 2.1294e+00	 7.2252e-01	 1.2788e-11	-1.9989e-11	 2.6716e-11	 5.5163e+08	 2.8615e+02	 8.2500e+03
 1.0072e+01	 8.2163e+03	 2.6271e+00	 1.6592e+00	 9.2930e-12	-9.1129e-12	 3.2960e-11	 7.5906e+08	 2.8614e+02	 8.2530e+03
 3.1874e+00	 8.2163e+03	 3.4161e+00	 4.2227e+00	 7.4845e-12	-4.2824e-12	 4.2859e-11	 9.4248e+08	 2.8615e+02	 8.2583e+03
 1.0087e+00	 8.2163e+03	 5.1038e+00	 1.2048e+01	 6.7576e-12	-2.3018e-12	 6.4033e-11	 1.0439e+09	 2.8615e+02	 8.2640e+03
 1.0000e+06	 8.2613e+03	 1.7890e+00	 9.7505e-04	 5.4219e-10	-4.3871e-07	 2.2445e-11	 1.3010e+07	 2.8615e+02	 8.2719e+03
 3.1646e+05	 8.2613e+03	 1.7895e+00	 2.6936e-03	 4.7399e-10	-1.3892e-07	 2.2451e-11	 1.4882e+07	 2.8615e+02	 8.2744e+03
 1.0014e+05	 8.2613e+03	 1.7911e+00	 4.6465e-03	 2.5875e-10	-4.4053e-08	 2.2471e-11	 2.7262e+07	 2.8615e+02	 8.2768e+03
 3.1691e+04	 8.2613e+03	 1.7942e+00	 9.4695e-03	 1.6687e-10	-1.3995e-08	 2.2510e-11	 4.2271e+07	 2.8615e+02	 8.2795e+03
 1.0029e+04	 8.2613e+03	 1.8019e+00	 1.9499e-02	 1.0874e-10	-4.4719e-09	 2.2607e-11	 6.4872e+07	 2.8615e+02	 8.2819e+03
 3.1737e+03	 8.2613e+03	 1.8198e+00	 3.3560e-02	 5.9225e-11	-1.4467e-09	 2.2831e-11	 1.1910e+08	 2.8615e+02	 8.2845e+03
 1.0043e+03	 8.2613e+03	 1.8415e+00	 5.0774e-02	 2.8356e-11	-4.6998e-10	 2.3104e-11	 2.4876e+08	 2.8615e+02	 8.2871e+03
 3.1783e+02	 8.2613e+03	 1.8601e+00	 1.0692e-01	 1.8896e-11	-1.5202e-10	 2.3338e-11	 3.7331e+08	 2.8615e+02	 8.2896e+03
 1.0058e+02	 8.2613e+03	 1.9139e+00	 2.8534e-01	 1.5958e-11	-5.1113e-11	 2.4012e-11	 4.4202e+08	 2.8615e+02	 8.2923e+03
 3.1829e+01	 8.2613e+03	 2.1267e+00	 7.1963e-01	 1.2736e-11	-1.9942e-11	 2.6682e-11	 5.5384e+08	 2.8615e+02	 8.2951e+03
 1.0072e+01	 8.2613e+03	 2.6240e+00	 1.6545e+00	 9.2666e-12	-9.0958e-12	 3.2921e-11	 7.6122e+08	 2.8615e+02	 8.2981e+03
 3.1874e+00	 8.2613e+03	 3.4216e+00	 4.1997e+00	 7.4436e-12	-4.2921e-12	 4.2928e-11	 9.4765e+08	 2.8615e+02	 8.3035e+03
 1.0087e+00	 8.2613e+03	 4.9973e+00	 1.1866e+01	 6.6553e-12	-2.2421e-12	 6.2697e-11	 1.0599e+09	 2.8615e+02	 8.3093e+03
 1.0000e+06	 8.3065e+03	 1.7890e+00	 9.8777e-04	 5.4926e-10	-4.3873e-07	 2.2445e-11	 1.2843e+07	 2.8615e+02	 8.3172e+03
 3.1646e+05	 8.3065e+03	 1.7895e+00	 2.4829e-03	 4.3692e-10	-1.3893e-07	 2.2452e-11	 1.6145e+07	 2.8615e+02	 8.3200e+03
 1.0014e+05	 8.3065e+03	 1.7910e+00	 4.6266e-03	 2.5764e-10	-4.4049e-08	 2.2470e-11	 2.7380e+07	 2.8615e+02	 8.3224e+03
 3.1691e+04	 8.3065e+03	 1.7941e+00	 9.4254e-03	 1.6610e-10	-1.3994e-08	 2.2509e-11	 4.2469e+07	 2.8615e+02	 8.3250e+03
 1.0029e+04	 8.3065e+03	 1.8019e+00	 1.9494e-02	 1.0871e-10	-4.4717e-09	 2.2606e-11	 6.4887e+07	 2.8615e+02	 8.3275e+03
 3.1737e+03	 8.3065e+03	 1.8198e+00	 3.3527e-02	 5.9168e-11	-1.4467e-09	 2.2831e-11	 1.1922e+08	 2.8615e+02	 8.3301e+03
 1.0043e+03	 8.3065e+03	 1.8416e+00	 5.0737e-02	 2.8335e-11	-4.7000e-10	 2.3105e-11	 2.4895e+08	 2.8615e+02	 8.3326e+03
 3.1783e+02	 8.3065e+03	 1.8607e+00	 1.0672e-01	 1.8860e-11	-1.5211e-10	 2.3344e-11	 3.7401e+08	 2.8616e+02	 8.3351e+03
 1.0058e+02	 8.3065e+03	 1.9164e+00	 2.8309e-01	 1.5833e-11	-5.1252e-11	 2.4043e-11	 4.4554e+08	 2.8615e+02	 8.3378e+03
 3.1829e+01	 8.3065e+03	 2.1340e+00	 7.0825e-01	 1.2535e-11	-2.0070e-11	 2.6773e-11	 5.6274e+08	 2.8615e+02	 8.3408e+03
 1.0072e+01	 8.3065e+03	 2.6366e+00	 1.6230e+00	 9.0899e-12	-9.1662e-12	 3.3079e-11	 7.7602e+08	 2.8615e+02	 8.3437e+03
 3.1874e+00	 8.3065e+03	 3.4314e+00	 4.1575e+00	 7.3688e-12	-4.3095e-12	 4.3051e-11	 9.5728e+08	 2.8615e+02	 8.3490e+03
 1.0087e+00	 8.3065e+03	 5.0226e+00	 1.1812e+01	 6.6253e-12	-2.2563e-12	 6.3015e-11	 1.0647e+09	 2.8615e+02	 8.3549e+03
 1.0000e+06	 8.3522e+03	 1.7889e+00	 1.0874e-03	 6.0469e-10	-4.3870e-07	 2.2444e-11	 1.1665e+07	 2.8616e+02	 8.3628e+03
 3.1646e+05	 8.3522e+03	 1.7895e+00	 2.6556e-03	 4.6730e-10	-1.3893e-07	 2.2451e-11	 1.5095e+07	 2.8615e+02	 8.3652e+03
 1.0014e+05	 8.3522e+03	 1.7911e+00	 4.6210e-03	 2.5733e-10	-4.4053e-08	 2.2471e-11	 2.7412e+07	 2.8615e+02	 8.3678e+03
 3.1691e+04	 8.3522e+03	 1.7942e+00	 9.4825e-03	 1.6710e-10	-1.3995e-08	 2.2510e-11	 4.2213e+07	 2.8616e+02	 8.3702e+03
 1.0029e+04	 8.3522e+03	 1.8019e+00	 1.9518e-02	 1.0884e-10	-4.4721e-09	 2.2607e-11	 6.4808e+07	 2.8614e+02	 8.3730e+03
 3.1737e+03	 8.3522e+03	 1.8200e+00	 3.3493e-02	 5.9107e-11	-1.4470e-09	 2.2833e-11	 1.1934e+08	 2.8615e+02	 8.3755e+03
 1.0043e+03	 8.3522e+03	 1.8417e+00	 5.0825e-02	 2.8384e-11	-4.7004e-10	 2.3106e-11	 2.4852e+08	 2.8615e+02	 8.3779e+03
 3.1783e+02	 8.3522e+03	 1.8607e+00	 1.0703e-01	 1.8915e-11	-1.5212e-10	 2.3345e-11	 3.7292e+08	 2.8615e+02	 8.3805e+03
 1.0058e+02	 8.3522e+03	 1.9163e+00	 2.8412e-01	 1.5890e-11	-5.1248e-11	 2.4042e-11	 4.4393e+08	 2.8615e+02	 8.3829e+03
 3.1829e+01	 8.3522e+03	 2.1359e+00	 7.1083e-01	 1.2581e-11	-2.0103e-11	 2.6797e-11	 5.6069e+08	 2.8615e+02	 8.3858e+03
 1.0072e+01	 8.3522e+03	 2.6438e+00	 1.6232e+00	 9.0914e-12	-9.2065e-12	 3.3169e-11	 7.7590e+08	 2.8615e+02	 8.3888e+03
 3.1874e+00	 8.3522e+03	 3.4426e+00	 4.1706e+00	 7.3921e-12	-4.3293e-12	 4.3191e-11	 9.5425e+08	 2.8615e+02	 8.3941e+03
 1.0087e+00	 8.3522e+03	 5.0370e+00	 1.1879e+01	 6.6627e-12	-2.2643e-12	 6.3195e-11	 1.0587e+09	 2.8616e+02	 8.3998e+03
 1.0000e+06	 8.3970e+03	 1.7890e+00	 1.0370e-03	 5.7663e-10	-4.3874e-07	 2.2445e-11	 1.2233e+07	 2.8616e+02	 8.4076e+03
 3.1646e+05	 8.3970e+03	 1.7895e+00	 2.4879e-03	 4.3780e-10	-1.3893e-07	 2.2452e-11	 1.6112e+07	 2.8616e+02	 8.4102e+03
 1.0014e+05	 8.3970e+03	 1.7912e+00	 4.6314e-03	 2.5791e-10	-4.4057e-08	 2.2472e-11	 2.7351e+07	 2.8616e+02	 8.4127e+03
 3.1691e+04	 8.3970e+03	 1.7942e+00	 9.5002e-03	 1.6741e-10	-1.3996e-08	 2.2511e-11	 4.2135e+07	 2.8615e+02	 8.4153e+03
 1.0029e+04	 8.3970e+03	 1.8020e+00	 1.9590e-02	 1.0925e-10	-4.4727e-09	 2.2609e-11	 6.4568e+07	 2.8616e+02	 8.4179e+03
 3.1737e+03	 8.3970e+03	 1.8201e+00	 3.3570e-02	 5.9243e-11	-1.4473e-09	 2.2835e-11	 1.1907e+08	 2.8616e+02	 8.4204e+03
 1.0043e+03	 8.3970e+03	 1.8418e+00	 5.1020e-02	 2.8493e-11	-4.7013e-10	 2.3108e-11	 2.4757e+08	 2.8616e+02	 8.4230e+03
 3.1783e+02	 8.3970e+03	 1.8610e+00	 1.0768e-01	 1.9031e-11	-1.5216e-10	 2.3348e-11	 3.7066e+08	 2.8616e+02	 8.4254e+03
 1.0058e+02	 8.3970e+03	 1.9178e+00	 2.8578e-01	 1.5983e-11	-5.1330e-11	 2.4061e-11	 4.4134e+08	 2.8616e+02	 8.4279e+03
 3.1829e+01	 8.3970e+03	 2.1401e+00	 7.1322e-01	 1.2623e-11	-2.0179e-11	 2.6850e-11	 5.5881e+08	 2.8616e+02	 8.4309e+03
 1.0072e+01	 8.3970e+03	 2.6483e+00	 1.6338e+00	 9.1504e-12	-9.2320e-12	 3.3226e-11	 7.7089e+08	 2.8616e+02	 8.4339e+03
 3.1874e+00	 8.3970e+03	 3.4604e+00	 4.1940e+00	 7.4335e-12	-4.3608e-12	 4.3414e-11	 9.4894e+08	 2.8616e+02	 8.4392e+03
 1.0087e+00	 8.3970e+03	 5.0908e+00	 1.2049e+01	 6.7584e-12	-2.2945e-12	 6.3869e-11	 1.0437e+09	 2.8616e+02	 8.4449e+03
 1.0000e+06	 8.4422e+03	 1.7890e+00	 1.0545e-03	 5.8639e-10	-4.3876e-07	 2.2446e-11	 1.2029e+07	 2.8616e+02	 8.4530e+03
 3.1646e+05	 8.4422e+03	 1.7895e+00	 2.5340e-03	 4.4591e-10	-1.3893e-07	 2.2452e-11	 1.5819e+07	 2.8616e+02	 8.4555e+03
 1.0014e+05	 8.4422e+03	 1.7912e+00	 4.6897e-03	 2.6115e-10	-4.4058e-08	 2.2472e-11	 2.7011e+07	 2.8616e+02	 8.4580e+03
 3.1691e+04	 8.4422e+03	 1.7943e+00	 9.5360e-03	 1.6805e-10	-1.3997e-08	 2.2511e-11	 4.1976e+07	 2.8616e+02	 8.4604e+03
 1.0029e+04	 8.4422e+03	 1.8021e+00	 1.9677e-02	 1.0973e-10	-4.4733e-09	 2.2610e-11	 6.4283e+07	 2.8616e+02	 8.4632e+03
 3.1737e+03	 8.4422e+03	 1.8202e+00	 3.3696e-02	 5.9466e-11	-1.4474e-09	 2.2836e-11	 1.1862e+08	 2.8615e+02	 8.4657e+03
 1.0043e+03	 8.4422e+03	 1.8419e+00	 5.1157e-02	 2.8570e-11	-4.7018e-10	 2.3109e-11	 2.4690e+08	 2.8616e+02	 8.4684e+03
 3.1783e+02	 8.4422e+03	 1.8606e+00	 1.0837e-01	 1.9152e-11	-1.5209e-10	 2.3343e-11	 3.6832e+08	 2.8616e+02	 8.4709e+03
 1.0058e+02	 8.4422e+03	 1.9154e+00	 2.8938e-01	 1.6185e-11	-5.1199e-11	 2.4032e-11	 4.3584e+08	 2.8615e+02	 8.4733e+03
 3.1829e+01	 8.4422e+03	 2.1344e+00	 7.2848e-01	 1.2893e-11	-2.0077e-11	 2.6778e-11	 5.4711e+08	 2.8616e+02	 8.4761e+03
 1.0072e+01	 8.4422e+03	 2.6389e+00	 1.6697e+00	 9.3520e-12	-9.1790e-12	 3.3108e-11	 7.5428e+08	 2.8616e+02	 8.4793e+03
 3.1874e+00	 8.4422e+03	 3.4397e+00	 4.2453e+00	 7.5244e-12	-4.3241e-12	 4.3155e-11	 9.3748e+08	 2.8615e+02	 8.4847e+03
 1.0087e+00	 8.4422e+03	 5.0552e+00	 1.2054e+01	 6.7610e-12	-2.2745e-12	 6.3424e-11	 1.0433e+09	 2.8616e+02	 8.4903e+03
 1.0000e+06	 8.4876e+03	 1.7891e+00	 1.0252e-03	 5.7005e-10	-4.3877e-07	 2.2446e-11	 1.2374e+07	 2.8616e+02	 8.4980e+03
 3.1646e+05	 8.4876e+03	 1.7895e+00	 2.5057e-03	 4.4093e-10	-1.3893e-07	 2.2452e-11	 1.5998e+07	 2.8617e+02	 8.5007e+03
 1.0014e+05	 8.4876e+03	 1.7912e+00	 4.6479e-03	 2.5882e-10	-4.4058e-08	 2.2472e-11	 2.7254e+07	 2.8616e+02	 8.5032e+03
 3.1691e+04	 8.4876e+03	 1.7943e+00	 9.5716e-03	 1.6867e-10	-1.3997e-08	 2.2511e-11	 4.1820e+07	 2.8616e+02	 8.5058e+03
 1.0029e+04	 8.4876e+03	 1.8021e+00	 1.9708e-02	 1.0991e-10	-4.4732e-09	 2.2610e-11	 6.4181e+07	 2.8616e+02	 8.5082e+03
 3.1737e+03	 8.4876e+03	 1.8202e+00	 3.3673e-02	 5.9424e-11	-1.4474e-09	 2.2836e-11	 1.1870e+08	 2.8616e+02	 8.5107e+03
 1.0043e+03	 8.4876e+03	 1.8420e+00	 5.1093e-02	 2.8534e-11	-4.7021e-10	 2.3110e-11	 2.4721e+08	 2.8617e+02	 8.5135e+03
 3.1783e+02	 8.4876e+03	 1.8610e+00	 1.0786e-01	 1.9063e-11	-1.5217e-10	 2.3348e-11	 3.7003e+08	 2.8616e+02	 8.5159e+03
 1.0058e+02	 8.4876e+03	 1.9175e+00	 2.8626e-01	 1.6010e-11	-5.1313e-11	 2.4057e-11	 4.4060e+08	 2.8616e+02	 8.5186e+03
 3.1829e+01	 8.4876e+03	 2.1393e+00	 7.1382e-01	 1.2634e-11	-2.0164e-11	 2.6840e-11	 5.5835e+08	 2.8616e+02	 8.5215e+03
 1.0072e+01	 8.4876e+03	 2.6464e+00	 1.6293e+00	 9.1257e-12	-9.2210e-12	 3.3202e-11	 7.7298e+08	 2.8616e+02	 8.5245e+03
 3.1874e+00	 8.4876e+03	 3.4455e+00	 4.1722e+00	 7.3949e-12	-4.3345e-12	 4.3228e-11	 9.5389e+08	 2.8616e+02	 8.5298e+03
 1.0087e+00	 8.4876e+03	 5.0931e+00	 1.1958e+01	 6.7070e-12	-2.2958e-12	 6.3899e-11	 1.0517e+09	 2.8616e+02	 8.5355e+03
 1.0000e+06	 8.5330e+03	 1.7890e+00	 1.0062e-03	 5.5950e-10	-4.3874e-07	 2.2445e-11	 1.2608e+07	 2.8616e+02	 8.5434e+03
 3.1646e+05	 8.5330e+03	 1.7895e+00	 2.6524e-03	 4.6674e-10	-1.3893e-07	 2.2452e-11	 1.5113e+07	 2.8616e+02	 8.5459e+03
 1.0014e+05	 8.5330e+03	 1.7912e+00	 4.6712e-03	 2.6012e-10	-4.4057e-08	 2.2472e-11	 2.7118e+07	 2.8616e+02	 8.5483e+03
 3.1691e+04	 8.5330e+03	 1.7942e+00	 9.4705e-03	 1.6689e-10	-1.3996e-08	 2.2510e-11	 4.2267e+07	 2.8616e+02	 8.5508e+03
 1.0029e+04	 8.5330e+03	 1.8020e+00	 1.9576e-02	 1.0917e-10	-4.4727e-09	 2.2609e-11	 6.4616e+07	 2.8615e+02	 8.5532e+03
 3.1737e+03	 8.5330e+03	 1.8200e+00	 3.3589e-02	 5.9277e-11	-1.4471e-09	 2.2834e-11	 1.1900e+08	 2.8616e+02	 8.5558e+03
 1.0043e+03	 8.5330e+03	 1.8418e+00	 5.0748e-02	 2.8341e-11	-4.7011e-10	 2.3107e-11	 2.4890e+08	 2.8616e+02	 8.5582e+03
 3.1783e+02	 8.5330e+03	 1.8607e+00	 1.0665e-01	 1.8848e-11	-1.5212e-10	 2.3345e-11	 3.7425e+08	 2.8616e+02	 8.5606e+03
 1.0058e+02	 8.5330e+03	 1.9161e+00	 2.8312e-01	 1.5834e-11	-5.1237e-11	 2.4040e-11	 4.4549e+08	 2.8616e+02	 8.5632e+03
 3.1829e+01	 8.5330e+03	 2.1347e+00	 7.0727e-01	 1.2518e-11	-2.0082e-11	 2.6782e-11	 5.6352e+08	 2.8615e+02	 8.5662e+03
 1.0072e+01	 8.5330e+03	 2.6397e+00	 1.6173e+00	 9.0582e-12	-9.1838e-12	 3.3118e-11	 7.7873e+08	 2.8615e+02	 8.5692e+03
 3.1874e+00	 8.5330e+03	 3.4375e+00	 4.1387e+00	 7.3355e-12	-4.3203e-12	 4.3127e-11	 9.6162e+08	 2.8615e+02	 8.5747e+03
 1.0087e+00	 8.5330e+03	 5.0435e+00	 1.1816e+01	 6.6274e-12	-2.2680e-12	 6.3276e-11	 1.0644e+09	 2.8615e+02	 8.5804e+03
 1.0000e+06	 8.5777e+03	 1.7890e+00	 1.1125e-03	 6.1860e-10	-4.3874e-07	 2.2445e-11	 1.1403e+07	 2.8615e+02	 8.5881e+03
 3.1646e+05	 8.5777e+03	 1.7895e+00	 2.4837e-03	 4.3705e-10	-1.3893e-07	 2.2452e-11	 1.6140e+07	 2.8615e+02	 8.5908e+03
 1.0014e+05	 8.5777e+03	 1.7911e+00	 4.6118e-03	 2.5681e-10	-4.4055e-08	 2.2472e-11	 2.7467e+07	 2.8615e+02	 8.5932e+03
 3.1691e+04	 8.5777e+03	 1.7942e+00	 9.4582e-03	 1.6667e-10	-1.3996e-08	 2.2510e-11	 4.2322e+07	 2.8615e+02	 8.5956e+03
 1.0029e+04	 8.5777e+03	 1.8019e+00	 1.9457e-02	 1.0851e-10	-4.4721e-09	 2.2607e-11	 6.5010e+07	 2.8615e+02	 8.5982e+03
 3.1737e+03	 8.5777e+03	 1.8198e+00	 3.3385e-02	 5.8917e-11	-1.4468e-09	 2.2832e-11	 1.1973e+08	 2.8615e+02	 8.6006e+03
 1.0043e+03	 8.5777e+03	 1.8417e+00	 5.0574e-02	 2.8244e-11	-4.7004e-10	 2.3106e-11	 2.4975e+08	 2.8616e+02	 8.6031e+03
 3.1783e+02	 8.5777e+03	 1.8605e+00	 1.0602e-01	 1.8737e-11	-1.5208e-10	 2.3342e-11	 3.7647e+08	 2.8615e+02	 8.6056e+03
 1.0058e+02	 8.5777e+03	 1.9151e+00	 2.8141e-01	 1.5738e-11	-5.1177e-11	 2.4027e-11	 4.4820e+08	 2.8615e+02	 8.6080e+03
 3.1829e+01	 8.5777e+03	 2.1316e+00	 7.0536e-01	 1.2484e-11	-2.0028e-11	 2.6744e-11	 5.6504e+08	 2.8615e+02	 8.6109e+03
 1.0072e+01	 8.5777e+03	 2.6398e+00	 1.6113e+00	 9.0249e-12	-9.1841e-12	 3.3119e-11	 7.8161e+08	 2.8615e+02	 8.6139e+03
 3.1874e+00	 8.5777e+03	 3.4306e+00	 4.1205e+00	 7.3032e-12	-4.3080e-12	 4.3040e-11	 9.6587e+08	 2.8615e+02	 8.6193e+03
 1.0087e+00	 8.5777e+03	 5.0524e+00	 1.1840e+01	 6.6409e-12	-2.2729e-12	 6.3388e-11	 1.0622e+09	 2.8615e+02	 8.6250e+03
 1.0000e+06	 8.6223e+03	 1.7890e+00	 1.0774e-03	 5.9912e-10	-4.3874e-07	 2.2445e-11	 1.1774e+07	 2.8615e+02	 8.6327e+03
 3.1646e+05	 8.6223e+03	 1.7895e+00	 2.4374e-03	 4.2890e-10	-1.3893e-07	 2.2452e-11	 1.6446e+07	 2.8615e+02	 8.6353e+03
 1.0014e+05	 8.6223e+03	 1.7911e+00	 4.6137e-03	 2.5692e-10	-4.4055e-08	 2.2472e-11	 2.7456e+07	 2.8614e+02	 8.6378e+03
 3.1691e+04	 8.6223e+03	 1.7942e+00	 9.4510e-03	 1.6655e-10	-1.3995e-08	 2.2510e-11	 4.2354e+07	 2.8615e+02	 8.6403e+03
 1.0029e+04	 8.6223e+03	 1.8019e+00	 1.9432e-02	 1.0837e-10	-4.4719e-09	 2.2607e-11	 6.5093e+07	 2.8615e+02	 8.6428e+03
 3.1737e+03	 8.6223e+03	 1.8198e+00	 3.3448e-02	 5.9029e-11	-1.4467e-09	 2.2831e-11	 1.1950e+08	 2.8614e+02	 8.6452e+03
 1.0043e+03	 8.6223e+03	 1.8415e+00	 5.0436e-02	 2.8167e-11	-4.6998e-10	 2.3104e-11	 2.5043e+08	 2.8615e+02	 8.6480e+03
 3.1783e+02	 8.6223e+03	 1.8601e+00	 1.0580e-01	 1.8698e-11	-1.5201e-10	 2.3337e-11	 3.7726e+08	 2.8614e+02	 8.6504e+03
 1.0058e+02	 8.6223e+03	 1.9132e+00	 2.8209e-01	 1.5777e-11	-5.1076e-11	 2.4004e-11	 4.4711e+08	 2.8614e+02	 8.6529e+03
 3.1829e+01	 8.6223e+03	 2.1256e+00	 7.1230e-01	 1.2607e-11	-1.9921e-11	 2.6668e-11	 5.5954e+08	 2.8614e+02	 8.6559e+03
 1.0072e+01	 8.6223e+03	 2.6284e+00	 1.6320e+00	 9.1403e-12	-9.1202e-12	 3.2976e-11	 7.7174e+08	 2.8615e+02	 8.6588e+03
 3.1874e+00	 8.6223e+03	 3.4194e+00	 4.1428e+00	 7.3428e-12	-4.2882e-12	 4.2900e-11	 9.6067e+08	 2.8614e+02	 8.6641e+03
 1.0087e+00	 8.6223e+03	 5.0347e+00	 1.1829e+01	 6.6349e-12	-2.2630e-12	 6.3166e-11	 1.0632e+09	 2.8614e+02	 8.6699e+03
 1.0000e+06	 8.6672e+03	 1.7890e+00	 1.0320e-03	 5.7385e-10	-4.3876e-07	 2.2446e-11	 1.2292e+07	 2.8614e+02	 8.6779e+03
 3.1646e+05	 8.6672e+03	 1.7895e+00	 2.4834e-03	 4.3700e-10	-1.3893e-07	 2.2452e-11	 1.6142e+07	 2.8614e+02	 8.6803e+03
 1.0014e+05	 8.6672e+03	 1.7911e+00	 4.6367e-03	 2.5820e-10	-4.4056e-08	 2.2472e-11	 2.7319e+07	 2.8614e+02	 8.6830e+03
 3.1691e+04	 8.6672e+03	 1.7942e+00	 9.4474e-03	 1.6648e-10	-1.3996e-08	 2.2510e-11	 4.2370e+07	 2.8614e+02	 8.6854e+03
 1.0029e+04	 8.6672e+03	 1.8020e+00	 1.9465e-02	 1.0855e-10	-4.4723e-09	 2.2608e-11	 6.4985e+07	 2.8613e+02	 8.6879e+03
 3.1737e+03	 8.6672e+03	 1.8199e+00	 3.3452e-02	 5.9034e-11	-1.4469e-09	 2.2833e-11	 1.1949e+08	 2.8613e+02	 8.6904e+03
 1.0043e+03	 8.6672e+03	 1.8417e+00	 5.0577e-02	 2.8246e-11	-4.7004e-10	 2.3106e-11	 2.4973e+08	 2.8614e+02	 8.6929e+03
 3.1783e+02	 8.6672e+03	 1.8604e+00	 1.0612e-01	 1.8755e-11	-1.5206e-10	 2.3341e-11	 3.7612e+08	 2.8613e+02	 8.6953e+03
 1.0058e+02	 8.6672e+03	 1.9147e+00	 2.8257e-01	 1.5803e-11	-5.1155e-11	 2.4022e-11	 4.4636e+08	 2.8614e+02	 8.6978e+03
 3.1829e+01	 8.6672e+03	 2.1290e+00	 7.1113e-01	 1.2586e-11	-1.9981e-11	 2.6710e-11	 5.6046e+08	 2.8613e+02	 8.7008e+03
 1.0072e+01	 8.6672e+03	 2.6358e+00	 1.6278e+00	 9.1170e-12	-9.1617e-12	 3.3069e-11	 7.7372e+08	 2.8614e+02	 8.7038e+03
 3.1874e+00	 8.6672e+03	 3.4285e+00	 4.1638e+00	 7.3799e-12	-4.3043e-12	 4.3015e-11	 9.5583e+08	 2.8614e+02	 8.7093e+03
 1.0087e+00	 8.6672e+03	 5.0465e+00	 1.1970e+01	 6.7141e-12	-2.2697e-12	 6.3314e-11	 1.0506e+09	 2.8613e+02	 8.7149e+03
 1.0000e+06	 8.7122e+03	 1.7890e+00	 1.0537e-03	 5.8594e-10	-4.3876e-07	 2.2446e-11	 1.2039e+07	 2.8613e+02	 8.7227e+03
 3.1646e+05	 8.7122e+03	 1.7896e+00	 2.5118e-03	 4.4200e-10	-1.3894e-07	 2.2452e-11	 1.5959e+07	 2.8613e+02	 8.7253e+03
 1.0014e+05	 8.7122e+03	 1.7912e+00	 4.5825e-03	 2.5518e-10	-4.4058e-08	 2.2472e-11	 2.7643e+07	 2.8613e+02	 8.7278e+03
 3.1691e+04	 8.7122e+03	 1.7942e+00	 9.4823e-03	 1.6710e-10	-1.3996e-08	 2.2511e-11	 4.2214e+07	 2.8613e+02	 8.7303e+03
 1.0029e+04	 8.7122e+03	 1.8020e+00	 1.9501e-02	 1.0875e-10	-4.4724e-09	 2.2608e-11	 6.4864e+07	 2.8613e+02	 8.7327e+03
 3.1737e+03	 8.7122e+03	 1.8199e+00	 3.3450e-02	 5.9032e-11	-1.4470e-09	 2.2833e-11	 1.1949e+08	 2.8613e+02	 8.7352e+03
 1.0043e+03	 8.7122e+03	 1.8417e+00	 5.0630e-02	 2.8276e-11	-4.7008e-10	 2.3107e-11	 2.4947e+08	 2.8613e+02	 8.7379e+03
 3.1783e+02	 8.7122e+03	 1.8604e+00	 1.0643e-01	 1.8810e-11	-1.5207e-10	 2.3341e-11	 3.7501e+08	 2.8613e+02	 8.7404e+03
 1.0058e+02	 8.7122e+03	 1.9145e+00	 2.8317e-01	 1.5837e-11	-5.1147e-11	 2.4020e-11	 4.4541e+08	 2.8613e+02	 8.7433e+03
 3.1829e+01	 8.7122e+03	 2.1298e+00	 7.1400e-01	 1.2637e-11	-1.9995e-11	 2.6720e-11	 5.5821e+08	 2.8613e+02	 8.7462e+03
 1.0072e+01	 8.7122e+03	 2.6357e+00	 1.6349e+00	 9.1566e-12	-9.1615e-12	 3.3068e-11	 7.7037e+08	 2.8613e+02	 8.7491e+03
 3.1874e+00	 8.7122e+03	 3.4338e+00	 4.1829e+00	 7.4139e-12	-4.3137e-12	 4.3081e-11	 9.5145e+08	 2.8614e+02	 8.7546e+03
 1.0087e+00	 8.7122e+03	 4.9957e+00	 1.2085e+01	 6.7782e-12	-2.2411e-12	 6.2677e-11	 1.0407e+09	 2.8613e+02	 8.7604e+03
 1.0000e+06	 8.7577e+03	 1.7862e+00	 9.2104e-04	 5.1216e-10	-4.3719e-07	 2.2410e-11	 1.3773e+07	 2.8613e+02	 8.7682e+03
 3.1646e+05	 8.7577e+03	 1.7858e+00	 2.5514e-03	 4.4898e-10	-1.3827e-07	 2.2405e-11	 1.5711e+07	 2.8613e+02	 8.7708e+03
 1.0014e+05	 8.7577e+03	 1.7873e+00	 4.5127e-03	 2.5130e-10	-4.3843e-08	 2.2424e-11	 2.8070e+07	 2.8612e+02	 8.7733e+03
 3.1691e+04	 8.7577e+03	 1.7903e+00	 9.2636e-03	 1.6325e-10	-1.3926e-08	 2.2461e-11	 4.3211e+07	 2.8613e+02	 8.7758e+03
 1.0029e+04	 8.7577e+03	 1.7979e+00	 1.9239e-02	 1.0729e-10	-4.4495e-09	 2.2556e-11	 6.5748e+07	 2.8613e+02	 8.7785e+03
 3.1737e+03	 8.7577e+03	 1.8156e+00	 3.3046e-02	 5.8319e-11	-1.4394e-09	 2.2779e-11	 1.2095e+08	 2.8614e+02	 8.7809e+03
 1.0043e+03	 8.7577e+03	 1.8370e+00	 5.0143e-02	 2.8003e-11	-4.6745e-10	 2.3047e-11	 2.5190e+08	 2.8613e+02	 8.7835e+03
 3.1783e+02	 8.7577e+03	 1.8553e+00	 1.0615e-01	 1.8759e-11	-1.5117e-10	 2.3277e-11	 3.7603e+08	 2.8613e+02	 8.7860e+03
 1.0058e+02	 8.7577e+03	 1.9105e+00	 2.8346e-01	 1.5853e-11	-5.0924e-11	 2.3970e-11	 4.4495e+08	 2.8613e+02	 8.7885e+03
 3.1829e+01	 8.7577e+03	 2.1273e+00	 7.1254e-01	 1.2611e-11	-1.9952e-11	 2.6690e-11	 5.5935e+08	 2.8613e+02	 8.7913e+03
 1.0072e+01	 8.7577e+03	 2.6333e+00	 1.6321e+00	 9.1410e-12	-9.1476e-12	 3.3037e-11	 7.7168e+08	 2.8613e+02	 8.7943e+03
 3.1874e+00	 8.7577e+03	 3.4114e+00	 4.1978e+00	 7.4402e-12	-4.2739e-12	 4.2799e-11	 9.4809e+08	 2.8613e+02	 8.7997e+03
 1.0087e+00	 8.7577e+03	 4.9712e+00	 1.1994e+01	 6.7273e-12	-2.2274e-12	 6.2369e-11	 1.0486e+09	 2.8613e+02	 8.8054e+03
 1.0000e+06	 8.8027e+03	 1.7891e+00	 1.0985e-03	 6.1084e-10	-4.3880e-07	 2.2447e-11	 1.1548e+07	 2.8612e+02	 8.8131e+03
 3.1646e+05	 8.8027e+03	 1.7896e+00	 2.5343e-03	 4.4597e-10	-1.3894e-07	 2.2452e-11	 1.5817e+07	 2.8613e+02	 8.8159e+03
 1.0014e+05	 8.8027e+03	 1.7912e+00	 4.6619e-03	 2.5960e-10	-4.4057e-08	 2.2472e-11	 2.7172e+07	 2.8612e+02	 8.8183e+03
 3.1691e+04	 8.8027e+03	 1.7943e+00	 9.5427e-03	 1.6816e-10	-1.3997e-08	 2.2512e-11	 4.1947e+07	 2.8613e+02	 8.8210e+03
 1.0029e+04	 8.8027e+03	 1.8021e+00	 1.9623e-02	 1.0943e-10	-4.4733e-09	 2.2610e-11	 6.4460e+07	 2.8613e+02	 8.8235e+03
 3.1737e+03	 8.8027e+03	 1.8202e+00	 3.3678e-02	 5.9434e-11	-1.4475e-09	 2.2837e-11	 1.1868e+08	 2.8613e+02	 8.8259e+03
 1.0043e+03	 8.8027e+03	 1.8420e+00	 5.0881e-02	 2.8416e-11	-4.7020e-10	 2.3109e-11	 2.4824e+08	 2.8613e+02	 8.8288e+03
 3.1783e+02	 8.8027e+03	 1.8609e+00	 1.0695e-01	 1.8902e-11	-1.5215e-10	 2.3347e-11	 3.7318e+08	 2.8613e+02	 8.8312e+03
 1.0058e+02	 8.8027e+03	 1.9154e+00	 2.8179e-01	 1.5760e-11	-5.1196e-11	 2.4031e-11	 4.4760e+08	 2.8613e+02	 8.8340e+03
 3.1829e+01	 8.8027e+03	 2.1351e+00	 7.0938e-01	 1.2555e-11	-2.0090e-11	 2.6787e-11	 5.6184e+08	 2.8613e+02	 8.8370e+03
 1.0072e+01	 8.8027e+03	 2.6662e+00	 1.6579e+00	 9.2859e-12	-9.3322e-12	 3.3451e-11	 7.5964e+08	 2.8613e+02	 8.8400e+03
 3.1874e+00	 8.8027e+03	 3.4866e+00	 4.3504e+00	 7.7108e-12	-4.4073e-12	 4.3743e-11	 9.1482e+08	 2.8613e+02	 8.8456e+03
 1.0087e+00	 8.8027e+03	 5.4204e+00	 1.3007e+01	 7.2957e-12	-2.4794e-12	 6.8006e-11	 9.6687e+08	 2.8613e+02	 8.8514e+03
 1.0000e+06	 8.8487e+03	 1.7898e+00	 1.1638e-03	 6.4717e-10	-4.3918e-07	 2.2455e-11	 1.0900e+07	 2.8613e+02	 8.8595e+03
 3.1646e+05	 8.8487e+03	 1.7904e+00	 2.8008e-03	 4.9285e-10	-1.3909e-07	 2.2463e-11	 1.4313e+07	 2.8613e+02	 8.8619e+03
 1.0014e+05	 8.8487e+03	 1.7922e+00	 5.3452e-03	 2.9765e-10	-4.4113e-08	 2.2485e-11	 2.3698e+07	 2.8613e+02	 8.8647e+03
 3.1691e+04	 8.8487e+03	 1.7959e+00	 1.1057e-02	 1.9485e-10	-1.4026e-08	 2.2532e-11	 3.6202e+07	 2.8613e+02	 8.8672e+03
 1.0029e+04	 8.8487e+03	 1.8055e+00	 2.2303e-02	 1.2437e-10	-4.4919e-09	 2.2652e-11	 5.6715e+07	 2.8613e+02	 8.8697e+03
 3.1737e+03	 8.8487e+03	 1.8257e+00	 3.6209e-02	 6.3900e-11	-1.4571e-09	 2.2905e-11	 1.1039e+08	 2.8613e+02	 8.8722e+03
 1.0043e+03	 8.8487e+03	 1.8464e+00	 5.6366e-02	 3.1479e-11	-4.7270e-10	 2.3165e-11	 2.2409e+08	 2.8613e+02	 8.8747e+03
 3.1783e+02	 8.8487e+03	 1.8666e+00	 1.2843e-01	 2.2697e-11	-1.5316e-10	 2.3419e-11	 3.1078e+08	 2.8613e+02	 8.8772e+03
 1.0058e+02	 8.8487e+03	 1.9394e+00	 3.4578e-01	 1.9339e-11	-5.2541e-11	 2.4333e-11	 3.6476e+08	 2.8614e+02	 8.8798e+03
 3.1829e+01	 8.8487e+03	 2.2099e+00	 8.4694e-01	 1.4990e-11	-2.1414e-11	 2.7726e-11	 4.7059e+08	 2.8613e+02	 8.8828e+03
 1.0072e+01	 8.8487e+03	 2.7825e+00	 1.9256e+00	 1.0785e-11	-9.9836e-12	 3.4910e-11	 6.5405e+08	 2.8614e+02	 8.8858e+03
 3.1874e+00	 8.8487e+03	 3.7474e+00	 4.9492e+00	 8.7720e-12	-4.8695e-12	 4.7015e-11	 8.0414e+08	 2.8614e+02	 8.8901e+03
 1.0087e+00	 8.8487e+03	 5.9296e+00	 1.3976e+01	 7.8393e-12	-2.7650e-12	 7.4394e-11	 8.9983e+08	 2.8613e+02	 8.8947e+03
 1.0000e+06	 8.8920e+03	 1.7896e+00	 1.3488e-03	 7.5003e-10	-4.3907e-07	 2.2453e-11	 9.4049e+06	 2.8614e+02	 8.9024e+03
 3.1646e+05	 8.8920e+03	 1.7905e+00	 2.9757e-03	 5.2363e-10	-1.3910e-07	 2.2463e-11	 1.3471e+07	 2.8613e+02	 8.9052e+03
 1.0014e+05	 8.8920e+03	 1.7921e+00	 5.4598e-03	 3.0403e-10	-4.4107e-08	 2.2484e-11	 2.3201e+07	 2.8614e+02	 8.9076e+03
 3.1691e+04	 8.8920e+03	 1.7960e+00	 1.1297e-02	 1.9908e-10	-1.4027e-08	 2.2533e-11	 3.5433e+07	 2.8613e+02	 8.9101e+03
 1.0029e+04	 8.8920e+03	 1.8045e+00	 2.2275e-02	 1.2422e-10	-4.4865e-09	 2.2640e-11	 5.6786e+07	 2.8614e+02	 8.9126e+03
 3.1737e+03	 8.8920e+03	 1.8258e+00	 3.6392e-02	 6.4224e-11	-1.4573e-09	 2.2907e-11	 1.0983e+08	 2.8614e+02	 8.9151e+03
 1.0043e+03	 8.8920e+03	 1.8463e+00	 5.6894e-02	 3.1774e-11	-4.7265e-10	 2.3164e-11	 2.2201e+08	 2.8614e+02	 8.9176e+03
 3.1783e+02	 8.8920e+03	 1.8665e+00	 1.3005e-01	 2.2984e-11	-1.5314e-10	 2.3418e-11	 3.0691e+08	 2.8614e+02	 8.9201e+03
 1.0058e+02	 8.8920e+03	 1.9396e+00	 3.4937e-01	 1.9539e-11	-5.2552e-11	 2.4335e-11	 3.6102e+08	 2.8614e+02	 8.9226e+03
 3.1829e+01	 8.8920e+03	 2.2106e+00	 8.5358e-01	 1.5107e-11	-2.1426e-11	 2.7735e-11	 4.6693e+08	 2.8614e+02	 8.9256e+03
 1.0072e+01	 8.8920e+03	 2.7775e+00	 1.9441e+00	 1.0889e-11	-9.9554e-12	 3.4847e-11	 6.4783e+08	 2.8614e+02	 8.9286e+03
 3.1874e+00	 8.8920e+03	 3.7265e+00	 4.9751e+00	 8.8180e-12	-4.8324e-12	 4.6753e-11	 7.9995e+08	 2.8614e+02	 8.9328e+03
 1.0087e+00	 8.8920e+03	 5.7274e+00	 1.3768e+01	 7.7224e-12	-2.6515e-12	 7.1857e-11	 9.1344e+08	 2.8614e+02	 8.9374e+03
 1.0000e+06	 8.9347e+03	 1.7895e+00	 1.3058e-03	 7.2608e-10	-4.3899e-07	 2.2451e-11	 9.7151e+06	 2.8614e+02	 8.9452e+03
 3.1646e+05	 8.9347e+03	 1.7901e+00	 2.8781e-03	 5.0646e-10	-1.3904e-07	 2.2459e-11	 1.3928e+07	 2.8614e+02	 8.9478e+03
 1.0014e+05	 8.9347e+03	 1.7920e+00	 5.3715e-03	 2.9912e-10	-4.4104e-08	 2.2483e-11	 2.3583e+07	 2.8614e+02	 8.9502e+03
 3.1691e+04	 8.9347e+03	 1.7958e+00	 1.0934e-02	 1.9268e-10	-1.4023e-08	 2.2530e-11	 3.6609e+07	 2.8614e+02	 8.9526e+03
 1.0029e+04	 8.9347e+03	 1.8053e+00	 2.1518e-02	 1.2000e-10	-4.4908e-09	 2.2649e-11	 5.8782e+07	 2.8614e+02	 8.9552e+03
 3.1737e+03	 8.9347e+03	 1.8241e+00	 3.4061e-02	 6.0110e-11	-1.4544e-09	 2.2886e-11	 1.1735e+08	 2.8615e+02	 8.9577e+03
 1.0043e+03	 8.9347e+03	 1.8425e+00	 5.4533e-02	 3.0455e-11	-4.7051e-10	 2.3116e-11	 2.3162e+08	 2.8615e+02	 8.9602e+03
 3.1783e+02	 8.9347e+03	 1.8618e+00	 1.2731e-01	 2.2500e-11	-1.5230e-10	 2.3358e-11	 3.1350e+08	 2.8614e+02	 8.9628e+03
 1.0058e+02	 8.9347e+03	 1.9338e+00	 3.4361e-01	 1.9217e-11	-5.2223e-11	 2.4261e-11	 3.6706e+08	 2.8614e+02	 8.9652e+03
 3.1829e+01	 8.9347e+03	 2.2025e+00	 8.4294e-01	 1.4919e-11	-2.1283e-11	 2.7633e-11	 4.7282e+08	 2.8614e+02	 8.9681e+03
 1.0072e+01	 8.9347e+03	 2.7694e+00	 1.9185e+00	 1.0745e-11	-9.9099e-12	 3.4745e-11	 6.5647e+08	 2.8615e+02	 8.9712e+03
 3.1874e+00	 8.9347e+03	 3.7113e+00	 4.9030e+00	 8.6901e-12	-4.8056e-12	 4.6563e-11	 8.1172e+08	 2.8615e+02	 8.9755e+03
 1.0087e+00	 8.9347e+03	 5.9414e+00	 1.3834e+01	 7.7594e-12	-2.7716e-12	 7.4541e-11	 9.0908e+08	 2.8616e+02	 8.9802e+03
 1.0000e+06	 8.9775e+03	 1.7896e+00	 1.2721e-03	 7.0736e-10	-4.3904e-07	 2.2452e-11	 9.9723e+06	 2.8616e+02	 8.9884e+03
 3.1646e+05	 8.9775e+03	 1.7902e+00	 2.8670e-03	 5.0450e-10	-1.3904e-07	 2.2459e-11	 1.3982e+07	 2.8616e+02	 8.9908e+03
 1.0014e+05	 8.9775e+03	 1.7920e+00	 5.3811e-03	 2.9965e-10	-4.4105e-08	 2.2483e-11	 2.3540e+07	 2.8616e+02	 8.9933e+03
 3.1691e+04	 8.9775e+03	 1.7958e+00	 1.0963e-02	 1.9319e-10	-1.4024e-08	 2.2530e-11	 3.6512e+07	 2.8616e+02	 8.9958e+03
 1.0029e+04	 8.9775e+03	 1.8054e+00	 2.1583e-02	 1.2036e-10	-4.4915e-09	 2.2651e-11	 5.8608e+07	 2.8616e+02	 8.9983e+03
 3.1737e+03	 8.9775e+03	 1.8245e+00	 3.4169e-02	 6.0301e-11	-1.4551e-09	 2.2891e-11	 1.1698e+08	 2.8616e+02	 9.0010e+03
 1.0043e+03	 8.9775e+03	 1.8427e+00	 5.4666e-02	 3.0529e-11	-4.7060e-10	 2.3118e-11	 2.3105e+08	 2.8617e+02	 9.0034e+03
 3.1783e+02	 8.9775e+03	 1.8616e+00	 1.2846e-01	 2.2702e-11	-1.5228e-10	 2.3356e-11	 3.1072e+08	 2.8616e+02	 9.0059e+03
 1.0058e+02	 8.9775e+03	 1.9337e+00	 3.4869e-01	 1.9501e-11	-5.2217e-11	 2.4260e-11	 3.6172e+08	 2.8616e+02	 9.0085e+03
 3.1829e+01	 8.9775e+03	 2.2040e+00	 8.5842e-01	 1.5193e-11	-2.1310e-11	 2.7652e-11	 4.6430e+08	 2.8616e+02	 9.0114e+03
 1.0072e+01	 8.9775e+03	 2.7704e+00	 1.9512e+00	 1.0928e-11	-9.9154e-12	 3.4757e-11	 6.4547e+08	 2.8616e+02	 9.0143e+03
 3.1874e+00	 8.9775e+03	 3.7257e+00	 4.9984e+00	 8.8592e-12	-4.8310e-12	 4.6743e-11	 7.9623e+08	 2.8616e+02	 9.0184e+03
 1.0087e+00	 8.9775e+03	 5.9463e+00	 1.4070e+01	 7.8917e-12	-2.7743e-12	 7.4603e-11	 8.9385e+08	 2.8617e+02	 9.0231e+03
 1.0000e+06	 9.0204e+03	 1.7896e+00	 1.2438e-03	 6.9165e-10	-4.3904e-07	 2.2452e-11	 1.0199e+07	 2.8616e+02	 9.0310e+03
 3.1646e+05	 9.0204e+03	 1.7902e+00	 2.9217e-03	 5.1413e-10	-1.3905e-07	 2.2460e-11	 1.3720e+07	 2.8616e+02	 9.0336e+03
 1.0014e+05	 9.0204e+03	 1.7921e+00	 5.4955e-03	 3.0602e-10	-4.4108e-08	 2.2484e-11	 2.3051e+07	 2.8616e+02	 9.0361e+03
 3.1691e+04	 9.0204e+03	 1.7959e+00	 1.1164e-02	 1.9674e-10	-1.4026e-08	 2.2532e-11	 3.5855e+07	 2.8616e+02	 9.0385e+03
 1.0029e+04	 9.0204e+03	 1.8058e+00	 2.1912e-02	 1.2220e-10	-4.4935e-09	 2.2656e-11	 5.7726e+07	 2.8616e+02	 9.0410e+03
 3.1737e+03	 9.0204e+03	 1.8250e+00	 3.4422e-02	 6.0746e-11	-1.4560e-09	 2.2897e-11	 1.1612e+08	 2.8616e+02	 9.0435e+03
 1.0043e+03	 9.0204e+03	 1.8431e+00	 5.5536e-02	 3.1015e-11	-4.7084e-10	 2.3124e-11	 2.2744e+08	 2.8616e+02	 9.0459e+03
 3.1783e+02	 9.0204e+03	 1.8627e+00	 1.3123e-01	 2.3192e-11	-1.5247e-10	 2.3370e-11	 3.0415e+08	 2.8617e+02	 9.0486e+03
 1.0058e+02	 9.0204e+03	 1.9385e+00	 3.5493e-01	 1.9851e-11	-5.2487e-11	 2.4321e-11	 3.5535e+08	 2.8616e+02	 9.0511e+03
 3.1829e+01	 9.0204e+03	 2.2176e+00	 8.6782e-01	 1.5359e-11	-2.1550e-11	 2.7823e-11	 4.5926e+08	 2.8616e+02	 9.0539e+03
 1.0072e+01	 9.0204e+03	 2.7959e+00	 1.9759e+00	 1.1067e-11	-1.0059e-11	 3.5078e-11	 6.3739e+08	 2.8616e+02	 9.0570e+03
 3.1874e+00	 9.0204e+03	 3.7629e+00	 5.0865e+00	 9.0154e-12	-4.8969e-12	 4.7209e-11	 7.8243e+08	 2.8616e+02	 9.0612e+03
 1.0087e+00	 9.0204e+03	 5.9945e+00	 1.4283e+01	 8.0111e-12	-2.8014e-12	 7.5208e-11	 8.8052e+08	 2.8617e+02	 9.0659e+03
 1.0000e+06	 9.0632e+03	 1.7896e+00	 1.2488e-03	 6.9441e-10	-4.3908e-07	 2.2453e-11	 1.0158e+07	 2.8616e+02	 9.0736e+03
 3.1646e+05	 9.0632e+03	 1.7903e+00	 2.9982e-03	 5.2760e-10	-1.3907e-07	 2.2462e-11	 1.3370e+07	 2.8616e+02	 9.0762e+03
 1.0014e+05	 9.0632e+03	 1.7922e+00	 5.6310e-03	 3.1357e-10	-4.4116e-08	 2.2485e-11	 2.2496e+07	 2.8616e+02	 9.0787e+03
 3.1691e+04	 9.0632e+03	 1.7962e+00	 1.1430e-02	 2.0143e-10	-1.4032e-08	 2.2536e-11	 3.5019e+07	 2.8616e+02	 9.0815e+03
 1.0029e+04	 9.0632e+03	 1.8063e+00	 2.2329e-02	 1.2452e-10	-4.4967e-09	 2.2663e-11	 5.6649e+07	 2.8616e+02	 9.0839e+03
 3.1737e+03	 9.0632e+03	 1.8258e+00	 3.5013e-02	 6.1790e-11	-1.4574e-09	 2.2907e-11	 1.1416e+08	 2.8616e+02	 9.0864e+03
 1.0043e+03	 9.0632e+03	 1.8437e+00	 5.6839e-02	 3.1743e-11	-4.7118e-10	 2.3131e-11	 2.2222e+08	 2.8617e+02	 9.0889e+03
 3.1783e+02	 9.0632e+03	 1.8636e+00	 1.3623e-01	 2.4077e-11	-1.5263e-10	 2.3381e-11	 2.9298e+08	 2.8616e+02	 9.0913e+03
 1.0058e+02	 9.0632e+03	 1.9430e+00	 3.6993e-01	 2.0689e-11	-5.2740e-11	 2.4377e-11	 3.4094e+08	 2.8616e+02	 9.0938e+03
 3.1829e+01	 9.0632e+03	 2.2319e+00	 9.0398e-01	 1.5999e-11	-2.1804e-11	 2.8002e-11	 4.4089e+08	 2.8616e+02	 9.0968e+03
 1.0072e+01	 9.0632e+03	 2.8210e+00	 2.0583e+00	 1.1528e-11	-1.0199e-11	 3.5392e-11	 6.1189e+08	 2.8617e+02	 9.0999e+03
 3.1874e+00	 9.0632e+03	 3.8219e+00	 5.2875e+00	 9.3717e-12	-5.0016e-12	 4.7951e-11	 7.5269e+08	 2.8616e+02	 9.1040e+03
 1.0087e+00	 9.0632e+03	 6.1724e+00	 1.4962e+01	 8.3923e-12	-2.9011e-12	 7.7440e-11	 8.4053e+08	 2.8616e+02	 9.1086e+03
 1.0000e+06	 9.1058e+03	 1.7897e+00	 1.2949e-03	 7.2007e-10	-4.3913e-07	 2.2454e-11	 9.7963e+06	 2.8616e+02	 9.1165e+03
 3.1646e+05	 9.1058e+03	 1.7904e+00	 3.0328e-03	 5.3367e-10	-1.3909e-07	 2.2463e-11	 1.3218e+07	 2.8616e+02	 9.1190e+03
 1.0014e+05	 9.1058e+03	 1.7925e+00	 5.7910e-03	 3.2248e-10	-4.4130e-08	 2.2489e-11	 2.1874e+07	 2.8616e+02	 9.1214e+03
 3.1691e+04	 9.1058e+03	 1.7966e+00	 1.1776e-02	 2.0751e-10	-1.4037e-08	 2.2540e-11	 3.3993e+07	 2.8616e+02	 9.1240e+03
 1.0029e+04	 9.1058e+03	 1.8071e+00	 2.2889e-02	 1.2764e-10	-4.5008e-09	 2.2672e-11	 5.5262e+07	 2.8616e+02	 9.1264e+03
 3.1737e+03	 9.1058e+03	 1.8266e+00	 3.5542e-02	 6.2724e-11	-1.4588e-09	 2.2917e-11	 1.1246e+08	 2.8617e+02	 9.1289e+03
 1.0043e+03	 9.1058e+03	 1.8444e+00	 5.8509e-02	 3.2675e-11	-4.7160e-10	 2.3141e-11	 2.1588e+08	 2.8616e+02	 9.1315e+03
 3.1783e+02	 9.1058e+03	 1.8652e+00	 1.4184e-01	 2.5068e-11	-1.5291e-10	 2.3401e-11	 2.8140e+08	 2.8617e+02	 9.1339e+03
 1.0058e+02	 9.1058e+03	 1.9496e+00	 3.8431e-01	 2.1494e-11	-5.3109e-11	 2.4460e-11	 3.2819e+08	 2.8616e+02	 9.1364e+03
 3.1829e+01	 9.1058e+03	 2.2518e+00	 9.3261e-01	 1.6506e-11	-2.2155e-11	 2.8252e-11	 4.2736e+08	 2.8616e+02	 9.1393e+03
 1.0072e+01	 9.1058e+03	 2.8567e+00	 2.1201e+00	 1.1874e-11	-1.0399e-11	 3.5840e-11	 5.9406e+08	 2.8617e+02	 9.1424e+03
 3.1874e+00	 9.1058e+03	 3.9053e+00	 5.5258e+00	 9.7941e-12	-5.1493e-12	 4.8996e-11	 7.2023e+08	 2.8617e+02	 9.1465e+03
 1.0087e+00	 9.1058e+03	 6.3256e+00	 1.5437e+01	 8.6586e-12	-2.9871e-12	 7.9362e-11	 8.1468e+08	 2.8617e+02	 9.1511e+03
 1.0000e+06	 9.1484e+03	 1.7898e+00	 1.3601e-03	 7.5627e-10	-4.3919e-07	 2.2455e-11	 9.3272e+06	 2.8617e+02	 9.1591e+03
 3.1646e+05	 9.1484e+03	 1.7906e+00	 3.2178e-03	 5.6623e-10	-1.3913e-07	 2.2465e-11	 1.2458e+07	 2.8617e+02	 9.1616e+03
 1.0014e+05	 9.1484e+03	 1.7927e+00	 5.9581e-03	 3.3179e-10	-4.4140e-08	 2.2491e-11	 2.1261e+07	 2.8617e+02	 9.1640e+03
 3.1691e+04	 9.1484e+03	 1.7969e+00	 1.2108e-02	 2.1338e-10	-1.4044e-08	 2.2545e-11	 3.3059e+07	 2.8616e+02	 9.1667e+03
 1.0029e+04	 9.1484e+03	 1.8078e+00	 2.3350e-02	 1.3022e-10	-4.5047e-09	 2.2681e-11	 5.4171e+07	 2.8617e+02	 9.1691e+03
 3.1737e+03	 9.1484e+03	 1.8277e+00	 3.6093e-02	 6.3696e-11	-1.4606e-09	 2.2930e-11	 1.1074e+08	 2.8616e+02	 9.1716e+03
 1.0043e+03	 9.1484e+03	 1.8452e+00	 6.0070e-02	 3.3547e-11	-4.7204e-10	 2.3151e-11	 2.1027e+08	 2.8617e+02	 9.1742e+03
 3.1783e+02	 9.1484e+03	 1.8672e+00	 1.4705e-01	 2.5988e-11	-1.5326e-10	 2.3426e-11	 2.7143e+08	 2.8617e+02	 9.1768e+03
 1.0058e+02	 9.1484e+03	 1.9575e+00	 3.9565e-01	 2.2128e-11	-5.3552e-11	 2.4559e-11	 3.1878e+08	 2.8617e+02	 9.1794e+03
 3.1829e+01	 9.1484e+03	 2.2727e+00	 9.5189e-01	 1.6847e-11	-2.2524e-11	 2.8513e-11	 4.1870e+08	 2.8617e+02	 9.1823e+03
 1.0072e+01	 9.1484e+03	 2.8882e+00	 2.1669e+00	 1.2136e-11	-1.0575e-11	 3.6235e-11	 5.8122e+08	 2.8616e+02	 9.1852e+03
 3.1874e+00	 9.1484e+03	 3.9447e+00	 5.6612e+00	 1.0034e-11	-5.2193e-12	 4.9491e-11	 7.0301e+08	 2.8617e+02	 9.1894e+03
 1.0087e+00	 9.1484e+03	 6.3469e+00	 1.5897e+01	 8.9166e-12	-2.9990e-12	 7.9630e-11	 7.9111e+08	 2.8616e+02	 9.1939e+03
 1.0000e+06	 9.1912e+03	 1.7899e+00	 1.4138e-03	 7.8618e-10	-4.3925e-07	 2.2457e-11	 8.9724e+06	 2.8617e+02	 9.2019e+03
 3.1646e+05	 9.1912e+03	 1.7907e+00	 3.3271e-03	 5.8547e-10	-1.3914e-07	 2.2467e-11	 1.2048e+07	 2.8617e+02	 9.2043e+03
 1.0014e+05	 9.1912e+03	 1.7927e+00	 6.1424e-03	 3.4205e-10	-4.4144e-08	 2.2492e-11	 2.0623e+07	 2.8617e+02	 9.2068e+03
 3.1691e+04	 9.1912e+03	 1.7973e+00	 1.2478e-02	 2.1989e-10	-1.4050e-08	 2.2549e-11	 3.2079e+07	 2.8617e+02	 9.2093e+03
 1.0029e+04	 9.1912e+03	 1.8084e+00	 2.3853e-02	 1.3302e-10	-4.5085e-09	 2.2689e-11	 5.3029e+07	 2.8616e+02	 9.2118e+03
 3.1737e+03	 9.1912e+03	 1.8285e+00	 3.6641e-02	 6.4663e-11	-1.4622e-09	 2.2941e-11	 1.0909e+08	 2.8617e+02	 9.2143e+03
 1.0043e+03	 9.1912e+03	 1.8459e+00	 6.1628e-02	 3.4418e-11	-4.7241e-10	 2.3159e-11	 2.0495e+08	 2.8617e+02	 9.2168e+03
 3.1783e+02	 9.1912e+03	 1.8688e+00	 1.5227e-01	 2.6911e-11	-1.5355e-10	 2.3447e-11	 2.6212e+08	 2.8617e+02	 9.2193e+03
 1.0058e+02	 9.1912e+03	 1.9650e+00	 4.0875e-01	 2.2860e-11	-5.3968e-11	 2.4653e-11	 3.0857e+08	 2.8617e+02	 9.2220e+03
 3.1829e+01	 9.1912e+03	 2.2927e+00	 9.7608e-01	 1.7275e-11	-2.2879e-11	 2.8764e-11	 4.0833e+08	 2.8617e+02	 9.2248e+03
 1.0072e+01	 9.1912e+03	 2.9208e+00	 2.2284e+00	 1.2481e-11	-1.0758e-11	 3.6645e-11	 5.6518e+08	 2.8617e+02	 9.2278e+03
 3.1874e+00	 9.1912e+03	 3.9983e+00	 5.8182e+00	 1.0312e-11	-5.3143e-12	 5.0164e-11	 6.8403e+08	 2.8617e+02	 9.2318e+03
 1.0087e+00	 9.1912e+03	 6.5470e+00	 1.6529e+01	 9.2707e-12	-3.1113e-12	 8.2140e-11	 7.6088e+08	 2.8617e+02	 9.2364e+03
 1.0000e+06	 9.2337e+03	 1.7901e+00	 1.5157e-03	 8.4283e-10	-4.3932e-07	 2.2458e-11	 8.3693e+06	 2.8617e+02	 9.2444e+03
 3.1646e+05	 9.2337e+03	 1.7908e+00	 3.3288e-03	 5.8576e-10	-1.3915e-07	 2.2467e-11	 1.2042e+07	 2.8617e+02	 9.2468e+03
 1.0014e+05	 9.2337e+03	 1.7929e+00	 6.2288e-03	 3.4686e-10	-4.4156e-08	 2.2495e-11	 2.0337e+07	 2.8617e+02	 9.2493e+03
 3.1691e+04	 9.2337e+03	 1.7976e+00	 1.2725e-02	 2.2424e-10	-1.4055e-08	 2.2552e-11	 3.1457e+07	 2.8618e+02	 9.2518e+03
 1.0029e+04	 9.2337e+03	 1.8090e+00	 2.4291e-02	 1.3546e-10	-4.5117e-09	 2.2696e-11	 5.2074e+07	 2.8617e+02	 9.2542e+03
 3.1737e+03	 9.2337e+03	 1.8293e+00	 3.6856e-02	 6.5042e-11	-1.4635e-09	 2.2951e-11	 1.0845e+08	 2.8618e+02	 9.2568e+03
 1.0043e+03	 9.2337e+03	 1.8463e+00	 6.2868e-02	 3.5110e-11	-4.7264e-10	 2.3164e-11	 2.0091e+08	 2.8617e+02	 9.2593e+03
 3.1783e+02	 9.2337e+03	 1.8692e+00	 1.5675e-01	 2.7703e-11	-1.5362e-10	 2.3451e-11	 2.5463e+08	 2.8617e+02	 9.2618e+03
 1.0058e+02	 9.2337e+03	 1.9668e+00	 4.2250e-01	 2.3629e-11	-5.4073e-11	 2.4676e-11	 2.9853e+08	 2.8617e+02	 9.2645e+03
 3.1829e+01	 9.2337e+03	 2.3009e+00	 1.0081e+00	 1.7841e-11	-2.3024e-11	 2.8868e-11	 3.9537e+08	 2.8617e+02	 9.2674e+03
 1.0072e+01	 9.2337e+03	 2.9429e+00	 2.2998e+00	 1.2881e-11	-1.0882e-11	 3.6922e-11	 5.4762e+08	 2.8618e+02	 9.2704e+03
 3.1874e+00	 9.2337e+03	 4.0462e+00	 5.9997e+00	 1.0634e-11	-5.3991e-12	 5.0764e-11	 6.6334e+08	 2.8618e+02	 9.2745e+03
 1.0087e+00	 9.2337e+03	 6.5569e+00	 1.6826e+01	 9.4377e-12	-3.1168e-12	 8.2263e-11	 7.4742e+08	 2.8617e+02	 9.2791e+03
 1.0000e+06	 9.2765e+03	 1.7901e+00	 1.4192e-03	 7.8916e-10	-4.3935e-07	 2.2459e-11	 8.9386e+06	 2.8618e+02	 9.2872e+03
 3.1646e+05	 9.2765e+03	 1.7908e+00	 3.4102e-03	 6.0010e-10	-1.3916e-07	 2.2468e-11	 1.1755e+07	 2.8618e+02	 9.2900e+03
 1.0014e+05	 9.2765e+03	 1.7931e+00	 6.3856e-03	 3.5559e-10	-4.4165e-08	 2.2496e-11	 1.9837e+07	 2.8617e+02	 9.2924e+03
 3.1691e+04	 9.2765e+03	 1.7978e+00	 1.2938e-02	 2.2799e-10	-1.4059e-08	 2.2555e-11	 3.0939e+07	 2.8618e+02	 9.2950e+03
 1.0029e+04	 9.2765e+03	 1.8095e+00	 2.4551e-02	 1.3691e-10	-4.5143e-09	 2.2702e-11	 5.1521e+07	 2.8618e+02	 9.2977e+03
 3.1737e+03	 9.2765e+03	 1.8297e+00	 3.7123e-02	 6.5514e-11	-1.4643e-09	 2.2956e-11	 1.0767e+08	 2.8617e+02	 9.3002e+03
 1.0043e+03	 9.2765e+03	 1.8467e+00	 6.3913e-02	 3.5694e-11	-4.7284e-10	 2.3169e-11	 1.9763e+08	 2.8618e+02	 9.3028e+03
 3.1783e+02	 9.2765e+03	 1.8700e+00	 1.6037e-01	 2.8342e-11	-1.5375e-10	 2.3461e-11	 2.4889e+08	 2.8617e+02	 9.3053e+03
 1.0058e+02	 9.2765e+03	 1.9705e+00	 4.3248e-01	 2.4188e-11	-5.4279e-11	 2.4722e-11	 2.9163e+08	 2.8617e+02	 9.3079e+03
 3.1829e+01	 9.2765e+03	 2.3113e+00	 1.0314e+00	 1.8254e-11	-2.3208e-11	 2.8998e-11	 3.8644e+08	 2.8618e+02	 9.3108e+03
 1.0072e+01	 9.2765e+03	 2.9565e+00	 2.3552e+00	 1.3191e-11	-1.0958e-11	 3.7093e-11	 5.3476e+08	 2.8618e+02	 9.3138e+03
 3.1874e+00	 9.2765e+03	 4.0925e+00	 6.1436e+00	 1.0889e-11	-5.4812e-12	 5.1345e-11	 6.4781e+08	 2.8617e+02	 9.3179e+03
 1.0087e+00	 9.2765e+03	 6.7434e+00	 1.7290e+01	 9.6979e-12	-3.2214e-12	 8.4603e-11	 7.2737e+08	 2.8618e+02	 9.3225e+03
 1.0000e+06	 9.3198e+03	 1.7902e+00	 1.4463e-03	 8.0422e-10	-4.3939e-07	 2.2460e-11	 8.7712e+06	 2.8617e+02	 9.3304e+03
 3.1646e+05	 9.3198e+03	 1.7910e+00	 3.4340e-03	 6.0428e-10	-1.3920e-07	 2.2471e-11	 1.1673e+07	 2.8618e+02	 9.3328e+03
 1.0014e+05	 9.3198e+03	 1.7933e+00	 6.4844e-03	 3.6109e-10	-4.4174e-08	 2.2498e-11	 1.9535e+07	 2.8618e+02	 9.3352e+03
 3.1691e+04	 9.3198e+03	 1.7980e+00	 1.3156e-02	 2.3185e-10	-1.4063e-08	 2.2558e-11	 3.0425e+07	 2.8618e+02	 9.3377e+03
 1.0029e+04	 9.3198e+03	 1.8099e+00	 2.4864e-02	 1.3866e-10	-4.5167e-09	 2.2708e-11	 5.0874e+07	 2.8618e+02	 9.3402e+03
 3.1737e+03	 9.3198e+03	 1.8304e+00	 3.7496e-02	 6.6171e-11	-1.4655e-09	 2.2965e-11	 1.0660e+08	 2.8617e+02	 9.3427e+03
 1.0043e+03	 9.3198e+03	 1.8472e+00	 6.4830e-02	 3.6206e-11	-4.7313e-10	 2.3175e-11	 1.9483e+08	 2.8618e+02	 9.3453e+03
 3.1783e+02	 9.3198e+03	 1.8717e+00	 1.6302e-01	 2.8810e-11	-1.5406e-10	 2.3483e-11	 2.4484e+08	 2.8618e+02	 9.3478e+03
 1.0058e+02	 9.3198e+03	 1.9765e+00	 4.3637e-01	 2.4405e-11	-5.4614e-11	 2.4798e-11	 2.8904e+08	 2.8618e+02	 9.3505e+03
 3.1829e+01	 9.3198e+03	 2.3250e+00	 1.0342e+00	 1.8304e-11	-2.3451e-11	 2.9170e-11	 3.8538e+08	 2.8618e+02	 9.3534e+03
 1.0072e+01	 9.3198e+03	 2.9790e+00	 2.3646e+00	 1.3244e-11	-1.1084e-11	 3.7375e-11	 5.3263e+08	 2.8618e+02	 9.3564e+03
 3.1874e+00	 9.3198e+03	 4.1267e+00	 6.1939e+00	 1.0978e-11	-5.5419e-12	 5.1774e-11	 6.4255e+08	 2.8618e+02	 9.3604e+03
 1.0087e+00	 9.3198e+03	 6.8101e+00	 1.7505e+01	 9.8182e-12	-3.2588e-12	 8.5440e-11	 7.1846e+08	 2.8618e+02	 9.3651e+03
 1.0000e+06	 9.3624e+03	 1.7903e+00	 1.4952e-03	 8.3142e-10	-4.3945e-07	 2.2461e-11	 8.4842e+06	 2.8618e+02	 9.3729e+03
 3.1646e+05	 9.3624e+03	 1.7910e+00	 3.5171e-03	 6.1889e-10	-1.3919e-07	 2.2470e-11	 1.1398e+07	 2.8618e+02	 9.3753e+03
 1.0014e+05	 9.3624e+03	 1.7933e+00	 6.5464e-03	 3.6455e-10	-4.4177e-08	 2.2499e-11	 1.9350e+07	 2.8618e+02	 9.3780e+03
 3.1691e+04	 9.3624e+03	 1.7982e+00	 1.3329e-02	 2.3490e-10	-1.4066e-08	 2.2560e-11	 3.0030e+07	 2.8618e+02	 9.3805e+03
 1.0029e+04	 9.3624e+03	 1.8103e+00	 2.5116e-02	 1.4006e-10	-4.5186e-09	 2.2712e-11	 5.0363e+07	 2.8618e+02	 9.3832e+03
 3.1737e+03	 9.3624e+03	 1.8308e+00	 3.7866e-02	 6.6825e-11	-1.4662e-09	 2.2970e-11	 1.0556e+08	 2.8618e+02	 9.3857e+03
 1.0043e+03	 9.3624e+03	 1.8475e+00	 6.5586e-02	 3.6628e-11	-4.7333e-10	 2.3180e-11	 1.9259e+08	 2.8618e+02	 9.3885e+03
 3.1783e+02	 9.3624e+03	 1.8724e+00	 1.6572e-01	 2.9288e-11	-1.5418e-10	 2.3491e-11	 2.4085e+08	 2.8618e+02	 9.3909e+03
 1.0058e+02	 9.3624e+03	 1.9796e+00	 4.4304e-01	 2.4778e-11	-5.4789e-11	 2.4837e-11	 2.8468e+08	 2.8618e+02	 9.3938e+03
 3.1829e+01	 9.3624e+03	 2.3350e+00	 1.0478e+00	 1.8544e-11	-2.3628e-11	 2.9295e-11	 3.8040e+08	 2.8617e+02	 9.3967e+03
 1.0072e+01	 9.3624e+03	 2.9976e+00	 2.3938e+00	 1.3407e-11	-1.1188e-11	 3.7609e-11	 5.2614e+08	 2.8618e+02	 9.3997e+03
 3.1874e+00	 9.3624e+03	 4.1629e+00	 6.2968e+00	 1.1161e-11	-5.6060e-12	 5.2228e-11	 6.3204e+08	 2.8618e+02	 9.4038e+03
 1.0087e+00	 9.3624e+03	 6.9842e+00	 1.7797e+01	 9.9822e-12	-3.3565e-12	 8.7625e-11	 7.0665e+08	 2.8618e+02	 9.4083e+03
 1.0000e+06	 9.4056e+03	 1.7903e+00	 1.5784e-03	 8.7767e-10	-4.3944e-07	 2.2461e-11	 8.0371e+06	 2.8618e+02	 9.4163e+03
 3.1646e+05	 9.4056e+03	 1.7912e+00	 3.5534e-03	 6.2529e-10	-1.3922e-07	 2.2472e-11	 1.1281e+07	 2.8619e+02	 9.4188e+03
 1.0014e+05	 9.4056e+03	 1.7934e+00	 6.6528e-03	 3.7047e-10	-4.4182e-08	 2.2500e-11	 1.9041e+07	 2.8618e+02	 9.4215e+03
 3.1691e+04	 9.4056e+03	 1.7983e+00	 1.3473e-02	 2.3743e-10	-1.4068e-08	 2.2562e-11	 2.9710e+07	 2.8618e+02	 9.4240e+03
 1.0029e+04	 9.4056e+03	 1.8106e+00	 2.5300e-02	 1.4109e-10	-4.5203e-09	 2.2716e-11	 4.9997e+07	 2.8619e+02	 9.4266e+03
 3.1737e+03	 9.4056e+03	 1.8312e+00	 3.8059e-02	 6.7165e-11	-1.4668e-09	 2.2974e-11	 1.0503e+08	 2.8618e+02	 9.4291e+03
 1.0043e+03	 9.4056e+03	 1.8477e+00	 6.6200e-02	 3.6971e-11	-4.7342e-10	 2.3182e-11	 1.9080e+08	 2.8618e+02	 9.4316e+03
 3.1783e+02	 9.4056e+03	 1.8720e+00	 1.6839e-01	 2.9761e-11	-1.5411e-10	 2.3486e-11	 2.3702e+08	 2.8619e+02	 9.4342e+03
 1.0058e+02	 9.4056e+03	 1.9790e+00	 4.5321e-01	 2.5347e-11	-5.4752e-11	 2.4829e-11	 2.7830e+08	 2.8619e+02	 9.4366e+03
 3.1829e+01	 9.4056e+03	 2.3352e+00	 1.0759e+00	 1.9043e-11	-2.3632e-11	 2.9298e-11	 3.7043e+08	 2.8618e+02	 9.4395e+03
 1.0072e+01	 9.4056e+03	 2.9988e+00	 2.4595e+00	 1.3775e-11	-1.1195e-11	 3.7624e-11	 5.1207e+08	 2.8618e+02	 9.4425e+03
 3.1874e+00	 9.4056e+03	 4.1611e+00	 6.3909e+00	 1.1327e-11	-5.6027e-12	 5.2205e-11	 6.2274e+08	 2.8618e+02	 9.4466e+03
 1.0087e+00	 9.4056e+03	 6.9022e+00	 1.7851e+01	 1.0012e-11	-3.3105e-12	 8.6596e-11	 7.0452e+08	 2.8618e+02	 9.4513e+03
 1.0000e+06	 9.4486e+03	 1.7903e+00	 1.6303e-03	 9.0655e-10	-4.3944e-07	 2.2461e-11	 7.7811e+06	 2.8618e+02	 9.4591e+03
 3.1646e+05	 9.4486e+03	 1.7912e+00	 3.4999e-03	 6.1588e-10	-1.3922e-07	 2.2472e-11	 1.1454e+07	 2.8618e+02	 9.4618e+03
 1.0014e+05	 9.4486e+03	 1.7935e+00	 6.7130e-03	 3.7382e-10	-4.4185e-08	 2.2501e-11	 1.8870e+07	 2.8618e+02	 9.4642e+03
 3.1691e+04	 9.4486e+03	 1.7985e+00	 1.3612e-02	 2.3987e-10	-1.4071e-08	 2.2564e-11	 2.9408e+07	 2.8619e+02	 9.4668e+03
 1.0029e+04	 9.4486e+03	 1.8108e+00	 2.5479e-02	 1.4209e-10	-4.5217e-09	 2.2719e-11	 4.9645e+07	 2.8618e+02	 9.4693e+03
 3.1737e+03	 9.4486e+03	 1.8316e+00	 3.8174e-02	 6.7369e-11	-1.4675e-09	 2.2979e-11	 1.0471e+08	 2.8618e+02	 9.4718e+03
 1.0043e+03	 9.4486e+03	 1.8481e+00	 6.6690e-02	 3.7245e-11	-4.7362e-10	 2.3186e-11	 1.8940e+08	 2.8618e+02	 9.4744e+03
 3.1783e+02	 9.4486e+03	 1.8735e+00	 1.6936e-01	 2.9932e-11	-1.5438e-10	 2.3505e-11	 2.3567e+08	 2.8619e+02	 9.4769e+03
 1.0058e+02	 9.4486e+03	 1.9840e+00	 4.5232e-01	 2.5297e-11	-5.5030e-11	 2.4891e-11	 2.7884e+08	 2.8618e+02	 9.4798e+03
 3.1829e+01	 9.4486e+03	 2.3470e+00	 1.0663e+00	 1.8872e-11	-2.3840e-11	 2.9446e-11	 3.7378e+08	 2.8619e+02	 9.4826e+03
 1.0072e+01	 9.4486e+03	 3.0180e+00	 2.4380e+00	 1.3655e-11	-1.1302e-11	 3.7864e-11	 5.1660e+08	 2.8618e+02	 9.4856e+03
 3.1874e+00	 9.4486e+03	 4.1960e+00	 6.4082e+00	 1.1358e-11	-5.6646e-12	 5.2644e-11	 6.2106e+08	 2.8619e+02	 9.4896e+03
 1.0087e+00	 9.4486e+03	 7.0387e+00	 1.8127e+01	 1.0167e-11	-3.3870e-12	 8.8308e-11	 6.9378e+08	 2.8618e+02	 9.4942e+03
 1.0000e+06	 9.4915e+03	 1.7903e+00	 1.5465e-03	 8.5997e-10	-4.3948e-07	 2.2462e-11	 8.2025e+06	 2.8619e+02	 9.5023e+03
 3.1646e+05	 9.4915e+03	 1.7912e+00	 3.5205e-03	 6.1949e-10	-1.3923e-07	 2.2473e-11	 1.1387e+07	 2.8619e+02	 9.5048e+03
 1.0014e+05	 9.4915e+03	 1.7935e+00	 6.7321e-03	 3.7489e-10	-4.4188e-08	 2.2502e-11	 1.8816e+07	 2.8619e+02	 9.5075e+03
 3.1691e+04	 9.4915e+03	 1.7985e+00	 1.3695e-02	 2.4133e-10	-1.4072e-08	 2.2565e-11	 2.9229e+07	 2.8619e+02	 9.5099e+03
 1.0029e+04	 9.4915e+03	 1.8110e+00	 2.5577e-02	 1.4264e-10	-4.5227e-09	 2.2721e-11	 4.9454e+07	 2.8618e+02	 9.5125e+03
 3.1737e+03	 9.4915e+03	 1.8317e+00	 3.8241e-02	 6.7487e-11	-1.4678e-09	 2.2981e-11	 1.0452e+08	 2.8619e+02	 9.5152e+03
 1.0043e+03	 9.4915e+03	 1.8481e+00	 6.7013e-02	 3.7425e-11	-4.7362e-10	 2.3186e-11	 1.8848e+08	 2.8618e+02	 9.5177e+03
 3.1783e+02	 9.4915e+03	 1.8729e+00	 1.7114e-01	 3.0247e-11	-1.5427e-10	 2.3498e-11	 2.3322e+08	 2.8618e+02	 9.5203e+03
 1.0058e+02	 9.4915e+03	 1.9826e+00	 4.5993e-01	 2.5723e-11	-5.4953e-11	 2.4874e-11	 2.7423e+08	 2.8618e+02	 9.5228e+03
 3.1829e+01	 9.4915e+03	 2.3447e+00	 1.0895e+00	 1.9282e-11	-2.3799e-11	 2.9417e-11	 3.6582e+08	 2.8618e+02	 9.5258e+03
 1.0072e+01	 9.4915e+03	 3.0225e+00	 2.4764e+00	 1.3870e-11	-1.1328e-11	 3.7921e-11	 5.0857e+08	 2.8619e+02	 9.5289e+03
 3.1874e+00	 9.4915e+03	 4.2144e+00	 6.4609e+00	 1.1451e-11	-5.6973e-12	 5.2875e-11	 6.1599e+08	 2.8619e+02	 9.5330e+03
 1.0087e+00	 9.4915e+03	 6.7694e+00	 1.7986e+01	 1.0088e-11	-3.2360e-12	 8.4930e-11	 6.9923e+08	 2.8619e+02	 9.5376e+03
 1.0000e+06	 9.5348e+03	 1.7904e+00	 1.5321e-03	 8.5195e-10	-4.3949e-07	 2.2462e-11	 8.2798e+06	 2.8619e+02	 9.5453e+03
 3.1646e+05	 9.5348e+03	 1.7912e+00	 3.5176e-03	 6.1898e-10	-1.3923e-07	 2.2473e-11	 1.1396e+07	 2.8619e+02	 9.5481e+03
 1.0014e+05	 9.5348e+03	 1.7936e+00	 6.7740e-03	 3.7722e-10	-4.4192e-08	 2.2503e-11	 1.8700e+07	 2.8618e+02	 9.5506e+03
 3.1691e+04	 9.5348e+03	 1.7986e+00	 1.3724e-02	 2.4185e-10	-1.4073e-08	 2.2566e-11	 2.9167e+07	 2.8619e+02	 9.5533e+03
 1.0029e+04	 9.5348e+03	 1.8111e+00	 2.5644e-02	 1.4301e-10	-4.5231e-09	 2.2722e-11	 4.9326e+07	 2.8618e+02	 9.5558e+03
 3.1737e+03	 9.5348e+03	 1.8318e+00	 3.8255e-02	 6.7511e-11	-1.4680e-09	 2.2982e-11	 1.0449e+08	 2.8618e+02	 9.5585e+03
 1.0043e+03	 9.5348e+03	 1.8483e+00	 6.7221e-02	 3.7541e-11	-4.7374e-10	 2.3189e-11	 1.8790e+08	 2.8619e+02	 9.5609e+03
 3.1783e+02	 9.5348e+03	 1.8738e+00	 1.7122e-01	 3.0259e-11	-1.5443e-10	 2.3509e-11	 2.3312e+08	 2.8618e+02	 9.5634e+03
 1.0058e+02	 9.5348e+03	 1.9853e+00	 4.5747e-01	 2.5585e-11	-5.5105e-11	 2.4908e-11	 2.7570e+08	 2.8618e+02	 9.5661e+03
 3.1829e+01	 9.5348e+03	 2.3512e+00	 1.0794e+00	 1.9105e-11	-2.3914e-11	 2.9498e-11	 3.6923e+08	 2.8618e+02	 9.5690e+03
 1.0072e+01	 9.5348e+03	 3.0333e+00	 2.4614e+00	 1.3786e-11	-1.1388e-11	 3.8057e-11	 5.1168e+08	 2.8618e+02	 9.5719e+03
 3.1874e+00	 9.5348e+03	 4.2250e+00	 6.4695e+00	 1.1467e-11	-5.7161e-12	 5.3008e-11	 6.1518e+08	 2.8616e+02	 9.5761e+03
 1.0087e+00	 9.5348e+03	 7.0289e+00	 1.8173e+01	 1.0193e-11	-3.3815e-12	 8.8185e-11	 6.9203e+08	 2.8617e+02	 9.5808e+03
 1.0000e+06	 9.5781e+03	 1.7903e+00	 1.5527e-03	 8.6338e-10	-4.3947e-07	 2.2462e-11	 8.1701e+06	 2.8617e+02	 9.5887e+03
 3.1646e+05	 9.5781e+03	 1.7912e+00	 3.6354e-03	 6.3972e-10	-1.3923e-07	 2.2473e-11	 1.1027e+07	 2.8617e+02	 9.5914e+03
 1.0014e+05	 9.5781e+03	 1.7936e+00	 6.7744e-03	 3.7724e-10	-4.4190e-08	 2.2502e-11	 1.8699e+07	 2.8617e+02	 9.5939e+03
 3.1691e+04	 9.5781e+03	 1.7986e+00	 1.3747e-02	 2.4225e-10	-1.4073e-08	 2.2566e-11	 2.9118e+07	 2.8616e+02	 9.5964e+03
 1.0029e+04	 9.5781e+03	 1.8112e+00	 2.5667e-02	 1.4314e-10	-4.5236e-09	 2.2723e-11	 4.9281e+07	 2.8617e+02	 9.5991e+03
 3.1737e+03	 9.5781e+03	 1.8318e+00	 3.8371e-02	 6.7716e-11	-1.4680e-09	 2.2982e-11	 1.0417e+08	 2.8617e+02	 9.6016e+03
 1.0043e+03	 9.5781e+03	 1.8481e+00	 6.7313e-02	 3.7592e-11	-4.7365e-10	 2.3187e-11	 1.8764e+08	 2.8617e+02	 9.6043e+03
 3.1783e+02	 9.5781e+03	 1.8731e+00	 1.7191e-01	 3.0383e-11	-1.5430e-10	 2.3500e-11	 2.3217e+08	 2.8617e+02	 9.6068e+03
 1.0058e+02	 9.5781e+03	 1.9832e+00	 4.6216e-01	 2.5847e-11	-5.4989e-11	 2.4882e-11	 2.7291e+08	 2.8617e+02	 9.6093e+03
 3.1829e+01	 9.5781e+03	 2.3491e+00	 1.0930e+00	 1.9345e-11	-2.3877e-11	 2.9472e-11	 3.6465e+08	 2.8616e+02	 9.6123e+03
 1.0072e+01	 9.5781e+03	 3.0324e+00	 2.4848e+00	 1.3917e-11	-1.1383e-11	 3.8045e-11	 5.0687e+08	 2.8617e+02	 9.6154e+03
 3.1874e+00	 9.5781e+03	 4.2276e+00	 6.4875e+00	 1.1498e-11	-5.7207e-12	 5.3040e-11	 6.1347e+08	 2.8617e+02	 9.6194e+03
 1.0087e+00	 9.5781e+03	 7.0240e+00	 1.8097e+01	 1.0150e-11	-3.3788e-12	 8.8124e-11	 6.9494e+08	 2.8617e+02	 9.6240e+03
 1.0000e+06	 9.6213e+03	 1.7904e+00	 1.5789e-03	 8.7795e-10	-4.3950e-07	 2.2462e-11	 8.0346e+06	 2.8617e+02	 9.6321e+03
 3.1646e+05	 9.6213e+03	 1.7913e+00	 3.5593e-03	 6.2632e-10	-1.3924e-07	 2.2474e-11	 1.1263e+07	 2.8616e+02	 9.6346e+03
 1.0014e+05	 9.6213e+03	 1.7937e+00	 6.8107e-03	 3.7926e-10	-4.4196e-08	 2.2503e-11	 1.8599e+07	 2.8617e+02	 9.6372e+03
 3.1691e+04	 9.6213e+03	 1.7987e+00	 1.3766e-02	 2.4258e-10	-1.4074e-08	 2.2566e-11	 2.9079e+07	 2.8616e+02	 9.6397e+03
 1.0029e+04	 9.6213e+03	 1.8112e+00	 2.5703e-02	 1.4334e-10	-4.5239e-09	 2.2724e-11	 4.9212e+07	 2.8616e+02	 9.6421e+03
 3.1737e+03	 9.6213e+03	 1.8319e+00	 3.8419e-02	 6.7802e-11	-1.4682e-09	 2.2984e-11	 1.0404e+08	 2.8617e+02	 9.6446e+03
 1.0043e+03	 9.6213e+03	 1.8483e+00	 6.7478e-02	 3.7685e-11	-4.7378e-10	 2.3190e-11	 1.8718e+08	 2.8617e+02	 9.6470e+03
 3.1783e+02	 9.6213e+03	 1.8742e+00	 1.7189e-01	 3.0378e-11	-1.5449e-10	 2.3514e-11	 2.3221e+08	 2.8617e+02	 9.6494e+03
 1.0058e+02	 9.6213e+03	 1.9870e+00	 4.5855e-01	 2.5646e-11	-5.5199e-11	 2.4929e-11	 2.7505e+08	 2.8617e+02	 9.6519e+03
 3.1829e+01	 9.6213e+03	 2.3573e+00	 1.0795e+00	 1.9107e-11	-2.4021e-11	 2.9574e-11	 3.6919e+08	 2.8617e+02	 9.6548e+03
 1.0072e+01	 9.6213e+03	 3.0401e+00	 2.4618e+00	 1.3788e-11	-1.1426e-11	 3.8142e-11	 5.1160e+08	 2.8617e+02	 9.6578e+03
 3.1874e+00	 9.6213e+03	 4.2214e+00	 6.4561e+00	 1.1443e-11	-5.7097e-12	 5.2962e-11	 6.1645e+08	 2.8617e+02	 9.6619e+03
 1.0087e+00	 9.6213e+03	 6.9181e+00	 1.8000e+01	 1.0096e-11	-3.3194e-12	 8.6795e-11	 6.9869e+08	 2.8617e+02	 9.6664e+03
 1.0000e+06	 9.6638e+03	 1.7904e+00	 1.5975e-03	 8.8834e-10	-4.3951e-07	 2.2463e-11	 7.9406e+06	 2.8617e+02	 9.6742e+03
 3.1646e+05	 9.6638e+03	 1.7913e+00	 3.5952e-03	 6.3264e-10	-1.3925e-07	 2.2474e-11	 1.1150e+07	 2.8616e+02	 9.6767e+03
 1.0014e+05	 9.6638e+03	 1.7936e+00	 6.8218e-03	 3.7988e-10	-4.4195e-08	 2.2503e-11	 1.8569e+07	 2.8617e+02	 9.6795e+03
 3.1691e+04	 9.6638e+03	 1.7987e+00	 1.3793e-02	 2.4306e-10	-1.4075e-08	 2.2567e-11	 2.9021e+07	 2.8617e+02	 9.6819e+03
 1.0029e+04	 9.6638e+03	 1.8113e+00	 2.5741e-02	 1.4355e-10	-4.5242e-09	 2.2724e-11	 4.9139e+07	 2.8617e+02	 9.6846e+03
 3.1737e+03	 9.6638e+03	 1.8320e+00	 3.8386e-02	 6.7743e-11	-1.4684e-09	 2.2985e-11	 1.0413e+08	 2.8617e+02	 9.6871e+03
 1.0043e+03	 9.6638e+03	 1.8484e+00	 6.7578e-02	 3.7741e-11	-4.7379e-10	 2.3190e-11	 1.8691e+08	 2.8617e+02	 9.6895e+03
 3.1783e+02	 9.6638e+03	 1.8742e+00	 1.7230e-01	 3.0450e-11	-1.5450e-10	 2.3514e-11	 2.3165e+08	 2.8617e+02	 9.6922e+03
 1.0058e+02	 9.6638e+03	 1.9871e+00	 4.5988e-01	 2.5720e-11	-5.5206e-11	 2.4930e-11	 2.7426e+08	 2.8616e+02	 9.6946e+03
 3.1829e+01	 9.6638e+03	 2.3595e+00	 1.0823e+00	 1.9155e-11	-2.4061e-11	 2.9603e-11	 3.6825e+08	 2.8617e+02	 9.6975e+03
 1.0072e+01	 9.6638e+03	 3.0501e+00	 2.4661e+00	 1.3812e-11	-1.1482e-11	 3.8266e-11	 5.1070e+08	 2.8617e+02	 9.7005e+03
 3.1874e+00	 9.6638e+03	 4.2351e+00	 6.4438e+00	 1.1421e-11	-5.7339e-12	 5.3134e-11	 6.1762e+08	 2.8617e+02	 9.7048e+03
 1.0087e+00	 9.6638e+03	 7.1307e+00	 1.8251e+01	 1.0237e-11	-3.4386e-12	 8.9463e-11	 6.8908e+08	 2.8617e+02	 9.7094e+03
 1.0000e+06	 9.7067e+03	 1.7904e+00	 1.5955e-03	 8.8718e-10	-4.3953e-07	 2.2463e-11	 7.9510e+06	 2.8617e+02	 9.7172e+03
 3.1646e+05	 9.7067e+03	 1.7913e+00	 3.5426e-03	 6.2338e-10	-1.3924e-07	 2.2474e-11	 1.1316e+07	 2.8617e+02	 9.7198e+03
 1.0014e+05	 9.7067e+03	 1.7936e+00	 6.7948e-03	 3.7838e-10	-4.4195e-08	 2.2503e-11	 1.8643e+07	 2.8617e+02	 9.7222e+03
 3.1691e+04	 9.7067e+03	 1.7987e+00	 1.3803e-02	 2.4324e-10	-1.4075e-08	 2.2567e-11	 2.9000e+07	 2.8617e+02	 9.7250e+03
 1.0029e+04	 9.7067e+03	 1.8113e+00	 2.5736e-02	 1.4352e-10	-4.5244e-09	 2.2725e-11	 4.9150e+07	 2.8617e+02	 9.7276e+03
 3.1737e+03	 9.7067e+03	 1.8321e+00	 3.8379e-02	 6.7730e-11	-1.4684e-09	 2.2985e-11	 1.0415e+08	 2.8617e+02	 9.7303e+03
 1.0043e+03	 9.7067e+03	 1.8483e+00	 6.7603e-02	 3.7754e-11	-4.7375e-10	 2.3189e-11	 1.8684e+08	 2.8617e+02	 9.7328e+03
 3.1783e+02	 9.7067e+03	 1.8732e+00	 1.7287e-01	 3.0551e-11	-1.5433e-10	 2.3502e-11	 2.3089e+08	 2.8617e+02	 9.7352e+03
 1.0058e+02	 9.7067e+03	 1.9840e+00	 4.6478e-01	 2.5994e-11	-5.5032e-11	 2.4891e-11	 2.7137e+08	 2.8616e+02	 9.7379e+03
 3.1829e+01	 9.7067e+03	 2.3521e+00	 1.0988e+00	 1.9448e-11	-2.3931e-11	 2.9510e-11	 3.6272e+08	 2.8617e+02	 9.7408e+03
 1.0072e+01	 9.7067e+03	 3.0393e+00	 2.4956e+00	 1.3977e-11	-1.1422e-11	 3.8132e-11	 5.0467e+08	 2.8616e+02	 9.7437e+03
 3.1874e+00	 9.7067e+03	 4.2362e+00	 6.5015e+00	 1.1523e-11	-5.7358e-12	 5.3148e-11	 6.1215e+08	 2.8617e+02	 9.7478e+03
 1.0087e+00	 9.7067e+03	 7.0015e+00	 1.8124e+01	 1.0165e-11	-3.3662e-12	 8.7842e-11	 6.9392e+08	 2.8617e+02	 9.7524e+03
 1.0000e+06	 9.7497e+03	 1.7904e+00	 1.5319e-03	 8.5181e-10	-4.3950e-07	 2.2462e-11	 8.2812e+06	 2.8617e+02	 9.7602e+03
 3.1646e+05	 9.7497e+03	 1.7914e+00	 3.6323e-03	 6.3917e-10	-1.3926e-07	 2.2475e-11	 1.1036e+07	 2.8616e+02	 9.7627e+03
 1.0014e+05	 9.7497e+03	 1.7937e+00	 6.8448e-03	 3.8116e-10	-4.4196e-08	 2.2503e-11	 1.8506e+07	 2.8617e+02	 9.7655e+03
 3.1691e+04	 9.7497e+03	 1.7987e+00	 1.3828e-02	 2.4368e-10	-1.4075e-08	 2.2567e-11	 2.8947e+07	 2.8617e+02	 9.7679e+03
 1.0029e+04	 9.7497e+03	 1.8113e+00	 2.5786e-02	 1.4380e-10	-4.5245e-09	 2.2725e-11	 4.9054e+07	 2.8617e+02	 9.7707e+03
 3.1737e+03	 9.7497e+03	 1.8321e+00	 3.8498e-02	 6.7940e-11	-1.4685e-09	 2.2986e-11	 1.0383e+08	 2.8617e+02	 9.7732e+03
 1.0043e+03	 9.7497e+03	 1.8484e+00	 6.7531e-02	 3.7714e-11	-4.7380e-10	 2.3190e-11	 1.8704e+08	 2.8617e+02	 9.7756e+03
 3.1783e+02	 9.7497e+03	 1.8734e+00	 1.7259e-01	 3.0501e-11	-1.5436e-10	 2.3504e-11	 2.3127e+08	 2.8617e+02	 9.7782e+03
 1.0058e+02	 9.7497e+03	 1.9840e+00	 4.6371e-01	 2.5934e-11	-5.5032e-11	 2.4891e-11	 2.7199e+08	 2.8617e+02	 9.7808e+03
 3.1829e+01	 9.7497e+03	 2.3534e+00	 1.0966e+00	 1.9409e-11	-2.3954e-11	 2.9526e-11	 3.6344e+08	 2.8617e+02	 9.7836e+03
 1.0072e+01	 9.7497e+03	 3.0435e+00	 2.4867e+00	 1.3928e-11	-1.1446e-11	 3.8185e-11	 5.0648e+08	 2.8617e+02	 9.7866e+03
 3.1874e+00	 9.7497e+03	 4.2337e+00	 6.4553e+00	 1.1441e-11	-5.7314e-12	 5.3116e-11	 6.1653e+08	 2.8617e+02	 9.7908e+03
 1.0087e+00	 9.7497e+03	 7.0722e+00	 1.8192e+01	 1.0204e-11	-3.4059e-12	 8.8729e-11	 6.9133e+08	 2.8618e+02	 9.7954e+03
 1.0000e+06	 9.7927e+03	 1.7903e+00	 1.6009e-03	 8.9021e-10	-4.3948e-07	 2.2462e-11	 7.9239e+06	 2.8617e+02	 9.8032e+03
 3.1646e+05	 9.7927e+03	 1.7913e+00	 3.5814e-03	 6.3022e-10	-1.3924e-07	 2.2473e-11	 1.1193e+07	 2.8617e+02	 9.8061e+03
 1.0014e+05	 9.7927e+03	 1.7936e+00	 6.8022e-03	 3.7879e-10	-4.4195e-08	 2.2503e-11	 1.8622e+07	 2.8617e+02	 9.8085e+03
 3.1691e+04	 9.7927e+03	 1.7987e+00	 1.3823e-02	 2.4359e-10	-1.4076e-08	 2.2567e-11	 2.8959e+07	 2.8616e+02	 9.8111e+03
 1.0029e+04	 9.7927e+03	 1.8114e+00	 2.5802e-02	 1.4389e-10	-4.5247e-09	 2.2726e-11	 4.9024e+07	 2.8617e+02	 9.8136e+03
 3.1737e+03	 9.7927e+03	 1.8321e+00	 3.8298e-02	 6.7588e-11	-1.4685e-09	 2.2986e-11	 1.0437e+08	 2.8616e+02	 9.8161e+03
 1.0043e+03	 9.7927e+03	 1.8484e+00	 6.7636e-02	 3.7773e-11	-4.7380e-10	 2.3190e-11	 1.8675e+08	 2.8616e+02	 9.8186e+03
 3.1783e+02	 9.7927e+03	 1.8737e+00	 1.7273e-01	 3.0527e-11	-1.5441e-10	 2.3508e-11	 2.3107e+08	 2.8617e+02	 9.8210e+03
 1.0058e+02	 9.7927e+03	 1.9847e+00	 4.6348e-01	 2.5921e-11	-5.5071e-11	 2.4900e-11	 2.7213e+08	 2.8617e+02	 9.8235e+03
 3.1829e+01	 9.7927e+03	 2.3567e+00	 1.0928e+00	 1.9341e-11	-2.4012e-11	 2.9568e-11	 3.6472e+08	 2.8617e+02	 9.8263e+03
 1.0072e+01	 9.7927e+03	 3.0500e+00	 2.4752e+00	 1.3863e-11	-1.1482e-11	 3.8266e-11	 5.0883e+08	 2.8617e+02	 9.8294e+03
 3.1874e+00	 9.7927e+03	 4.2382e+00	 6.4467e+00	 1.1426e-11	-5.7394e-12	 5.3173e-11	 6.1735e+08	 2.8616e+02	 9.8335e+03
 1.0087e+00	 9.7927e+03	 6.9005e+00	 1.8086e+01	 1.0145e-11	-3.3095e-12	 8.6575e-11	 6.9535e+08	 2.8617e+02	 9.8381e+03
 1.0000e+06	 9.8353e+03	 1.7904e+00	 1.5879e-03	 8.8298e-10	-4.3952e-07	 2.2463e-11	 7.9888e+06	 2.8617e+02	 9.8458e+03
 3.1646e+05	 9.8353e+03	 1.7913e+00	 3.6625e-03	 6.4448e-10	-1.3925e-07	 2.2474e-11	 1.0945e+07	 2.8616e+02	 9.8482e+03
 1.0014e+05	 9.8353e+03	 1.7937e+00	 6.8595e-03	 3.8198e-10	-4.4196e-08	 2.2503e-11	 1.8467e+07	 2.8617e+02	 9.8507e+03
 3.1691e+04	 9.8353e+03	 1.7988e+00	 1.3890e-02	 2.4478e-10	-1.4077e-08	 2.2568e-11	 2.8818e+07	 2.8617e+02	 9.8532e+03
 1.0029e+04	 9.8353e+03	 1.8114e+00	 2.5818e-02	 1.4398e-10	-4.5250e-09	 2.2726e-11	 4.8993e+07	 2.8617e+02	 9.8558e+03
 3.1737e+03	 9.8353e+03	 1.8322e+00	 3.8425e-02	 6.7811e-11	-1.4686e-09	 2.2987e-11	 1.0402e+08	 2.8617e+02	 9.8582e+03
 1.0043e+03	 9.8353e+03	 1.8485e+00	 6.7864e-02	 3.7900e-11	-4.7384e-10	 2.3191e-11	 1.8612e+08	 2.8617e+02	 9.8609e+03
 3.1783e+02	 9.8353e+03	 1.8738e+00	 1.7362e-01	 3.0683e-11	-1.5443e-10	 2.3509e-11	 2.2990e+08	 2.8618e+02	 9.8634e+03
 1.0058e+02	 9.8353e+03	 1.9859e+00	 4.6591e-01	 2.6057e-11	-5.5138e-11	 2.4915e-11	 2.7071e+08	 2.8617e+02	 9.8660e+03
 3.1829e+01	 9.8353e+03	 2.3594e+00	 1.0976e+00	 1.9426e-11	-2.4059e-11	 2.9601e-11	 3.6313e+08	 2.8617e+02	 9.8690e+03
 1.0072e+01	 9.8353e+03	 3.0586e+00	 2.4857e+00	 1.3922e-11	-1.1530e-11	 3.8373e-11	 5.0669e+08	 2.8617e+02	 9.8719e+03
 3.1874e+00	 9.8353e+03	 4.2502e+00	 6.4864e+00	 1.1497e-11	-5.7607e-12	 5.3323e-11	 6.1357e+08	 2.8617e+02	 9.8761e+03
 1.0087e+00	 9.8353e+03	 7.0783e+00	 1.8331e+01	 1.0282e-11	-3.4093e-12	 8.8805e-11	 6.8606e+08	 2.8617e+02	 9.8806e+03
 1.0000e+06	 9.8779e+03	 1.7904e+00	 1.6134e-03	 8.9715e-10	-4.3952e-07	 2.2463e-11	 7.8627e+06	 2.8618e+02	 9.8886e+03
 3.1646e+05	 9.8779e+03	 1.7914e+00	 3.5590e-03	 6.2627e-10	-1.3925e-07	 2.2475e-11	 1.1263e+07	 2.8617e+02	 9.8910e+03
 1.0014e+05	 9.8779e+03	 1.7937e+00	 6.8554e-03	 3.8175e-10	-4.4199e-08	 2.2504e-11	 1.8478e+07	 2.8617e+02	 9.8935e+03
 3.1691e+04	 9.8779e+03	 1.7988e+00	 1.3914e-02	 2.4520e-10	-1.4077e-08	 2.2569e-11	 2.8769e+07	 2.8617e+02	 9.8960e+03
 1.0029e+04	 9.8779e+03	 1.8115e+00	 2.5872e-02	 1.4428e-10	-4.5255e-09	 2.2727e-11	 4.8890e+07	 2.8617e+02	 9.8985e+03
 3.1737e+03	 9.8779e+03	 1.8323e+00	 3.8656e-02	 6.8220e-11	-1.4688e-09	 2.2988e-11	 1.0340e+08	 2.8617e+02	 9.9010e+03
 1.0043e+03	 9.8779e+03	 1.8486e+00	 6.8087e-02	 3.8025e-11	-4.7393e-10	 2.3193e-11	 1.8551e+08	 2.8618e+02	 9.9035e+03
 3.1783e+02	 9.8779e+03	 1.8743e+00	 1.7414e-01	 3.0776e-11	-1.5452e-10	 2.3515e-11	 2.2920e+08	 2.8617e+02	 9.9059e+03
 1.0058e+02	 9.8779e+03	 1.9872e+00	 4.6623e-01	 2.6075e-11	-5.5214e-11	 2.4932e-11	 2.7053e+08	 2.8617e+02	 9.9087e+03
 3.1829e+01	 9.8779e+03	 2.3640e+00	 1.0975e+00	 1.9423e-11	-2.4140e-11	 2.9659e-11	 3.6317e+08	 2.8617e+02	 9.9117e+03
 1.0072e+01	 9.8779e+03	 3.0654e+00	 2.4767e+00	 1.3872e-11	-1.1568e-11	 3.8459e-11	 5.0852e+08	 2.8618e+02	 9.9147e+03
 3.1874e+00	 9.8779e+03	 4.2563e+00	 6.4785e+00	 1.1483e-11	-5.7715e-12	 5.3400e-11	 6.1431e+08	 2.8617e+02	 9.9189e+03
 1.0087e+00	 9.8779e+03	 6.9043e+00	 1.8082e+01	 1.0142e-11	-3.3116e-12	 8.6622e-11	 6.9553e+08	 2.8618e+02	 9.9236e+03
 1.0000e+06	 9.9209e+03	 1.7904e+00	 1.6271e-03	 9.0477e-10	-4.3952e-07	 2.2463e-11	 7.7964e+06	 2.8617e+02	 9.9313e+03
 3.1646e+05	 9.9209e+03	 1.7914e+00	 3.6101e-03	 6.3526e-10	-1.3926e-07	 2.2475e-11	 1.1104e+07	 2.8618e+02	 9.9339e+03
 1.0014e+05	 9.9209e+03	 1.7937e+00	 6.8665e-03	 3.8237e-10	-4.4198e-08	 2.2504e-11	 1.8448e+07	 2.8618e+02	 9.9364e+03
 3.1691e+04	 9.9209e+03	 1.7989e+00	 1.3922e-02	 2.4533e-10	-1.4078e-08	 2.2569e-11	 2.8752e+07	 2.8617e+02	 9.9390e+03
 1.0029e+04	 9.9209e+03	 1.8116e+00	 2.5911e-02	 1.4450e-10	-4.5258e-09	 2.2728e-11	 4.8817e+07	 2.8617e+02	 9.9415e+03
 3.1737e+03	 9.9209e+03	 1.8323e+00	 3.8559e-02	 6.8047e-11	-1.4689e-09	 2.2989e-11	 1.0366e+08	 2.8618e+02	 9.9439e+03
 1.0043e+03	 9.9209e+03	 1.8487e+00	 6.8056e-02	 3.8007e-11	-4.7398e-10	 2.3194e-11	 1.8559e+08	 2.8618e+02	 9.9465e+03
 3.1783e+02	 9.9209e+03	 1.8749e+00	 1.7390e-01	 3.0733e-11	-1.5463e-10	 2.3523e-11	 2.2952e+08	 2.8617e+02	 9.9492e+03
 1.0058e+02	 9.9209e+03	 1.9897e+00	 4.6347e-01	 2.5921e-11	-5.5351e-11	 2.4963e-11	 2.7214e+08	 2.8618e+02	 9.9520e+03
 3.1829e+01	 9.9209e+03	 2.3676e+00	 1.0871e+00	 1.9240e-11	-2.4205e-11	 2.9705e-11	 3.6663e+08	 2.8618e+02	 9.9549e+03
 1.0072e+01	 9.9209e+03	 3.0671e+00	 2.4674e+00	 1.3819e-11	-1.1577e-11	 3.8480e-11	 5.1044e+08	 2.8618e+02	 9.9579e+03
 3.1874e+00	 9.9209e+03	 4.2708e+00	 6.4744e+00	 1.1475e-11	-5.7973e-12	 5.3582e-11	 6.1471e+08	 2.8618e+02	 9.9619e+03
 1.0087e+00	 9.9209e+03	 7.1119e+00	 1.8294e+01	 1.0261e-11	-3.4281e-12	 8.9226e-11	 6.8746e+08	 2.8618e+02	 9.9665e+03
 1.0000e+06	 9.9638e+03	 1.7904e+00	 1.6618e-03	 9.2405e-10	-4.3952e-07	 2.2463e-11	 7.6338e+06	 2.8618e+02	 9.9745e+03
 3.1646e+05	 9.9638e+03	 1.7913e+00	 3.6633e-03	 6.4462e-10	-1.3924e-07	 2.2474e-11	 1.0943e+07	 2.8618e+02	 9.9769e+03
 1.0014e+05	 9.9638e+03	 1.7937e+00	 6.9002e-03	 3.8425e-10	-4.4197e-08	 2.2504e-11	 1.8358e+07	 2.8618e+02	 9.9794e+03
 3.1691e+04	 9.9638e+03	 1.7988e+00	 1.3909e-02	 2.4510e-10	-1.4077e-08	 2.2569e-11	 2.8780e+07	 2.8618e+02	 9.9820e+03
 1.0029e+04	 9.9638e+03	 1.8115e+00	 2.5877e-02	 1.4431e-10	-4.5254e-09	 2.2727e-11	 4.8881e+07	 2.8619e+02	 9.9844e+03
 3.1737e+03	 9.9638e+03	 1.8323e+00	 3.8489e-02	 6.7925e-11	-1.4688e-09	 2.2988e-11	 1.0385e+08	 2.8618e+02	 9.9869e+03
 1.0043e+03	 9.9638e+03	 1.8485e+00	 6.7887e-02	 3.7913e-11	-4.7389e-10	 2.3192e-11	 1.8606e+08	 2.8618e+02	 9.9895e+03
 3.1783e+02	 9.9638e+03	 1.8737e+00	 1.7377e-01	 3.0710e-11	-1.5441e-10	 2.3508e-11	 2.2970e+08	 2.8618e+02	 9.9919e+03
 1.0058e+02	 9.9638e+03	 1.9851e+00	 4.6619e-01	 2.6073e-11	-5.5095e-11	 2.4905e-11	 2.7055e+08	 2.8618e+02	 9.9947e+03
 3.1829e+01	 9.9638e+03	 2.3590e+00	 1.0998e+00	 1.9464e-11	-2.4052e-11	 2.9596e-11	 3.6241e+08	 2.8618e+02	 9.9976e+03
 1.0072e+01	 9.9638e+03	 3.0567e+00	 2.4963e+00	 1.3981e-11	-1.1519e-11	 3.8350e-11	 5.0453e+08	 2.8618e+02	 1.0001e+04
 3.1874e+00	 9.9638e+03	 4.2482e+00	 6.4690e+00	 1.1466e-11	-5.7572e-12	 5.3299e-11	 6.1522e+08	 2.8618e+02	 1.0005e+04
 1.0087e+00	 9.9638e+03	 7.1020e+00	 1.8149e+01	 1.0180e-11	-3.4225e-12	 8.9103e-11	 6.9294e+08	 2.8618e+02	 1.0009e+04
 1.0000e+06	 1.0006e+04	 1.7904e+00	 1.6623e-03	 9.2433e-10	-4.3952e-07	 2.2463e-11	 7.6314e+06	 2.8619e+02	 1.0017e+04
 3.1646e+05	 1.0006e+04	 1.7913e+00	 3.5750e-03	 6.2909e-10	-1.3925e-07	 2.2474e-11	 1.1213e+07	 2.8618e+02	 1.0020e+04
 1.0014e+05	 1.0006e+04	 1.7937e+00	 6.8569e-03	 3.8184e-10	-4.4198e-08	 2.2504e-11	 1.8474e+07	 2.8618e+02	 1.0022e+04
 3.1691e+04	 1.0006e+04	 1.7988e+00	 1.3865e-02	 2.4434e-10	-1.4077e-08	 2.2568e-11	 2.8870e+07	 2.8618e+02	 1.0024e+04
 1.0029e+04	 1.0006e+04	 1.8115e+00	 2.5874e-02	 1.4429e-10	-4.5253e-09	 2.2727e-11	 4.8888e+07	 2.8618e+02	 1.0027e+04
 3.1737e+03	 1.0006e+04	 1.8323e+00	 3.8380e-02	 6.7732e-11	-1.4688e-09	 2.2988e-11	 1.0415e+08	 2.8618e+02	 1.0030e+04
 1.0043e+03	 1.0006e+04	 1.8485e+00	 6.7719e-02	 3.7819e-11	-4.7386e-10	 2.3192e-11	 1.8652e+08	 2.8619e+02	 1.0032e+04
 3.1783e+02	 1.0006e+04	 1.8735e+00	 1.7336e-01	 3.0639e-11	-1.5437e-10	 2.3505e-11	 2.3023e+08	 2.8618e+02	 1.0035e+04
 1.0058e+02	 1.0006e+04	 1.9847e+00	 4.6610e-01	 2.6068e-11	-5.5075e-11	 2.4901e-11	 2.7060e+08	 2.8618e+02	 1.0037e+04
 3.1829e+01	 1.0006e+04	 2.3569e+00	 1.1022e+00	 1.9507e-11	-2.4016e-11	 2.9570e-11	 3.6162e+08	 2.8618e+02	 1.0040e+04
 1.0072e+01	 1.0006e+04	 3.0529e+00	 2.4886e+00	 1.3938e-11	-1.1498e-11	 3.8303e-11	 5.0610e+08	 2.8619e+02	 1.0043e+04
 3.1874e+00	 1.0006e+04	 4.2410e+00	 6.4324e+00	 1.1401e-11	-5.7444e-12	 5.3208e-11	 6.1872e+08	 2.8619e+02	 1.0047e+04
 1.0087e+00	 1.0006e+04	 6.9316e+00	 1.7934e+01	 1.0059e-11	-3.3270e-12	 8.6964e-11	 7.0125e+08	 2.8619e+02	 1.0052e+04
 1.0000e+06	 1.0049e+04	 1.7904e+00	 1.5797e-03	 8.7843e-10	-4.3950e-07	 2.2462e-11	 8.0302e+06	 2.8618e+02	 1.0059e+04
 3.1646e+05	 1.0049e+04	 1.7913e+00	 3.6024e-03	 6.3391e-10	-1.3924e-07	 2.2474e-11	 1.1128e+07	 2.8618e+02	 1.0062e+04
 1.0014e+05	 1.0049e+04	 1.7937e+00	 6.8555e-03	 3.8176e-10	-4.4199e-08	 2.2504e-11	 1.8477e+07	 2.8619e+02	 1.0064e+04
 3.1691e+04	 1.0049e+04	 1.7988e+00	 1.3883e-02	 2.4464e-10	-1.4077e-08	 2.2569e-11	 2.8833e+07	 2.8618e+02	 1.0067e+04
 1.0029e+04	 1.0049e+04	 1.8115e+00	 2.5834e-02	 1.4407e-10	-4.5255e-09	 2.2727e-11	 4.8962e+07	 2.8619e+02	 1.0069e+04
 3.1737e+03	 1.0049e+04	 1.8323e+00	 3.8424e-02	 6.7809e-11	-1.4689e-09	 2.2989e-11	 1.0403e+08	 2.8620e+02	 1.0072e+04
 1.0043e+03	 1.0049e+04	 1.8487e+00	 6.7843e-02	 3.7888e-11	-4.7398e-10	 2.3194e-11	 1.8618e+08	 2.8618e+02	 1.0074e+04
 3.1783e+02	 1.0049e+04	 1.8748e+00	 1.7298e-01	 3.0571e-11	-1.5460e-10	 2.3521e-11	 2.3074e+08	 2.8619e+02	 1.0077e+04
 1.0058e+02	 1.0049e+04	 1.9889e+00	 4.6149e-01	 2.5810e-11	-5.5306e-11	 2.4953e-11	 2.7331e+08	 2.8619e+02	 1.0079e+04
 3.1829e+01	 1.0049e+04	 2.3645e+00	 1.0860e+00	 1.9222e-11	-2.4149e-11	 2.9665e-11	 3.6698e+08	 2.8618e+02	 1.0082e+04
 1.0072e+01	 1.0049e+04	 3.0654e+00	 2.4533e+00	 1.3741e-11	-1.1568e-11	 3.8459e-11	 5.1336e+08	 2.8619e+02	 1.0085e+04
 3.1874e+00	 1.0049e+04	 4.2508e+00	 6.4087e+00	 1.1359e-11	-5.7618e-12	 5.3331e-11	 6.2101e+08	 2.8618e+02	 1.0089e+04
 1.0087e+00	 1.0049e+04	 6.9804e+00	 1.8060e+01	 1.0130e-11	-3.3544e-12	 8.7577e-11	 6.9635e+08	 2.8619e+02	 1.0094e+04
 1.0000e+06	 1.0091e+04	 1.7905e+00	 1.5647e-03	 8.7007e-10	-4.3955e-07	 2.2463e-11	 8.1073e+06	 2.8619e+02	 1.0102e+04
 3.1646e+05	 1.0091e+04	 1.7913e+00	 3.6667e-03	 6.4523e-10	-1.3924e-07	 2.2474e-11	 1.0933e+07	 2.8619e+02	 1.0104e+04
 1.0014e+05	 1.0091e+04	 1.7938e+00	 6.8769e-03	 3.8295e-10	-4.4203e-08	 2.2505e-11	 1.8420e+07	 2.8619e+02	 1.0107e+04
 3.1691e+04	 1.0091e+04	 1.7989e+00	 1.3928e-02	 2.4545e-10	-1.4078e-08	 2.2569e-11	 2.8739e+07	 2.8619e+02	 1.0110e+04
 1.0029e+04	 1.0091e+04	 1.8116e+00	 2.5905e-02	 1.4446e-10	-4.5259e-09	 2.2728e-11	 4.8829e+07	 2.8619e+02	 1.0112e+04
 3.1737e+03	 1.0091e+04	 1.8324e+00	 3.8563e-02	 6.8054e-11	-1.4690e-09	 2.2990e-11	 1.0365e+08	 2.8619e+02	 1.0115e+04
 1.0043e+03	 1.0091e+04	 1.8487e+00	 6.8037e-02	 3.7997e-11	-4.7399e-10	 2.3194e-11	 1.8565e+08	 2.8620e+02	 1.0117e+04
 3.1783e+02	 1.0091e+04	 1.8746e+00	 1.7387e-01	 3.0728e-11	-1.5456e-10	 2.3519e-11	 2.2956e+08	 2.8619e+02	 1.0120e+04
 1.0058e+02	 1.0091e+04	 1.9884e+00	 4.6481e-01	 2.5996e-11	-5.5279e-11	 2.4947e-11	 2.7135e+08	 2.8620e+02	 1.0122e+04
 3.1829e+01	 1.0091e+04	 2.3681e+00	 1.0926e+00	 1.9338e-11	-2.4213e-11	 2.9710e-11	 3.6477e+08	 2.8620e+02	 1.0125e+04
 1.0072e+01	 1.0091e+04	 3.0750e+00	 2.4662e+00	 1.3813e-11	-1.1622e-11	 3.8580e-11	 5.1069e+08	 2.8620e+02	 1.0128e+04
 3.1874e+00	 1.0091e+04	 4.2748e+00	 6.4168e+00	 1.1373e-11	-5.8043e-12	 5.3632e-11	 6.2023e+08	 2.8620e+02	 1.0132e+04
 1.0087e+00	 1.0091e+04	 7.0562e+00	 1.8126e+01	 1.0167e-11	-3.3968e-12	 8.8528e-11	 6.9381e+08	 2.8619e+02	 1.0137e+04
 1.0000e+06	 1.0134e+04	 1.7905e+00	 1.6477e-03	 9.1622e-10	-4.3955e-07	 2.2463e-11	 7.6989e+06	 2.8619e+02	 1.0145e+04
 3.1646e+05	 1.0134e+04	 1.7914e+00	 3.6759e-03	 6.4684e-10	-1.3927e-07	 2.2476e-11	 1.0905e+07	 2.8620e+02	 1.0147e+04
 1.0014e+05	 1.0134e+04	 1.7937e+00	 6.9262e-03	 3.8569e-10	-4.4200e-08	 2.2504e-11	 1.8289e+07	 2.8620e+02	 1.0150e+04
 3.1691e+04	 1.0134e+04	 1.7989e+00	 1.3938e-02	 2.4562e-10	-1.4079e-08	 2.2570e-11	 2.8719e+07	 2.8620e+02	 1.0152e+04
 1.0029e+04	 1.0134e+04	 1.8116e+00	 2.5927e-02	 1.4458e-10	-4.5262e-09	 2.2729e-11	 4.8788e+07	 2.8620e+02	 1.0155e+04
 3.1737e+03	 1.0134e+04	 1.8324e+00	 3.8539e-02	 6.8013e-11	-1.4690e-09	 2.2990e-11	 1.0371e+08	 2.8620e+02	 1.0157e+04
 1.0043e+03	 1.0134e+04	 1.8488e+00	 6.8182e-02	 3.8078e-11	-4.7406e-10	 2.3196e-11	 1.8525e+08	 2.8620e+02	 1.0160e+04
 3.1783e+02	 1.0134e+04	 1.8747e+00	 1.7441e-01	 3.0824e-11	-1.5459e-10	 2.3520e-11	 2.2885e+08	 2.8621e+02	 1.0163e+04
 1.0058e+02	 1.0134e+04	 1.9887e+00	 4.6628e-01	 2.6078e-11	-5.5296e-11	 2.4951e-11	 2.7050e+08	 2.8620e+02	 1.0165e+04
 3.1829e+01	 1.0134e+04	 2.3691e+00	 1.0969e+00	 1.9414e-11	-2.4231e-11	 2.9723e-11	 3.6334e+08	 2.8620e+02	 1.0168e+04
 1.0072e+01	 1.0134e+04	 3.0813e+00	 2.4746e+00	 1.3860e-11	-1.1657e-11	 3.8659e-11	 5.0894e+08	 2.8620e+02	 1.0171e+04
 3.1874e+00	 1.0134e+04	 4.2804e+00	 6.4190e+00	 1.1377e-11	-5.8142e-12	 5.3702e-11	 6.2001e+08	 2.8620e+02	 1.0175e+04
 1.0087e+00	 1.0134e+04	 7.1000e+00	 1.8134e+01	 1.0171e-11	-3.4214e-12	 8.9078e-11	 6.9354e+08	 2.8620e+02	 1.0180e+04
 1.0000e+06	 1.0177e+04	 1.7905e+00	 1.5747e-03	 8.7565e-10	-4.3956e-07	 2.2464e-11	 8.0557e+06	 2.8620e+02	 1.0188e+04
 3.1646e+05	 1.0177e+04	 1.7914e+00	 3.6334e-03	 6.3937e-10	-1.3927e-07	 2.2476e-11	 1.1033e+07	 2.8621e+02	 1.0190e+04
 1.0014e+05	 1.0177e+04	 1.7938e+00	 6.9143e-03	 3.8503e-10	-4.4205e-08	 2.2505e-11	 1.8320e+07	 2.8620e+02	 1.0193e+04
 3.1691e+04	 1.0177e+04	 1.7990e+00	 1.3974e-02	 2.4625e-10	-1.4079e-08	 2.2570e-11	 2.8646e+07	 2.8620e+02	 1.0196e+04
 1.0029e+04	 1.0177e+04	 1.8117e+00	 2.5985e-02	 1.4491e-10	-4.5268e-09	 2.2730e-11	 4.8679e+07	 2.8620e+02	 1.0198e+04
 3.1737e+03	 1.0177e+04	 1.8326e+00	 3.8653e-02	 6.8213e-11	-1.4693e-09	 2.2992e-11	 1.0341e+08	 2.8620e+02	 1.0201e+04
 1.0043e+03	 1.0177e+04	 1.8487e+00	 6.8369e-02	 3.8182e-11	-4.7398e-10	 2.3194e-11	 1.8475e+08	 2.8620e+02	 1.0203e+04
 3.1783e+02	 1.0177e+04	 1.8741e+00	 1.7536e-01	 3.0992e-11	-1.5448e-10	 2.3513e-11	 2.2761e+08	 2.8620e+02	 1.0206e+04
 1.0058e+02	 1.0177e+04	 1.9871e+00	 4.7128e-01	 2.6358e-11	-5.5209e-11	 2.4931e-11	 2.6763e+08	 2.8620e+02	 1.0208e+04
 3.1829e+01	 1.0177e+04	 2.3652e+00	 1.1120e+00	 1.9682e-11	-2.4161e-11	 2.9674e-11	 3.5840e+08	 2.8620e+02	 1.0211e+04
 1.0072e+01	 1.0177e+04	 3.0738e+00	 2.5003e+00	 1.4004e-11	-1.1615e-11	 3.8565e-11	 5.0372e+08	 2.8620e+02	 1.0214e+04
 3.1874e+00	 1.0177e+04	 4.2839e+00	 6.4679e+00	 1.1464e-11	-5.8205e-12	 5.3747e-11	 6.1532e+08	 2.8620e+02	 1.0218e+04
 1.0087e+00	 1.0177e+04	 6.9413e+00	 1.8096e+01	 1.0150e-11	-3.3324e-12	 8.7087e-11	 6.9497e+08	 2.8620e+02	 1.0223e+04
 1.0000e+06	 1.0220e+04	 1.7906e+00	 1.6600e-03	 9.2304e-10	-4.3960e-07	 2.2465e-11	 7.6421e+06	 2.8621e+02	 1.0231e+04
 3.1646e+05	 1.0220e+04	 1.7913e+00	 3.6735e-03	 6.4641e-10	-1.3925e-07	 2.2474e-11	 1.0912e+07	 2.8620e+02	 1.0233e+04
 1.0014e+05	 1.0220e+04	 1.7938e+00	 6.9287e-03	 3.8583e-10	-4.4204e-08	 2.2505e-11	 1.8282e+07	 2.8621e+02	 1.0236e+04
 3.1691e+04	 1.0220e+04	 1.7990e+00	 1.4012e-02	 2.4692e-10	-1.4080e-08	 2.2570e-11	 2.8568e+07	 2.8621e+02	 1.0238e+04
 1.0029e+04	 1.0220e+04	 1.8118e+00	 2.6009e-02	 1.4504e-10	-4.5271e-09	 2.2731e-11	 4.8633e+07	 2.8620e+02	 1.0241e+04
 3.1737e+03	 1.0220e+04	 1.8327e+00	 3.8697e-02	 6.8292e-11	-1.4694e-09	 2.2993e-11	 1.0329e+08	 2.8621e+02	 1.0243e+04
 1.0043e+03	 1.0220e+04	 1.8488e+00	 6.8574e-02	 3.8297e-11	-4.7403e-10	 2.3195e-11	 1.8419e+08	 2.8621e+02	 1.0246e+04
 3.1783e+02	 1.0220e+04	 1.8744e+00	 1.7600e-01	 3.1104e-11	-1.5453e-10	 2.3516e-11	 2.2679e+08	 2.8621e+02	 1.0248e+04
 1.0058e+02	 1.0220e+04	 1.9883e+00	 4.7242e-01	 2.6422e-11	-5.5273e-11	 2.4946e-11	 2.6698e+08	 2.8621e+02	 1.0251e+04
 3.1829e+01	 1.0220e+04	 2.3694e+00	 1.1117e+00	 1.9676e-11	-2.4236e-11	 2.9726e-11	 3.5850e+08	 2.8621e+02	 1.0254e+04
 1.0072e+01	 1.0220e+04	 3.0817e+00	 2.5020e+00	 1.4013e-11	-1.1659e-11	 3.8663e-11	 5.0337e+08	 2.8621e+02	 1.0257e+04
 3.1874e+00	 1.0220e+04	 4.2891e+00	 6.4723e+00	 1.1472e-11	-5.8297e-12	 5.3812e-11	 6.1491e+08	 2.8621e+02	 1.0261e+04
 1.0087e+00	 1.0220e+04	 6.9664e+00	 1.8053e+01	 1.0126e-11	-3.3465e-12	 8.7401e-11	 6.9664e+08	 2.8621e+02	 1.0266e+04
 1.0000e+06	 1.0263e+04	 1.7905e+00	 1.5929e-03	 8.8575e-10	-4.3959e-07	 2.2464e-11	 7.9638e+06	 2.8621e+02	 1.0274e+04
 3.1646e+05	 1.0263e+04	 1.7915e+00	 3.6842e-03	 6.4831e-10	-1.3928e-07	 2.2477e-11	 1.0881e+07	 2.8621e+02	 1.0276e+04
 1.0014e+05	 1.0263e+04	 1.7938e+00	 6.9621e-03	 3.8769e-10	-4.4206e-08	 2.2506e-11	 1.8195e+07	 2.8621e+02	 1.0279e+04
 3.1691e+04	 1.0263e+04	 1.7991e+00	 1.4035e-02	 2.4733e-10	-1.4081e-08	 2.2571e-11	 2.8520e+07	 2.8621e+02	 1.0282e+04
 1.0029e+04	 1.0263e+04	 1.8118e+00	 2.6088e-02	 1.4548e-10	-4.5274e-09	 2.2732e-11	 4.8486e+07	 2.8621e+02	 1.0284e+04
 3.1737e+03	 1.0263e+04	 1.8327e+00	 3.8745e-02	 6.8376e-11	-1.4695e-09	 2.2993e-11	 1.0316e+08	 2.8621e+02	 1.0287e+04
 1.0043e+03	 1.0263e+04	 1.8490e+00	 6.8712e-02	 3.8374e-11	-4.7417e-10	 2.3198e-11	 1.8382e+08	 2.8621e+02	 1.0289e+04
 3.1783e+02	 1.0263e+04	 1.8755e+00	 1.7592e-01	 3.1091e-11	-1.5473e-10	 2.3530e-11	 2.2688e+08	 2.8621e+02	 1.0292e+04
 1.0058e+02	 1.0263e+04	 1.9917e+00	 4.6936e-01	 2.6250e-11	-5.5462e-11	 2.4988e-11	 2.6872e+08	 2.8621e+02	 1.0294e+04
 3.1829e+01	 1.0263e+04	 2.3745e+00	 1.1001e+00	 1.9471e-11	-2.4326e-11	 2.9791e-11	 3.6229e+08	 2.8621e+02	 1.0297e+04
 1.0072e+01	 1.0263e+04	 3.0908e+00	 2.4745e+00	 1.3859e-11	-1.1710e-11	 3.8778e-11	 5.0897e+08	 2.8620e+02	 1.0300e+04
 3.1874e+00	 1.0263e+04	 4.3014e+00	 6.4955e+00	 1.1513e-11	-5.8514e-12	 5.3966e-11	 6.1271e+08	 2.8621e+02	 1.0304e+04
 1.0087e+00	 1.0263e+04	 7.1350e+00	 1.8364e+01	 1.0300e-11	-3.4411e-12	 8.9517e-11	 6.8484e+08	 2.8620e+02	 1.0309e+04
 1.0000e+06	 1.0306e+04	 1.7905e+00	 1.6003e-03	 8.8984e-10	-4.3958e-07	 2.2464e-11	 7.9272e+06	 2.8621e+02	 1.0317e+04
 3.1646e+05	 1.0306e+04	 1.7914e+00	 3.6480e-03	 6.4193e-10	-1.3927e-07	 2.2476e-11	 1.0989e+07	 2.8621e+02	 1.0319e+04
 1.0014e+05	 1.0306e+04	 1.7939e+00	 6.9468e-03	 3.8684e-10	-4.4207e-08	 2.2506e-11	 1.8235e+07	 2.8621e+02	 1.0322e+04
 3.1691e+04	 1.0306e+04	 1.7991e+00	 1.4038e-02	 2.4738e-10	-1.4081e-08	 2.2571e-11	 2.8515e+07	 2.8621e+02	 1.0325e+04
 1.0029e+04	 1.0306e+04	 1.8119e+00	 2.6040e-02	 1.4521e-10	-4.5276e-09	 2.2732e-11	 4.8576e+07	 2.8621e+02	 1.0327e+04
 3.1737e+03	 1.0306e+04	 1.8326e+00	 3.8790e-02	 6.8456e-11	-1.4694e-09	 2.2993e-11	 1.0304e+08	 2.8622e+02	 1.0330e+04
 1.0043e+03	 1.0306e+04	 1.8489e+00	 6.8749e-02	 3.8394e-11	-4.7408e-10	 2.3197e-11	 1.8372e+08	 2.8621e+02	 1.0332e+04
 3.1783e+02	 1.0306e+04	 1.8748e+00	 1.7615e-01	 3.1130e-11	-1.5461e-10	 2.3522e-11	 2.2659e+08	 2.8622e+02	 1.0334e+04
 1.0058e+02	 1.0306e+04	 1.9892e+00	 4.7136e-01	 2.6362e-11	-5.5326e-11	 2.4957e-11	 2.6758e+08	 2.8621e+02	 1.0337e+04
 3.1829e+01	 1.0306e+04	 2.3733e+00	 1.1075e+00	 1.9602e-11	-2.4306e-11	 2.9776e-11	 3.5986e+08	 2.8621e+02	 1.0340e+04
 1.0072e+01	 1.0306e+04	 3.0897e+00	 2.4851e+00	 1.3919e-11	-1.1704e-11	 3.8764e-11	 5.0680e+08	 2.8621e+02	 1.0343e+04
 3.1874e+00	 1.0306e+04	 4.2958e+00	 6.4728e+00	 1.1472e-11	-5.8414e-12	 5.3895e-11	 6.1486e+08	 2.8622e+02	 1.0347e+04
 1.0087e+00	 1.0306e+04	 7.1407e+00	 1.8233e+01	 1.0227e-11	-3.4442e-12	 8.9588e-11	 6.8974e+08	 2.8621e+02	 1.0352e+04
 1.0000e+06	 1.0349e+04	 1.7906e+00	 1.6014e-03	 8.9046e-10	-4.3961e-07	 2.2465e-11	 7.9217e+06	 2.8621e+02	 1.0360e+04
 3.1646e+05	 1.0349e+04	 1.7915e+00	 3.6572e-03	 6.4355e-10	-1.3927e-07	 2.2476e-11	 1.0961e+07	 2.8621e+02	 1.0363e+04
 1.0014e+05	 1.0349e+04	 1.7938e+00	 6.9568e-03	 3.8740e-10	-4.4206e-08	 2.2506e-11	 1.8209e+07	 2.8621e+02	 1.0365e+04
 3.1691e+04	 1.0349e+04	 1.7990e+00	 1.4028e-02	 2.4720e-10	-1.4081e-08	 2.2571e-11	 2.8535e+07	 2.8621e+02	 1.0368e+04
 1.0029e+04	 1.0349e+04	 1.8118e+00	 2.6031e-02	 1.4517e-10	-4.5272e-09	 2.2731e-11	 4.8592e+07	 2.8621e+02	 1.0370e+04
 3.1737e+03	 1.0349e+04	 1.8326e+00	 3.8667e-02	 6.8238e-11	-1.4693e-09	 2.2992e-11	 1.0337e+08	 2.8621e+02	 1.0373e+04
 1.0043e+03	 1.0349e+04	 1.8489e+00	 6.8503e-02	 3.8257e-11	-4.7411e-10	 2.3197e-11	 1.8438e+08	 2.8622e+02	 1.0376e+04
 3.1783e+02	 1.0349e+04	 1.8753e+00	 1.7494e-01	 3.0918e-11	-1.5469e-10	 2.3527e-11	 2.2815e+08	 2.8622e+02	 1.0378e+04
 1.0058e+02	 1.0349e+04	 1.9904e+00	 4.6684e-01	 2.6109e-11	-5.5391e-11	 2.4972e-11	 2.7017e+08	 2.8621e+02	 1.0381e+04
 3.1829e+01	 1.0349e+04	 2.3725e+00	 1.0939e+00	 1.9360e-11	-2.4291e-11	 2.9765e-11	 3.6436e+08	 2.8621e+02	 1.0384e+04
 1.0072e+01	 1.0349e+04	 3.0853e+00	 2.4737e+00	 1.3855e-11	-1.1680e-11	 3.8709e-11	 5.0914e+08	 2.8621e+02	 1.0387e+04
 3.1874e+00	 1.0349e+04	 4.2716e+00	 6.4253e+00	 1.1388e-11	-5.7986e-12	 5.3592e-11	 6.1940e+08	 2.8621e+02	 1.0391e+04
 1.0087e+00	 1.0349e+04	 7.0993e+00	 1.8185e+01	 1.0200e-11	-3.4210e-12	 8.9069e-11	 6.9157e+08	 2.8621e+02	 1.0396e+04
 1.0000e+06	 1.0393e+04	 1.7905e+00	 1.6517e-03	 9.1845e-10	-4.3959e-07	 2.2464e-11	 7.6803e+06	 2.8621e+02	 1.0403e+04
 3.1646e+05	 1.0393e+04	 1.7914e+00	 3.6578e-03	 6.4365e-10	-1.3926e-07	 2.2475e-11	 1.0959e+07	 2.8621e+02	 1.0406e+04
 1.0014e+05	 1.0393e+04	 1.7938e+00	 6.9169e-03	 3.8517e-10	-4.4203e-08	 2.2505e-11	 1.8314e+07	 2.8621e+02	 1.0408e+04
 3.1691e+04	 1.0393e+04	 1.7990e+00	 1.3997e-02	 2.4665e-10	-1.4080e-08	 2.2570e-11	 2.8599e+07	 2.8621e+02	 1.0411e+04
 1.0029e+04	 1.0393e+04	 1.8117e+00	 2.5970e-02	 1.4483e-10	-4.5268e-09	 2.2730e-11	 4.8706e+07	 2.8621e+02	 1.0414e+04
 3.1737e+03	 1.0393e+04	 1.8325e+00	 3.8615e-02	 6.8146e-11	-1.4691e-09	 2.2990e-11	 1.0351e+08	 2.8621e+02	 1.0416e+04
 1.0043e+03	 1.0393e+04	 1.8487e+00	 6.8163e-02	 3.8067e-11	-4.7395e-10	 2.3194e-11	 1.8530e+08	 2.8621e+02	 1.0419e+04
 3.1783e+02	 1.0393e+04	 1.8739e+00	 1.7458e-01	 3.0853e-11	-1.5445e-10	 2.3510e-11	 2.2863e+08	 2.8621e+02	 1.0421e+04
 1.0058e+02	 1.0393e+04	 1.9860e+00	 4.6935e-01	 2.6250e-11	-5.5144e-11	 2.4917e-11	 2.6873e+08	 2.8621e+02	 1.0424e+04
 3.1829e+01	 1.0393e+04	 2.3625e+00	 1.1090e+00	 1.9628e-11	-2.4114e-11	 2.9640e-11	 3.5938e+08	 2.8621e+02	 1.0427e+04
 1.0072e+01	 1.0393e+04	 3.0724e+00	 2.4986e+00	 1.3994e-11	-1.1607e-11	 3.8546e-11	 5.0407e+08	 2.8621e+02	 1.0430e+04
 3.1874e+00	 1.0393e+04	 4.2644e+00	 6.4236e+00	 1.1385e-11	-5.7858e-12	 5.3501e-11	 6.1957e+08	 2.8621e+02	 1.0434e+04
 1.0087e+00	 1.0393e+04	 7.1263e+00	 1.8061e+01	 1.0130e-11	-3.4362e-12	 8.9408e-11	 6.9632e+08	 2.8621e+02	 1.0438e+04
 1.0000e+06	 1.0436e+04	 1.7905e+00	 1.6913e-03	 9.4045e-10	-4.3956e-07	 2.2464e-11	 7.5006e+06	 2.8621e+02	 1.0446e+04
 3.1646e+05	 1.0436e+04	 1.7914e+00	 3.5995e-03	 6.3339e-10	-1.3926e-07	 2.2475e-11	 1.1137e+07	 2.8621e+02	 1.0449e+04
 1.0014e+05	 1.0436e+04	 1.7938e+00	 6.8514e-03	 3.8153e-10	-4.4204e-08	 2.2505e-11	 1.8489e+07	 2.8621e+02	 1.0451e+04
 3.1691e+04	 1.0436e+04	 1.7989e+00	 1.3898e-02	 2.4492e-10	-1.4079e-08	 2.2570e-11	 2.8802e+07	 2.8621e+02	 1.0454e+04
 1.0029e+04	 1.0436e+04	 1.8116e+00	 2.5860e-02	 1.4421e-10	-4.5260e-09	 2.2729e-11	 4.8914e+07	 2.8621e+02	 1.0456e+04
 3.1737e+03	 1.0436e+04	 1.8324e+00	 3.8497e-02	 6.7938e-11	-1.4691e-09	 2.2990e-11	 1.0383e+08	 2.8621e+02	 1.0458e+04
 1.0043e+03	 1.0436e+04	 1.8486e+00	 6.7855e-02	 3.7895e-11	-4.7393e-10	 2.3193e-11	 1.8615e+08	 2.8621e+02	 1.0461e+04
 3.1783e+02	 1.0436e+04	 1.8736e+00	 1.7369e-01	 3.0697e-11	-1.5440e-10	 2.3507e-11	 2.2980e+08	 2.8621e+02	 1.0464e+04
 1.0058e+02	 1.0436e+04	 1.9850e+00	 4.6732e-01	 2.6136e-11	-5.5088e-11	 2.4904e-11	 2.6989e+08	 2.8620e+02	 1.0466e+04
 3.1829e+01	 1.0436e+04	 2.3612e+00	 1.1042e+00	 1.9544e-11	-2.4091e-11	 2.9624e-11	 3.6093e+08	 2.8620e+02	 1.0469e+04
 1.0072e+01	 1.0436e+04	 3.0707e+00	 2.4762e+00	 1.3869e-11	-1.1598e-11	 3.8525e-11	 5.0862e+08	 2.8621e+02	 1.0472e+04
 3.1874e+00	 1.0436e+04	 4.2526e+00	 6.3673e+00	 1.1285e-11	-5.7649e-12	 5.3353e-11	 6.2505e+08	 2.8621e+02	 1.0476e+04
 1.0087e+00	 1.0436e+04	 6.8988e+00	 1.7648e+01	 9.8986e-12	-3.3086e-12	 8.6554e-11	 7.1262e+08	 2.8620e+02	 1.0481e+04
 1.0000e+06	 1.0478e+04	 1.7905e+00	 1.5570e-03	 8.6578e-10	-4.3959e-07	 2.2464e-11	 8.1475e+06	 2.8621e+02	 1.0488e+04
 3.1646e+05	 1.0478e+04	 1.7914e+00	 3.6578e-03	 6.4365e-10	-1.3926e-07	 2.2475e-11	 1.0959e+07	 2.8621e+02	 1.0491e+04
 1.0014e+05	 1.0478e+04	 1.7938e+00	 6.8799e-03	 3.8312e-10	-4.4203e-08	 2.2505e-11	 1.8412e+07	 2.8620e+02	 1.0494e+04
 3.1691e+04	 1.0478e+04	 1.7989e+00	 1.3921e-02	 2.4532e-10	-1.4079e-08	 2.2570e-11	 2.8754e+07	 2.8621e+02	 1.0496e+04
 1.0029e+04	 1.0478e+04	 1.8116e+00	 2.5833e-02	 1.4406e-10	-4.5262e-09	 2.2729e-11	 4.8965e+07	 2.8621e+02	 1.0499e+04
 3.1737e+03	 1.0478e+04	 1.8325e+00	 3.8439e-02	 6.7835e-11	-1.4691e-09	 2.2991e-11	 1.0399e+08	 2.8621e+02	 1.0501e+04
 1.0043e+03	 1.0478e+04	 1.8488e+00	 6.7889e-02	 3.7914e-11	-4.7404e-10	 2.3196e-11	 1.8605e+08	 2.8621e+02	 1.0504e+04
 3.1783e+02	 1.0478e+04	 1.8747e+00	 1.7314e-01	 3.0599e-11	-1.5458e-10	 2.3520e-11	 2.3053e+08	 2.8620e+02	 1.0506e+04
 1.0058e+02	 1.0478e+04	 1.9876e+00	 4.6304e-01	 2.5897e-11	-5.5234e-11	 2.4937e-11	 2.7239e+08	 2.8621e+02	 1.0509e+04
 3.1829e+01	 1.0478e+04	 2.3681e+00	 1.0877e+00	 1.9252e-11	-2.4213e-11	 2.9710e-11	 3.6641e+08	 2.8620e+02	 1.0512e+04
 1.0072e+01	 1.0478e+04	 3.0818e+00	 2.4456e+00	 1.3697e-11	-1.1660e-11	 3.8665e-11	 5.1499e+08	 2.8620e+02	 1.0515e+04
 3.1874e+00	 1.0478e+04	 4.2820e+00	 6.3327e+00	 1.1224e-11	-5.8170e-12	 5.3722e-11	 6.2846e+08	 2.8620e+02	 1.0519e+04
 1.0087e+00	 1.0478e+04	 6.7683e+00	 1.7594e+01	 9.8682e-12	-3.2354e-12	 8.4917e-11	 7.1481e+08	 2.8621e+02	 1.0524e+04
 1.0000e+06	 1.0521e+04	 1.7905e+00	 1.6325e-03	 9.0776e-10	-4.3959e-07	 2.2464e-11	 7.7707e+06	 2.8620e+02	 1.0532e+04
 3.1646e+05	 1.0521e+04	 1.7914e+00	 3.6332e-03	 6.3933e-10	-1.3926e-07	 2.2475e-11	 1.1033e+07	 2.8619e+02	 1.0534e+04
 1.0014e+05	 1.0521e+04	 1.7938e+00	 6.8742e-03	 3.8280e-10	-4.4204e-08	 2.2505e-11	 1.8427e+07	 2.8620e+02	 1.0537e+04
 3.1691e+04	 1.0521e+04	 1.7990e+00	 1.3946e-02	 2.4576e-10	-1.4080e-08	 2.2570e-11	 2.8703e+07	 2.8620e+02	 1.0539e+04
 1.0029e+04	 1.0521e+04	 1.8117e+00	 2.5925e-02	 1.4457e-10	-4.5266e-09	 2.2730e-11	 4.8791e+07	 2.8620e+02	 1.0542e+04
 3.1737e+03	 1.0521e+04	 1.8325e+00	 3.8615e-02	 6.8146e-11	-1.4691e-09	 2.2991e-11	 1.0351e+08	 2.8620e+02	 1.0544e+04
 1.0043e+03	 1.0521e+04	 1.8488e+00	 6.8032e-02	 3.7994e-11	-4.7404e-10	 2.3196e-11	 1.8566e+08	 2.8621e+02	 1.0547e+04
 3.1783e+02	 1.0521e+04	 1.8744e+00	 1.7381e-01	 3.0717e-11	-1.5453e-10	 2.3516e-11	 2.2964e+08	 2.8620e+02	 1.0550e+04
 1.0058e+02	 1.0521e+04	 1.9870e+00	 4.6543e-01	 2.6031e-11	-5.5203e-11	 2.4930e-11	 2.7099e+08	 2.8620e+02	 1.0552e+04
 3.1829e+01	 1.0521e+04	 2.3687e+00	 1.0947e+00	 1.9375e-11	-2.4223e-11	 2.9718e-11	 3.6408e+08	 2.8620e+02	 1.0555e+04
 1.0072e+01	 1.0521e+04	 3.0856e+00	 2.4510e+00	 1.3728e-11	-1.1681e-11	 3.8712e-11	 5.1385e+08	 2.8620e+02	 1.0558e+04
 3.1874e+00	 1.0521e+04	 4.2791e+00	 6.3250e+00	 1.1210e-11	-5.8120e-12	 5.3687e-11	 6.2923e+08	 2.8620e+02	 1.0562e+04
 1.0087e+00	 1.0521e+04	 6.8245e+00	 1.7550e+01	 9.8438e-12	-3.2669e-12	 8.5622e-11	 7.1659e+08	 2.8620e+02	 1.0567e+04
 1.0000e+06	 1.0564e+04	 1.7906e+00	 1.5330e-03	 8.5244e-10	-4.3961e-07	 2.2465e-11	 8.2750e+06	 2.8620e+02	 1.0574e+04
 3.1646e+05	 1.0564e+04	 1.7914e+00	 3.6869e-03	 6.4878e-10	-1.3927e-07	 2.2476e-11	 1.0873e+07	 2.8620e+02	 1.0577e+04
 1.0014e+05	 1.0564e+04	 1.7938e+00	 6.9000e-03	 3.8424e-10	-4.4206e-08	 2.2506e-11	 1.8358e+07	 2.8620e+02	 1.0580e+04
 3.1691e+04	 1.0564e+04	 1.7990e+00	 1.3975e-02	 2.4628e-10	-1.4080e-08	 2.2571e-11	 2.8642e+07	 2.8620e+02	 1.0582e+04
 1.0029e+04	 1.0564e+04	 1.8118e+00	 2.5954e-02	 1.4474e-10	-4.5270e-09	 2.2731e-11	 4.8736e+07	 2.8619e+02	 1.0585e+04
 3.1737e+03	 1.0564e+04	 1.8325e+00	 3.8523e-02	 6.7984e-11	-1.4692e-09	 2.2991e-11	 1.0376e+08	 2.8620e+02	 1.0587e+04
 1.0043e+03	 1.0564e+04	 1.8489e+00	 6.8218e-02	 3.8098e-11	-4.7409e-10	 2.3197e-11	 1.8515e+08	 2.8620e+02	 1.0589e+04
 3.1783e+02	 1.0564e+04	 1.8747e+00	 1.7431e-01	 3.0806e-11	-1.5459e-10	 2.3520e-11	 2.2898e+08	 2.8620e+02	 1.0592e+04
 1.0058e+02	 1.0564e+04	 1.9881e+00	 4.6664e-01	 2.6098e-11	-5.5264e-11	 2.4943e-11	 2.7028e+08	 2.8619e+02	 1.0595e+04
 3.1829e+01	 1.0564e+04	 2.3722e+00	 1.0953e+00	 1.9386e-11	-2.4287e-11	 2.9762e-11	 3.6388e+08	 2.8620e+02	 1.0597e+04
 1.0072e+01	 1.0564e+04	 3.0929e+00	 2.4431e+00	 1.3684e-11	-1.1722e-11	 3.8804e-11	 5.1550e+08	 2.8620e+02	 1.0600e+04
 3.1874e+00	 1.0564e+04	 4.2720e+00	 6.3389e+00	 1.1235e-11	-5.7993e-12	 5.3597e-11	 6.2785e+08	 2.8620e+02	 1.0604e+04
 1.0087e+00	 1.0564e+04	 6.8545e+00	 1.7628e+01	 9.8874e-12	-3.2837e-12	 8.5997e-11	 7.1343e+08	 2.8619e+02	 1.0609e+04
 1.0000e+06	 1.0606e+04	 1.7906e+00	 1.6865e-03	 9.3783e-10	-4.3961e-07	 2.2465e-11	 7.5216e+06	 2.8619e+02	 1.0617e+04
 3.1646e+05	 1.0606e+04	 1.7914e+00	 3.6809e-03	 6.4773e-10	-1.3927e-07	 2.2476e-11	 1.0890e+07	 2.8619e+02	 1.0620e+04
 1.0014e+05	 1.0606e+04	 1.7938e+00	 6.9361e-03	 3.8625e-10	-4.4205e-08	 2.2506e-11	 1.8263e+07	 2.8619e+02	 1.0622e+04
 3.1691e+04	 1.0606e+04	 1.7990e+00	 1.3996e-02	 2.4665e-10	-1.4081e-08	 2.2571e-11	 2.8599e+07	 2.8619e+02	 1.0624e+04
 1.0029e+04	 1.0606e+04	 1.8118e+00	 2.5975e-02	 1.4485e-10	-4.5272e-09	 2.2731e-11	 4.8697e+07	 2.8619e+02	 1.0627e+04
 3.1737e+03	 1.0606e+04	 1.8327e+00	 3.8741e-02	 6.8369e-11	-1.4694e-09	 2.2993e-11	 1.0318e+08	 2.8619e+02	 1.0629e+04
 1.0043e+03	 1.0606e+04	 1.8490e+00	 6.8236e-02	 3.8108e-11	-4.7412e-10	 2.3197e-11	 1.8511e+08	 2.8619e+02	 1.0632e+04
 3.1783e+02	 1.0606e+04	 1.8747e+00	 1.7446e-01	 3.0833e-11	-1.5458e-10	 2.3520e-11	 2.2878e+08	 2.8620e+02	 1.0634e+04
 1.0058e+02	 1.0606e+04	 1.9875e+00	 4.6754e-01	 2.6148e-11	-5.5230e-11	 2.4936e-11	 2.6977e+08	 2.8619e+02	 1.0637e+04
 3.1829e+01	 1.0606e+04	 2.3706e+00	 1.0970e+00	 1.9415e-11	-2.4258e-11	 2.9742e-11	 3.6333e+08	 2.8619e+02	 1.0640e+04
 1.0072e+01	 1.0606e+04	 3.0946e+00	 2.4494e+00	 1.3719e-11	-1.1732e-11	 3.8825e-11	 5.1418e+08	 2.8619e+02	 1.0643e+04
 3.1874e+00	 1.0606e+04	 4.2840e+00	 6.3642e+00	 1.1280e-11	-5.8207e-12	 5.3748e-11	 6.2535e+08	 2.8619e+02	 1.0647e+04
 1.0087e+00	 1.0606e+04	 7.1029e+00	 1.7910e+01	 1.0046e-11	-3.4230e-12	 8.9113e-11	 7.0220e+08	 2.8619e+02	 1.0652e+04
 1.0000e+06	 1.0649e+04	 1.7906e+00	 1.6365e-03	 9.0998e-10	-4.3962e-07	 2.2465e-11	 7.7518e+06	 2.8619e+02	 1.0660e+04
 3.1646e+05	 1.0649e+04	 1.7914e+00	 3.6626e-03	 6.4451e-10	-1.3927e-07	 2.2475e-11	 1.0945e+07	 2.8619e+02	 1.0662e+04
 1.0014e+05	 1.0649e+04	 1.7939e+00	 6.9086e-03	 3.8472e-10	-4.4207e-08	 2.2506e-11	 1.8335e+07	 2.8619e+02	 1.0665e+04
 3.1691e+04	 1.0649e+04	 1.7990e+00	 1.3962e-02	 2.4604e-10	-1.4081e-08	 2.2571e-11	 2.8670e+07	 2.8619e+02	 1.0668e+04
 1.0029e+04	 1.0649e+04	 1.8118e+00	 2.5955e-02	 1.4475e-10	-4.5272e-09	 2.2731e-11	 4.8734e+07	 2.8619e+02	 1.0670e+04
 3.1737e+03	 1.0649e+04	 1.8325e+00	 3.8632e-02	 6.8177e-11	-1.4692e-09	 2.2991e-11	 1.0347e+08	 2.8618e+02	 1.0673e+04
 1.0043e+03	 1.0649e+04	 1.8488e+00	 6.8080e-02	 3.8020e-11	-4.7403e-10	 2.3195e-11	 1.8553e+08	 2.8619e+02	 1.0675e+04
 3.1783e+02	 1.0649e+04	 1.8739e+00	 1.7427e-01	 3.0800e-11	-1.5445e-10	 2.3511e-11	 2.2903e+08	 2.8618e+02	 1.0678e+04
 1.0058e+02	 1.0649e+04	 1.9859e+00	 4.6817e-01	 2.6183e-11	-5.5141e-11	 2.4916e-11	 2.6941e+08	 2.8619e+02	 1.0681e+04
 3.1829e+01	 1.0649e+04	 2.3647e+00	 1.1023e+00	 1.9510e-11	-2.4153e-11	 2.9668e-11	 3.6156e+08	 2.8618e+02	 1.0683e+04
 1.0072e+01	 1.0649e+04	 3.0799e+00	 2.4700e+00	 1.3834e-11	-1.1649e-11	 3.8641e-11	 5.0990e+08	 2.8618e+02	 1.0686e+04
 3.1874e+00	 1.0649e+04	 4.2588e+00	 6.3341e+00	 1.1227e-11	-5.7759e-12	 5.3431e-11	 6.2832e+08	 2.8618e+02	 1.0690e+04
 1.0087e+00	 1.0649e+04	 7.0079e+00	 1.7836e+01	 1.0004e-11	-3.3698e-12	 8.7922e-11	 7.0510e+08	 2.8618e+02	 1.0695e+04
 1.0000e+06	 1.0692e+04	 1.7906e+00	 1.6269e-03	 9.0468e-10	-4.3962e-07	 2.2465e-11	 7.7972e+06	 2.8618e+02	 1.0703e+04
 3.1646e+05	 1.0692e+04	 1.7914e+00	 3.5939e-03	 6.3242e-10	-1.3927e-07	 2.2476e-11	 1.1154e+07	 2.8618e+02	 1.0706e+04
 1.0014e+05	 1.0692e+04	 1.7938e+00	 6.9060e-03	 3.8457e-10	-4.4206e-08	 2.2506e-11	 1.8342e+07	 2.8618e+02	 1.0708e+04
 3.1691e+04	 1.0692e+04	 1.7990e+00	 1.3964e-02	 2.4607e-10	-1.4080e-08	 2.2571e-11	 2.8666e+07	 2.8618e+02	 1.0711e+04
 1.0029e+04	 1.0692e+04	 1.8117e+00	 2.5895e-02	 1.4441e-10	-4.5267e-09	 2.2730e-11	 4.8847e+07	 2.8618e+02	 1.0713e+04
 3.1737e+03	 1.0692e+04	 1.8326e+00	 3.8589e-02	 6.8100e-11	-1.4693e-09	 2.2992e-11	 1.0358e+08	 2.8618e+02	 1.0716e+04
 1.0043e+03	 1.0692e+04	 1.8488e+00	 6.7827e-02	 3.7880e-11	-4.7402e-10	 2.3195e-11	 1.8622e+08	 2.8618e+02	 1.0718e+04
 3.1783e+02	 1.0692e+04	 1.8738e+00	 1.7373e-01	 3.0703e-11	-1.5443e-10	 2.3509e-11	 2.2975e+08	 2.8617e+02	 1.0721e+04
 1.0058e+02	 1.0692e+04	 1.9851e+00	 4.6717e-01	 2.6128e-11	-5.5094e-11	 2.4905e-11	 2.6998e+08	 2.8617e+02	 1.0724e+04
 3.1829e+01	 1.0692e+04	 2.3635e+00	 1.1008e+00	 1.9483e-11	-2.4131e-11	 2.9652e-11	 3.6205e+08	 2.8617e+02	 1.0726e+04
 1.0072e+01	 1.0692e+04	 3.0770e+00	 2.4517e+00	 1.3731e-11	-1.1633e-11	 3.8605e-11	 5.1371e+08	 2.8617e+02	 1.0729e+04
 3.1874e+00	 1.0692e+04	 4.2460e+00	 6.3223e+00	 1.1206e-11	-5.7533e-12	 5.3271e-11	 6.2950e+08	 2.8617e+02	 1.0734e+04
 1.0087e+00	 1.0692e+04	 6.9124e+00	 1.7733e+01	 9.9466e-12	-3.3162e-12	 8.6724e-11	 7.0919e+08	 2.8617e+02	 1.0738e+04
 1.0000e+06	 1.0736e+04	 1.7906e+00	 1.5683e-03	 8.7209e-10	-4.3960e-07	 2.2465e-11	 8.0885e+06	 2.8617e+02	 1.0747e+04
 3.1646e+05	 1.0736e+04	 1.7915e+00	 3.7060e-03	 6.5214e-10	-1.3928e-07	 2.2476e-11	 1.0817e+07	 2.8618e+02	 1.0749e+04
 1.0014e+05	 1.0736e+04	 1.7939e+00	 6.8892e-03	 3.8363e-10	-4.4207e-08	 2.2506e-11	 1.8387e+07	 2.8617e+02	 1.0752e+04
 3.1691e+04	 1.0736e+04	 1.7991e+00	 1.3947e-02	 2.4578e-10	-1.4081e-08	 2.2571e-11	 2.8700e+07	 2.8617e+02	 1.0754e+04
 1.0029e+04	 1.0736e+04	 1.8118e+00	 2.5903e-02	 1.4445e-10	-4.5271e-09	 2.2731e-11	 4.8832e+07	 2.8617e+02	 1.0757e+04
 3.1737e+03	 1.0736e+04	 1.8326e+00	 3.8615e-02	 6.8147e-11	-1.4694e-09	 2.2992e-11	 1.0351e+08	 2.8618e+02	 1.0759e+04
 1.0043e+03	 1.0736e+04	 1.8490e+00	 6.7971e-02	 3.7960e-11	-4.7414e-10	 2.3198e-11	 1.8583e+08	 2.8617e+02	 1.0762e+04
 3.1783e+02	 1.0736e+04	 1.8746e+00	 1.7356e-01	 3.0673e-11	-1.5457e-10	 2.3519e-11	 2.2997e+08	 2.8617e+02	 1.0764e+04
 1.0058e+02	 1.0736e+04	 1.9875e+00	 4.6443e-01	 2.5975e-11	-5.5229e-11	 2.4936e-11	 2.7157e+08	 2.8617e+02	 1.0767e+04
 3.1829e+01	 1.0736e+04	 2.3709e+00	 1.0883e+00	 1.9262e-11	-2.4263e-11	 2.9746e-11	 3.6621e+08	 2.8617e+02	 1.0770e+04
 1.0072e+01	 1.0736e+04	 3.0915e+00	 2.4218e+00	 1.3564e-11	-1.1714e-11	 3.8786e-11	 5.2004e+08	 2.8617e+02	 1.0773e+04
 3.1874e+00	 1.0736e+04	 4.2671e+00	 6.2967e+00	 1.1160e-11	-5.7907e-12	 5.3536e-11	 6.3206e+08	 2.8617e+02	 1.0777e+04
 1.0087e+00	 1.0736e+04	 6.8931e+00	 1.7618e+01	 9.8816e-12	-3.3054e-12	 8.6481e-11	 7.1385e+08	 2.8617e+02	 1.0782e+04
 1.0000e+06	 1.0779e+04	 1.7906e+00	 1.5839e-03	 8.8076e-10	-4.3962e-07	 2.2465e-11	 8.0089e+06	 2.8617e+02	 1.0790e+04
 3.1646e+05	 1.0779e+04	 1.7916e+00	 3.6196e-03	 6.3694e-10	-1.3929e-07	 2.2477e-11	 1.1075e+07	 2.8617e+02	 1.0792e+04
 1.0014e+05	 1.0779e+04	 1.7939e+00	 6.8999e-03	 3.8423e-10	-4.4209e-08	 2.2507e-11	 1.8359e+07	 2.8617e+02	 1.0795e+04
 3.1691e+04	 1.0779e+04	 1.7991e+00	 1.3979e-02	 2.4635e-10	-1.4082e-08	 2.2572e-11	 2.8634e+07	 2.8617e+02	 1.0797e+04
 1.0029e+04	 1.0779e+04	 1.8119e+00	 2.5969e-02	 1.4482e-10	-4.5275e-09	 2.2732e-11	 4.8708e+07	 2.8617e+02	 1.0800e+04
 3.1737e+03	 1.0779e+04	 1.8326e+00	 3.8554e-02	 6.8039e-11	-1.4694e-09	 2.2993e-11	 1.0367e+08	 2.8617e+02	 1.0803e+04
 1.0043e+03	 1.0779e+04	 1.8491e+00	 6.8094e-02	 3.8029e-11	-4.7417e-10	 2.3199e-11	 1.8549e+08	 2.8617e+02	 1.0805e+04
 3.1783e+02	 1.0779e+04	 1.8750e+00	 1.7394e-01	 3.0742e-11	-1.5465e-10	 2.3525e-11	 2.2946e+08	 2.8617e+02	 1.0808e+04
 1.0058e+02	 1.0779e+04	 1.9896e+00	 4.6425e-01	 2.5964e-11	-5.5349e-11	 2.4962e-11	 2.7168e+08	 2.8617e+02	 1.0810e+04
 3.1829e+01	 1.0779e+04	 2.3762e+00	 1.0866e+00	 1.9232e-11	-2.4356e-11	 2.9812e-11	 3.6679e+08	 2.8617e+02	 1.0813e+04
 1.0072e+01	 1.0779e+04	 3.0933e+00	 2.4302e+00	 1.3611e-11	-1.1724e-11	 3.8810e-11	 5.1826e+08	 2.8617e+02	 1.0816e+04
 3.1874e+00	 1.0779e+04	 4.2545e+00	 6.2873e+00	 1.1144e-11	-5.7683e-12	 5.3378e-11	 6.3300e+08	 2.8617e+02	 1.0820e+04
 1.0087e+00	 1.0779e+04	 6.8148e+00	 1.7693e+01	 9.9239e-12	-3.2615e-12	 8.5499e-11	 7.1081e+08	 2.8617e+02	 1.0825e+04
 1.0000e+06	 1.0822e+04	 1.7906e+00	 1.6029e-03	 8.9131e-10	-4.3961e-07	 2.2465e-11	 7.9142e+06	 2.8617e+02	 1.0832e+04
 3.1646e+05	 1.0822e+04	 1.7915e+00	 3.6261e-03	 6.3808e-10	-1.3928e-07	 2.2477e-11	 1.1055e+07	 2.8617e+02	 1.0835e+04
 1.0014e+05	 1.0822e+04	 1.7940e+00	 6.9354e-03	 3.8621e-10	-4.4213e-08	 2.2507e-11	 1.8265e+07	 2.8617e+02	 1.0838e+04
 3.1691e+04	 1.0822e+04	 1.7991e+00	 1.4031e-02	 2.4725e-10	-1.4083e-08	 2.2572e-11	 2.8529e+07	 2.8617e+02	 1.0840e+04
 1.0029e+04	 1.0822e+04	 1.8119e+00	 2.6021e-02	 1.4511e-10	-4.5278e-09	 2.2733e-11	 4.8611e+07	 2.8617e+02	 1.0843e+04
 3.1737e+03	 1.0822e+04	 1.8327e+00	 3.8573e-02	 6.8073e-11	-1.4696e-09	 2.2994e-11	 1.0362e+08	 2.8617e+02	 1.0845e+04
 1.0043e+03	 1.0822e+04	 1.8490e+00	 6.8296e-02	 3.8141e-11	-4.7412e-10	 2.3197e-11	 1.8494e+08	 2.8617e+02	 1.0848e+04
 3.1783e+02	 1.0822e+04	 1.8744e+00	 1.7493e-01	 3.0916e-11	-1.5453e-10	 2.3516e-11	 2.2817e+08	 2.8617e+02	 1.0850e+04
 1.0058e+02	 1.0822e+04	 1.9875e+00	 4.7000e-01	 2.6286e-11	-5.5231e-11	 2.4936e-11	 2.6835e+08	 2.8617e+02	 1.0853e+04
 3.1829e+01	 1.0822e+04	 2.3719e+00	 1.1041e+00	 1.9541e-11	-2.4280e-11	 2.9758e-11	 3.6098e+08	 2.8617e+02	 1.0856e+04
 1.0072e+01	 1.0822e+04	 3.0931e+00	 2.4559e+00	 1.3755e-11	-1.1723e-11	 3.8807e-11	 5.1282e+08	 2.8616e+02	 1.0859e+04
 3.1874e+00	 1.0822e+04	 4.2763e+00	 6.3358e+00	 1.1230e-11	-5.8070e-12	 5.3651e-11	 6.2815e+08	 2.8617e+02	 1.0863e+04
 1.0087e+00	 1.0822e+04	 7.0317e+00	 1.7827e+01	 9.9991e-12	-3.3831e-12	 8.8221e-11	 7.0546e+08	 2.8617e+02	 1.0868e+04
 1.0000e+06	 1.0865e+04	 1.7906e+00	 1.6075e-03	 8.9387e-10	-4.3964e-07	 2.2466e-11	 7.8915e+06	 2.8617e+02	 1.0875e+04
 3.1646e+05	 1.0865e+04	 1.7915e+00	 3.7184e-03	 6.5432e-10	-1.3928e-07	 2.2477e-11	 1.0781e+07	 2.8617e+02	 1.0878e+04
 1.0014e+05	 1.0865e+04	 1.7939e+00	 6.9176e-03	 3.8522e-10	-4.4211e-08	 2.2507e-11	 1.8312e+07	 2.8617e+02	 1.0880e+04
 3.1691e+04	 1.0865e+04	 1.7992e+00	 1.3998e-02	 2.4667e-10	-1.4083e-08	 2.2572e-11	 2.8597e+07	 2.8616e+02	 1.0883e+04
 1.0029e+04	 1.0865e+04	 1.8119e+00	 2.5995e-02	 1.4496e-10	-4.5279e-09	 2.2733e-11	 4.8661e+07	 2.8617e+02	 1.0886e+04
 3.1737e+03	 1.0865e+04	 1.8327e+00	 3.8583e-02	 6.8089e-11	-1.4696e-09	 2.2994e-11	 1.0360e+08	 2.8616e+02	 1.0888e+04
 1.0043e+03	 1.0865e+04	 1.8490e+00	 6.8273e-02	 3.8129e-11	-4.7415e-10	 2.3198e-11	 1.8500e+08	 2.8616e+02	 1.0891e+04
 3.1783e+02	 1.0865e+04	 1.8744e+00	 1.7484e-01	 3.0899e-11	-1.5453e-10	 2.3516e-11	 2.2829e+08	 2.8617e+02	 1.0893e+04
 1.0058e+02	 1.0865e+04	 1.9868e+00	 4.6926e-01	 2.6245e-11	-5.5192e-11	 2.4927e-11	 2.6878e+08	 2.8616e+02	 1.0896e+04
 3.1829e+01	 1.0865e+04	 2.3705e+00	 1.1046e+00	 1.9550e-11	-2.4256e-11	 2.9741e-11	 3.6081e+08	 2.8616e+02	 1.0898e+04
 1.0072e+01	 1.0865e+04	 3.0890e+00	 2.4566e+00	 1.3759e-11	-1.1700e-11	 3.8755e-11	 5.1268e+08	 2.8616e+02	 1.0901e+04
 3.1874e+00	 1.0865e+04	 4.2825e+00	 6.3129e+00	 1.1189e-11	-5.8179e-12	 5.3728e-11	 6.3044e+08	 2.8616e+02	 1.0906e+04
 1.0087e+00	 1.0865e+04	 6.9395e+00	 1.7679e+01	 9.9163e-12	-3.3314e-12	 8.7064e-11	 7.1135e+08	 2.8615e+02	 1.0910e+04
 1.0000e+06	 1.0907e+04	 1.7906e+00	 1.6327e-03	 9.0788e-10	-4.3962e-07	 2.2465e-11	 7.7697e+06	 2.8616e+02	 1.0918e+04
 3.1646e+05	 1.0907e+04	 1.7915e+00	 3.6245e-03	 6.3780e-10	-1.3928e-07	 2.2476e-11	 1.1060e+07	 2.8616e+02	 1.0920e+04
 1.0014e+05	 1.0907e+04	 1.7939e+00	 6.9259e-03	 3.8568e-10	-4.4210e-08	 2.2507e-11	 1.8290e+07	 2.8616e+02	 1.0923e+04
 3.1691e+04	 1.0907e+04	 1.7991e+00	 1.3978e-02	 2.4632e-10	-1.4082e-08	 2.2572e-11	 2.8638e+07	 2.8616e+02	 1.0926e+04
 1.0029e+04	 1.0907e+04	 1.8119e+00	 2.5965e-02	 1.4480e-10	-4.5275e-09	 2.2732e-11	 4.8715e+07	 2.8616e+02	 1.0928e+04
 3.1737e+03	 1.0907e+04	 1.8327e+00	 3.8398e-02	 6.7764e-11	-1.4694e-09	 2.2993e-11	 1.0410e+08	 2.8616e+02	 1.0930e+04
 1.0043e+03	 1.0907e+04	 1.8490e+00	 6.7938e-02	 3.7941e-11	-4.7417e-10	 2.3198e-11	 1.8592e+08	 2.8616e+02	 1.0933e+04
 3.1783e+02	 1.0907e+04	 1.8749e+00	 1.7317e-01	 3.0604e-11	-1.5463e-10	 2.3523e-11	 2.3049e+08	 2.8616e+02	 1.0936e+04
 1.0058e+02	 1.0907e+04	 1.9884e+00	 4.6261e-01	 2.5872e-11	-5.5281e-11	 2.4947e-11	 2.7264e+08	 2.8616e+02	 1.0938e+04
 3.1829e+01	 1.0907e+04	 2.3728e+00	 1.0835e+00	 1.9176e-11	-2.4296e-11	 2.9769e-11	 3.6785e+08	 2.8616e+02	 1.0941e+04
 1.0072e+01	 1.0907e+04	 3.0927e+00	 2.4168e+00	 1.3536e-11	-1.1721e-11	 3.8801e-11	 5.2112e+08	 2.8616e+02	 1.0944e+04
 3.1874e+00	 1.0907e+04	 4.2686e+00	 6.2505e+00	 1.1078e-11	-5.7934e-12	 5.3555e-11	 6.3673e+08	 2.8616e+02	 1.0948e+04
 1.0087e+00	 1.0907e+04	 6.9685e+00	 1.7706e+01	 9.9312e-12	-3.3477e-12	 8.7428e-11	 7.1028e+08	 2.8616e+02	 1.0953e+04
 1.0000e+06	 1.0950e+04	 1.7907e+00	 1.6017e-03	 8.9065e-10	-4.3965e-07	 2.2466e-11	 7.9200e+06	 2.8615e+02	 1.0961e+04
 3.1646e+05	 1.0950e+04	 1.7915e+00	 3.7044e-03	 6.5185e-10	-1.3927e-07	 2.2476e-11	 1.0821e+07	 2.8615e+02	 1.0964e+04
 1.0014e+05	 1.0950e+04	 1.7939e+00	 6.8680e-03	 3.8245e-10	-4.4210e-08	 2.2507e-11	 1.8444e+07	 2.8615e+02	 1.0966e+04
 3.1691e+04	 1.0950e+04	 1.7991e+00	 1.3937e-02	 2.4561e-10	-1.4081e-08	 2.2571e-11	 2.8721e+07	 2.8615e+02	 1.0969e+04
 1.0029e+04	 1.0950e+04	 1.8118e+00	 2.5881e-02	 1.4433e-10	-4.5271e-09	 2.2731e-11	 4.8874e+07	 2.8614e+02	 1.0971e+04
 3.1737e+03	 1.0950e+04	 1.8325e+00	 3.8424e-02	 6.7809e-11	-1.4692e-09	 2.2991e-11	 1.0403e+08	 2.8615e+02	 1.0974e+04
 1.0043e+03	 1.0950e+04	 1.8489e+00	 6.7617e-02	 3.7762e-11	-4.7409e-10	 2.3197e-11	 1.8680e+08	 2.8615e+02	 1.0976e+04
 3.1783e+02	 1.0950e+04	 1.8739e+00	 1.7272e-01	 3.0525e-11	-1.5445e-10	 2.3511e-11	 2.3109e+08	 2.8615e+02	 1.0979e+04
 1.0058e+02	 1.0950e+04	 1.9850e+00	 4.6407e-01	 2.5955e-11	-5.5086e-11	 2.4904e-11	 2.7178e+08	 2.8615e+02	 1.0982e+04
 3.1829e+01	 1.0950e+04	 2.3652e+00	 1.0925e+00	 1.9335e-11	-2.4163e-11	 2.9675e-11	 3.6483e+08	 2.8615e+02	 1.0984e+04
 1.0072e+01	 1.0950e+04	 3.0851e+00	 2.4317e+00	 1.3620e-11	-1.1678e-11	 3.8706e-11	 5.1793e+08	 2.8615e+02	 1.0987e+04
 3.1874e+00	 1.0950e+04	 4.2565e+00	 6.2452e+00	 1.1069e-11	-5.7718e-12	 5.3403e-11	 6.3727e+08	 2.8615e+02	 1.0992e+04
 1.0087e+00	 1.0950e+04	 6.8539e+00	 1.7434e+01	 9.7788e-12	-3.2834e-12	 8.5990e-11	 7.2135e+08	 2.8615e+02	 1.0996e+04
 1.0000e+06	 1.0994e+04	 1.7906e+00	 1.6547e-03	 9.2012e-10	-4.3963e-07	 2.2465e-11	 7.6663e+06	 2.8615e+02	 1.1004e+04
 3.1646e+05	 1.0994e+04	 1.7915e+00	 3.6040e-03	 6.3419e-10	-1.3929e-07	 2.2477e-11	 1.1123e+07	 2.8615e+02	 1.1007e+04
 1.0014e+05	 1.0994e+04	 1.7939e+00	 6.9152e-03	 3.8508e-10	-4.4211e-08	 2.2507e-11	 1.8318e+07	 2.8615e+02	 1.1009e+04
 3.1691e+04	 1.0994e+04	 1.7991e+00	 1.3940e-02	 2.4565e-10	-1.4081e-08	 2.2571e-11	 2.8716e+07	 2.8615e+02	 1.1012e+04
 1.0029e+04	 1.0994e+04	 1.8118e+00	 2.5903e-02	 1.4445e-10	-4.5271e-09	 2.2731e-11	 4.8833e+07	 2.8615e+02	 1.1014e+04
 3.1737e+03	 1.0994e+04	 1.8326e+00	 3.8521e-02	 6.7980e-11	-1.4694e-09	 2.2993e-11	 1.0377e+08	 2.8614e+02	 1.1017e+04
 1.0043e+03	 1.0994e+04	 1.8489e+00	 6.7611e-02	 3.7759e-11	-4.7408e-10	 2.3196e-11	 1.8682e+08	 2.8615e+02	 1.1019e+04
 3.1783e+02	 1.0994e+04	 1.8739e+00	 1.7261e-01	 3.0506e-11	-1.5445e-10	 2.3511e-11	 2.3123e+08	 2.8615e+02	 1.1022e+04
 1.0058e+02	 1.0994e+04	 1.9847e+00	 4.6407e-01	 2.5955e-11	-5.5071e-11	 2.4900e-11	 2.7178e+08	 2.8615e+02	 1.1025e+04
 3.1829e+01	 1.0994e+04	 2.3640e+00	 1.0920e+00	 1.9327e-11	-2.4141e-11	 2.9659e-11	 3.6497e+08	 2.8614e+02	 1.1027e+04
 1.0072e+01	 1.0994e+04	 3.0866e+00	 2.4194e+00	 1.3551e-11	-1.1686e-11	 3.8724e-11	 5.2056e+08	 2.8614e+02	 1.1030e+04
 3.1874e+00	 1.0994e+04	 4.2715e+00	 6.2211e+00	 1.1026e-11	-5.7984e-12	 5.3591e-11	 6.3973e+08	 2.8615e+02	 1.1034e+04
 1.0087e+00	 1.0994e+04	 6.6956e+00	 1.7265e+01	 9.6837e-12	-3.1946e-12	 8.4004e-11	 7.2844e+08	 2.8614e+02	 1.1039e+04
 1.0000e+06	 1.1036e+04	 1.7907e+00	 1.6350e-03	 9.0918e-10	-4.3965e-07	 2.2466e-11	 7.7586e+06	 2.8614e+02	 1.1047e+04
 3.1646e+05	 1.1036e+04	 1.7915e+00	 3.6864e-03	 6.4870e-10	-1.3928e-07	 2.2476e-11	 1.0874e+07	 2.8614e+02	 1.1049e+04
 1.0014e+05	 1.1036e+04	 1.7940e+00	 6.9402e-03	 3.8648e-10	-4.4213e-08	 2.2507e-11	 1.8252e+07	 2.8614e+02	 1.1052e+04
 3.1691e+04	 1.1036e+04	 1.7991e+00	 1.3941e-02	 2.4567e-10	-1.4082e-08	 2.2572e-11	 2.8713e+07	 2.8615e+02	 1.1054e+04
 1.0029e+04	 1.1036e+04	 1.8118e+00	 2.5927e-02	 1.4458e-10	-4.5274e-09	 2.2732e-11	 4.8788e+07	 2.8614e+02	 1.1057e+04
 3.1737e+03	 1.1036e+04	 1.8327e+00	 3.8526e-02	 6.7989e-11	-1.4695e-09	 2.2993e-11	 1.0375e+08	 2.8614e+02	 1.1059e+04
 1.0043e+03	 1.1036e+04	 1.8491e+00	 6.7903e-02	 3.7922e-11	-4.7418e-10	 2.3199e-11	 1.8601e+08	 2.8614e+02	 1.1062e+04
 3.1783e+02	 1.1036e+04	 1.8746e+00	 1.7358e-01	 3.0676e-11	-1.5457e-10	 2.3519e-11	 2.2995e+08	 2.8614e+02	 1.1064e+04
 1.0058e+02	 1.1036e+04	 1.9873e+00	 4.6501e-01	 2.6007e-11	-5.5220e-11	 2.4934e-11	 2.7123e+08	 2.8614e+02	 1.1067e+04
 3.1829e+01	 1.1036e+04	 2.3723e+00	 1.0901e+00	 1.9294e-11	-2.4287e-11	 2.9763e-11	 3.6561e+08	 2.8614e+02	 1.1070e+04
 1.0072e+01	 1.1036e+04	 3.1015e+00	 2.4241e+00	 1.3577e-11	-1.1770e-11	 3.8912e-11	 5.1955e+08	 2.8614e+02	 1.1073e+04
 3.1874e+00	 1.1036e+04	 4.2904e+00	 6.2423e+00	 1.1064e-11	-5.8320e-12	 5.3828e-11	 6.3757e+08	 2.8614e+02	 1.1077e+04
 1.0087e+00	 1.1036e+04	 6.7235e+00	 1.7353e+01	 9.7329e-12	-3.2103e-12	 8.4355e-11	 7.2476e+08	 2.8614e+02	 1.1082e+04
 1.0000e+06	 1.1079e+04	 1.7907e+00	 1.6084e-03	 8.9437e-10	-4.3969e-07	 2.2467e-11	 7.8871e+06	 2.8614e+02	 1.1090e+04
 3.1646e+05	 1.1079e+04	 1.7915e+00	 3.6679e-03	 6.4543e-10	-1.3929e-07	 2.2477e-11	 1.0929e+07	 2.8614e+02	 1.1092e+04
 1.0014e+05	 1.1079e+04	 1.7940e+00	 6.9619e-03	 3.8768e-10	-4.4213e-08	 2.2507e-11	 1.8195e+07	 2.8614e+02	 1.1095e+04
 3.1691e+04	 1.1079e+04	 1.7992e+00	 1.4025e-02	 2.4716e-10	-1.4084e-08	 2.2573e-11	 2.8540e+07	 2.8614e+02	 1.1097e+04
 1.0029e+04	 1.1079e+04	 1.8120e+00	 2.6063e-02	 1.4534e-10	-4.5285e-09	 2.2734e-11	 4.8533e+07	 2.8614e+02	 1.1100e+04
 3.1737e+03	 1.1079e+04	 1.8329e+00	 3.8724e-02	 6.8339e-11	-1.4698e-09	 2.2996e-11	 1.0322e+08	 2.8614e+02	 1.1102e+04
 1.0043e+03	 1.1079e+04	 1.8492e+00	 6.8465e-02	 3.8236e-11	-4.7425e-10	 2.3200e-11	 1.8449e+08	 2.8614e+02	 1.1105e+04
 3.1783e+02	 1.1079e+04	 1.8750e+00	 1.7538e-01	 3.0996e-11	-1.5463e-10	 2.3524e-11	 2.2758e+08	 2.8614e+02	 1.1108e+04
 1.0058e+02	 1.1079e+04	 1.9891e+00	 4.6949e-01	 2.6257e-11	-5.5317e-11	 2.4955e-11	 2.6865e+08	 2.8614e+02	 1.1110e+04
 3.1829e+01	 1.1079e+04	 2.3775e+00	 1.0998e+00	 1.9466e-11	-2.4380e-11	 2.9829e-11	 3.6238e+08	 2.8614e+02	 1.1113e+04
 1.0072e+01	 1.1079e+04	 3.1091e+00	 2.4457e+00	 1.3698e-11	-1.1813e-11	 3.9008e-11	 5.1496e+08	 2.8614e+02	 1.1116e+04
 3.1874e+00	 1.1079e+04	 4.2899e+00	 6.3660e+00	 1.1283e-11	-5.8311e-12	 5.3822e-11	 6.2517e+08	 2.8614e+02	 1.1120e+04
 1.0087e+00	 1.1079e+04	 7.0973e+00	 1.7823e+01	 9.9970e-12	-3.4199e-12	 8.9044e-11	 7.0561e+08	 2.8614e+02	 1.1125e+04
 1.0000e+06	 1.1122e+04	 1.7907e+00	 1.6833e-03	 9.3604e-10	-4.3967e-07	 2.2466e-11	 7.5359e+06	 2.8613e+02	 1.1133e+04
 3.1646e+05	 1.1122e+04	 1.7916e+00	 3.6754e-03	 6.4675e-10	-1.3929e-07	 2.2477e-11	 1.0907e+07	 2.8613e+02	 1.1135e+04
 1.0014e+05	 1.1122e+04	 1.7940e+00	 6.9745e-03	 3.8839e-10	-4.4216e-08	 2.2508e-11	 1.8162e+07	 2.8613e+02	 1.1138e+04
 3.1691e+04	 1.1122e+04	 1.7993e+00	 1.4127e-02	 2.4895e-10	-1.4085e-08	 2.2574e-11	 2.8335e+07	 2.8613e+02	 1.1140e+04
 1.0029e+04	 1.1122e+04	 1.8122e+00	 2.6123e-02	 1.4568e-10	-4.5293e-09	 2.2736e-11	 4.8421e+07	 2.8613e+02	 1.1143e+04
 3.1737e+03	 1.1122e+04	 1.8331e+00	 3.8801e-02	 6.8474e-11	-1.4702e-09	 2.2998e-11	 1.0302e+08	 2.8613e+02	 1.1145e+04
 1.0043e+03	 1.1122e+04	 1.8492e+00	 6.8764e-02	 3.8403e-11	-4.7427e-10	 2.3201e-11	 1.8368e+08	 2.8614e+02	 1.1148e+04
 3.1783e+02	 1.1122e+04	 1.8748e+00	 1.7669e-01	 3.1227e-11	-1.5461e-10	 2.3522e-11	 2.2590e+08	 2.8614e+02	 1.1150e+04
 1.0058e+02	 1.1122e+04	 1.9895e+00	 4.7473e-01	 2.6551e-11	-5.5339e-11	 2.4960e-11	 2.6568e+08	 2.8613e+02	 1.1153e+04
 3.1829e+01	 1.1122e+04	 2.3761e+00	 1.1152e+00	 1.9737e-11	-2.4355e-11	 2.9811e-11	 3.5740e+08	 2.8613e+02	 1.1156e+04
 1.0072e+01	 1.1122e+04	 3.1062e+00	 2.4811e+00	 1.3896e-11	-1.1796e-11	 3.8971e-11	 5.0761e+08	 2.8613e+02	 1.1159e+04
 3.1874e+00	 1.1122e+04	 4.3186e+00	 6.3719e+00	 1.1294e-11	-5.8819e-12	 5.4181e-11	 6.2460e+08	 2.8613e+02	 1.1163e+04
 1.0087e+00	 1.1122e+04	 6.9010e+00	 1.7665e+01	 9.9083e-12	-3.3098e-12	 8.6581e-11	 7.1192e+08	 2.8613e+02	 1.1168e+04
 1.0000e+06	 1.1165e+04	 1.7907e+00	 1.7051e-03	 9.4814e-10	-4.3969e-07	 2.2467e-11	 7.4398e+06	 2.8613e+02	 1.1176e+04
 3.1646e+05	 1.1165e+04	 1.7916e+00	 3.6861e-03	 6.4864e-10	-1.3929e-07	 2.2477e-11	 1.0875e+07	 2.8613e+02	 1.1178e+04
 1.0014e+05	 1.1165e+04	 1.7940e+00	 6.9933e-03	 3.8943e-10	-4.4218e-08	 2.2508e-11	 1.8114e+07	 2.8613e+02	 1.1181e+04
 3.1691e+04	 1.1165e+04	 1.7993e+00	 1.4154e-02	 2.4943e-10	-1.4086e-08	 2.2575e-11	 2.8280e+07	 2.8613e+02	 1.1183e+04
 1.0029e+04	 1.1165e+04	 1.8123e+00	 2.6229e-02	 1.4627e-10	-4.5299e-09	 2.2737e-11	 4.8225e+07	 2.8613e+02	 1.1186e+04
 3.1737e+03	 1.1165e+04	 1.8332e+00	 3.8776e-02	 6.8431e-11	-1.4704e-09	 2.3000e-11	 1.0308e+08	 2.8613e+02	 1.1188e+04
 1.0043e+03	 1.1165e+04	 1.8496e+00	 6.9027e-02	 3.8549e-11	-4.7445e-10	 2.3205e-11	 1.8299e+08	 2.8613e+02	 1.1191e+04
 3.1783e+02	 1.1165e+04	 1.8762e+00	 1.7680e-01	 3.1246e-11	-1.5484e-10	 2.3539e-11	 2.2575e+08	 2.8613e+02	 1.1194e+04
 1.0058e+02	 1.1165e+04	 1.9934e+00	 4.7177e-01	 2.6385e-11	-5.5561e-11	 2.5010e-11	 2.6735e+08	 2.8613e+02	 1.1196e+04
 3.1829e+01	 1.1165e+04	 2.3859e+00	 1.1003e+00	 1.9473e-11	-2.4529e-11	 2.9934e-11	 3.6224e+08	 2.8613e+02	 1.1199e+04
 1.0072e+01	 1.1165e+04	 3.1199e+00	 2.4500e+00	 1.3722e-11	-1.1873e-11	 3.9143e-11	 5.1405e+08	 2.8613e+02	 1.1202e+04
 3.1874e+00	 1.1165e+04	 4.3183e+00	 6.3737e+00	 1.1297e-11	-5.8814e-12	 5.4178e-11	 6.2442e+08	 2.8613e+02	 1.1206e+04
 1.0087e+00	 1.1165e+04	 6.9954e+00	 1.7763e+01	 9.9631e-12	-3.3628e-12	 8.7766e-11	 7.0801e+08	 2.8613e+02	 1.1211e+04
 1.0000e+06	 1.1208e+04	 1.7907e+00	 1.6722e-03	 9.2987e-10	-4.3967e-07	 2.2466e-11	 7.5860e+06	 2.8613e+02	 1.1219e+04
 3.1646e+05	 1.1208e+04	 1.7916e+00	 3.7443e-03	 6.5888e-10	-1.3930e-07	 2.2478e-11	 1.0706e+07	 2.8613e+02	 1.1221e+04
 1.0014e+05	 1.1208e+04	 1.7941e+00	 7.0762e-03	 3.9405e-10	-4.4218e-08	 2.2508e-11	 1.7901e+07	 2.8612e+02	 1.1224e+04
 3.1691e+04	 1.1208e+04	 1.7994e+00	 1.4223e-02	 2.5064e-10	-1.4087e-08	 2.2576e-11	 2.8144e+07	 2.8613e+02	 1.1226e+04
 1.0029e+04	 1.1208e+04	 1.8124e+00	 2.6290e-02	 1.4661e-10	-4.5306e-09	 2.2739e-11	 4.8113e+07	 2.8613e+02	 1.1229e+04
 3.1737e+03	 1.1208e+04	 1.8334e+00	 3.9029e-02	 6.8877e-11	-1.4707e-09	 2.3002e-11	 1.0241e+08	 2.8613e+02	 1.1231e+04
 1.0043e+03	 1.1208e+04	 1.8496e+00	 6.9290e-02	 3.8697e-11	-4.7450e-10	 2.3206e-11	 1.8229e+08	 2.8613e+02	 1.1234e+04
 3.1783e+02	 1.1208e+04	 1.8764e+00	 1.7780e-01	 3.1423e-11	-1.5489e-10	 2.3542e-11	 2.2448e+08	 2.8613e+02	 1.1236e+04
 1.0058e+02	 1.1208e+04	 1.9951e+00	 4.7392e-01	 2.6505e-11	-5.5655e-11	 2.5031e-11	 2.6613e+08	 2.8613e+02	 1.1239e+04
 3.1829e+01	 1.1208e+04	 2.3907e+00	 1.1049e+00	 1.9555e-11	-2.4614e-11	 2.9994e-11	 3.6072e+08	 2.8613e+02	 1.1242e+04
 1.0072e+01	 1.1208e+04	 3.1289e+00	 2.4608e+00	 1.3783e-11	-1.1924e-11	 3.9256e-11	 5.1180e+08	 2.8613e+02	 1.1245e+04
 3.1874e+00	 1.1208e+04	 4.3440e+00	 6.4155e+00	 1.1371e-11	-5.9270e-12	 5.4501e-11	 6.2035e+08	 2.8613e+02	 1.1249e+04
 1.0087e+00	 1.1208e+04	 7.0465e+00	 1.8019e+01	 1.0107e-11	-3.3914e-12	 8.8407e-11	 6.9794e+08	 2.8613e+02	 1.1254e+04
 1.0000e+06	 1.1251e+04	 1.7908e+00	 1.6049e-03	 8.9241e-10	-4.3974e-07	 2.2468e-11	 7.9044e+06	 2.8613e+02	 1.1262e+04
 3.1646e+05	 1.1251e+04	 1.7917e+00	 3.7670e-03	 6.6287e-10	-1.3932e-07	 2.2479e-11	 1.0642e+07	 2.8613e+02	 1.1264e+04
 1.0014e+05	 1.1251e+04	 1.7941e+00	 7.1058e-03	 3.9570e-10	-4.4220e-08	 2.2509e-11	 1.7827e+07	 2.8613e+02	 1.1266e+04
 3.1691e+04	 1.1251e+04	 1.7995e+00	 1.4260e-02	 2.5130e-10	-1.4088e-08	 2.2576e-11	 2.8070e+07	 2.8612e+02	 1.1269e+04
 1.0029e+04	 1.1251e+04	 1.8125e+00	 2.6329e-02	 1.4683e-10	-4.5310e-09	 2.2740e-11	 4.8042e+07	 2.8613e+02	 1.1271e+04
 3.1737e+03	 1.1251e+04	 1.8334e+00	 3.8996e-02	 6.8820e-11	-1.4708e-09	 2.3003e-11	 1.0250e+08	 2.8613e+02	 1.1274e+04
 1.0043e+03	 1.1251e+04	 1.8495e+00	 6.9433e-02	 3.8776e-11	-4.7444e-10	 2.3205e-11	 1.8191e+08	 2.8613e+02	 1.1277e+04
 3.1783e+02	 1.1251e+04	 1.8756e+00	 1.7864e-01	 3.1571e-11	-1.5475e-10	 2.3532e-11	 2.2343e+08	 2.8613e+02	 1.1279e+04
 1.0058e+02	 1.1251e+04	 1.9920e+00	 4.7849e-01	 2.6761e-11	-5.5480e-11	 2.4992e-11	 2.6359e+08	 2.8613e+02	 1.1282e+04
 3.1829e+01	 1.1251e+04	 2.3864e+00	 1.1196e+00	 1.9815e-11	-2.4537e-11	 2.9940e-11	 3.5599e+08	 2.8613e+02	 1.1285e+04
 1.0072e+01	 1.1251e+04	 3.1211e+00	 2.4866e+00	 1.3927e-11	-1.1880e-11	 3.9158e-11	 5.0650e+08	 2.8612e+02	 1.1288e+04
 3.1874e+00	 1.1251e+04	 4.3487e+00	 6.4217e+00	 1.1382e-11	-5.9352e-12	 5.4559e-11	 6.1976e+08	 2.8613e+02	 1.1292e+04
 1.0087e+00	 1.1251e+04	 6.9922e+00	 1.7892e+01	 1.0035e-11	-3.3610e-12	 8.7725e-11	 7.0291e+08	 2.8612e+02	 1.1296e+04
 1.0000e+06	 1.1294e+04	 1.7907e+00	 1.6418e-03	 9.1294e-10	-4.3970e-07	 2.2467e-11	 7.7266e+06	 2.8613e+02	 1.1304e+04
 3.1646e+05	 1.1294e+04	 1.7917e+00	 3.6723e-03	 6.4620e-10	-1.3931e-07	 2.2479e-11	 1.0916e+07	 2.8613e+02	 1.1307e+04
 1.0014e+05	 1.1294e+04	 1.7941e+00	 7.0518e-03	 3.9269e-10	-4.4223e-08	 2.2510e-11	 1.7963e+07	 2.8613e+02	 1.1309e+04
 3.1691e+04	 1.1294e+04	 1.7995e+00	 1.4248e-02	 2.5109e-10	-1.4088e-08	 2.2576e-11	 2.8093e+07	 2.8613e+02	 1.1312e+04
 1.0029e+04	 1.1294e+04	 1.8125e+00	 2.6354e-02	 1.4697e-10	-4.5311e-09	 2.2740e-11	 4.7998e+07	 2.8613e+02	 1.1314e+04
 3.1737e+03	 1.1294e+04	 1.8335e+00	 3.8838e-02	 6.8541e-11	-1.4709e-09	 2.3003e-11	 1.0292e+08	 2.8613e+02	 1.1316e+04
 1.0043e+03	 1.1294e+04	 1.8497e+00	 6.9335e-02	 3.8722e-11	-4.7453e-10	 2.3207e-11	 1.8217e+08	 2.8613e+02	 1.1319e+04
 3.1783e+02	 1.1294e+04	 1.8765e+00	 1.7792e-01	 3.1443e-11	-1.5491e-10	 2.3543e-11	 2.2434e+08	 2.8613e+02	 1.1322e+04
 1.0058e+02	 1.1294e+04	 1.9950e+00	 4.7383e-01	 2.6500e-11	-5.5651e-11	 2.5030e-11	 2.6619e+08	 2.8613e+02	 1.1324e+04
 3.1829e+01	 1.1294e+04	 2.3914e+00	 1.1058e+00	 1.9571e-11	-2.4626e-11	 3.0003e-11	 3.6043e+08	 2.8613e+02	 1.1327e+04
 1.0072e+01	 1.1294e+04	 3.1321e+00	 2.4610e+00	 1.3784e-11	-1.1942e-11	 3.9296e-11	 5.1177e+08	 2.8612e+02	 1.1330e+04
 3.1874e+00	 1.1294e+04	 4.3348e+00	 6.3780e+00	 1.1304e-11	-5.9106e-12	 5.4385e-11	 6.2400e+08	 2.8613e+02	 1.1334e+04
 1.0087e+00	 1.1294e+04	 6.9001e+00	 1.7775e+01	 9.9701e-12	-3.3093e-12	 8.6569e-11	 7.0751e+08	 2.8613e+02	 1.1339e+04
 1.0000e+06	 1.1336e+04	 1.7907e+00	 1.7048e-03	 9.4798e-10	-4.3966e-07	 2.2466e-11	 7.4410e+06	 2.8613e+02	 1.1347e+04
 3.1646e+05	 1.1336e+04	 1.7917e+00	 3.7779e-03	 6.6479e-10	-1.3931e-07	 2.2478e-11	 1.0611e+07	 2.8612e+02	 1.1349e+04
 1.0014e+05	 1.1336e+04	 1.7941e+00	 7.0702e-03	 3.9371e-10	-4.4221e-08	 2.2509e-11	 1.7916e+07	 2.8612e+02	 1.1352e+04
 3.1691e+04	 1.1336e+04	 1.7995e+00	 1.4315e-02	 2.5226e-10	-1.4088e-08	 2.2576e-11	 2.7963e+07	 2.8612e+02	 1.1354e+04
 1.0029e+04	 1.1336e+04	 1.8125e+00	 2.6333e-02	 1.4685e-10	-4.5312e-09	 2.2740e-11	 4.8035e+07	 2.8613e+02	 1.1357e+04
 3.1737e+03	 1.1336e+04	 1.8334e+00	 3.8925e-02	 6.8693e-11	-1.4708e-09	 2.3002e-11	 1.0269e+08	 2.8613e+02	 1.1360e+04
 1.0043e+03	 1.1336e+04	 1.8497e+00	 6.9339e-02	 3.8724e-11	-4.7451e-10	 2.3206e-11	 1.8216e+08	 2.8612e+02	 1.1362e+04
 3.1783e+02	 1.1336e+04	 1.8765e+00	 1.7792e-01	 3.1444e-11	-1.5490e-10	 2.3543e-11	 2.2433e+08	 2.8612e+02	 1.1364e+04
 1.0058e+02	 1.1336e+04	 1.9952e+00	 4.7402e-01	 2.6511e-11	-5.5659e-11	 2.5032e-11	 2.6608e+08	 2.8612e+02	 1.1367e+04
 3.1829e+01	 1.1336e+04	 2.3928e+00	 1.1051e+00	 1.9558e-11	-2.4650e-11	 3.0020e-11	 3.6066e+08	 2.8613e+02	 1.1370e+04
 1.0072e+01	 1.1336e+04	 3.1327e+00	 2.4667e+00	 1.3815e-11	-1.1945e-11	 3.9303e-11	 5.1059e+08	 2.8613e+02	 1.1373e+04
 3.1874e+00	 1.1336e+04	 4.3433e+00	 6.3905e+00	 1.1327e-11	-5.9257e-12	 5.4492e-11	 6.2277e+08	 2.8613e+02	 1.1377e+04
 1.0087e+00	 1.1336e+04	 7.0861e+00	 1.8033e+01	 1.0115e-11	-3.4136e-12	 8.8903e-11	 6.9740e+08	 2.8612e+02	 1.1382e+04
 1.0000e+06	 1.1379e+04	 1.7908e+00	 1.6733e-03	 9.3043e-10	-4.3973e-07	 2.2468e-11	 7.5814e+06	 2.8613e+02	 1.1390e+04
 3.1646e+05	 1.1379e+04	 1.7917e+00	 3.7304e-03	 6.5643e-10	-1.3931e-07	 2.2479e-11	 1.0746e+07	 2.8612e+02	 1.1392e+04
 1.0014e+05	 1.1379e+04	 1.7942e+00	 7.0683e-03	 3.9361e-10	-4.4226e-08	 2.2510e-11	 1.7921e+07	 2.8613e+02	 1.1395e+04
 3.1691e+04	 1.1379e+04	 1.7995e+00	 1.4269e-02	 2.5144e-10	-1.4089e-08	 2.2577e-11	 2.8054e+07	 2.8613e+02	 1.1398e+04
 1.0029e+04	 1.1379e+04	 1.8126e+00	 2.6360e-02	 1.4700e-10	-4.5315e-09	 2.2741e-11	 4.7986e+07	 2.8612e+02	 1.1400e+04
 3.1737e+03	 1.1379e+04	 1.8335e+00	 3.9048e-02	 6.8910e-11	-1.4710e-09	 2.3004e-11	 1.0236e+08	 2.8613e+02	 1.1402e+04
 1.0043e+03	 1.1379e+04	 1.8497e+00	 6.9528e-02	 3.8829e-11	-4.7453e-10	 2.3207e-11	 1.8167e+08	 2.8613e+02	 1.1405e+04
 3.1783e+02	 1.1379e+04	 1.8763e+00	 1.7882e-01	 3.1603e-11	-1.5486e-10	 2.3540e-11	 2.2321e+08	 2.8613e+02	 1.1407e+04
 1.0058e+02	 1.1379e+04	 1.9948e+00	 4.7758e-01	 2.6710e-11	-5.5635e-11	 2.5027e-11	 2.6410e+08	 2.8613e+02	 1.1410e+04
 3.1829e+01	 1.1379e+04	 2.3939e+00	 1.1149e+00	 1.9733e-11	-2.4671e-11	 3.0035e-11	 3.5747e+08	 2.8613e+02	 1.1413e+04
 1.0072e+01	 1.1379e+04	 3.1380e+00	 2.4812e+00	 1.3897e-11	-1.1974e-11	 3.9369e-11	 5.0759e+08	 2.8613e+02	 1.1416e+04
 3.1874e+00	 1.1379e+04	 4.3657e+00	 6.4346e+00	 1.1405e-11	-5.9655e-12	 5.4773e-11	 6.1851e+08	 2.8613e+02	 1.1420e+04
 1.0087e+00	 1.1379e+04	 7.1583e+00	 1.8200e+01	 1.0208e-11	-3.4541e-12	 8.9809e-11	 6.9101e+08	 2.8613e+02	 1.1425e+04
 1.0000e+06	 1.1422e+04	 1.7908e+00	 1.6949e-03	 9.4246e-10	-4.3972e-07	 2.2467e-11	 7.4846e+06	 2.8613e+02	 1.1433e+04
 3.1646e+05	 1.1422e+04	 1.7917e+00	 3.7188e-03	 6.5439e-10	-1.3932e-07	 2.2479e-11	 1.0779e+07	 2.8613e+02	 1.1435e+04
 1.0014e+05	 1.1422e+04	 1.7942e+00	 7.0919e-03	 3.9492e-10	-4.4229e-08	 2.2511e-11	 1.7862e+07	 2.8613e+02	 1.1438e+04
 3.1691e+04	 1.1422e+04	 1.7996e+00	 1.4323e-02	 2.5240e-10	-1.4090e-08	 2.2578e-11	 2.7947e+07	 2.8613e+02	 1.1440e+04
 1.0029e+04	 1.1422e+04	 1.8127e+00	 2.6430e-02	 1.4739e-10	-4.5322e-09	 2.2743e-11	 4.7858e+07	 2.8613e+02	 1.1443e+04
 3.1737e+03	 1.1422e+04	 1.8336e+00	 3.9067e-02	 6.8944e-11	-1.4712e-09	 2.3005e-11	 1.0231e+08	 2.8613e+02	 1.1446e+04
 1.0043e+03	 1.1422e+04	 1.8497e+00	 6.9826e-02	 3.8996e-11	-4.7452e-10	 2.3206e-11	 1.8089e+08	 2.8613e+02	 1.1448e+04
 3.1783e+02	 1.1422e+04	 1.8761e+00	 1.7992e-01	 3.1797e-11	-1.5483e-10	 2.3537e-11	 2.2185e+08	 2.8612e+02	 1.1451e+04
 1.0058e+02	 1.1422e+04	 1.9941e+00	 4.8197e-01	 2.6955e-11	-5.5596e-11	 2.5018e-11	 2.6169e+08	 2.8613e+02	 1.1453e+04
 3.1829e+01	 1.1422e+04	 2.3927e+00	 1.1273e+00	 1.9951e-11	-2.4648e-11	 3.0019e-11	 3.5356e+08	 2.8613e+02	 1.1456e+04
 1.0072e+01	 1.1422e+04	 3.1367e+00	 2.4980e+00	 1.3991e-11	-1.1968e-11	 3.9354e-11	 5.0419e+08	 2.8613e+02	 1.1460e+04
 3.1874e+00	 1.1422e+04	 4.3547e+00	 6.4463e+00	 1.1426e-11	-5.9460e-12	 5.4635e-11	 6.1738e+08	 2.8613e+02	 1.1464e+04
 1.0087e+00	 1.1422e+04	 7.1878e+00	 1.8264e+01	 1.0244e-11	-3.4707e-12	 9.0180e-11	 6.8860e+08	 2.8613e+02	 1.1468e+04
 1.0000e+06	 1.1466e+04	 1.7908e+00	 1.6674e-03	 9.2716e-10	-4.3975e-07	 2.2468e-11	 7.6081e+06	 2.8613e+02	 1.1476e+04
 3.1646e+05	 1.1466e+04	 1.7918e+00	 3.7453e-03	 6.5905e-10	-1.3933e-07	 2.2480e-11	 1.0703e+07	 2.8613e+02	 1.1478e+04
 1.0014e+05	 1.1466e+04	 1.7943e+00	 7.1291e-03	 3.9699e-10	-4.4231e-08	 2.2511e-11	 1.7768e+07	 2.8613e+02	 1.1481e+04
 3.1691e+04	 1.1466e+04	 1.7996e+00	 1.4357e-02	 2.5300e-10	-1.4091e-08	 2.2578e-11	 2.7882e+07	 2.8613e+02	 1.1484e+04
 1.0029e+04	 1.1466e+04	 1.8128e+00	 2.6467e-02	 1.4760e-10	-4.5327e-09	 2.2744e-11	 4.7792e+07	 2.8613e+02	 1.1486e+04
 3.1737e+03	 1.1466e+04	 1.8337e+00	 3.9092e-02	 6.8989e-11	-1.4712e-09	 2.3006e-11	 1.0225e+08	 2.8613e+02	 1.1488e+04
 1.0043e+03	 1.1466e+04	 1.8497e+00	 6.9972e-02	 3.9077e-11	-4.7455e-10	 2.3207e-11	 1.8051e+08	 2.8613e+02	 1.1491e+04
 3.1783e+02	 1.1466e+04	 1.8762e+00	 1.8047e-01	 3.1895e-11	-1.5484e-10	 2.3539e-11	 2.2116e+08	 2.8613e+02	 1.1494e+04
 1.0058e+02	 1.1466e+04	 1.9944e+00	 4.8369e-01	 2.7051e-11	-5.5613e-11	 2.5022e-11	 2.6076e+08	 2.8613e+02	 1.1496e+04
 3.1829e+01	 1.1466e+04	 2.3934e+00	 1.1305e+00	 2.0009e-11	-2.4661e-11	 3.0028e-11	 3.5254e+08	 2.8613e+02	 1.1499e+04
 1.0072e+01	 1.1466e+04	 3.1370e+00	 2.5022e+00	 1.4015e-11	-1.1969e-11	 3.9357e-11	 5.0333e+08	 2.8613e+02	 1.1502e+04
 3.1874e+00	 1.1466e+04	 4.3634e+00	 6.4602e+00	 1.1450e-11	-5.9613e-12	 5.4743e-11	 6.1606e+08	 2.8613e+02	 1.1506e+04
 1.0087e+00	 1.1466e+04	 7.2762e+00	 1.8293e+01	 1.0261e-11	-3.5203e-12	 9.1289e-11	 6.8748e+08	 2.8613e+02	 1.1511e+04
 1.0000e+06	 1.1508e+04	 1.7908e+00	 1.6815e-03	 9.3501e-10	-4.3976e-07	 2.2468e-11	 7.5443e+06	 2.8613e+02	 1.1519e+04
 3.1646e+05	 1.1508e+04	 1.7917e+00	 3.7177e-03	 6.5420e-10	-1.3932e-07	 2.2480e-11	 1.0783e+07	 2.8613e+02	 1.1521e+04
 1.0014e+05	 1.1508e+04	 1.7942e+00	 7.1407e-03	 3.9764e-10	-4.4227e-08	 2.2511e-11	 1.7740e+07	 2.8614e+02	 1.1524e+04
 3.1691e+04	 1.1508e+04	 1.7996e+00	 1.4375e-02	 2.5331e-10	-1.4091e-08	 2.2579e-11	 2.7847e+07	 2.8613e+02	 1.1526e+04
 1.0029e+04	 1.1508e+04	 1.8128e+00	 2.6511e-02	 1.4784e-10	-4.5328e-09	 2.2744e-11	 4.7713e+07	 2.8613e+02	 1.1529e+04
 3.1737e+03	 1.1508e+04	 1.8338e+00	 3.9067e-02	 6.8944e-11	-1.4715e-09	 2.3007e-11	 1.0231e+08	 2.8613e+02	 1.1531e+04
 1.0043e+03	 1.1508e+04	 1.8497e+00	 7.0063e-02	 3.9128e-11	-4.7455e-10	 2.3207e-11	 1.8028e+08	 2.8613e+02	 1.1533e+04
 3.1783e+02	 1.1508e+04	 1.8760e+00	 1.8097e-01	 3.1984e-11	-1.5481e-10	 2.3536e-11	 2.2055e+08	 2.8614e+02	 1.1536e+04
 1.0058e+02	 1.1508e+04	 1.9941e+00	 4.8562e-01	 2.7160e-11	-5.5597e-11	 2.5018e-11	 2.5972e+08	 2.8613e+02	 1.1538e+04
 3.1829e+01	 1.1508e+04	 2.3905e+00	 1.1374e+00	 2.0131e-11	-2.4609e-11	 2.9991e-11	 3.5040e+08	 2.8613e+02	 1.1541e+04
 1.0072e+01	 1.1508e+04	 3.1319e+00	 2.5229e+00	 1.4130e-11	-1.1940e-11	 3.9293e-11	 4.9920e+08	 2.8613e+02	 1.1544e+04
 3.1874e+00	 1.1508e+04	 4.3668e+00	 6.4928e+00	 1.1508e-11	-5.9674e-12	 5.4787e-11	 6.1297e+08	 2.8613e+02	 1.1549e+04
 1.0087e+00	 1.1508e+04	 7.1663e+00	 1.8233e+01	 1.0227e-11	-3.4586e-12	 8.9910e-11	 6.8976e+08	 2.8613e+02	 1.1553e+04
 1.0000e+06	 1.1551e+04	 1.7908e+00	 1.6795e-03	 9.3392e-10	-4.3975e-07	 2.2468e-11	 7.5530e+06	 2.8614e+02	 1.1561e+04
 3.1646e+05	 1.1551e+04	 1.7918e+00	 3.8020e-03	 6.6903e-10	-1.3933e-07	 2.2480e-11	 1.0543e+07	 2.8613e+02	 1.1564e+04
 1.0014e+05	 1.1551e+04	 1.7943e+00	 7.1250e-03	 3.9676e-10	-4.4230e-08	 2.2511e-11	 1.7779e+07	 2.8613e+02	 1.1567e+04
 3.1691e+04	 1.1551e+04	 1.7996e+00	 1.4368e-02	 2.5320e-10	-1.4091e-08	 2.2578e-11	 2.7859e+07	 2.8613e+02	 1.1569e+04
 1.0029e+04	 1.1551e+04	 1.8128e+00	 2.6480e-02	 1.4767e-10	-4.5327e-09	 2.2744e-11	 4.7768e+07	 2.8613e+02	 1.1572e+04
 3.1737e+03	 1.1551e+04	 1.8337e+00	 3.9088e-02	 6.8981e-11	-1.4713e-09	 2.3006e-11	 1.0226e+08	 2.8613e+02	 1.1574e+04
 1.0043e+03	 1.1551e+04	 1.8498e+00	 6.9900e-02	 3.9037e-11	-4.7458e-10	 2.3208e-11	 1.8070e+08	 2.8613e+02	 1.1577e+04
 3.1783e+02	 1.1551e+04	 1.8762e+00	 1.8013e-01	 3.1834e-11	-1.5485e-10	 2.3539e-11	 2.2158e+08	 2.8613e+02	 1.1580e+04
 1.0058e+02	 1.1551e+04	 1.9942e+00	 4.8214e-01	 2.6965e-11	-5.5605e-11	 2.5020e-11	 2.6160e+08	 2.8614e+02	 1.1582e+04
 3.1829e+01	 1.1551e+04	 2.3932e+00	 1.1254e+00	 1.9918e-11	-2.4658e-11	 3.0026e-11	 3.5415e+08	 2.8614e+02	 1.1585e+04
 1.0072e+01	 1.1551e+04	 3.1309e+00	 2.5019e+00	 1.4013e-11	-1.1935e-11	 3.9281e-11	 5.0340e+08	 2.8614e+02	 1.1588e+04
 3.1874e+00	 1.1551e+04	 4.3530e+00	 6.4398e+00	 1.1414e-11	-5.9429e-12	 5.4613e-11	 6.1801e+08	 2.8613e+02	 1.1592e+04
 1.0087e+00	 1.1551e+04	 7.1396e+00	 1.8188e+01	 1.0201e-11	-3.4437e-12	 8.9575e-11	 6.9148e+08	 2.8613e+02	 1.1597e+04
 1.0000e+06	 1.1594e+04	 1.7908e+00	 1.6630e-03	 9.2474e-10	-4.3974e-07	 2.2468e-11	 7.6281e+06	 2.8614e+02	 1.1605e+04
 3.1646e+05	 1.1594e+04	 1.7918e+00	 3.7279e-03	 6.5599e-10	-1.3934e-07	 2.2480e-11	 1.0753e+07	 2.8614e+02	 1.1608e+04
 1.0014e+05	 1.1594e+04	 1.7942e+00	 7.0754e-03	 3.9400e-10	-4.4228e-08	 2.2511e-11	 1.7903e+07	 2.8613e+02	 1.1610e+04
 3.1691e+04	 1.1594e+04	 1.7996e+00	 1.4326e-02	 2.5245e-10	-1.4091e-08	 2.2578e-11	 2.7941e+07	 2.8613e+02	 1.1613e+04
 1.0029e+04	 1.1594e+04	 1.8127e+00	 2.6410e-02	 1.4728e-10	-4.5322e-09	 2.2742e-11	 4.7895e+07	 2.8613e+02	 1.1615e+04
 3.1737e+03	 1.1594e+04	 1.8336e+00	 3.9027e-02	 6.8874e-11	-1.4711e-09	 2.3005e-11	 1.0242e+08	 2.8614e+02	 1.1618e+04
 1.0043e+03	 1.1594e+04	 1.8498e+00	 6.9564e-02	 3.8849e-11	-4.7459e-10	 2.3208e-11	 1.8157e+08	 2.8613e+02	 1.1620e+04
 3.1783e+02	 1.1594e+04	 1.8765e+00	 1.7861e-01	 3.1566e-11	-1.5491e-10	 2.3543e-11	 2.2346e+08	 2.8613e+02	 1.1623e+04
 1.0058e+02	 1.1594e+04	 1.9946e+00	 4.7632e-01	 2.6640e-11	-5.5627e-11	 2.5025e-11	 2.6479e+08	 2.8613e+02	 1.1625e+04
 3.1829e+01	 1.1594e+04	 2.3908e+00	 1.1113e+00	 1.9669e-11	-2.4615e-11	 2.9995e-11	 3.5863e+08	 2.8613e+02	 1.1628e+04
 1.0072e+01	 1.1594e+04	 3.1350e+00	 2.4615e+00	 1.3786e-11	-1.1958e-11	 3.9333e-11	 5.1166e+08	 2.8613e+02	 1.1631e+04
 3.1874e+00	 1.1594e+04	 4.3551e+00	 6.3801e+00	 1.1308e-11	-5.9466e-12	 5.4640e-11	 6.2379e+08	 2.8614e+02	 1.1635e+04
 1.0087e+00	 1.1594e+04	 7.1668e+00	 1.8050e+01	 1.0124e-11	-3.4589e-12	 8.9916e-11	 6.9677e+08	 2.8614e+02	 1.1640e+04
 1.0000e+06	 1.1637e+04	 1.7908e+00	 1.5939e-03	 8.8628e-10	-4.3976e-07	 2.2468e-11	 7.9591e+06	 2.8613e+02	 1.1648e+04
 3.1646e+05	 1.1637e+04	 1.7918e+00	 3.7722e-03	 6.6379e-10	-1.3934e-07	 2.2481e-11	 1.0627e+07	 2.8613e+02	 1.1650e+04
 1.0014e+05	 1.1637e+04	 1.7942e+00	 7.0927e-03	 3.9497e-10	-4.4225e-08	 2.2510e-11	 1.7860e+07	 2.8614e+02	 1.1653e+04
 3.1691e+04	 1.1637e+04	 1.7995e+00	 1.4302e-02	 2.5204e-10	-1.4090e-08	 2.2577e-11	 2.7988e+07	 2.8613e+02	 1.1655e+04
 1.0029e+04	 1.1637e+04	 1.8126e+00	 2.6363e-02	 1.4702e-10	-4.5319e-09	 2.2742e-11	 4.7980e+07	 2.8613e+02	 1.1658e+04
 3.1737e+03	 1.1637e+04	 1.8336e+00	 3.9006e-02	 6.8837e-11	-1.4711e-09	 2.3005e-11	 1.0247e+08	 2.8613e+02	 1.1660e+04
 1.0043e+03	 1.1637e+04	 1.8496e+00	 6.9294e-02	 3.8699e-11	-4.7449e-10	 2.3206e-11	 1.8228e+08	 2.8614e+02	 1.1663e+04
 3.1783e+02	 1.1637e+04	 1.8755e+00	 1.7847e-01	 3.1542e-11	-1.5473e-10	 2.3530e-11	 2.2364e+08	 2.8613e+02	 1.1665e+04
 1.0058e+02	 1.1637e+04	 1.9915e+00	 4.7905e-01	 2.6792e-11	-5.5450e-11	 2.4985e-11	 2.6329e+08	 2.8613e+02	 1.1668e+04
 3.1829e+01	 1.1637e+04	 2.3840e+00	 1.1220e+00	 1.9858e-11	-2.4495e-11	 2.9910e-11	 3.5523e+08	 2.8613e+02	 1.1671e+04
 1.0072e+01	 1.1637e+04	 3.1224e+00	 2.4851e+00	 1.3918e-11	-1.1887e-11	 3.9174e-11	 5.0681e+08	 2.8614e+02	 1.1674e+04
 3.1874e+00	 1.1637e+04	 4.3270e+00	 6.3821e+00	 1.1312e-11	-5.8968e-12	 5.4287e-11	 6.2360e+08	 2.8614e+02	 1.1678e+04
 1.0087e+00	 1.1637e+04	 7.0565e+00	 1.8049e+01	 1.0123e-11	-3.3971e-12	 8.8532e-11	 6.9681e+08	 2.8614e+02	 1.1682e+04
 1.0000e+06	 1.1680e+04	 1.7908e+00	 1.5739e-03	 8.7520e-10	-4.3974e-07	 2.2468e-11	 8.0598e+06	 2.8614e+02	 1.1690e+04
 3.1646e+05	 1.1680e+04	 1.7917e+00	 3.7628e-03	 6.6214e-10	-1.3932e-07	 2.2479e-11	 1.0653e+07	 2.8613e+02	 1.1693e+04
 1.0014e+05	 1.1680e+04	 1.7942e+00	 7.0695e-03	 3.9368e-10	-4.4226e-08	 2.2510e-11	 1.7918e+07	 2.8614e+02	 1.1696e+04
 3.1691e+04	 1.1680e+04	 1.7995e+00	 1.4295e-02	 2.5192e-10	-1.4090e-08	 2.2577e-11	 2.8001e+07	 2.8614e+02	 1.1698e+04
 1.0029e+04	 1.1680e+04	 1.8126e+00	 2.6361e-02	 1.4701e-10	-4.5317e-09	 2.2741e-11	 4.7984e+07	 2.8613e+02	 1.1701e+04
 3.1737e+03	 1.1680e+04	 1.8336e+00	 3.8976e-02	 6.8784e-11	-1.4711e-09	 2.3005e-11	 1.0255e+08	 2.8613e+02	 1.1703e+04
 1.0043e+03	 1.1680e+04	 1.8498e+00	 6.9233e-02	 3.8665e-11	-4.7458e-10	 2.3208e-11	 1.8244e+08	 2.8613e+02	 1.1706e+04
 3.1783e+02	 1.1680e+04	 1.8763e+00	 1.7770e-01	 3.1405e-11	-1.5487e-10	 2.3541e-11	 2.2462e+08	 2.8613e+02	 1.1708e+04
 1.0058e+02	 1.1680e+04	 1.9937e+00	 4.7425e-01	 2.6524e-11	-5.5574e-11	 2.5013e-11	 2.6595e+08	 2.8614e+02	 1.1711e+04
 3.1829e+01	 1.1680e+04	 2.3898e+00	 1.1068e+00	 1.9588e-11	-2.4598e-11	 2.9983e-11	 3.6011e+08	 2.8614e+02	 1.1714e+04
 1.0072e+01	 1.1680e+04	 3.1291e+00	 2.4484e+00	 1.3713e-11	-1.1925e-11	 3.9258e-11	 5.1439e+08	 2.8614e+02	 1.1717e+04
 3.1874e+00	 1.1680e+04	 4.3103e+00	 6.3535e+00	 1.1261e-11	-5.8672e-12	 5.4078e-11	 6.2641e+08	 2.8613e+02	 1.1721e+04
 1.0087e+00	 1.1680e+04	 6.7588e+00	 1.7685e+01	 9.9196e-12	-3.2300e-12	 8.4796e-11	 7.1111e+08	 2.8613e+02	 1.1725e+04
 1.0000e+06	 1.1723e+04	 1.7908e+00	 1.6502e-03	 9.1759e-10	-4.3975e-07	 2.2468e-11	 7.6875e+06	 2.8614e+02	 1.1733e+04
 3.1646e+05	 1.1723e+04	 1.7918e+00	 3.7895e-03	 6.6684e-10	-1.3933e-07	 2.2480e-11	 1.0578e+07	 2.8614e+02	 1.1736e+04
 1.0014e+05	 1.1723e+04	 1.7942e+00	 7.1301e-03	 3.9705e-10	-4.4225e-08	 2.2510e-11	 1.7766e+07	 2.8613e+02	 1.1738e+04
 3.1691e+04	 1.1723e+04	 1.7996e+00	 1.4288e-02	 2.5178e-10	-1.4090e-08	 2.2578e-11	 2.8016e+07	 2.8613e+02	 1.1740e+04
 1.0029e+04	 1.1723e+04	 1.8127e+00	 2.6398e-02	 1.4721e-10	-4.5321e-09	 2.2742e-11	 4.7917e+07	 2.8614e+02	 1.1743e+04
 3.1737e+03	 1.1723e+04	 1.8336e+00	 3.8867e-02	 6.8592e-11	-1.4711e-09	 2.3005e-11	 1.0284e+08	 2.8614e+02	 1.1746e+04
 1.0043e+03	 1.1723e+04	 1.8498e+00	 6.9368e-02	 3.8740e-11	-4.7458e-10	 2.3208e-11	 1.8208e+08	 2.8613e+02	 1.1748e+04
 3.1783e+02	 1.1723e+04	 1.8763e+00	 1.7811e-01	 3.1478e-11	-1.5487e-10	 2.3540e-11	 2.2409e+08	 2.8614e+02	 1.1751e+04
 1.0058e+02	 1.1723e+04	 1.9942e+00	 4.7580e-01	 2.6611e-11	-5.5602e-11	 2.5019e-11	 2.6508e+08	 2.8613e+02	 1.1753e+04
 3.1829e+01	 1.1723e+04	 2.3930e+00	 1.1086e+00	 1.9620e-11	-2.4655e-11	 3.0023e-11	 3.5952e+08	 2.8614e+02	 1.1756e+04
 1.0072e+01	 1.1723e+04	 3.1394e+00	 2.4558e+00	 1.3754e-11	-1.1982e-11	 3.9387e-11	 5.1285e+08	 2.8614e+02	 1.1759e+04
 3.1874e+00	 1.1723e+04	 4.3442e+00	 6.3617e+00	 1.1276e-11	-5.9274e-12	 5.4503e-11	 6.2560e+08	 2.8614e+02	 1.1763e+04
 1.0087e+00	 1.1723e+04	 7.1976e+00	 1.8064e+01	 1.0132e-11	-3.4762e-12	 9.0302e-11	 6.9623e+08	 2.8614e+02	 1.1768e+04
 1.0000e+06	 1.1765e+04	 1.7908e+00	 1.6745e-03	 9.3110e-10	-4.3974e-07	 2.2468e-11	 7.5759e+06	 2.8614e+02	 1.1776e+04
 3.1646e+05	 1.1765e+04	 1.7917e+00	 3.7655e-03	 6.6261e-10	-1.3932e-07	 2.2479e-11	 1.0646e+07	 2.8613e+02	 1.1778e+04
 1.0014e+05	 1.1765e+04	 1.7942e+00	 7.0885e-03	 3.9473e-10	-4.4228e-08	 2.2511e-11	 1.7870e+07	 2.8614e+02	 1.1781e+04
 3.1691e+04	 1.1765e+04	 1.7996e+00	 1.4331e-02	 2.5255e-10	-1.4090e-08	 2.2578e-11	 2.7931e+07	 2.8614e+02	 1.1783e+04
 1.0029e+04	 1.1765e+04	 1.8127e+00	 2.6409e-02	 1.4727e-10	-4.5323e-09	 2.2743e-11	 4.7897e+07	 2.8614e+02	 1.1786e+04
 3.1737e+03	 1.1765e+04	 1.8337e+00	 3.8964e-02	 6.8763e-11	-1.4713e-09	 2.3006e-11	 1.0258e+08	 2.8614e+02	 1.1788e+04
 1.0043e+03	 1.1765e+04	 1.8497e+00	 6.9542e-02	 3.8837e-11	-4.7454e-10	 2.3207e-11	 1.8163e+08	 2.8614e+02	 1.1791e+04
 3.1783e+02	 1.1765e+04	 1.8756e+00	 1.7932e-01	 3.1692e-11	-1.5475e-10	 2.3532e-11	 2.2258e+08	 2.8614e+02	 1.1793e+04
 1.0058e+02	 1.1765e+04	 1.9926e+00	 4.8170e-01	 2.6940e-11	-5.5516e-11	 2.5000e-11	 2.6184e+08	 2.8613e+02	 1.1796e+04
 3.1829e+01	 1.1765e+04	 2.3878e+00	 1.1287e+00	 1.9976e-11	-2.4563e-11	 2.9958e-11	 3.5311e+08	 2.8614e+02	 1.1799e+04
 1.0072e+01	 1.1765e+04	 3.1284e+00	 2.5015e+00	 1.4011e-11	-1.1921e-11	 3.9250e-11	 5.0347e+08	 2.8614e+02	 1.1802e+04
 3.1874e+00	 1.1765e+04	 4.3475e+00	 6.4180e+00	 1.1375e-11	-5.9332e-12	 5.4545e-11	 6.2011e+08	 2.8614e+02	 1.1806e+04
 1.0087e+00	 1.1765e+04	 7.1170e+00	 1.8038e+01	 1.0117e-11	-3.4310e-12	 8.9291e-11	 6.9722e+08	 2.8614e+02	 1.1811e+04
 1.0000e+06	 1.1808e+04	 1.7908e+00	 1.7113e-03	 9.5158e-10	-4.3975e-07	 2.2468e-11	 7.4129e+06	 2.8614e+02	 1.1819e+04
 3.1646e+05	 1.1808e+04	 1.7917e+00	 3.8034e-03	 6.6928e-10	-1.3932e-07	 2.2479e-11	 1.0540e+07	 2.8614e+02	 1.1821e+04
 1.0014e+05	 1.1808e+04	 1.7943e+00	 7.1131e-03	 3.9610e-10	-4.4229e-08	 2.2511e-11	 1.7808e+07	 2.8614e+02	 1.1824e+04
 3.1691e+04	 1.1808e+04	 1.7997e+00	 1.4355e-02	 2.5296e-10	-1.4092e-08	 2.2579e-11	 2.7885e+07	 2.8614e+02	 1.1826e+04
 1.0029e+04	 1.1808e+04	 1.8128e+00	 2.6466e-02	 1.4759e-10	-4.5327e-09	 2.2744e-11	 4.7793e+07	 2.8615e+02	 1.1829e+04
 3.1737e+03	 1.1808e+04	 1.8338e+00	 3.9105e-02	 6.9010e-11	-1.4715e-09	 2.3007e-11	 1.0222e+08	 2.8615e+02	 1.1832e+04
 1.0043e+03	 1.1808e+04	 1.8499e+00	 6.9735e-02	 3.8945e-11	-4.7464e-10	 2.3209e-11	 1.8113e+08	 2.8615e+02	 1.1834e+04
 3.1783e+02	 1.1808e+04	 1.8765e+00	 1.7949e-01	 3.1722e-11	-1.5490e-10	 2.3543e-11	 2.2237e+08	 2.8615e+02	 1.1836e+04
 1.0058e+02	 1.1808e+04	 1.9949e+00	 4.7979e-01	 2.6834e-11	-5.5644e-11	 2.5029e-11	 2.6288e+08	 2.8614e+02	 1.1839e+04
 3.1829e+01	 1.1808e+04	 2.3960e+00	 1.1182e+00	 1.9791e-11	-2.4706e-11	 3.0060e-11	 3.5642e+08	 2.8614e+02	 1.1842e+04
 1.0072e+01	 1.1808e+04	 3.1413e+00	 2.4704e+00	 1.3836e-11	-1.1993e-11	 3.9411e-11	 5.0981e+08	 2.8614e+02	 1.1845e+04
 3.1874e+00	 1.1808e+04	 4.3514e+00	 6.3756e+00	 1.1300e-11	-5.9400e-12	 5.4593e-11	 6.2423e+08	 2.8615e+02	 1.1849e+04
 1.0087e+00	 1.1808e+04	 6.8352e+00	 1.7725e+01	 9.9419e-12	-3.2729e-12	 8.5755e-11	 7.0952e+08	 2.8615e+02	 1.1854e+04
 1.0000e+06	 1.1851e+04	 1.7909e+00	 1.6376e-03	 9.1058e-10	-4.3978e-07	 2.2469e-11	 7.7466e+06	 2.8615e+02	 1.1862e+04
 3.1646e+05	 1.1851e+04	 1.7918e+00	 3.7203e-03	 6.5466e-10	-1.3933e-07	 2.2480e-11	 1.0775e+07	 2.8614e+02	 1.1864e+04
 1.0014e+05	 1.1851e+04	 1.7943e+00	 7.0818e-03	 3.9436e-10	-4.4231e-08	 2.2511e-11	 1.7887e+07	 2.8614e+02	 1.1867e+04
 3.1691e+04	 1.1851e+04	 1.7996e+00	 1.4351e-02	 2.5290e-10	-1.4092e-08	 2.2579e-11	 2.7892e+07	 2.8615e+02	 1.1869e+04
 1.0029e+04	 1.1851e+04	 1.8128e+00	 2.6430e-02	 1.4739e-10	-4.5325e-09	 2.2743e-11	 4.7859e+07	 2.8615e+02	 1.1872e+04
 3.1737e+03	 1.1851e+04	 1.8337e+00	 3.8940e-02	 6.8721e-11	-1.4713e-09	 2.3006e-11	 1.0265e+08	 2.8615e+02	 1.1874e+04
 1.0043e+03	 1.1851e+04	 1.8498e+00	 6.9541e-02	 3.8837e-11	-4.7461e-10	 2.3208e-11	 1.8163e+08	 2.8615e+02	 1.1877e+04
 3.1783e+02	 1.1851e+04	 1.8762e+00	 1.7884e-01	 3.1606e-11	-1.5486e-10	 2.3540e-11	 2.2318e+08	 2.8615e+02	 1.1880e+04
 1.0058e+02	 1.1851e+04	 1.9940e+00	 4.7795e-01	 2.6731e-11	-5.5593e-11	 2.5017e-11	 2.6389e+08	 2.8614e+02	 1.1882e+04
 3.1829e+01	 1.1851e+04	 2.3922e+00	 1.1122e+00	 1.9684e-11	-2.4640e-11	 3.0013e-11	 3.5835e+08	 2.8614e+02	 1.1885e+04
 1.0072e+01	 1.1851e+04	 3.1395e+00	 2.4475e+00	 1.3708e-11	-1.1983e-11	 3.9388e-11	 5.1458e+08	 2.8614e+02	 1.1888e+04
 3.1874e+00	 1.1851e+04	 4.3505e+00	 6.3194e+00	 1.1201e-11	-5.9384e-12	 5.4582e-11	 6.2978e+08	 2.8614e+02	 1.1892e+04
 1.0087e+00	 1.1851e+04	 6.8330e+00	 1.7633e+01	 9.8902e-12	-3.2717e-12	 8.5728e-11	 7.1323e+08	 2.8614e+02	 1.1897e+04
 1.0000e+06	 1.1894e+04	 1.7909e+00	 1.6029e-03	 8.9132e-10	-4.3977e-07	 2.2468e-11	 7.9140e+06	 2.8614e+02	 1.1905e+04
 3.1646e+05	 1.1894e+04	 1.7917e+00	 3.7834e-03	 6.6576e-10	-1.3932e-07	 2.2479e-11	 1.0595e+07	 2.8614e+02	 1.1907e+04
 1.0014e+05	 1.1894e+04	 1.7942e+00	 7.1064e-03	 3.9573e-10	-4.4226e-08	 2.2510e-11	 1.7825e+07	 2.8614e+02	 1.1910e+04
 3.1691e+04	 1.1894e+04	 1.7996e+00	 1.4291e-02	 2.5184e-10	-1.4090e-08	 2.2578e-11	 2.8010e+07	 2.8614e+02	 1.1912e+04
 1.0029e+04	 1.1894e+04	 1.8127e+00	 2.6348e-02	 1.4693e-10	-4.5320e-09	 2.2742e-11	 4.8008e+07	 2.8614e+02	 1.1915e+04
 3.1737e+03	 1.1894e+04	 1.8335e+00	 3.8890e-02	 6.8632e-11	-1.4710e-09	 2.3004e-11	 1.0278e+08	 2.8614e+02	 1.1918e+04
 1.0043e+03	 1.1894e+04	 1.8497e+00	 6.9072e-02	 3.8575e-11	-4.7452e-10	 2.3206e-11	 1.8286e+08	 2.8614e+02	 1.1920e+04
 3.1783e+02	 1.1894e+04	 1.8755e+00	 1.7758e-01	 3.1384e-11	-1.5473e-10	 2.3531e-11	 2.2477e+08	 2.8614e+02	 1.1923e+04
 1.0058e+02	 1.1894e+04	 1.9912e+00	 4.7584e-01	 2.6612e-11	-5.5437e-11	 2.4982e-11	 2.6506e+08	 2.8614e+02	 1.1925e+04
 3.1829e+01	 1.1894e+04	 2.3854e+00	 1.1126e+00	 1.9691e-11	-2.4520e-11	 2.9928e-11	 3.5823e+08	 2.8614e+02	 1.1928e+04
 1.0072e+01	 1.1894e+04	 3.1294e+00	 2.4481e+00	 1.3711e-11	-1.1926e-11	 3.9262e-11	 5.1446e+08	 2.8614e+02	 1.1931e+04
 3.1874e+00	 1.1894e+04	 4.3290e+00	 6.2692e+00	 1.1112e-11	-5.9004e-12	 5.4313e-11	 6.3483e+08	 2.8614e+02	 1.1936e+04
 1.0087e+00	 1.1894e+04	 6.9779e+00	 1.7554e+01	 9.8458e-12	-3.3529e-12	 8.7545e-11	 7.1645e+08	 2.8614e+02	 1.1940e+04
 1.0000e+06	 1.1938e+04	 1.7908e+00	 1.7145e-03	 9.5338e-10	-4.3975e-07	 2.2468e-11	 7.3989e+06	 2.8614e+02	 1.1948e+04
 3.1646e+05	 1.1938e+04	 1.7918e+00	 3.7823e-03	 6.6557e-10	-1.3933e-07	 2.2480e-11	 1.0598e+07	 2.8614e+02	 1.1951e+04
 1.0014e+05	 1.1938e+04	 1.7942e+00	 7.0459e-03	 3.9236e-10	-4.4226e-08	 2.2510e-11	 1.7978e+07	 2.8614e+02	 1.1953e+04
 3.1691e+04	 1.1938e+04	 1.7995e+00	 1.4223e-02	 2.5064e-10	-1.4089e-08	 2.2577e-11	 2.8143e+07	 2.8614e+02	 1.1956e+04
 1.0029e+04	 1.1938e+04	 1.8126e+00	 2.6262e-02	 1.4645e-10	-4.5314e-09	 2.2741e-11	 4.8165e+07	 2.8614e+02	 1.1958e+04
 3.1737e+03	 1.1938e+04	 1.8335e+00	 3.8810e-02	 6.8490e-11	-1.4709e-09	 2.3003e-11	 1.0299e+08	 2.8614e+02	 1.1961e+04
 1.0043e+03	 1.1938e+04	 1.8497e+00	 6.8743e-02	 3.8391e-11	-4.7453e-10	 2.3207e-11	 1.8374e+08	 2.8614e+02	 1.1963e+04
 3.1783e+02	 1.1938e+04	 1.8761e+00	 1.7603e-01	 3.1110e-11	-1.5483e-10	 2.3538e-11	 2.2674e+08	 2.8614e+02	 1.1966e+04
 1.0058e+02	 1.1938e+04	 1.9927e+00	 4.6967e-01	 2.6267e-11	-5.5522e-11	 2.5001e-11	 2.6854e+08	 2.8614e+02	 1.1968e+04
 3.1829e+01	 1.1938e+04	 2.3872e+00	 1.0956e+00	 1.9391e-11	-2.4552e-11	 2.9950e-11	 3.6378e+08	 2.8614e+02	 1.1971e+04
 1.0072e+01	 1.1938e+04	 3.1305e+00	 2.4201e+00	 1.3555e-11	-1.1933e-11	 3.9276e-11	 5.2041e+08	 2.8614e+02	 1.1974e+04
 3.1874e+00	 1.1938e+04	 4.3222e+00	 6.2381e+00	 1.1056e-11	-5.8883e-12	 5.4227e-11	 6.3799e+08	 2.8614e+02	 1.1978e+04
 1.0087e+00	 1.1938e+04	 6.8388e+00	 1.7377e+01	 9.7467e-12	-3.2749e-12	 8.5800e-11	 7.2373e+08	 2.8613e+02	 1.1983e+04
 1.0000e+06	 1.1980e+04	 1.7908e+00	 1.7380e-03	 9.6644e-10	-4.3975e-07	 2.2468e-11	 7.2989e+06	 2.8613e+02	 1.1991e+04
 3.1646e+05	 1.1980e+04	 1.7917e+00	 3.6639e-03	 6.4473e-10	-1.3932e-07	 2.2479e-11	 1.0941e+07	 2.8614e+02	 1.1993e+04
 1.0014e+05	 1.1980e+04	 1.7942e+00	 7.0276e-03	 3.9134e-10	-4.4227e-08	 2.2510e-11	 1.8025e+07	 2.8613e+02	 1.1996e+04
 3.1691e+04	 1.1980e+04	 1.7995e+00	 1.4192e-02	 2.5009e-10	-1.4089e-08	 2.2577e-11	 2.8205e+07	 2.8614e+02	 1.1999e+04
 1.0029e+04	 1.1980e+04	 1.8125e+00	 2.6207e-02	 1.4615e-10	-4.5311e-09	 2.2740e-11	 4.8265e+07	 2.8614e+02	 1.2001e+04
 3.1737e+03	 1.1980e+04	 1.8334e+00	 3.8708e-02	 6.8311e-11	-1.4708e-09	 2.3003e-11	 1.0326e+08	 2.8613e+02	 1.2004e+04
 1.0043e+03	 1.1980e+04	 1.8497e+00	 6.8628e-02	 3.8327e-11	-4.7451e-10	 2.3206e-11	 1.8405e+08	 2.8613e+02	 1.2006e+04
 3.1783e+02	 1.1980e+04	 1.8759e+00	 1.7584e-01	 3.1077e-11	-1.5479e-10	 2.3535e-11	 2.2698e+08	 2.8613e+02	 1.2009e+04
 1.0058e+02	 1.1980e+04	 1.9923e+00	 4.6983e-01	 2.6277e-11	-5.5497e-11	 2.4996e-11	 2.6845e+08	 2.8613e+02	 1.2012e+04
 3.1829e+01	 1.1980e+04	 2.3887e+00	 1.0970e+00	 1.9415e-11	-2.4578e-11	 2.9969e-11	 3.6332e+08	 2.8614e+02	 1.2014e+04
 1.0072e+01	 1.1980e+04	 3.1336e+00	 2.4208e+00	 1.3558e-11	-1.1950e-11	 3.9315e-11	 5.2027e+08	 2.8613e+02	 1.2018e+04
 3.1874e+00	 1.1980e+04	 4.3366e+00	 6.2716e+00	 1.1116e-11	-5.9139e-12	 5.4408e-11	 6.3459e+08	 2.8613e+02	 1.2022e+04
 1.0087e+00	 1.1980e+04	 6.8602e+00	 1.7447e+01	 9.7858e-12	-3.2869e-12	 8.6069e-11	 7.2084e+08	 2.8614e+02	 1.2026e+04
 1.0000e+06	 1.2024e+04	 1.7908e+00	 1.6149e-03	 8.9798e-10	-4.3976e-07	 2.2468e-11	 7.8554e+06	 2.8614e+02	 1.2034e+04
 3.1646e+05	 1.2024e+04	 1.7918e+00	 3.7650e-03	 6.6252e-10	-1.3933e-07	 2.2480e-11	 1.0647e+07	 2.8614e+02	 1.2036e+04
 1.0014e+05	 1.2024e+04	 1.7942e+00	 7.0491e-03	 3.9254e-10	-4.4226e-08	 2.2510e-11	 1.7970e+07	 2.8613e+02	 1.2039e+04
 3.1691e+04	 1.2024e+04	 1.7995e+00	 1.4232e-02	 2.5080e-10	-1.4090e-08	 2.2577e-11	 2.8126e+07	 2.8613e+02	 1.2041e+04
 1.0029e+04	 1.2024e+04	 1.8125e+00	 2.6262e-02	 1.4645e-10	-4.5311e-09	 2.2740e-11	 4.8165e+07	 2.8614e+02	 1.2044e+04
 3.1737e+03	 1.2024e+04	 1.8335e+00	 3.8726e-02	 6.8342e-11	-1.4709e-09	 2.3003e-11	 1.0322e+08	 2.8613e+02	 1.2046e+04
 1.0043e+03	 1.2024e+04	 1.8496e+00	 6.8714e-02	 3.8375e-11	-4.7448e-10	 2.3205e-11	 1.8382e+08	 2.8614e+02	 1.2049e+04
 3.1783e+02	 1.2024e+04	 1.8753e+00	 1.7642e-01	 3.1179e-11	-1.5469e-10	 2.3527e-11	 2.2624e+08	 2.8613e+02	 1.2052e+04
 1.0058e+02	 1.2024e+04	 1.9898e+00	 4.7347e-01	 2.6480e-11	-5.5355e-11	 2.4964e-11	 2.6639e+08	 2.8614e+02	 1.2054e+04
 3.1829e+01	 1.2024e+04	 2.3838e+00	 1.1086e+00	 1.9620e-11	-2.4492e-11	 2.9908e-11	 3.5952e+08	 2.8614e+02	 1.2057e+04
 1.0072e+01	 1.2024e+04	 3.1295e+00	 2.4377e+00	 1.3653e-11	-1.1927e-11	 3.9264e-11	 5.1666e+08	 2.8613e+02	 1.2060e+04
 3.1874e+00	 1.2024e+04	 4.3396e+00	 6.2913e+00	 1.1151e-11	-5.9191e-12	 5.4445e-11	 6.3260e+08	 2.8613e+02	 1.2064e+04
 1.0087e+00	 1.2024e+04	 7.1969e+00	 1.7723e+01	 9.9405e-12	-3.4758e-12	 9.0294e-11	 7.0962e+08	 2.8613e+02	 1.2069e+04
 1.0000e+06	 1.2066e+04	 1.7909e+00	 1.5993e-03	 8.8932e-10	-4.3977e-07	 2.2468e-11	 7.9319e+06	 2.8613e+02	 1.2076e+04
 3.1646e+05	 1.2066e+04	 1.7917e+00	 3.7527e-03	 6.6037e-10	-1.3932e-07	 2.2479e-11	 1.0682e+07	 2.8613e+02	 1.2079e+04
 1.0014e+05	 1.2066e+04	 1.7942e+00	 7.0367e-03	 3.9185e-10	-4.4226e-08	 2.2510e-11	 1.8002e+07	 2.8613e+02	 1.2082e+04
 3.1691e+04	 1.2066e+04	 1.7995e+00	 1.4195e-02	 2.5014e-10	-1.4089e-08	 2.2577e-11	 2.8200e+07	 2.8613e+02	 1.2084e+04
 1.0029e+04	 1.2066e+04	 1.8125e+00	 2.6218e-02	 1.4621e-10	-4.5311e-09	 2.2740e-11	 4.8246e+07	 2.8613e+02	 1.2087e+04
 3.1737e+03	 1.2066e+04	 1.8335e+00	 3.8755e-02	 6.8394e-11	-1.4709e-09	 2.3003e-11	 1.0314e+08	 2.8613e+02	 1.2089e+04
 1.0043e+03	 1.2066e+04	 1.8495e+00	 6.8713e-02	 3.8374e-11	-4.7443e-10	 2.3204e-11	 1.8382e+08	 2.8613e+02	 1.2092e+04
 3.1783e+02	 1.2066e+04	 1.8749e+00	 1.7662e-01	 3.1214e-11	-1.5463e-10	 2.3523e-11	 2.2599e+08	 2.8613e+02	 1.2094e+04
 1.0058e+02	 1.2066e+04	 1.9888e+00	 4.7513e-01	 2.6573e-11	-5.5304e-11	 2.4952e-11	 2.6546e+08	 2.8613e+02	 1.2097e+04
 3.1829e+01	 1.2066e+04	 2.3793e+00	 1.1150e+00	 1.9734e-11	-2.4411e-11	 2.9851e-11	 3.5744e+08	 2.8613e+02	 1.2100e+04
 1.0072e+01	 1.2066e+04	 3.1177e+00	 2.4589e+00	 1.3772e-11	-1.1861e-11	 3.9115e-11	 5.1219e+08	 2.8613e+02	 1.2103e+04
 3.1874e+00	 1.2066e+04	 4.3162e+00	 6.2873e+00	 1.1144e-11	-5.8776e-12	 5.4151e-11	 6.3300e+08	 2.8613e+02	 1.2107e+04
 1.0087e+00	 1.2066e+04	 7.0199e+00	 1.7672e+01	 9.9120e-12	-3.3765e-12	 8.8073e-11	 7.1166e+08	 2.8614e+02	 1.2111e+04
 1.0000e+06	 1.2109e+04	 1.7909e+00	 1.6532e-03	 9.1927e-10	-4.3976e-07	 2.2468e-11	 7.6734e+06	 2.8613e+02	 1.2119e+04
 3.1646e+05	 1.2109e+04	 1.7919e+00	 3.7556e-03	 6.6087e-10	-1.3934e-07	 2.2481e-11	 1.0674e+07	 2.8612e+02	 1.2122e+04
 1.0014e+05	 1.2109e+04	 1.7942e+00	 7.0426e-03	 3.9218e-10	-4.4227e-08	 2.2510e-11	 1.7987e+07	 2.8613e+02	 1.2124e+04
 3.1691e+04	 1.2109e+04	 1.7995e+00	 1.4192e-02	 2.5009e-10	-1.4090e-08	 2.2577e-11	 2.8206e+07	 2.8614e+02	 1.2127e+04
 1.0029e+04	 1.2109e+04	 1.8125e+00	 2.6242e-02	 1.4634e-10	-4.5312e-09	 2.2740e-11	 4.8201e+07	 2.8613e+02	 1.2130e+04
 3.1737e+03	 1.2109e+04	 1.8335e+00	 3.8813e-02	 6.8497e-11	-1.4709e-09	 2.3003e-11	 1.0298e+08	 2.8613e+02	 1.2132e+04
 1.0043e+03	 1.2109e+04	 1.8495e+00	 6.8750e-02	 3.8395e-11	-4.7444e-10	 2.3204e-11	 1.8372e+08	 2.8613e+02	 1.2135e+04
 3.1783e+02	 1.2109e+04	 1.8751e+00	 1.7674e-01	 3.1236e-11	-1.5465e-10	 2.3525e-11	 2.2583e+08	 2.8613e+02	 1.2137e+04
 1.0058e+02	 1.2109e+04	 1.9900e+00	 4.7488e-01	 2.6559e-11	-5.5369e-11	 2.4967e-11	 2.6560e+08	 2.8613e+02	 1.2140e+04
 3.1829e+01	 1.2109e+04	 2.3817e+00	 1.1138e+00	 1.9713e-11	-2.4455e-11	 2.9881e-11	 3.5783e+08	 2.8612e+02	 1.2143e+04
 1.0072e+01	 1.2109e+04	 3.1215e+00	 2.4566e+00	 1.3759e-11	-1.1882e-11	 3.9163e-11	 5.1269e+08	 2.8613e+02	 1.2146e+04
 3.1874e+00	 1.2109e+04	 4.3141e+00	 6.2588e+00	 1.1093e-11	-5.8740e-12	 5.4125e-11	 6.3588e+08	 2.8613e+02	 1.2150e+04
 1.0087e+00	 1.2109e+04	 7.0054e+00	 1.7688e+01	 9.9209e-12	-3.3684e-12	 8.7891e-11	 7.1102e+08	 2.8613e+02	 1.2154e+04
 1.0000e+06	 1.2152e+04	 1.7909e+00	 1.6363e-03	 9.0986e-10	-4.3976e-07	 2.2468e-11	 7.7528e+06	 2.8613e+02	 1.2162e+04
 3.1646e+05	 1.2152e+04	 1.7917e+00	 3.7519e-03	 6.6023e-10	-1.3932e-07	 2.2479e-11	 1.0684e+07	 2.8613e+02	 1.2165e+04
 1.0014e+05	 1.2152e+04	 1.7943e+00	 7.0198e-03	 3.9090e-10	-4.4229e-08	 2.2511e-11	 1.8045e+07	 2.8613e+02	 1.2168e+04
 3.1691e+04	 1.2152e+04	 1.7996e+00	 1.4221e-02	 2.5061e-10	-1.4090e-08	 2.2577e-11	 2.8148e+07	 2.8612e+02	 1.2170e+04
 1.0029e+04	 1.2152e+04	 1.8125e+00	 2.6274e-02	 1.4652e-10	-4.5313e-09	 2.2740e-11	 4.8143e+07	 2.8613e+02	 1.2173e+04
 3.1737e+03	 1.2152e+04	 1.8335e+00	 3.8691e-02	 6.8282e-11	-1.4710e-09	 2.3004e-11	 1.0331e+08	 2.8613e+02	 1.2175e+04
 1.0043e+03	 1.2152e+04	 1.8496e+00	 6.8790e-02	 3.8417e-11	-4.7449e-10	 2.3206e-11	 1.8362e+08	 2.8613e+02	 1.2178e+04
 3.1783e+02	 1.2152e+04	 1.8753e+00	 1.7676e-01	 3.1239e-11	-1.5469e-10	 2.3528e-11	 2.2580e+08	 2.8613e+02	 1.2180e+04
 1.0058e+02	 1.2152e+04	 1.9902e+00	 4.7418e-01	 2.6520e-11	-5.5378e-11	 2.4969e-11	 2.6599e+08	 2.8613e+02	 1.2183e+04
 3.1829e+01	 1.2152e+04	 2.3828e+00	 1.1106e+00	 1.9656e-11	-2.4474e-11	 2.9895e-11	 3.5888e+08	 2.8612e+02	 1.2186e+04
 1.0072e+01	 1.2152e+04	 3.1246e+00	 2.4495e+00	 1.3719e-11	-1.1899e-11	 3.9201e-11	 5.1416e+08	 2.8613e+02	 1.2189e+04
 3.1874e+00	 1.2152e+04	 4.3106e+00	 6.3124e+00	 1.1188e-11	-5.8677e-12	 5.4081e-11	 6.3048e+08	 2.8613e+02	 1.2193e+04
 1.0087e+00	 1.2152e+04	 6.9185e+00	 1.7636e+01	 9.8918e-12	-3.3196e-12	 8.6801e-11	 7.1311e+08	 2.8613e+02	 1.2197e+04
 1.0000e+06	 1.2195e+04	 1.7909e+00	 1.6251e-03	 9.0368e-10	-4.3979e-07	 2.2469e-11	 7.8058e+06	 2.8613e+02	 1.2206e+04
 3.1646e+05	 1.2195e+04	 1.7918e+00	 3.7627e-03	 6.6212e-10	-1.3934e-07	 2.2481e-11	 1.0654e+07	 2.8613e+02	 1.2208e+04
 1.0014e+05	 1.2195e+04	 1.7942e+00	 7.0733e-03	 3.9388e-10	-4.4227e-08	 2.2510e-11	 1.7909e+07	 2.8613e+02	 1.2210e+04
 3.1691e+04	 1.2195e+04	 1.7996e+00	 1.4221e-02	 2.5060e-10	-1.4090e-08	 2.2578e-11	 2.8148e+07	 2.8613e+02	 1.2213e+04
 1.0029e+04	 1.2195e+04	 1.8127e+00	 2.6296e-02	 1.4665e-10	-4.5319e-09	 2.2742e-11	 4.8102e+07	 2.8613e+02	 1.2216e+04
 3.1737e+03	 1.2195e+04	 1.8336e+00	 3.8695e-02	 6.8288e-11	-1.4711e-09	 2.3004e-11	 1.0330e+08	 2.8612e+02	 1.2218e+04
 1.0043e+03	 1.2195e+04	 1.8498e+00	 6.8841e-02	 3.8446e-11	-4.7458e-10	 2.3208e-11	 1.8348e+08	 2.8612e+02	 1.2221e+04
 3.1783e+02	 1.2195e+04	 1.8760e+00	 1.7643e-01	 3.1180e-11	-1.5482e-10	 2.3537e-11	 2.2623e+08	 2.8613e+02	 1.2223e+04
 1.0058e+02	 1.2195e+04	 1.9926e+00	 4.7097e-01	 2.6340e-11	-5.5514e-11	 2.5000e-11	 2.6780e+08	 2.8612e+02	 1.2226e+04
 3.1829e+01	 1.2195e+04	 2.3895e+00	 1.0971e+00	 1.9416e-11	-2.4592e-11	 2.9979e-11	 3.6330e+08	 2.8613e+02	 1.2229e+04
 1.0072e+01	 1.2195e+04	 3.1326e+00	 2.4140e+00	 1.3520e-11	-1.1944e-11	 3.9302e-11	 5.2173e+08	 2.8613e+02	 1.2232e+04
 3.1874e+00	 1.2195e+04	 4.3181e+00	 6.2324e+00	 1.1046e-11	-5.8810e-12	 5.4175e-11	 6.3857e+08	 2.8612e+02	 1.2236e+04
 1.0087e+00	 1.2195e+04	 6.8616e+00	 1.7507e+01	 9.8193e-12	-3.2877e-12	 8.6087e-11	 7.1837e+08	 2.8613e+02	 1.2240e+04
 1.0000e+06	 1.2238e+04	 1.7909e+00	 1.6809e-03	 9.3468e-10	-4.3977e-07	 2.2468e-11	 7.5470e+06	 2.8613e+02	 1.2248e+04
 3.1646e+05	 1.2238e+04	 1.7918e+00	 3.7718e-03	 6.6372e-10	-1.3933e-07	 2.2480e-11	 1.0628e+07	 2.8612e+02	 1.2251e+04
 1.0014e+05	 1.2238e+04	 1.7943e+00	 7.0859e-03	 3.9459e-10	-4.4233e-08	 2.2512e-11	 1.7877e+07	 2.8612e+02	 1.2253e+04
 3.1691e+04	 1.2238e+04	 1.7996e+00	 1.4244e-02	 2.5100e-10	-1.4091e-08	 2.2578e-11	 2.8103e+07	 2.8613e+02	 1.2256e+04
 1.0029e+04	 1.2238e+04	 1.8127e+00	 2.6329e-02	 1.4683e-10	-4.5320e-09	 2.2742e-11	 4.8043e+07	 2.8613e+02	 1.2258e+04
 3.1737e+03	 1.2238e+04	 1.8336e+00	 3.8721e-02	 6.8333e-11	-1.4711e-09	 2.3004e-11	 1.0323e+08	 2.8613e+02	 1.2261e+04
 1.0043e+03	 1.2238e+04	 1.8497e+00	 6.8948e-02	 3.8506e-11	-4.7451e-10	 2.3206e-11	 1.8319e+08	 2.8613e+02	 1.2263e+04
 3.1783e+02	 1.2238e+04	 1.8754e+00	 1.7727e-01	 3.1329e-11	-1.5471e-10	 2.3529e-11	 2.2515e+08	 2.8613e+02	 1.2266e+04
 1.0058e+02	 1.2238e+04	 1.9914e+00	 4.7575e-01	 2.6608e-11	-5.5447e-11	 2.4984e-11	 2.6511e+08	 2.8613e+02	 1.2269e+04
 3.1829e+01	 1.2238e+04	 2.3872e+00	 1.1119e+00	 1.9679e-11	-2.4552e-11	 2.9951e-11	 3.5845e+08	 2.8613e+02	 1.2271e+04
 1.0072e+01	 1.2238e+04	 3.1316e+00	 2.4414e+00	 1.3674e-11	-1.1938e-11	 3.9289e-11	 5.1588e+08	 2.8613e+02	 1.2274e+04
 3.1874e+00	 1.2238e+04	 4.3366e+00	 6.2764e+00	 1.1124e-11	-5.9139e-12	 5.4408e-11	 6.3410e+08	 2.8613e+02	 1.2279e+04
 1.0087e+00	 1.2238e+04	 6.9030e+00	 1.7536e+01	 9.8358e-12	-3.3109e-12	 8.6606e-11	 7.1717e+08	 2.8612e+02	 1.2283e+04
 1.0000e+06	 1.2281e+04	 1.7909e+00	 1.6696e-03	 9.2841e-10	-4.3978e-07	 2.2469e-11	 7.5979e+06	 2.8613e+02	 1.2291e+04
 3.1646e+05	 1.2281e+04	 1.7918e+00	 3.8102e-03	 6.7047e-10	-1.3934e-07	 2.2481e-11	 1.0521e+07	 2.8613e+02	 1.2294e+04
 1.0014e+05	 1.2281e+04	 1.7943e+00	 7.0490e-03	 3.9253e-10	-4.4230e-08	 2.2511e-11	 1.7970e+07	 2.8613e+02	 1.2296e+04
 3.1691e+04	 1.2281e+04	 1.7996e+00	 1.4256e-02	 2.5122e-10	-1.4091e-08	 2.2578e-11	 2.8079e+07	 2.8613e+02	 1.2299e+04
 1.0029e+04	 1.2281e+04	 1.8127e+00	 2.6264e-02	 1.4646e-10	-4.5320e-09	 2.2742e-11	 4.8162e+07	 2.8613e+02	 1.2301e+04
 3.1737e+03	 1.2281e+04	 1.8337e+00	 3.8752e-02	 6.8388e-11	-1.4712e-09	 2.3005e-11	 1.0315e+08	 2.8613e+02	 1.2304e+04
 1.0043e+03	 1.2281e+04	 1.8497e+00	 6.8880e-02	 3.8468e-11	-4.7453e-10	 2.3206e-11	 1.8337e+08	 2.8613e+02	 1.2306e+04
 3.1783e+02	 1.2281e+04	 1.8754e+00	 1.7718e-01	 3.1314e-11	-1.5472e-10	 2.3529e-11	 2.2527e+08	 2.8613e+02	 1.2309e+04
 1.0058e+02	 1.2281e+04	 1.9909e+00	 4.7544e-01	 2.6590e-11	-5.5421e-11	 2.4979e-11	 2.6528e+08	 2.8613e+02	 1.2311e+04
 3.1829e+01	 1.2281e+04	 2.3854e+00	 1.1124e+00	 1.9689e-11	-2.4520e-11	 2.9928e-11	 3.5828e+08	 2.8613e+02	 1.2314e+04
 1.0072e+01	 1.2281e+04	 3.1286e+00	 2.4422e+00	 1.3678e-11	-1.1922e-11	 3.9252e-11	 5.1571e+08	 2.8613e+02	 1.2317e+04
 3.1874e+00	 1.2281e+04	 4.3214e+00	 6.2697e+00	 1.1112e-11	-5.8869e-12	 5.4217e-11	 6.3478e+08	 2.8612e+02	 1.2321e+04
 1.0087e+00	 1.2281e+04	 6.9872e+00	 1.7734e+01	 9.9466e-12	-3.3582e-12	 8.7662e-11	 7.0918e+08	 2.8612e+02	 1.2326e+04
 1.0000e+06	 1.2323e+04	 1.7909e+00	 1.7199e-03	 9.5638e-10	-4.3981e-07	 2.2469e-11	 7.3757e+06	 2.8612e+02	 1.2334e+04
 3.1646e+05	 1.2323e+04	 1.7918e+00	 3.6784e-03	 6.4729e-10	-1.3934e-07	 2.2481e-11	 1.0898e+07	 2.8613e+02	 1.2336e+04
 1.0014e+05	 1.2323e+04	 1.7943e+00	 7.0755e-03	 3.9401e-10	-4.4232e-08	 2.2512e-11	 1.7903e+07	 2.8613e+02	 1.2339e+04
 3.1691e+04	 1.2323e+04	 1.7996e+00	 1.4246e-02	 2.5105e-10	-1.4091e-08	 2.2578e-11	 2.8098e+07	 2.8613e+02	 1.2341e+04
 1.0029e+04	 1.2323e+04	 1.8127e+00	 2.6322e-02	 1.4679e-10	-4.5321e-09	 2.2742e-11	 4.8055e+07	 2.8613e+02	 1.2344e+04
 3.1737e+03	 1.2323e+04	 1.8337e+00	 3.8782e-02	 6.8440e-11	-1.4713e-09	 2.3006e-11	 1.0307e+08	 2.8613e+02	 1.2346e+04
 1.0043e+03	 1.2323e+04	 1.8498e+00	 6.8894e-02	 3.8476e-11	-4.7460e-10	 2.3208e-11	 1.8334e+08	 2.8613e+02	 1.2349e+04
 3.1783e+02	 1.2323e+04	 1.8761e+00	 1.7666e-01	 3.1221e-11	-1.5484e-10	 2.3538e-11	 2.2594e+08	 2.8613e+02	 1.2351e+04
 1.0058e+02	 1.2323e+04	 1.9924e+00	 4.7198e-01	 2.6397e-11	-5.5502e-11	 2.4997e-11	 2.6723e+08	 2.8613e+02	 1.2354e+04
 3.1829e+01	 1.2323e+04	 2.3888e+00	 1.1002e+00	 1.9472e-11	-2.4581e-11	 2.9971e-11	 3.6227e+08	 2.8613e+02	 1.2357e+04
 1.0072e+01	 1.2323e+04	 3.1359e+00	 2.4245e+00	 1.3579e-11	-1.1963e-11	 3.9344e-11	 5.1947e+08	 2.8613e+02	 1.2360e+04
 3.1874e+00	 1.2323e+04	 4.3127e+00	 6.2722e+00	 1.1117e-11	-5.8714e-12	 5.4107e-11	 6.3452e+08	 2.8613e+02	 1.2364e+04
 1.0087e+00	 1.2323e+04	 6.8108e+00	 1.7536e+01	 9.8359e-12	-3.2592e-12	 8.5449e-11	 7.1717e+08	 2.8613e+02	 1.2368e+04
 1.0000e+06	 1.2366e+04	 1.7909e+00	 1.6174e-03	 8.9936e-10	-4.3981e-07	 2.2469e-11	 7.8433e+06	 2.8613e+02	 1.2376e+04
 3.1646e+05	 1.2366e+04	 1.7919e+00	 3.7869e-03	 6.6638e-10	-1.3935e-07	 2.2481e-11	 1.0585e+07	 2.8613e+02	 1.2379e+04
 1.0014e+05	 1.2366e+04	 1.7943e+00	 7.0901e-03	 3.9482e-10	-4.4231e-08	 2.2511e-11	 1.7866e+07	 2.8612e+02	 1.2381e+04
 3.1691e+04	 1.2366e+04	 1.7997e+00	 1.4304e-02	 2.5206e-10	-1.4092e-08	 2.2579e-11	 2.7985e+07	 2.8613e+02	 1.2384e+04
 1.0029e+04	 1.2366e+04	 1.8127e+00	 2.6329e-02	 1.4683e-10	-4.5322e-09	 2.2743e-11	 4.8043e+07	 2.8613e+02	 1.2386e+04
 3.1737e+03	 1.2366e+04	 1.8337e+00	 3.8778e-02	 6.8434e-11	-1.4713e-09	 2.3006e-11	 1.0308e+08	 2.8613e+02	 1.2389e+04
 1.0043e+03	 1.2366e+04	 1.8498e+00	 6.8949e-02	 3.8506e-11	-4.7459e-10	 2.3208e-11	 1.8319e+08	 2.8613e+02	 1.2391e+04
 3.1783e+02	 1.2366e+04	 1.8758e+00	 1.7708e-01	 3.1296e-11	-1.5478e-10	 2.3534e-11	 2.2539e+08	 2.8613e+02	 1.2394e+04
 1.0058e+02	 1.2366e+04	 1.9915e+00	 4.7430e-01	 2.6526e-11	-5.5451e-11	 2.4985e-11	 2.6592e+08	 2.8612e+02	 1.2396e+04
 3.1829e+01	 1.2366e+04	 2.3873e+00	 1.1079e+00	 1.9609e-11	-2.4553e-11	 2.9951e-11	 3.5974e+08	 2.8613e+02	 1.2399e+04
 1.0072e+01	 1.2366e+04	 3.1363e+00	 2.4282e+00	 1.3600e-11	-1.1965e-11	 3.9348e-11	 5.1868e+08	 2.8613e+02	 1.2402e+04
 3.1874e+00	 1.2366e+04	 4.3281e+00	 6.2501e+00	 1.1078e-11	-5.8988e-12	 5.4301e-11	 6.3677e+08	 2.8613e+02	 1.2406e+04
 1.0087e+00	 1.2366e+04	 6.9697e+00	 1.7692e+01	 9.9232e-12	-3.3484e-12	 8.7443e-11	 7.1086e+08	 2.8613e+02	 1.2411e+04
 1.0000e+06	 1.2408e+04	 1.7909e+00	 1.6253e-03	 9.0378e-10	-4.3979e-07	 2.2469e-11	 7.8050e+06	 2.8613e+02	 1.2419e+04
 3.1646e+05	 1.2408e+04	 1.7919e+00	 3.8012e-03	 6.6890e-10	-1.3934e-07	 2.2481e-11	 1.0546e+07	 2.8613e+02	 1.2421e+04
 1.0014e+05	 1.2408e+04	 1.7942e+00	 7.0805e-03	 3.9429e-10	-4.4228e-08	 2.2511e-11	 1.7890e+07	 2.8613e+02	 1.2424e+04
 3.1691e+04	 1.2408e+04	 1.7996e+00	 1.4252e-02	 2.5115e-10	-1.4091e-08	 2.2578e-11	 2.8087e+07	 2.8613e+02	 1.2426e+04
 1.0029e+04	 1.2408e+04	 1.8126e+00	 2.6209e-02	 1.4616e-10	-4.5318e-09	 2.2742e-11	 4.8262e+07	 2.8613e+02	 1.2429e+04
 3.1737e+03	 1.2408e+04	 1.8334e+00	 3.8854e-02	 6.8569e-11	-1.4707e-09	 2.3002e-11	 1.0287e+08	 2.8612e+02	 1.2431e+04
 1.0043e+03	 1.2408e+04	 1.8497e+00	 6.9040e-02	 3.8557e-11	-4.7451e-10	 2.3206e-11	 1.8295e+08	 2.8613e+02	 1.2434e+04
 3.1783e+02	 1.2408e+04	 1.8762e+00	 1.7689e-01	 3.1261e-11	-1.5486e-10	 2.3539e-11	 2.2564e+08	 2.8613e+02	 1.2436e+04
 1.0058e+02	 1.2408e+04	 1.9934e+00	 4.7195e-01	 2.6395e-11	-5.5558e-11	 2.5009e-11	 2.6725e+08	 2.8612e+02	 1.2439e+04
 3.1829e+01	 1.2408e+04	 2.3903e+00	 1.1005e+00	 1.9477e-11	-2.4606e-11	 2.9989e-11	 3.6216e+08	 2.8613e+02	 1.2442e+04
 1.0072e+01	 1.2408e+04	 3.1408e+00	 2.4211e+00	 1.3560e-11	-1.1990e-11	 3.9405e-11	 5.2020e+08	 2.8613e+02	 1.2445e+04
 3.1874e+00	 1.2408e+04	 4.3210e+00	 6.2321e+00	 1.1046e-11	-5.8861e-12	 5.4211e-11	 6.3861e+08	 2.8613e+02	 1.2449e+04
 1.0087e+00	 1.2408e+04	 6.7475e+00	 1.7547e+01	 9.8421e-12	-3.2237e-12	 8.4655e-11	 7.1672e+08	 2.8613e+02	 1.2454e+04
 1.0000e+06	 1.2451e+04	 1.7909e+00	 1.7422e-03	 9.6878e-10	-4.3981e-07	 2.2469e-11	 7.2813e+06	 2.8613e+02	 1.2461e+04
 3.1646e+05	 1.2451e+04	 1.7918e+00	 3.7655e-03	 6.6261e-10	-1.3933e-07	 2.2480e-11	 1.0646e+07	 2.8613e+02	 1.2464e+04
 1.0014e+05	 1.2451e+04	 1.7942e+00	 7.0996e-03	 3.9535e-10	-4.4228e-08	 2.2511e-11	 1.7842e+07	 2.8613e+02	 1.2466e+04
 3.1691e+04	 1.2451e+04	 1.7996e+00	 1.4209e-02	 2.5039e-10	-1.4091e-08	 2.2578e-11	 2.8172e+07	 2.8613e+02	 1.2469e+04
 1.0029e+04	 1.2451e+04	 1.8126e+00	 2.6192e-02	 1.4607e-10	-4.5316e-09	 2.2741e-11	 4.8293e+07	 2.8613e+02	 1.2472e+04
 3.1737e+03	 1.2451e+04	 1.8333e+00	 3.8844e-02	 6.8551e-11	-1.4706e-09	 2.3001e-11	 1.0290e+08	 2.8613e+02	 1.2474e+04
 1.0043e+03	 1.2451e+04	 1.8496e+00	 6.8872e-02	 3.8463e-11	-4.7448e-10	 2.3205e-11	 1.8340e+08	 2.8613e+02	 1.2476e+04
 3.1783e+02	 1.2451e+04	 1.8756e+00	 1.7651e-01	 3.1195e-11	-1.5474e-10	 2.3531e-11	 2.2613e+08	 2.8613e+02	 1.2479e+04
 1.0058e+02	 1.2451e+04	 1.9911e+00	 4.7251e-01	 2.6426e-11	-5.5428e-11	 2.4980e-11	 2.6693e+08	 2.8613e+02	 1.2481e+04
 3.1829e+01	 1.2451e+04	 2.3852e+00	 1.1039e+00	 1.9537e-11	-2.4516e-11	 2.9925e-11	 3.6106e+08	 2.8613e+02	 1.2484e+04
 1.0072e+01	 1.2451e+04	 3.1354e+00	 2.4204e+00	 1.3556e-11	-1.1960e-11	 3.9337e-11	 5.2035e+08	 2.8613e+02	 1.2488e+04
 3.1874e+00	 1.2451e+04	 4.3416e+00	 6.2586e+00	 1.1093e-11	-5.9227e-12	 5.4470e-11	 6.3590e+08	 2.8613e+02	 1.2492e+04
 1.0087e+00	 1.2451e+04	 6.9498e+00	 1.7487e+01	 9.8085e-12	-3.3372e-12	 8.7193e-11	 7.1917e+08	 2.8613e+02	 1.2496e+04
 1.0000e+06	 1.2494e+04	 1.7909e+00	 1.6194e-03	 9.0050e-10	-4.3980e-07	 2.2469e-11	 7.8333e+06	 2.8612e+02	 1.2504e+04
 3.1646e+05	 1.2494e+04	 1.7919e+00	 3.7922e-03	 6.6732e-10	-1.3934e-07	 2.2481e-11	 1.0571e+07	 2.8612e+02	 1.2507e+04
 1.0014e+05	 1.2494e+04	 1.7943e+00	 7.0120e-03	 3.9047e-10	-4.4230e-08	 2.2511e-11	 1.8065e+07	 2.8613e+02	 1.2509e+04
 3.1691e+04	 1.2494e+04	 1.7996e+00	 1.4163e-02	 2.4959e-10	-1.4090e-08	 2.2578e-11	 2.8262e+07	 2.8612e+02	 1.2512e+04
 1.0029e+04	 1.2494e+04	 1.8125e+00	 2.6104e-02	 1.4557e-10	-4.5312e-09	 2.2740e-11	 4.8457e+07	 2.8613e+02	 1.2514e+04
 3.1737e+03	 1.2494e+04	 1.8332e+00	 3.8586e-02	 6.8095e-11	-1.4704e-09	 2.3000e-11	 1.0359e+08	 2.8612e+02	 1.2517e+04
 1.0043e+03	 1.2494e+04	 1.8496e+00	 6.8651e-02	 3.8340e-11	-4.7446e-10	 2.3205e-11	 1.8399e+08	 2.8612e+02	 1.2520e+04
 3.1783e+02	 1.2494e+04	 1.8759e+00	 1.7531e-01	 3.0983e-11	-1.5480e-10	 2.3535e-11	 2.2767e+08	 2.8613e+02	 1.2522e+04
 1.0058e+02	 1.2494e+04	 1.9922e+00	 4.6772e-01	 2.6159e-11	-5.5492e-11	 2.4995e-11	 2.6966e+08	 2.8612e+02	 1.2524e+04
 3.1829e+01	 1.2494e+04	 2.3872e+00	 1.0899e+00	 1.9289e-11	-2.4551e-11	 2.9950e-11	 3.6570e+08	 2.8612e+02	 1.2527e+04
 1.0072e+01	 1.2494e+04	 3.1321e+00	 2.4042e+00	 1.3465e-11	-1.1942e-11	 3.9296e-11	 5.2385e+08	 2.8613e+02	 1.2530e+04
 3.1874e+00	 1.2494e+04	 4.3202e+00	 6.2063e+00	 1.1000e-11	-5.8848e-12	 5.4202e-11	 6.4126e+08	 2.8612e+02	 1.2534e+04
 1.0087e+00	 1.2494e+04	 6.8590e+00	 1.7296e+01	 9.7012e-12	-3.2863e-12	 8.6054e-11	 7.2712e+08	 2.8612e+02	 1.2539e+04
 1.0000e+06	 1.2536e+04	 1.7909e+00	 1.7044e-03	 9.4773e-10	-4.3978e-07	 2.2469e-11	 7.4430e+06	 2.8612e+02	 1.2547e+04
 3.1646e+05	 1.2536e+04	 1.7918e+00	 3.6634e-03	 6.4465e-10	-1.3933e-07	 2.2480e-11	 1.0942e+07	 2.8612e+02	 1.2549e+04
 1.0014e+05	 1.2536e+04	 1.7942e+00	 7.0011e-03	 3.8987e-10	-4.4228e-08	 2.2511e-11	 1.8093e+07	 2.8612e+02	 1.2552e+04
 3.1691e+04	 1.2536e+04	 1.7995e+00	 1.4108e-02	 2.4862e-10	-1.4089e-08	 2.2577e-11	 2.8372e+07	 2.8612e+02	 1.2554e+04
 1.0029e+04	 1.2536e+04	 1.8124e+00	 2.6033e-02	 1.4518e-10	-4.5305e-09	 2.2739e-11	 4.8589e+07	 2.8611e+02	 1.2557e+04
 3.1737e+03	 1.2536e+04	 1.8331e+00	 3.8506e-02	 6.7954e-11	-1.4702e-09	 2.2998e-11	 1.0380e+08	 2.8611e+02	 1.2559e+04
 1.0043e+03	 1.2536e+04	 1.8494e+00	 6.8215e-02	 3.8096e-11	-4.7439e-10	 2.3203e-11	 1.8516e+08	 2.8611e+02	 1.2562e+04
 3.1783e+02	 1.2536e+04	 1.8755e+00	 1.7380e-01	 3.0715e-11	-1.5473e-10	 2.3531e-11	 2.2966e+08	 2.8611e+02	 1.2565e+04
 1.0058e+02	 1.2536e+04	 1.9902e+00	 4.6345e-01	 2.5920e-11	-5.5377e-11	 2.4969e-11	 2.7214e+08	 2.8611e+02	 1.2567e+04
 3.1829e+01	 1.2536e+04	 2.3825e+00	 1.0785e+00	 1.9088e-11	-2.4468e-11	 2.9891e-11	 3.6954e+08	 2.8611e+02	 1.2570e+04
 1.0072e+01	 1.2536e+04	 3.1231e+00	 2.3702e+00	 1.3275e-11	-1.1891e-11	 3.9183e-11	 5.3137e+08	 2.8611e+02	 1.2573e+04
 3.1874e+00	 1.2536e+04	 4.2933e+00	 6.0958e+00	 1.0804e-11	-5.8371e-12	 5.3864e-11	 6.5289e+08	 2.8611e+02	 1.2577e+04
 1.0087e+00	 1.2536e+04	 6.8180e+00	 1.7155e+01	 9.6221e-12	-3.2633e-12	 8.5540e-11	 7.3310e+08	 2.8611e+02	 1.2582e+04
 1.0000e+06	 1.2579e+04	 1.7909e+00	 1.6165e-03	 8.9888e-10	-4.3976e-07	 2.2468e-11	 7.8475e+06	 2.8610e+02	 1.2590e+04
 3.1646e+05	 1.2579e+04	 1.7917e+00	 3.7159e-03	 6.5389e-10	-1.3932e-07	 2.2479e-11	 1.0788e+07	 2.8610e+02	 1.2592e+04
 1.0014e+05	 1.2579e+04	 1.7941e+00	 6.8892e-03	 3.8364e-10	-4.4220e-08	 2.2509e-11	 1.8387e+07	 2.8610e+02	 1.2595e+04
 3.1691e+04	 1.2579e+04	 1.7993e+00	 1.3892e-02	 2.4480e-10	-1.4085e-08	 2.2574e-11	 2.8815e+07	 2.8609e+02	 1.2598e+04
 1.0029e+04	 1.2579e+04	 1.8119e+00	 2.5713e-02	 1.4339e-10	-4.5278e-09	 2.2733e-11	 4.9193e+07	 2.8610e+02	 1.2600e+04
 3.1737e+03	 1.2579e+04	 1.8325e+00	 3.8214e-02	 6.7439e-11	-1.4692e-09	 2.2991e-11	 1.0460e+08	 2.8609e+02	 1.2603e+04
 1.0043e+03	 1.2579e+04	 1.8490e+00	 6.6733e-02	 3.7269e-11	-4.7415e-10	 2.3198e-11	 1.8927e+08	 2.8608e+02	 1.2605e+04
 3.1783e+02	 1.2579e+04	 1.8740e+00	 1.6926e-01	 2.9913e-11	-1.5446e-10	 2.3511e-11	 2.3581e+08	 2.8609e+02	 1.2608e+04
 1.0058e+02	 1.2579e+04	 1.9833e+00	 4.5313e-01	 2.5342e-11	-5.4995e-11	 2.4883e-11	 2.7835e+08	 2.8609e+02	 1.2611e+04
 3.1829e+01	 1.2579e+04	 2.3651e+00	 1.0621e+00	 1.8798e-11	-2.4160e-11	 2.9673e-11	 3.7525e+08	 2.8609e+02	 1.2614e+04
 1.0072e+01	 1.2579e+04	 3.0997e+00	 2.3335e+00	 1.3070e-11	-1.1760e-11	 3.8889e-11	 5.3972e+08	 2.8609e+02	 1.2616e+04
 3.1874e+00	 1.2579e+04	 4.2638e+00	 5.9335e+00	 1.0517e-11	-5.7848e-12	 5.3494e-11	 6.7075e+08	 2.8609e+02	 1.2621e+04
 1.0087e+00	 1.2579e+04	 6.7521e+00	 1.6659e+01	 9.3441e-12	-3.2263e-12	 8.4713e-11	 7.5491e+08	 2.8608e+02	 1.2625e+04